appended,state,order,title,altName,cer,lat,lon,writ,type,countr,ha,bibl
2022-06-15-(23-04-00),new,1100,Dūr-Marduk,"Dūr-Marduk, Dur-Marduk",–,–,–,"URU.BÀD-<sup>d</sup>AMAR.UTU, 𒌷𒂦𒀭𒀫𒌓",town,"Assyria, Raṣappa province (?), Iraq (?), Syria (?), East Ǧazīra",–,Bagg RGTC 7 2/1: 154
2022-06-16-(19-14-22),new,1101,Dūr-kuššia,"Dūr-kuššia, Dur-kuššia, Dūr-Kuššia, Dur-Kuššia",–,–,–,"URU.BÀD-kuš-ši-a, 𒌷𒂦𒋢𒅆𒀀",town,"Raṣappa province (?), Iraq",–,Bagg RGTC 7 2/1: 153
2022-06-17-(21-49-48),new,1102,Dūr-Nabû,"Dūr-Nabû, Dūr-Nabium",–,–,–,"URU.BÀD-<sup>d</sup>PA, 𒌷𒂦𒀭𒉺",town,"Balīḫ basin<br>Syria (?), Turkey (?)",–,Bagg RGTC 7 2/1: 154 (Dūr-Nabû (1))
2022-06-20-(15-06-11),new,1103,Dūr-Adad-nērārī,"Dūr-Adad-nērārī, Dūr-Adad-nārārī, Tall Fidēn (?), Tell Fidēn (?), Tell Fiden (?), الفيدن (?)",–,35.3633,40.5629,"URU.BÀD-<sup>m</sup>10-ERÍN-TÁḪ, URU.BÀD-<sup>m</sup>10-ERIM-TÁḪ, 𒌷𒂦𒁹𒌋𒂟𒃮",town,"Lāqê, Syria",–,"Bagg RGTC 7 2/1: 147, <a href=https://books.openedition.org/cdf/4513>MTT I/3: Tall Fiden (aB Bīt-Kapan)</a>"
2022-06-20-(15-32-42),new,1104,Dūr-Abī-Jataʾ,"Dūr-Abī-Jataʾ, Dūr-Abī-Yataʾ, Dūr-Abī-Iataʾ, Dūr-Abī-Jateʾ, Dūr-Abī-Iateʾ, Dūr-Abijataʾ",–,–,–,"URU.BÀD-<sup>m</sup>a-bi-ia-ta-aʾ, 𒌷𒂦𒁹𒀀𒁉𒅀𒋫𒀪",fortified city,"Bīt-Dakkūri, Iraq",–,Bagg RGTC 7 3/1: 184
2022-06-21-(14-00-35),new,1105,Dūr-Addu,"Dūr-Addu, Dūr-Adad, Dur-Addu, Dur-Adad",–,–,–,"URU.BÀD-ad-du, 𒌷𒂦𒀜𒁺",town,"Babylonia (?), Iraq (?)",–,Bagg RGTC 7 3/1: 184
2022-06-21-(14-00-47),new,1106,Dūr-Addu,"Dūr-Addu, Dūr-Adad, Dur-Addu, Dur-Adad",–,–,–,"URU.BÀD-ad-du, 𒌷𒂦𒀜𒁺",town,"Babylonia (?), Iraq (?)",–,Bagg RGTC 7 3/1: 184
2022-06-23-(12-16-50),new,1107,Purulumzi,"Purulumzi, Purulumzu, Purulimzi, Purulimzu",–,–,–,"KUR.pu-ru-lim-zi, 𒆳𒁍𒊒𒅆𒍣, KUR.pu-ru-lum-zi, 𒆳𒁍𒊒𒈝𒍣, KUR.pu-ru-lu-um-zi, 𒆳𒁍𒊒𒇻𒌝𒍣",territory,Turkey,–,<a href=https://books.openedition.org/cdf/4565>MTT I/2: Purulumzi</a>
2022-06-23-(18-59-50),new,1108,Šerešše,"Šerešše, Šereššu",–,–,–,"URU.še-re-še, 𒌷𒊺𒊑𒊺", town,"Katmuḫu, Iraq (?), Syria (?), Turkey (?)",–,<a href=https://books.openedition.org/cdf/4565>MTT I/2: Šerešše</a>
2022-06-24-(13-42-00),new,1109,Guzummānu,"Guzummānu, Guzummanu, Guzummāni, Guzumānu, Guzumanu",–,–,–,"KUR.gu-zu-um-ma-ni, 𒆳𒄖𒍪𒌝𒈠𒉌, KUR.gu-zu-um-ma-nu, 𒆳𒄖𒍪𒌝𒈠𒉡, URU.gu-zu-um-ma-nu, 𒌷𒄖𒍪𒌝𒈠𒉡, LÚ.gu-zu-ma-nu, 𒇽𒄖𒍪𒈠𒉡","territory, fortified city","Babylonia, Bīt-Dakkūri, Iraq",–,"Bagg RGTC 7 3/1: 240, Parpola Toponyms: 139, <a href=https://www.ucl.ac.uk/sargon/peoplegodsplaces/>Assyrian empire builders</a>"
2022-06-24-(15-33-50),new,1110,Bīt-Saʾalli,"Bīt-Saʾalli, Bīt-Šaʾalli, Bit-Šaʾalli",–,–,–,"DUMU-<sup>m</sup>šá-ʾa-al-li, 𒌉𒁹𒃻𒀪𒀠𒇷, KUR-šá-ʾa-al-li, 𒆳𒃻𒀪𒀠𒇷, KUR.É-<sup>m</sup>sa-ʾa-al, 𒆳𒂍𒁹𒊓𒀪𒀠, KUR.É-<sup>m</sup>sa-ʾa-al-la, 𒆳𒂍𒁹𒊓𒀪𒀠𒆷, KUR.É-<sup>m</sup>sa-ʾa-al-li, 𒆳𒂍𒁹𒊓𒀪𒀠𒇷, KUR.É-<sup>m</sup>sa-ʾa-al-lu, 𒆳𒂍𒁹𒊓𒀪𒀠𒇻, KUR.É-<sup>m</sup>sa-a-la, 𒆳𒂍𒁹𒊓𒀀𒆷","Chaldean tribe, territory","Southern Babylonia, Iraq",–,"Bagg RGTC 7 3/1: 145–146, Parpola Toponyms: 88, <a href=https://www.ucl.ac.uk/sargon/peoplegodsplaces/>Assyrian empire builders</a>"
2022-06-24-(18-21-24),new,1111,Tuʾmūna,"Tuʾmūna, Tuʾmuna, Tuʾmana, Tuʾumuna",–,–,–,"KUR.tu-uʾ-mu-na, 𒆳𒌅𒀪𒈬𒈾, LÚ.tu-uʾ-mu-na, 𒇽𒌅𒀪𒈬𒈾, LÚ.KUR.tu-uʾ-mu-na, 𒇽𒆳𒌅𒀪𒈬𒈾, LÚ.tu-uʾ-ma-na-a-a, 𒇽𒌅𒀪𒈠𒈾𒀀𒀀, LÚ.tu-uʾ-na-a-a, 𒇽𒌅𒀪𒈾𒀀𒀀, LÚ.KUR.tu-uʾ-mu-na-a-a, 𒇽𒆳𒌅𒀪𒈬𒈾𒀀","Aramean tribe, lerritory","Babylonia, Iraq",–,"Bagg RGTC 7 3/2: 570–571, Parpola Toponyms: 358 (Tuʾmuna)"
2022-06-24-(18-56-02),new,1112,Kullaba,"Kullaba, Kullabi, Kulaba, Kullab",–,–,–,"kul-aba<sub>4</sub>, 𒆰𒀕, kul-aba<sub>4</sub>.KI, 𒆰𒀕𒆠, kul-la-ba.KI, 𒆰𒆷𒁀𒆠, URU.kul-la-ba, 𒌷𒆰𒆷𒁀",fortified city,"Bīt-Iakīn, Babylonia, Iraq",–,"Bagg RGTC 7 3/1: 354–355, Parpola Toponyms: 213"
2022-06-24-(19-31-01),new,1113,Riḫīḫu,"Riḫīḫu, Raḫīḫu, Riḫiḫu, Riḫiḫu",–,–,–,"KUR.ra-ḫi-ḫa, 𒆳𒊏𒄭𒄩, LÚ.ri-ḫi-ḫu, 𒇽𒊑𒄭𒄷","Aramean tribe, territory","Babylonia, Iraq",–,"Bagg RGTC 7 3/2: 485, Parpola Toponyms: 294"
2022-07-08-(19-47-03),new,1115,Ḫatḫariba,"Ḫatḫariba, Hathariba, Limmer-iššak-Aššur, Limmir-iššâk-Aššur, Limmir-iššak-Aššur, Līmmir-isšiak-Aššur, Athribis, Tall Aṯrīb, Tell Atrib, Banha, Banhā, بنها",–,30.47059278247387,31.18689067392604,URU.ḫa-at-ḫa-ri-ba<br>𒌷𒄩𒀜𒄩𒊑𒁀<br>URU.ḫa-at-ḫi-ri-bi<br>𒌷𒄩𒀜𒄭𒊑𒁉<br>URU.li-mer-ÉNSI-aš-šur<br>𒌷𒇷𒂇𒉺𒋼𒋛𒀸𒋩<br>ḥw.t-tꜣ-ḥrj-jb<br>ḥwt (tꜣ) ḥrj-jb<br>kmwj<br>km-wr,city,"Muṣur, Egypt",–,"Bagg RGTC 7 2/1: 221 (Ḫatḫariba), Bagg RGTC 7 2/1: 371 (Limmer-iššak-Aššur), Parpola Toponyms: 157 (Ḫatḫariba), Parpola Toponyms: 227 (Limmir-iššak-Aššur), <a href=https://zenodo.org/record/6384045>Pedersén ANE: Athribis (Tell Atrib)</a>, <a href=https://pleiades.stoa.org/places/727078>Pleiades: Athribis (Lower Egypt)</a>, <a href=https://www.geonames.org/9781579/athribis-tell-atrib-southeast-baths-greek-bath.html>Geonames: Athribis/Tell Atrib</a>, <a href=https://www.geonames.org/359280/banha.html>Geonames: Banhā</a>, <a href=http://oracc.museum.upenn.edu/rinap/cbd/qpn-x-places/onebigfile.html>RINAP Glossary: Places (Hathariba [ATHRIBIS])</a>, <a href=http://oracc.museum.upenn.edu/rinap/cbd/qpn-x-places/onebigfile.html>RINAP Glossary: Places (Limmer-iššak-Aššur)</a>"
2022-07-20-(15-59-24),new,1116,Nabātu,"Nabātu, Nabâtu, Nabāta, Nabatu, Nabatean",–,–,–,"LÚ.na-ba-a-tu, 𒇽𒈾𒁀𒀀𒌅, LÚ.na-ba-tu, 𒇽𒈾𒁀𒌅, LÚ.na-ba-tú, 𒇽𒈾𒁀𒌓, LÚ.na-bat-a-a, 𒇽𒈾𒁁𒀀𒀀",Aramean tribe,"Babylonia, Iraq",–,"Bagg RGTC 7 3/1: 419–420, Parpola Toponyms: 254, <a href=http://oracc.museum.upenn.edu/saao/cbd/qpn-x-ethnic/onebigfile.html>SAAo Glossary: Ethnic (Nabataya)</a>, <a href=http://oracc.museum.upenn.edu/rinap/cbd/qpn-x-ethnic/onebigfile.html>RINAP Glossary: Ethnic (Nabatu)</a>"
2022-07-28-(10-55-37),new,1118,Sur Muhreh,"Sur Muhreh, Sur Mureh, Sur Muhra, Sūr Muhra, Sūr Murʾeh, Sūr Murʿeh",1,34.312917,42.261264,–,fortress,"Sūḫu, Iraq","Bagg RGTC 7 2/1: 236, <i>Excavations in Iraq, 1979-80</i>, Iraq 43/2 (1981): 197, Morello (2010): <i>Fortificazioni di Frontiera di Epoca Neo-Assira</i>: 213, <a href=https://books.openedition.org/cdf/4487>MTT I/3: Sur Mureh / Sūr Muhra (HIGEOMES Nr. 201)</a>",
2022-07-28-(11-46-22),new,1119,Sūzu,"Sūzu, Sūru, Suru",–,–,–,"URU.su-ru (?), 𒌷𒋢𒊒 (?), URU.su-zu (?), 𒌷𒋢𒍪 (?)",town,"Central Assyria (?), Iraq (?)",Bagg RGTC 7 2/2: 457 (Sūru 3 (?)),
2023-01-12-(14-33-46),new,1120,Ein Gedi,"Ein Gedi, Ejn Gedi, ʿEn Gedi, 'En Gedi, עֵין גֶּדִי, عين جدي, Tel Goren, תל גרן, Tell el-Jurn, تل الجرون",–,31.46016983895548,35.38898717423667,–,–,Israel,–,<a href='https://zenodo.org/record/6384045' target='_blank'>Pedersén ANE: 'En Gedi (Tel Goren)</a>
2023-01-12-(19-05-53),new,1121,Garšana,"Garšana, Tell Baridiyah (?), Tall Baridiyah (?), تل بردية",–,31.44331549333923,46.11918690980465,–,–,Iraq,–,"<a href='https://zenodo.org/record/6384045' target='_blank'>Pedersén ANE: Garšana (Tall Baridiyah)</a>, <a href='https://zenodo.org/record/5217600' target='_blank'>CIGS: Garšana / Tall Baridiyah (?)</a>"
2023-01-19-(21-21-03),new,1122,Bīt-Ibâ,"Bīt-Ibâ, Bit-Ibâ, Bīt-Ibā",–,–,–,"É-<sup>m</sup>i-ba-a, 𒂍𒁹𒄿𒁀𒀀, É-<sup>m</sup>i-ba-a-a, 𒂍𒁹𒄿𒁀𒀀𒀀 ",town,"Babylonia, Bīt-Amukkāni",–,Bagg RGTC 7 3/1: 131
2023-01-19-(21-21-29),new,1123,Bīt-Ibâ,"Bīt-Ibâ, Bit-Ibâ, Bīt-Ibā",–,–,–,"É-<sup>m</sup>i-ba-a, 𒂍𒁹𒄿𒁀𒀀, É-<sup>m</sup>i-ba-a-a, 𒂍𒁹𒄿𒁀𒀀𒀀 ",town,"Babylonia, Bīt-Amukkāni",–,Bagg RGTC 7 3/1: 131
2023-01-19-(21-21-53),new,1124,Bīt-Ibâ,"Bīt-Ibâ, Bit-Ibâ, Bīt-Ibā",–,–,–,"É-<sup>m</sup>i-ba-a, 𒂍𒁹𒄿𒁀𒀀, É-<sup>m</sup>i-ba-a-a, 𒂍𒁹𒄿𒁀𒀀𒀀 ",town,"Babylonia, Bīt-Amukkāni",–,Bagg RGTC 7 3/1: 131
2023-01-19-(22-31-14),new,1123,Ruʾua,"Ruʾua, Ruʾuʾa",–,–,–,"LÚ.ru, 𒇽𒊒, LÚ.ru-ʾu-a, 𒇽𒊒𒀪𒀀, LÚ.ru-ʾu-u-a, 𒇽𒊒𒀪𒌋𒀀, LÚ.ru-ʾu-ú-a, 𒇽𒊒𒀪𒌑𒀀, LÚ.ru-ʾu-u8-a, 𒇽𒊒𒀪𒇇𒀀, LÚ.ru-ú-ʾa, 𒇽𒊒𒌑𒀪, LÚ.ru-u8-a, 𒇽𒊒𒇇𒀀, LÚ.ru-u-a-a, 𒇽𒊒𒌋𒀀𒀀, LÚ.ru-ú-a-a, 𒇽𒊒𒌑𒀀𒀀, KUR.ru-u-a-a-a, 𒆳𒊒𒌋𒀀𒀀𒀀, KUR.ru-ʾu-a-a, 𒆳𒊒𒀪𒀀𒀀, URU.ru-ʾu-a, 𒌷𒊒𒀪𒀀","Aramaic tribe, town (?)",Babylonia,–,"Bagg RGTC 7 3/2: 489–490 (Ruʾua 1; tribe), Bagg RGTC 7 3/2: 490–491 (Ruʾua 2 (?); town)"
2023-01-26-(16-28-53),new,1124,Muttabal,"Muttabal, Mutabal, Mutiabal",–,–,–,"mu-ta-bal.KI, 𒈬𒋫𒁄𒆠, URU.mu-ta-bal, 𒌷𒈬𒋫𒁄, mut-ta-bal, 𒄷𒄭𒋫𒁄","Amorite tribe, territory",Babylonia,–,Bagg RGTC 7 3/1: 418
2023-03-12-(23-45-44),new,1125,Akhetaton,"Akhetaton, Akhetaten, Tell el-Amarna, el-Amarna, Amarna, El-'Amarna, العمارنة",–,27.65033375722349,30.90067512792203,–,city,Egypt,–,<a href='https://zenodo.org/record/6384045' target='_blank'>Pedersén ANE: Akhetaten (El-'Amarna)</a>
2023-03-16-(19-45-59),new,1126,Malgium,"Malgium, Malkum, Tell Yassir",–,32.56149180512663,45.10001575131218,–,city,"Babylonia, Iraq",–,<a href='https://zenodo.org/record/6384045' target='_blank'>Pedersén ANE: Malgium (Tell Yassir)</a>
2023-03-16-(20-28-46),new,1127,Mardaman,"Mardaman, Mardama, Bassetki, Bassatki, باستكي",1,36.9584448431981,42.72121014748242,–,city,"Asyria, Iraq",–,<a href='https://zenodo.org/record/6384045' target='_blank'>Pedersén ANE: Mardaman / Mardama (Bassetki)</a>
2023-03-16-(21-03-55),new,1128,Sabaʾa,"Sabaʾa, Š<sup>ə</sup>ḇāʾ, Sheba, שְׁבָא‎, Sabaʾ, سَبَأ",–,–,–,–,state,"Yemen, Arabian Peninsula",–,–
2023-03-31-(17-44-13),new,1129,Šamuḫa,"Šamuḫa, Samuha, Kayalıpınar",–,39.6211275815024,36.52823160538027,–,city,Turkey,–,"<a href='https://zenodo.org/record/6384045' target='_blank'>Pedersén ANE: Samuha (Kayalıpınar)</a>, <a href='https://zenodo.org/record/5217600' target='_blank'>CIGS: Šamuḫa/Kayalıpınar</a>"
2023-04-04-(19-31-17),new,1130,Shiloh,"Shiloh, Shilo, Šīlō, Silo, שִׁלֹה, שִׁילֹה, שִׁלוֹ, שִׁילוֹ, Tel Shiloh, Khirbet Seilun, Khirbat Seilun, Khirbat Saylūn, Khirbat Saylun",–,32.05617216725297,35.28987956212205,–,city,"Canaan, Bīt-Ḫumrî, West Bank, Palestine",–,"<a href='https://zenodo.org/record/6384045' target='_blank'>Pedersén ANE: Shiloh (Tell Shiloh / Khirbet Seilun)</a>, <a href='https://pleiades.stoa.org/places/688028' target='_blank'>Pleiades: Silo</a>"
2023-04-13-(18-48-17),new,1131,Başbük,Başbük,1,37.35539,39.28069,–,monument,"Tušḫan, Turkey",–,"<a href='https://www.geonames.org/321974/basbuek.html' target='_blank'>Geonames: Başbük</a>, <a href='https://pleiades.stoa.org/places/903458730' target='_blank'>Pleiades: Başbük</a>, <a href='https://www.asor.org/anetoday/2023/04/basbuk-rock-wall-panel' target='_blank'>Önal – Uludağ – Koyuncu – Adalı (2023): The Başbük Rock Wall Panel: Serving Empire, Honoring Syro-Anatolian Gods. The Ancient Near East Today 11/4</a>, <a href='https://doi.org/10.15184/aqy.2022.48' target='_blank'>Önal – Uludağ – Koyuncu – Adalı (2022): An Assyrianised rock wall panel with figures at Başbük in south-eastern Turkey. Antiquity 96/387</a>"
2023-05-11-(21-43-52),new,1132,Bīt-kāri,"Bīt-kāri, Bit-kari, Bēt-kāri, Bet-kari, Bīt-karrāja, Bīt-karrāia, Bīt-karraya, Bēt-karrāja, Bēt-karrāia, Bet-karraya",–,–,–,"É-ka-a-ri, 𒂍𒅗𒀀𒊑, É-ka-ri, 𒂍𒅗𒊑, KUR.É-ka-a-ri, 𒆳𒂍𒅗𒀀𒊑, KUR.É-KAR (?), 𒆳𒂍𒋼𒀀 (?), URU.É-KAR (?), 𒌷𒂍𒋼𒀀 (?), KUR.É-ka-ar-ra-a-a, 𒆳𒂍𒅗𒅈𒊏𒀀𒀀","territory (?), province (?)","Mādāja (?), Iran",–,"Bagg RGTC 7 3/1: 138–139, <a href='https://publikationen.badw.de/de/rla/index#9737' target='_blank'>Radner: RlA 11, p. 65 (no. 78)</a>, <a href='https://www.ucl.ac.uk/sargon/peoplegodsplaces' target='_blank'>Assyrian empire builders: Bit-kari</a>, <a href='http://oracc.museum.upenn.edu/saao/knpp/peoplegodsplaces/index.html' target='_blank'>Knowledge and Power: Bet-kari</a>, <a href='http://oracc.museum.upenn.edu/atae/cbd/qpn-x-places/onebigfile.html' target='_blank'>ATAE Glossary: Places (Bit-kari)</a>, <a href='http://oracc.museum.upenn.edu/saao/cbd/qpn-x-places/onebigfile.html' target='_blank'>SAAo Glossary: Places (Bit-kari)</a>"
2023-05-12-(19-09-19),new,1133,Ḫadā-il,"Ḫadā-il, Ḫadaʾil, Hadaʾil",–,–,–,"URU.ḫa-da-0-a-ìl, URU.ḫa-da-o-a-ìl, 𒌷𒄩𒁕0𒀀𒀭",town,Northern Levant (?),–,"Bagg RGTC 7 3/2: 923 (Add. to Bagg RGTC 7 1), <a href='http://oracc.museum.upenn.edu/saao/knpp/peoplegodsplaces/index.html' target='_blank'>Knowledge and Power: Hadaʾil</a>, <a href='http://oracc.museum.upenn.edu/atae/cbd/qpn-x-places/onebigfile.html' target='_blank'>ATAE Glossary: Places (Hadaʾil)</a>, <a href='http://oracc.museum.upenn.edu/saao/cbd/qpn-x-places/onebigfile.html' target='_blank'>SAAo Glossary: Places (Hadaʾil)</a>"
2023-05-16-(18-19-44),new,1134,Malilatu,"Malilatu, Malilati, Amlilatu, Šululat",–,–,–,"URU.am-li-la-tu, 𒌷𒄠𒇷𒆷𒌅, URU.ma-li-la-ti, 𒌷𒈠𒇷𒆷𒋾, URU.ma-li-la-tu, 𒌷𒈠𒇷𒆷𒌅, LÚ.URU.ma-li-la-ta-a-a, 𒇽𒌷𒈠𒇷𒆷𒋫𒀀𒀀",city,"Bīt-Saʾalli, Babylonia, Iraq",–,"Bagg RGTC 7 3/1: 387, Parpola Toponyms: 15 (Amlilatu) and 338 (Šululat), <a href='http://oracc.museum.upenn.edu/saao/knpp/peoplegodsplaces/index.html' target='_blank'>Knowledge and Power: Malilatu</a>, <a href='https://www.ucl.ac.uk/sargon/peoplegodsplaces' target='_blank'>Assyrian empire builders: Malilatu</a>, <a href='http://oracc.museum.upenn.edu/saao/cbd/qpn-x-ethnic/onebigfile.html' target='_blank'>SAAo Glossary: Ethnic (Malilataya)</a>, <a href='http://oracc.museum.upenn.edu/atae/cbd/qpn-x-places/onebigfile.html' target='_blank'>ATAE Glossary: Places (Malilati)</a>, <a href='http://oracc.museum.upenn.edu/saao/cbd/qpn-x-places/onebigfile.html' target='_blank'>SAAo Glossary: Places (Malilati)</a>, <a href='http://oracc.museum.upenn.edu/riao/cbd/qpn-x-places/onebigfile.html' target='_blank'>RIAo Glossary: Places (Malilatu)</a>, <a href='http://oracc.museum.upenn.edu/rinap/cbd/qpn-x-places/onebigfile.html' target='_blank'>RINAP Glossary: Places (Malilatu)</a>"
2023-09-07-(19-15-27),new,1135,Qarkasia,"Qarkasia, Karkasia, Kār-kaššî (?), Kar-kašši (?)",–,–,–,"KUR.qar-ka-si-a, 𒆳𒃼𒅗𒋛𒀀, KUR.kàr-ka-si-a, 𒆳𒃼𒅗𒋛𒀀, URU.qar-ka-si-a, 𒌷𒃼𒅗𒋛𒀀, URU.kàr-ka-si-a, 𒌷𒃼𒅗𒋛𒀀","city, country, territory","Mādāja, Iran",–,"Bagg RGTC 7 3/2: 470, Parpola Toponyms: 284, <a href='http://oracc.museum.upenn.edu/riao/cbd/qpn-x-places/onebigfile.html' target='_blank'>RIAo Glossary: Places (Qarkasia)</a>, <a href='http://oracc.museum.upenn.edu/rinap/cbd/qpn-x-places/onebigfile.html' target='_blank'>RINAP Glossary: Places (Qarkasia)</a>"
2023-09-07-(20-19-40),new,1136,Uratas,"Uratas, Asadābād, اسد آباد, Orontes, Oroandes mountains, Alvand",–,34.78241,48.12012,"KUR.ú-ra-ta-as, 𒆳𒌑𒊏𒋫𒊍",country,"Mādāja, Iran",–,"Bagg RGTC 7 3/2: 601, <a href='https://www.geonames.org/142872/asadabad.html' target='_blank'>Geonames: Asadābād</a>, <a href='https://pleiades.stoa.org/places/902985' target='_blank'>Pleiades: Alvand/Orontes/Oroandes M.</a>, <a href='https://www.geonames.org/7394206/kuh-e-alvand.html' target='_blank'>Geonames: Kūh-e Alvand</a>, <a href='http://oracc.museum.upenn.edu/riao/cbd/qpn-x-places/onebigfile.html' target='_blank'>RIAo Glossary: Places (Uratas)</a>, <a href='http://oracc.museum.upenn.edu/rinap/cbd/qpn-x-places/onebigfile.html' target='_blank'>RINAP Glossary: Places (Uratas)</a>"
2023-11-08-(21-26-28),new,1137,Ḫašimur,"Ḫašimur, Hašimur, Jibāl Darāwishkah, Jabal Darawushka, Jibāl Darāwishkah, Silsilat Jibāl Dārah Wīshkah, Darewiškeh Mountains, جبال دراوشكه",–,34.27375,45.26632,"KUR.ḫa-ši-mur, 𒆳𒄩𒅆𒄯",mount,"Ḫašmar, Iraq",–,"Bagg RGTC 7 2/1: 218–219, Parpola Toponyms: 155, <a href='https://www.geonames.org/97192/jibal-darawishkah.html' target='_blank'>Geonames: Jibāl Darāwishkah</a>, <a href='http://oracc.museum.upenn.edu/riao/cbd/qpn-x-places/onebigfile.html' target='_blank'>RIAo Glossary: Places (Hašimur)</a>"
2023-11-16-(18-14-22),new,1138,Muski,"Muski, Musku, Muški, Mušku",–,–,–,"KUR.mu-us-ki, 𒆳𒈬𒊻𒆠, KUR.mu-uš-ki, 𒆳𒈬𒍑𒆠, KUR.muš-ki, 𒆳𒈲𒆠, KUR.muš-ka-a-ia.MEŠ, 𒆳𒈲𒅗𒀀𒅀𒈨𒌍, KUR.muš-ki.MEŠ, 𒆳𒈲𒆠𒈨𒌍","territory, country",Turkey,–,"Bagg RGTC 7 2/2: 432 (Musku 2), Parpola Toponyms: 252–253 (together with Bagg's Musku 1), <a href='http://oracc.museum.upenn.edu/riao/cbd/qpn-x-places/onebigfile.html' target='_blank'>RIAo Glossary: Places (Musku)</a>, <a href='http://oracc.museum.upenn.edu/riao/cbd/qpn-x-ethnic/onebigfile.html' target='_blank'>RIAo Glossary: Ethnic (Mušku)</a>, <a href='http://oracc.museum.upenn.edu/riao/cbd/qpn-x-places/onebigfile.html' target='_blank'>RIAo Glossary: Places (Mušku)</a>"
2024-01-18-(19-47-39),new,1139,Eḫursaggalkurkurra,"Eḫursaggalkurkurra, Ehursaggalkurkurra, Eḫursagkurkurra, Ehursagkurkurra, “House, the Great Mountain of the Lands”",1,35.46111,43.26276,"é-ḫur-sag-kur-kur-ra, 𒂍𒄯𒊕𒆳𒆳𒊏, é-ḫur-sag-gal-kur-kur-ra, 𒂍𒄯𒊕𒃲𒆳𒆳𒊏, é-ḫur-sal-gal-kur-kur-ra, 𒂍𒄯𒊩𒃲𒆳𒆳𒊏",temple,"Assyria, Aššur province, Iraq",–,"George 1993: House Most High: 100, <a href='https://pleiades.stoa.org/places/457530554' target='_blank'>Pleiades: Temple of Aššur at Assur</a>, <a href='http://oracc.museum.upenn.edu/saao/knpp/peoplegodsplaces/index.html' target='_blank'>Knowledge and Power: Ehursaggalkurkurra</a>, <a href='http://oracc.museum.upenn.edu/atae/cbd/qpn-x-temple/onebigfile.html' target='_blank'>ATAE Glossary: Temple (Ehursaggalkurkurra [CHAPEL OF AššUR IN EšARRA])</a>, <a href='http://oracc.museum.upenn.edu/saao/cbd/qpn-x-temple/onebigfile.html' target='_blank'>SAAo Glossary: Temple (Ehursaggalkurkurra [CHAPEL OF AššUR IN EšARRA])</a>, <a href='http://oracc.museum.upenn.edu/rinap/cbd/qpn-x-temple/onebigfile.html' target='_blank'>RINAP Glossary: Temple (Ehursaggalkurkurra)</a>, <a href='http://oracc.museum.upenn.edu/riao/cbd/qpn-x-temple/onebigfile.html' target='_blank'>RIAo Glossary: Temple (Ehursaggalkurkurra)</a>, <a href='http://oracc.museum.upenn.edu/atae/cbd/qpn-x-temple/onebigfile.html' target='_blank'>ATAE Glossary: Temple (Ehursagkurkurra)</a>, <a href='http://oracc.museum.upenn.edu/riao/cbd/qpn-x-temple/onebigfile.html' target='_blank'>RIAo Glossary: Temple (Ehursagkurkurra)</a>, <a href='http://oracc.museum.upenn.edu/rinap/cbd/qpn-x-temple/onebigfile.html' target='_blank'>RINAP Glossary: Temple (Ehursagkurkurra)</a>, <a href='http://oracc.museum.upenn.edu/saao/cbd/qpn-x-temple/onebigfile.html' target='_blank'>SAAo Glossary: Temple (Ehursagkurkurra)</a>"
2024-01-24-(18-21-04),new,1140,Arsindu,"Arsindu, Arsiandu",–,–,–,"URU.ár-si-an-du, 𒌷𒌒𒋛𒀭𒁺, URU.ár-si-in-du, 𒌷𒌒𒋛𒅔𒁺","city, fortified city","Māzamua, Iraq",–,"Bagg RGTC 7 3/1: 65, Parpola Toponyms: 33, <a href='http://oracc.museum.upenn.edu/riao/cbd/qpn-x-places/onebigfile.html' target='_blank'>RIAo Glossary: Places (Arsiandu)</a>, <a href='http://oracc.museum.upenn.edu/riao/cbd/qpn-x-places/onebigfile.html' target='_blank'>RIAo Glossary: Places (Arsindu)</a>"
2024-01-24-(20-02-47),new,1141,Nispi,"Nispi, Nišpi, Qandīl Dāġ, Silsilat Jibāl Qandīl, سلسلة جبال قنديل, Jabal Qandīl, جبل قنديل, Kūh-e Avromān (?), Jibāl Hawrāmān (?), Awroman (?), Azroman Dagh (?), Kūh-e Takht-e Ūrāmān (?), Kūh-e Owrāmān (?), Kūh-e Ūrāmān (?), جبال هورامان, کوه تخت اورامان",–,36.51709,45.01986,"KUR.ni-is-pi, 𒆳𒉌𒄑𒉿, KUR.ni-iš-pi, 𒆳𒉌𒅖𒉿, KUR.ni-ís-pi, 𒆳𒉌𒅖𒉿",mountains,"Māzamua, Iraq",–,"Bagg RGTC 7 3/1: 439, Parpola Toponyms: 269 (Nišpi), <a href='https://www.geonames.org/6779211/silsilat-jibal-qandil.html' target='_blank'>Geonames: Silsilat Jibāl Qandīl</a>, <a href='https://www.geonames.org/95878/silsilat-jibal-hawraman.html' target='_blank'>Geonames: Silsilat Jibāl Hawrāmān</a>, <a href='http://oracc.museum.upenn.edu/riao/cbd/qpn-x-places/onebigfile.html' target='_blank'>RIAo Glossary: Places (Nispi)</a>"
2024-01-24-(22-54-28),new,1142,Arzizu,"Arzizu, Arzizi, Rabat Tapah, Rabat Teppe, Rabat Tapeh, Rabat Tepe, ربت تپه, Shahrak-e Rabţ, شهرک ربط",–,36.21275504350251,45.55519144796109,"KUR.ár-zi-zu, 𒆳𒌒𒍣𒍪, URU.ar-zi-zi, 𒌷𒅈𒍣𒍣, URU.ár-zi-zu, 𒌷𒌒𒍣𒍪, ar-zi-za-a-a, 𒅈𒍣𒍝𒀀𒀀, LÚ.ar-zi-za-a-a, 𒇽𒅈𒍣𒍝𒀀𒀀, URU.ar-zi-za-a-a, 𒌷𒅈𒍣𒍝𒀀𒀀, URU.ár-zi-za-a-a, 𒌷𒌒𒍣𒍝𒀀𒀀","city, fortified city","Māzamua, Iran",–,"Bagg RGTC 7 3/1: 71–72, Parpola Toponyms: 38, <a href='https://zenodo.org/record/6384045' target='_blank'>Pedersén ANE: (Rabat Teppe)</a>, <a href='https://zenodo.org/record/5217600' target='_blank'>CIGS: Rabat Tapeh</a>, <a href='https://pleiades.stoa.org/places/418645876' target='_blank'>Pleiades: Rabat Tapah</a>, <a href='https://www.geonames.org/6686484/shahrak-e-rabt.html' target='_blank'>Geonames: Shahrak-e Rabţ</a>, <a href='https://www.ucl.ac.uk/sargon/peoplegodsplaces' target='_blank'>Assyrian empire builders: Arzizu</a>, <a href='http://oracc.museum.upenn.edu/saao/cbd/qpn-x-ethnic/onebigfile.html' target='_blank'>SAAo Glossary: Ethnic (Arzizaya [ARZIZEAN])</a>, <a href='http://oracc.museum.upenn.edu/atae/cbd/qpn-x-ethnic/onebigfile.html' target='_blank'>ATAE Glossary: Ethnic (Arzizaya [OF ARZIZU]</a>, <a href='http://oracc.museum.upenn.edu/riao/cbd/qpn-x-ethnic/onebigfile.html' target='_blank'>RIAo Glossary: Ethnic (Arzizayu)</a>, <a href='http://oracc.museum.upenn.edu/atae/cbd/qpn-x-places/onebigfile.html' target='_blank'>ATAE Glossary: Places (Arzizi)</a>, <a href='http://oracc.museum.upenn.edu/saao/cbd/qpn-x-places/onebigfile.html' target='_blank'>SAAo Glossary: Places (Arzizi)</a>, <a href='http://oracc.museum.upenn.edu/atae/cbd/qpn-x-places/onebigfile.html' target='_blank'>ATAE Glossary: Places (Arzizu)</a>, <a href='http://oracc.museum.upenn.edu/saao/cbd/qpn-x-places/onebigfile.html' target='_blank'>SAAo Glossary: Places (Arzizu)</a>, <a href='http://oracc.museum.upenn.edu/riao/cbd/qpn-x-places/onebigfile.html' target='_blank'>RIAo Glossary: Places (Arzizu)</a>"
2024-01-25-(16-14-29),new,1143,Gamru,Gamru,–,–,–,"KUR.gam-ru, 𒆳𒃵𒊒",mountain,"Māzamua, Iraq (?), Iran (?)",–,"Bagg RGTC 7 3/1: 224, <a href='http://oracc.museum.upenn.edu/riao/cbd/qpn-x-places/onebigfile.html' target='_blank'>RIAo Glossary: Places (Gamru)</a>"
2024-01-25-(16-36-57),new,1144,Edinu,Edinu,–,–,–,"KUR.e-di-nu, 𒆳𒂊𒁲𒉡",mountain,"Māzamua, Iraq (?), Iran (?)",–,"Bagg RGTC 7 3/1: 200, <a href='http://oracc.museum.upenn.edu/riao/cbd/qpn-x-places/onebigfile.html' target='_blank'>RIAo Glossary: Places (Edinu)</a>"
2024-01-25-(20-16-49),new,1145,Babitu,"Babitu, Babiti, Babite, Bāziān Dāġ, Jabal Darīndī Bāzyān, جبل دريندي بازيان, Qara Dāġ, Qara Dagh, Qarah Dāgh, Qere Dagh, قره داغ, قەرە داغ, Qeredagh, Qaradāgh, قرداغ, Baranand Dāġ, Baranand Dāgh, Shaxî Beranan, شاخى بەرانان",–,35.65959,44.95659,"KUR.ba-be-te, 𒆳𒁀𒁁𒋼, KUR.ba-bi-te, 𒆳𒁀𒁉𒋼, KUR.ba-bi-ti, 𒆳𒁀𒁉𒋾",mountains,"Māzamua, Iraq",–,"Bagg RGTC 7 3/1: 90–91 (Babite 2), Parpola Toponyms: 64, <a href='https://www.geonames.org/7350108/jabal-darindi-bazyan.html' target='_blank'>Geonames: Jabal Darīndī Bāzyān</a>, <a href='https://www.geonames.org/92436/qeredagh.html' target='_blank'>Geonames: Qeredagh</a>, <a href='https://www.geonames.org/417096/baranand-dagh.html' target='_blank'>Geonames: Baranand Dāgh</a>, <a href='https://www.ucl.ac.uk/sargon/peoplegodsplaces' target='_blank'>Assyrian empire builders: Babiti</a>, <a href='http://oracc.museum.upenn.edu/atae/cbd/qpn-x-places/onebigfile.html' target='_blank'>ATAE Glossary: Places (Babiti)</a>, <a href='http://oracc.museum.upenn.edu/saao/cbd/qpn-x-places/onebigfile.html' target='_blank'>SAAo Glossary: Places (Babiti)</a>, <a href='http://oracc.museum.upenn.edu/riao/cbd/qpn-x-places/onebigfile.html' target='_blank'>RIAo Glossary: Places (Babitu)</a>"
2024-01-25-(20-27-31),new,1146,Banbala,Banbala,–,–,–,"URU.ban-ba-la, 𒌷𒉼𒁀𒆷",town,"Māzamua, Iraq",–,"Bagg RGTC 7 3/1: 94, Parpola Toponyms: 66, <a href='http://oracc.museum.upenn.edu/atae/cbd/qpn-x-places/onebigfile.html' target='_blank'>ATAE Glossary: Places (Banbala)</a>, <a href='http://oracc.museum.upenn.edu/saao/cbd/qpn-x-places/onebigfile.html' target='_blank'>SAAo Glossary: Places (Banbala)</a>"
2024-01-25-(20-48-16),new,1147,Barzundi,Barzundi,–,–,–,"URU.ba-ar-zu-un-di, 𒌷𒁀𒅈𒍪𒌦𒁲",town,"Māzamua, Iraq",–,"Bagg RGTC 7 3/1: 101, <a href='http://oracc.museum.upenn.edu/atae/cbd/qpn-x-places/onebigfile.html' target='_blank'>ATAE Glossary: Places (Barzundi)</a>, <a href='http://oracc.museum.upenn.edu/saao/cbd/qpn-x-places/onebigfile.html' target='_blank'>SAAo Glossary: Places (Barzundi)</a>"
2024-01-25-(21-00-52),new,1148,Napigi,"Napigi, Nappigi",–,–,–,"URU.na-pi-gi, 𒌷𒈾𒉿𒄀",town,"Māzamua, Iraq",–,"Bagg RGTC 7 3/1: 427 (Nappigi 2), <a href='http://oracc.museum.upenn.edu/atae/cbd/qpn-x-places/onebigfile.html' target='_blank'>ATAE Glossary: Places (Nappigi)</a>, <a href='http://oracc.museum.upenn.edu/saao/cbd/qpn-x-places/onebigfile.html' target='_blank'>SAAo Glossary: Places (Nappigi)</a>"
2024-01-25-(22-03-14),new,1149,Birtu-ša-Gurrāja,"Birtu-ša-Gurrāja, Birtu-ša-Gurraja, Birtu-ša-Gurrāia, Birtu-ša-Gurraia, Fortress-of-the-Gurraeans",–,–,–,"URU.ḪAL.ṢU-ša-gur-ra-a-a, 𒌷𒄬𒍮𒊭𒄥𒊏𒀀𒀀",town,"Māzamua, Iraq",–,Bagg RGTC 7 3/1: 110
2024-01-30-(15-39-47),new,1150,Dūr-Lullumê,"Dūr-Lullumê, Dūr-Lullumu, Dūra, Dūru, Kelespi, Kalī Sibī, كلي سبي, Kēlasp, Kela Spe, Kēlaspī, Kêle Spî",–,Māzamua,Iraq,"URU.BÀD-a-a, 𒌷𒂦𒀀𒀀, URU.BÀD-lu-lu-ma-a-a, 𒌷𒂦𒇻𒇻𒈠𒀀𒀀, URU.BÀD-lu-lu-ma-a-ia, 𒌷𒂦𒇻𒇻𒈠𒀀𒅀, URU.du-ra-a-a, 𒌷𒁺𒊏𒀀𒀀",town,"Māzamua, Iraq",–,"Bagg RGTC 7 3/1: 193, Parpola Toponyms: 112, <a href='https://www.geonames.org/94708/kali-sibi.html' target='_blank'>Geonames: Kalī Sibī</a>, <a href='http://oracc.museum.upenn.edu/riao/cbd/qpn-x-ethnic/onebigfile.html' target='_blank'>RIAo Glossary: Ethnic (Dur-Lullumayu)</a>, <a href='http://oracc.museum.upenn.edu/riao/cbd/qpn-x-ethnic/onebigfile.html' target='_blank'>RIAo Glossary: Ethnic (Duru)</a>"
2024-01-30-(16-21-17),new,1151,Dūr-Tukultī-apil-Ešarra,"Dūr-Tukultī-apil-Ešarra, Dur-Tukulti-apil-Ešarra, Dūr-Tiglath-pileser, Dur-Tiglath-pileser, Fort Tiglath-pileser",–,–,–,"URU.BÀD-<sup>m</sup>tukul-ti-A-é-šár-ra, 𒌷𒂦𒁹𒆪𒋾𒀀𒂍𒊹𒊏",town,"Māzamua, Iraq",–,"Bagg RGTC 7 3/1: 196, Parpola Toponyms: 115, <a href='http://oracc.museum.upenn.edu/riao/cbd/qpn-x-places/onebigfile.html' target='_blank'>RIAo Glossary: Places (Dur-Tukulti-apil-Ešarra [DUR-TIGALTH-PILESER])</a>, <a href='http://oracc.museum.upenn.edu/rinap/cbd/qpn-x-places/onebigfile.html' target='_blank'>RINAP Glossary: Places (Dur-Tukulti-apil-Ešarra [DUR-TIGALTH-PILESER])</a>, <a href='http://oracc.museum.upenn.edu/atae/cbd/qpn-x-places/onebigfile.html' target='_blank'>ATAE Glossary: Places (Dur-Tukulti-apil-Ešarra)</a>, <a href='http://oracc.museum.upenn.edu/saao/cbd/qpn-x-places/onebigfile.html' target='_blank'>SAAo Glossary: Places (Dur-Tukulti-apil-Ešarra)</a>"
2024-01-30-(16-38-42),new,1152,Gupni-ša-Bēl-Ḫarrān,"Gupni-ša-Bēl-Ḫarrān, Gupni-ša-Bel-Ḫarran, Gupni-ša-Bel-Harran, Gupnu-ša-Bēl-Ḫarrān, Gupnu-ša-Bel-Harran, Vine-of-Bēl-Ḫarrān",–,–,–,"GIŠ.gu-up-ni-ša-<sup>d</sup>EN-KASKAL, 𒄑𒄖𒌒𒉌𒊭𒀭𒂗𒆜",town,"Māzamua, Iraq",–,"Bagg RGTC 7 3/1: 236, <a href='http://oracc.museum.upenn.edu/atae/cbd/qpn-x-places/onebigfile.html' target='_blank'>ATAE Glossary: Places (Gupnu-ša-Bel-Harran [VINE-OF-BEL-HARRAN])</a>, <a href='http://oracc.museum.upenn.edu/saao/cbd/qpn-x-places/onebigfile.html' target='_blank'>SAAo Glossary: Places (Gupnu-ša-Bel-Harran [VINE-OF-BEL-HARRAN])</a>"
2024-01-30-(16-58-08),new,1153,Ḫartiša,"Ḫartiša, Hartiša, Ḫartišu, Hartiša, Ḫartiš, Hartiš",–,–,–,"KUR.ḫar-ti-iš-a-a, 𒆳𒄯𒋾𒅖𒀀𒀀, URU.ḫar-ti-iš-a-a, 𒌷𒄯𒋾𒅖𒀀𒀀","town, country (?)","Māzamua, Iraq",–,"Bagg RGTC 7 3/1: 267, Parpola Toponyms: 155 (Ḫartiš), <a href='http://oracc.museum.upenn.edu/riao/cbd/qpn-x-ethnic/onebigfile.html' target='_blank'>RIAo Glossary: Ethnic (Hartišayu)</a>"
2024-01-30-(17-32-40),new,1154,Ḫudun,"Ḫudun, Hudun",–,–,–,"URU.ḫu-du-un, 𒌷𒄷𒁺𒌦, KUR.ḫu-du-na-a-a, 𒆳𒄷𒁺𒈾𒀀𒀀, URU.ḫu-du-na-a-a, 𒌷𒄷𒁺𒈾𒀀𒀀",town,"Māzamua, Iraq",–,"Bagg RGTC 7 3/1: 285–286, Parpola Toponyms: 168, <a href='http://oracc.museum.upenn.edu/riao/cbd/qpn-x-ethnic/onebigfile.html' target='_blank'>RIAo Glossary: Ethnic (Hudunayu)</a>, <a href='http://oracc.museum.upenn.edu/riao/cbd/qpn-x-places/onebigfile.html' target='_blank'>RIAo Glossary: Places (Hudun)</a>"
2024-01-30-(18-33-58),new,1155,Mesu,"Mesu, Waldana, Walana, Walāna, Walānah, Waldāna, Waldānah, ولانة",–,35.58214,45.54579,"URU.me-su, 𒌷𒈨𒋢",town,"Māzamua, Iraq",–,"Bagg RGTC 7 3/1: 410 (Mesu 2), Parpola Toponyms: 247 (Mēsu), <a href='https://www.geonames.org/89732/walanah.html' target='_blank'>Geonames: Walānah</a>, <a href='http://oracc.museum.upenn.edu/riao/cbd/qpn-x-places/onebigfile.html' target='_blank'>RIAo Glossary: Places (Mesu)</a>"
2024-01-30-(19-20-55),new,1156,Simaki,"Simaki, Gwezha Dāġ, Silsilat Kuwayzah, سلسلة كويزة, Shax-î Goyje, Sagirma Dāġ (?), Sāgirmah Dāgh (?), شاخى سەگرمە (?)",–,35.51756,45.52794,"KUR.si-ma-ki, 𒆳𒋛𒈠𒆠",mountains,"Māzamua, Iraq",–,"Bagg RGTC 7 3/2: 512, Parpola Toponyms: 310, <a href='https://www.geonames.org/7388822/silsilat-kuwayzah.html' target='_blank'>Geonames: Silsilat Kuwayzah</a>, <a href='https://www.geonames.org/91766/sagirmah-dagh.html' target='_blank'>Geonames: Sāgirmah Dāgh</a>, <a href='http://oracc.museum.upenn.edu/riao/cbd/qpn-x-places/onebigfile.html' target='_blank'>RIAo Glossary: Places (Simaki)</a>"
2024-01-30-(21-08-14),new,1157,Aziru,"Aziru, Azmar Dāġ, Silsilat Jibāl Azmar, Azmar Dāgh, Shax-î Ezmeṟ, Girjeh Range, سلسلة جبال ازمر, شاخى ئەزمەڕ",–,35.63017,45.47669,"KUR.a-zi-ra, 𒆳𒀀𒍣𒊏, KUR.a-zi-ru, 𒆳𒀀𒍣𒊒",mountains,"Māzamua, Iraq",–,"Bagg RGTC 7 3/1: 78, Parpola Toponyms: 58, <a href='https://www.geonames.org/98267/silsilat-jibal-azmar.html' target='_blank'>Geonames: Silsilat Jibāl Azmar</a>, <a href='http://oracc.museum.upenn.edu/riao/cbd/qpn-x-places/onebigfile.html' target='_blank'>RIAo Glossary: Places (Aziru)</a>"
2024-01-31-(18-02-43),new,1158,Dagara,Dagara,–,–,–,"KUR.da-ga-ra, 𒆳𒁕𒂵𒊏, URU.da-ga-ra, 𒌷𒁕𒂵𒊏","city, country","Māzamua, Iraq",–,"Bagg RGTC 7 3/1: 166, Parpola Toponyms: 96, <a href='http://oracc.museum.upenn.edu/riao/cbd/qpn-x-places/onebigfile.html' target='_blank'>RIAo Glossary: Places (Dagara)</a>"
2024-01-31-(18-20-32),new,1159,Mulūgani,"Mulūgani, Mulugani",–,–,–,"URU.mu-lu-ú-ga-ni, 𒌷𒈬𒇻𒌑𒂵𒉌",city,"Māzamua (?), Iraq (?), Iran (?)",–,"Bagg RGTC 7 3/1: 414, Parpola Toponyms: 249, <a href='http://oracc.museum.upenn.edu/riao/cbd/qpn-x-places/onebigfile.html' target='_blank'>RIAo Glossary: Places (Mulugani)</a>, <a href='http://oracc.museum.upenn.edu/rinap/cbd/qpn-x-places/onebigfile.html' target='_blank'>RINAP Glossary: Places (Mulugani)</a>"
2024-01-31-(21-23-40),new,1160,Sizini,Sizini,–,–,–,"URU.si-zi-ni, 𒌷𒋛𒍣𒉌",town,"Māzamua, Iraq",–,"Bagg RGTC 7 3/2: 522, <a href='http://oracc.museum.upenn.edu/atae/cbd/qpn-x-places/onebigfile.html' target='_blank'>ATAE Glossary: Places (Sizini)</a>, <a href='http://oracc.museum.upenn.edu/saao/cbd/qpn-x-places/onebigfile.html' target='_blank'>SAAo Glossary: Places (Sizini)</a>"
2024-01-31-(21-43-46),new,1161,Apinunu,Apinunu,–,–,–,"URU.a-pi-nu-nu, 𒌷𒀀𒉿𒉡𒉡, URU.a-pi-nu-na-a-a, 𒌷𒀀𒉿𒉡𒈾𒀀𒀀",town,"Māzamua (?), Iraq (?), Zagros",–,"Bagg RGTC 7 3/1: 45–46, <a href='https://www.ucl.ac.uk/sargon/peoplegodsplaces' target='_blank'>Assyrian empire builders: Apinunu</a>, <a href='http://oracc.museum.upenn.edu/atae/cbd/qpn-x-ethnic/onebigfile.html' target='_blank'>ATAE Glossary: Ethnic (Apinunaya [OF APINUNU]</a>, <a href='http://oracc.museum.upenn.edu/saao/cbd/qpn-x-ethnic/onebigfile.html' target='_blank'>SAAo Glossary: Ethnic (Apinunaya)</a>, <a href='http://oracc.museum.upenn.edu/atae/cbd/qpn-x-places/onebigfile.html' target='_blank'>ATAE Glossary: Places (Apinunu)</a>, <a href='http://oracc.museum.upenn.edu/saao/cbd/qpn-x-places/onebigfile.html' target='_blank'>SAAo Glossary: Places (Apinunu)</a>"
2024-01-31-(22-03-08),new,1162,Erimziqi,"Erimziqi, Erimziqu, Zabziqi, Zabziqu",–,–,–,"URU.erim-zi-qi, URU.zab-zi-qi, 𒌷𒂟𒍣𒆥, URU.erim-zi-qa-a-a, URU.zab-zi-qa-a-a, 𒌷𒂟𒍣𒋡𒀀𒀀",town,"Māzamua (?), Iraq (?), Zagros",–,"Bagg RGTC 7 3/1: 216–217, <a href='https://www.ucl.ac.uk/sargon/peoplegodsplaces' target='_blank'>Assyrian empire builders: Erimziqu</a>, <a href='http://oracc.museum.upenn.edu/atae/cbd/qpn-x-ethnic/onebigfile.html' target='_blank'>ATAE Glossary: Ethnic (Erimziqaya [OF ERIMZIQI]</a>, <a href='http://oracc.museum.upenn.edu/saao/cbd/qpn-x-ethnic/onebigfile.html' target='_blank'>SAAo Glossary: Ethnic (Erimziqaya)</a>, <a href='http://oracc.museum.upenn.edu/atae/cbd/qpn-x-places/onebigfile.html' target='_blank'>ATAE Glossary: Places (Erimziqu)</a>, <a href='http://oracc.museum.upenn.edu/saao/cbd/qpn-x-places/onebigfile.html' target='_blank'>SAAo Glossary: Places (Erimziqu)</a>"
2024-02-01-(16-17-48),new,1163,Kibatki,Kibatki,–,–,–,"URU.ki-ba-at-ki, 𒌷𒆠𒁀𒀜𒆠",town,"Māzamua (?), Iraq (?), Iran (?)",–,"Bagg RGTC 7 3/1: 337, Parpola Toponyms: 204, <a href='https://www.ucl.ac.uk/sargon/peoplegodsplaces' target='_blank'>Assyrian empire builders: Kibatki</a>, <a href='http://oracc.museum.upenn.edu/atae/cbd/qpn-x-places/onebigfile.html' target='_blank'>ATAE Glossary: Places (Kibatki)</a>, <a href='http://oracc.museum.upenn.edu/saao/cbd/qpn-x-places/onebigfile.html' target='_blank'>SAAo Glossary: Places (Kibatki)</a>"
2024-02-01-(16-36-58),new,1164,Urku...,Urku...,–,–,–,"URU.ur-ku..., 𒌷𒌨𒆪...",town,"Māzamua (?), Kār-Šarrukīn (?), Iraq (?), Iran (?), Zagros",–,"Bagg RGTC 7 3/2: 606, SAA 15 104"
2024-02-01-(17-10-46),new,1165,Kumesa,Kumesa,–,–,–,"KUR.ku-me-sa-a-a, 𒆳𒆪𒈨𒊓𒀀𒀀",territory,"Māzamua, Iraq (?), Iran (?)",–,"Bagg RGTC 7 3/1: 357, Parpola Toponyms: 214, <a href='http://oracc.museum.upenn.edu/saao/cbd/qpn-x-ethnic/onebigfile.html' target='_blank'>SAAo Glossary: Ethnic (Kumesaya [KUMESAEAN])</a>, <a href='http://oracc.museum.upenn.edu/atae/cbd/qpn-x-ethnic/onebigfile.html' target='_blank'>ATAE Glossary: Ethnic (Kumesaya [OF KUMESA]</a>"
2024-02-01-(17-26-06),new,1166,Nurat,Nurat,–,–,–,"KUR.nu-rat, 𒆳𒉡𒋥",territory,"Māzamua, Iraq (?), Iran (?)",–,Bagg RGTC 7 3/1: 442
2024-02-01-(17-46-29),new,1167,Sipirmena,"Sipirmena, Sipiamena",–,–,–,"KUR.si-pí-a-me-na, 𒆳𒋛𒁉𒀀𒈨𒈾, KUR.si-pir-me-na, 𒆳𒋛𒌓𒈨𒈾","territory, country","Māzamua, Iraq (?), Iran (?)",–,"Bagg RGTC 7 3/2: 516–517, Parpola Toponyms: 311, <a href='http://oracc.museum.upenn.edu/riao/cbd/qpn-x-places/onebigfile.html' target='_blank'>RIAo Glossary: Places (Sipiamena)</a>, <a href='http://oracc.museum.upenn.edu/riao/cbd/qpn-x-places/onebigfile.html' target='_blank'>RIAo Glossary: Places (Sipirmena)</a>"
2024-02-01-(18-35-55),new,1168,Zamru,"Zamru, Zamri",–,–,–,"URU.za-am-ri, 𒌷𒍝𒄠𒊑, URU.za-am-ru, 𒌷𒍝𒄠𒊒","city, country","Māzamua, Iraq",–,"Bagg RGTC 7 3/2: 617, Parpola Toponyms: 381, <a href='http://oracc.museum.upenn.edu/riao/cbd/qpn-x-places/onebigfile.html' target='_blank'>RIAo Glossary: Places (Zamru)</a>"
2024-02-01-(18-50-54),new,1169,Arasidku,"Arasidku, Arisidku, Arasitku",–,–,–,"URU.a-ra-si-id-ku, 𒌷𒀀𒊏𒋛𒀉𒆪, URU.a-ri-si-id-ku, 𒌷𒀀𒊑𒋛𒀉𒆪",fortified city,"Māzamua, Zamru, Iraq",–,"Bagg RGTC 7 3/1: 55, Parpola Toponyms: 23 (Arasitku), <a href='http://oracc.museum.upenn.edu/riao/cbd/qpn-x-places/onebigfile.html' target='_blank'>RIAo Glossary: Places (Arasidku)</a>"
2024-02-01-(19-01-46),new,1170,Ammaru,Ammaru,–,–,–,"URU.am-ma-ru, 𒌷𒄠𒈠𒊒",fortified city,"Māzamua, Zamru, Iraq",–,"Bagg RGTC 7 3/1: 38, Parpola Toponyms: 16, <a href='http://oracc.museum.upenn.edu/riao/cbd/qpn-x-places/onebigfile.html' target='_blank'>RIAo Glossary: Places (Ammaru)</a>"
2024-02-01-(19-10-33),new,1171,Iritu,Iritu,–,–,–,"URU.i-ri-tu, 𒌷𒄿𒊑𒌅",fortified city,"Māzamua, Zamru, Iraq",–,"Bagg RGTC 7 3/1: 297, Parpola Toponyms: 175, <a href='http://oracc.museum.upenn.edu/riao/cbd/qpn-x-places/onebigfile.html' target='_blank'>RIAo Glossary: Places (Iritu)</a>"
2024-02-01-(19-39-38),new,1172,Parsindu,"Parsindu, Parsindi, Parazan, Pārazān, Bārazān, Paṟezan, Parrazan, بارزان, پارزان",–,35.63117,45.73058,"URU.pa-ar-si-in-di, 𒌷𒉺𒅈𒋛𒅔𒁲, URU.pa-ar-si-in-du, 𒌷𒉺𒅈𒋛𒅔𒁺, URU.pár-sin-di, 𒌷𒁇𒌍𒁲, URU.pár-sin-du, 𒌷𒁇𒌍𒁺",fortified city,"Māzamua, Zamru, Iraq",–,"Bagg RGTC 7 3/2: 451–452, Parpola Toponyms: 274, <a href='https://www.geonames.org/92797/parazan.html' target='_blank'>Geonames: Pārazān</a>, <a href='http://oracc.museum.upenn.edu/riao/cbd/qpn-x-places/onebigfile.html' target='_blank'>RIAo Glossary: Places (Parsindu)</a>"
2024-02-01-(19-49-40),new,1173,Suritu,Suritu,–,–,–,"URU.su-ri-tu, 𒌷𒋢𒊑𒌅",fortified city,"Māzamua, Zamru, Iraq",–,"Bagg RGTC 7 3/2: 531, Parpola Toponyms: 319, <a href='http://oracc.museum.upenn.edu/riao/cbd/qpn-x-places/onebigfile.html' target='_blank'>RIAo Glossary: Places (Suritu)</a>"
2024-02-05-(20-04-21),new,1174,Parda,Parda,–,–,–,"URU.pa-ar-da, 𒌷𒉺𒅈𒁕","city, capital","Mannāja, Zikirtu, Iran",–,"Bagg RGTC 7 3/2: 449, Parpola Toponyms: 273, <a href='http://oracc.museum.upenn.edu/riao/cbd/qpn-x-places/onebigfile.html' target='_blank'>RIAo Glossary: Places (Parda)</a>, <a href='http://oracc.museum.upenn.edu/rinap/cbd/qpn-x-places/onebigfile.html' target='_blank'>RINAP Glossary: Places (Parda)</a>"
2024-02-05-(20-16-43),new,1175,Paššate,"Paššate, Paššatu",–,–,–,"KUR.pa-áš-šá-te, 𒆳𒉺𒀾𒃻𒋼","district, city (?)","Mannāja, Zikirtu (?), Iran",–,"Bagg RGTC 7 3/2: 457, Parpola Toponyms: 275 (Paššatu), <a href='https://www.ucl.ac.uk/sargon/peoplegodsplaces' target='_blank'>Assyrian empire builders: Paššate</a>, <a href='http://oracc.museum.upenn.edu/atae/cbd/qpn-x-places/onebigfile.html' target='_blank'>ATAE Glossary: Places (Paššate)</a>, <a href='http://oracc.museum.upenn.edu/saao/cbd/qpn-x-places/onebigfile.html' target='_blank'>SAAo Glossary: Places (Paššate)</a>"
2024-02-06-(13-53-50),new,1176,Barunakka,Barunakka,–,–,–,"URU.ba-ru-nak-ka, 𒌷𒁀𒊒𒅘𒅗","city, fortified city","Mannāja, Zikirtu, Aukanê, Iran",–,"Bagg RGTC 7 3/1: 101, Parpola Toponyms: 70, <a href='http://oracc.museum.upenn.edu/riao/cbd/qpn-x-places/onebigfile.html' target='_blank'>RIAo Glossary: Places (Barunakka)</a>, <a href='http://oracc.museum.upenn.edu/rinap/cbd/qpn-x-places/onebigfile.html' target='_blank'>RINAP Glossary: Places (Barunakka)</a>"
2024-02-06-(14-02-50),new,1177,Gimdakrikka,Gimdakrikka,–,–,–,"URU.gim-da-ak-rik-ka, 𒌷𒁶𒁕𒀝𒋆𒅗","city, fortified city","Mannāja, Zikirtu, Aukanê, Iran",–,"Bagg RGTC 7 3/1: 229, Parpola Toponyms: 132, <a href='http://oracc.museum.upenn.edu/riao/cbd/qpn-x-places/onebigfile.html' target='_blank'>RIAo Glossary: Places (Gimdakrikka)</a>, <a href='http://oracc.museum.upenn.edu/rinap/cbd/qpn-x-places/onebigfile.html' target='_blank'>RINAP Glossary: Places (Gimdakrikka)</a>"
2024-02-06-(14-11-15),new,1178,Gurrusupa,Gurrusupa,–,–,–,"URU.gur-ru-su-pa, 𒌷𒄥𒊒𒋢𒉺","city, fortified city","Mannāja, Zikirtu, Aukanê, Iran",–,"Bagg RGTC 7 3/1: 238, Parpola Toponyms: 137, <a href='http://oracc.museum.upenn.edu/riao/cbd/qpn-x-places/onebigfile.html' target='_blank'>RIAo Glossary: Places (Gurrusupa)</a>, <a href='http://oracc.museum.upenn.edu/rinap/cbd/qpn-x-places/onebigfile.html' target='_blank'>RINAP Glossary: Places (Gurrusupa)</a>"
2024-02-06-(14-34-18),new,1179,Ištaʾippa,"Ištaʾippa, Ištaippa, Ištaḫup (?)",–,–,–,"URU.iš-ta-ip-pa, 𒌷𒅖𒋫𒅁𒉺","city, fortified city","Mannāja, Zikirtu, Aukanê, Iran",–,"Bagg RGTC 7 3/1: 302, Parpola Toponyms: 178 (Ištaḫup), Parpola Toponyms: 179 (Ištaippa), <a href='http://oracc.museum.upenn.edu/riao/cbd/qpn-x-places/onebigfile.html' target='_blank'>RIAo Glossary: Places (Ištaʾippa)</a>, <a href='http://oracc.museum.upenn.edu/rinap/cbd/qpn-x-places/onebigfile.html' target='_blank'>RINAP Glossary: Places (Ištaʾippa)</a>"
2024-02-06-(14-52-02),new,1180,Ištaḫup,"Ištaḫup, Ištahup",–,–,–,"URU.iš-ta-ḫup, 𒌷𒅖𒋫𒄽",city,"Urarṭu (?), Mannāja (?), Iran",–,"Bagg RGTC 7 3/1: 302, Parpola Toponyms: 178, <a href='https://www.ucl.ac.uk/sargon/peoplegodsplaces' target='_blank'>Assyrian empire builders: Ištahup</a>, <a href='http://oracc.museum.upenn.edu/atae/cbd/qpn-x-places/onebigfile.html' target='_blank'>ATAE Glossary: Places (Ištahup)</a>, <a href='http://oracc.museum.upenn.edu/saao/cbd/qpn-x-places/onebigfile.html' target='_blank'>SAAo Glossary: Places (Ištahup)</a>"
2024-02-06-(15-12-47),new,1181,Išteʾuppu,"Išteʾuppu, Išteubbu",–,–,–,"URU.iš-te-up-pu, 𒌷𒅖𒋼𒌒𒁍","city, country","Mādāja, Iran",–,"Bagg RGTC 7 3/1: 303, Parpola Toponyms: 178 (Ištaḫup), Parpola Toponyms: 179 (Išteubbu), <a href='http://oracc.museum.upenn.edu/riao/cbd/qpn-x-places/onebigfile.html' target='_blank'>RIAo Glossary: Places (Išteʾuppu)</a>, <a href='http://oracc.museum.upenn.edu/rinap/cbd/qpn-x-places/onebigfile.html' target='_blank'>RINAP Glossary: Places (Išteʾuppu)</a>"
2024-02-06-(15-23-17),new,1182,Kābani,"Kābani, Kâbani, Kabani",–,–,–,"URU.ka-a-ba-ni, 𒌷𒅗𒀀𒁀𒉌","city, fortified city","Mannāja, Zikirtu, Aukanê, Iran",–,"Bagg RGTC 7 3/1: 311, Parpola Toponyms: 187, <a href='http://oracc.museum.upenn.edu/riao/cbd/qpn-x-places/onebigfile.html' target='_blank'>RIAo Glossary: Places (Kabani)</a>, <a href='http://oracc.museum.upenn.edu/rinap/cbd/qpn-x-places/onebigfile.html' target='_blank'>RINAP Glossary: Places (Kabani)</a>"
2024-02-06-(15-34-45),new,1183,Nanzu,Nanzu,–,–,–,"URU.na-an-zu, 𒌷𒈾𒀭𒍪","city, fortified city","Mannāja, Zikirtu, Aukanê, Iran",–,"Bagg RGTC 7 3/1: 426, Parpola Toponyms: 258, <a href='http://oracc.museum.upenn.edu/riao/cbd/qpn-x-places/onebigfile.html' target='_blank'>RIAo Glossary: Places (Nanzu)</a>, <a href='http://oracc.museum.upenn.edu/rinap/cbd/qpn-x-places/onebigfile.html' target='_blank'>RINAP Glossary: Places (Nanzu)</a>"
2024-02-06-(15-43-34),new,1184,Raksi,Raksi,–,–,–,"URU.ra-ak-si, 𒌷𒊏𒀝𒋛","city, fortified city","Mannāja, Zikirtu, Aukanê, Iran",–,"Bagg RGTC 7 3/2: 480, Parpola Toponyms: 291, <a href='http://oracc.museum.upenn.edu/riao/cbd/qpn-x-places/onebigfile.html' target='_blank'>RIAo Glossary: Places (Raksi)</a>, <a href='http://oracc.museum.upenn.edu/rinap/cbd/qpn-x-places/onebigfile.html' target='_blank'>RINAP Glossary: Places (Raksi)</a>"
2024-02-06-(15-55-44),new,1185,Saktatuš,"Saktatuš, Saktatush",–,–,–,"URU.sak-ta-tu-uš, 𒌷𒊕𒋫𒌅𒍑","city, fortified city","Mannāja, Zikirtu, Aukanê, Iran",–,"Bagg RGTC 7 3/2: 498, Parpola Toponyms: 299, <a href='http://oracc.museum.upenn.edu/riao/cbd/qpn-x-places/onebigfile.html' target='_blank'>RIAo Glossary: Places (Saktatuš)</a>, <a href='http://oracc.museum.upenn.edu/rinap/cbd/qpn-x-places/onebigfile.html' target='_blank'>RINAP Glossary: Places (Saktatuš)</a>"
2024-02-06-(16-04-54),new,1186,Sitera,Sitera,–,–,–,"URU.si-te-ra, 𒌷𒋛𒋼𒊏","city, fortified city","Mannāja, Zikirtu, Aukanê, Iran",–,"Bagg RGTC 7 3/2: 521–522, Parpola Toponyms: 313, <a href='http://oracc.museum.upenn.edu/riao/cbd/qpn-x-places/onebigfile.html' target='_blank'>RIAo Glossary: Places (Sitera)</a>, <a href='http://oracc.museum.upenn.edu/rinap/cbd/qpn-x-places/onebigfile.html' target='_blank'>RINAP Glossary: Places (Sitera)</a>"
2024-02-06-(16-12-40),new,1187,Taštami,Taštami,–,–,–,"URU.ta-áš-ta-mi, 𒌷𒋫𒀾𒋫𒈪","city, fortified city","Mannāja, Zikirtu, Aukanê, Iran",–,"Bagg RGTC 7 3/2: 559, Parpola Toponyms: 349, <a href='http://oracc.museum.upenn.edu/riao/cbd/qpn-x-places/onebigfile.html' target='_blank'>RIAo Glossary: Places (Taštami)</a>, <a href='http://oracc.museum.upenn.edu/rinap/cbd/qpn-x-places/onebigfile.html' target='_blank'>RINAP Glossary: Places (Taštami)</a>"
2024-02-06-(16-19-18),new,1188,Tesammia,Tesammia,–,–,–,"URU.te-sa-am-mi-a, 𒌷𒋼𒊓𒄠𒈪𒀀","city, fortified city","Mannāja, Zikirtu, Aukanê, Iran",–,"Bagg RGTC 7 3/2: 561, Parpola Toponyms: 351, <a href='http://oracc.museum.upenn.edu/riao/cbd/qpn-x-places/onebigfile.html' target='_blank'>RIAo Glossary: Places (Tesammia)</a>, <a href='http://oracc.museum.upenn.edu/rinap/cbd/qpn-x-places/onebigfile.html' target='_blank'>RINAP Glossary: Places (Tesammia)</a>"
2024-02-13-(20-40-10),new,1189,Turtani,"Turtani, Turtānu, Turtanu",–,–,–,"KUR.tu-ur-ta-ni, 𒆳𒌅𒌨𒋫𒉌",mountain,"Māzamua, Iraq",–,"Bagg RGTC 7 3/2: 573, Parpola Toponyms: 360 (Turtānu), <a href='http://oracc.museum.upenn.edu/riao/cbd/qpn-x-places/onebigfile.html' target='_blank'>RIAo Glossary: Places (Turtani [MOUNT TURTANI])</a>, <a href='http://oracc.museum.upenn.edu/rinap/cbd/qpn-x-places/onebigfile.html' target='_blank'>RINAP Glossary: Places (Turtani [MOUNT TURTANI])</a>"
2024-02-15-(14-47-16),new,1190,Elaniu,"Elaniu, Jabal Kūnah Gūrig, جبل كونة گورگ, Jabal Kūnākūrik, جبل كوناكورك, Kēw-ē Kunagurg",–,35.73075,45.91057,"KUR.e-la-ni-ú, 𒆳𒂊𒆷𒉌𒌑",mountain,"Māzamua, Iraq",–,"Bagg RGTC 7 3/1: 211–212, Parpola Toponyms: 123, Speiser (1926–1927): Southern Kurdistan in the Annals of Ashurnasirpal and Today. AASOR 8: 27 and map, <a href='https://www.geonames.org/445994/jabal-kunah-gurig.html' target='_blank'>Geonames: Jabal Kūnah Gūrig</a>, <a href='http://oracc.museum.upenn.edu/riao/cbd/qpn-x-places/onebigfile.html' target='_blank'>RIAo Glossary: Places (Elaniu)</a>"
2024-02-15-(16-03-16),new,1191,Ediru,"Ediru, Edir, Rūdkhāneh-ye Qezeljeh Sū, رودخانه قزلجه سو, Nahr Qizljah Şū, نهر قزلجة صو, Chemî Qzłce, Čam-e Qizilja, Cham-i Qiz‘ua, Āv-e Sīval (?), Nahr Sīwayl (?), Āv-i-Sīwail (?), نهر سيويل, Cham Siwayl (?), چم سويل, Ṟûbarî Sîweyl (?), ڕووبارى سيوەيل, Āveh-ye Šalīr (?), Āveh-ye Shalīr (?), Āw-ē Shiler (?), آوه شلیر, Wādī Shilayr (?), وادي شلير, Ṟubarî Shlêr (?), Nahr Shalar (?), Nahr Shilayr (?)",–,–,–,"ÍD.e-di-ir, 𒀀𒇉𒂊𒁲𒅕, ÍD.e-di-ru, 𒀀𒇉𒂊𒁲𒊒",river,"Māzamua, Iraq, Iran",–,"Bagg RGTC 7 3/2: 749, Parpola Toponyms: 116 (Edir), Speiser (1926–1927): Southern Kurdistan in the Annals of Ashurnasirpal and Today. AASOR 8: 27 and map, <a href='https://www.geonames.org/3060/rudkhaneh-ye-qezeljeh-su.html' target='_blank'>Geonames: Rūdkhāneh-ye Qezeljeh Sū</a>, <a href='https://www.geonames.org/92203/cham-i-qiz-ua.html' target='_blank'>Geonames: Cham-i Qiz‘ua</a>, <a href='https://www.geonames.org/90654/nahr-siwayl.html' target='_blank'>Geonames: Nahr Sīwayl</a>, <a href='https://www.geonames.org/91137/aveh-ye-shalir.html' target='_blank'>Geonames: Āveh-ye Shalīr</a>, <a href='http://oracc.museum.upenn.edu/riao/cbd/qpn-x-waters/onebigfile.html' target='_blank'>RIAo Glossary: Waters (Edir)</a>"
2024-02-15-(16-41-10),new,1192,Sarun,Sarun,–,–,–,"URU.sa-ru-un, 𒌷𒊓𒊒𒌦",town,"Assyria, Iraq (?)",–,"Bagg RGTC 7 2/2: 525–526, Parpola Toponyms: 306, <a href='http://oracc.museum.upenn.edu/atae/cbd/qpn-x-places/onebigfile.html' target='_blank'>ATAE Glossary: Places (Sarun)</a>, <a href='http://oracc.museum.upenn.edu/saao/cbd/qpn-x-places/onebigfile.html' target='_blank'>SAAo Glossary: Places (Sarun)</a>"
2024-02-15-(16-51-43),new,1193,Birdunu,Birdunu,–,–,–,"URU.bir-du-nu, 𒌷𒄵𒁺𒉡",town,"Assyria (?), Iraq (?)",–,"Bagg RGTC 7 2/1: 104, Parpola Toponyms: 74, <a href='http://oracc.museum.upenn.edu/atae/cbd/qpn-x-places/onebigfile.html' target='_blank'>ATAE Glossary: Places (Birdunu)</a>, <a href='http://oracc.museum.upenn.edu/saao/cbd/qpn-x-places/onebigfile.html' target='_blank'>SAAo Glossary: Places (Birdunu)</a>"
2024-02-15-(18-44-43),new,1194,Etini,"Etini, Etinu, Daru Dagh, Duru Dāġ, Dārū",–,35.81667,45.56667,"KUR.e-ti-ni, 𒆳𒂊𒋾𒉌, KUR.e-ti-na-a-a, 𒆳𒂊𒋾𒈾𒀀𒀀, KUR.e-ti-ni-a-a, 𒆳𒂊𒋾𒉌𒀀𒀀","mountain (?), mountains (?), country","Nimme, Māzamua, Iraq",–,"Bagg RGTC 7 3/1: 218–219, Parpola Toponyms: 126–127, Levine (1973): <i>Geographical Studies in the Neo-Assyrian Zagros I</i>. Iran 11: 11 (Daru Dagh), Speiser (1926–1927): <i>Southern Kurdistan in the Annals of Ashurnasirpal and Today</i>. AASOR 8: 27 and map, <a href='https://www.geonames.org/97137/daru.html' target='_blank'>Geonames: Dārū</a>, <a href='https://www.ucl.ac.uk/sargon/peoplegodsplaces' target='_blank'>Assyrian empire builders: Etini</a>, <a href='http://oracc.museum.upenn.edu/saao/cbd/qpn-x-ethnic/onebigfile.html' target='_blank'>SAAo Glossary: Ethnic (Etinaya [ETINEAN])</a>, <a href='http://oracc.museum.upenn.edu/atae/cbd/qpn-x-ethnic/onebigfile.html' target='_blank'>ATAE Glossary: Ethnic (Etinaya [OF ETINI]</a>, <a href='http://oracc.museum.upenn.edu/riao/cbd/qpn-x-ethnic/onebigfile.html' target='_blank'>RIAo Glossary: Ethnic (Etinayu [OF ETINI])</a>, <a href='http://oracc.museum.upenn.edu/rinap/cbd/qpn-x-ethnic/onebigfile.html' target='_blank'>RINAP Glossary: Ethnic (Etinayu [OF ETINI])</a>, <a href='http://oracc.museum.upenn.edu/saao/cbd/qpn-x-ethnic/onebigfile.html' target='_blank'>SAAo Glossary: Ethnic (Etiniaya)</a>, <a href='http://oracc.museum.upenn.edu/riao/cbd/qpn-x-places/onebigfile.html' target='_blank'>RIAo Glossary: Places (Etinu)</a>"
2024-02-15-(21-19-37),new,1195,Tummu,"Tummu, Tumme",–,–,–,"KUR.tu-um-mi, 𒆳𒌅𒌝𒈪, KUR.tum₄-me, 𒆳𒉏𒈨",territory,Naʾiri,–,"Bagg RGTC 7 3/2: 570 (Tumme 1), Parpola Toponyms: 359, <a href='http://oracc.museum.upenn.edu/riao/cbd/qpn-x-places/onebigfile.html' target='_blank'>RIAo Glossary: Places (Tummu)</a>"
2024-02-15-(22-28-42),new,1196,Aruni,"Aruni, Arunu, Arun, Kūh-e Kutur (?), Kird Kunī Kūtir (?), كرد كني كوتر, Kūh-e Reš (?), Gird-a Rash (?), Shax-î Girde Ṟesh (?), شاخى گردە ڕەش, Kirda Rashī (?), كرد رشي, Kirdash (?), كردش",–,–,–,"KUR.a-ru-ni, 𒆳𒀀𒊒𒉌",mountain,"Nimme, Iraq",–,"Bagg RGTC 7 3/1: 69, Parpola Toponyms: 37 (Arun), <a href='https://www.geonames.org/417208/gird-a-rash.html' target='_blank'>Geonames: Gird-a Rash</a>, <a href='https://www.geonames.org/7425916/kird-kuni-kutir.html' target='_blank'>Geonames: Kird Kunī Kūtir</a>, <a href='https://www.geonames.org/7426281/kirda-rashi.html' target='_blank'>Geonames: Kirda Rashī</a>, <a href='http://oracc.museum.upenn.edu/riao/cbd/qpn-x-places/onebigfile.html' target='_blank'>RIAo Glossary: Places (Arunu)</a>"
2024-02-15-(23-02-59),new,1197,Urina,"Urina, Urinu, Urini, Kūh-e Kutur (?), Kird Kunī Kūtir (?), كرد كني كوتر, Kūh-e Reš (?), Gird-a Rash (?), Shax-î Girde Ṟesh (?), شاخى گردە ڕەش, Kirda Rashī (?), كرد رشي, Kirdash (?), كردش, Shax-î Kune Kotir (?), شاخى كونە كۆتر, Jabal Kūnah Kawtir (?), جبل كونه كوتر, Kona Koter (?), Kūnah Kutar (?), Kūnah Kūtir (?)",–,–,–,"KUR.ú-ri-ni, 𒆳𒌑𒊑𒉌",mountain,"Nimme, Iraq",–,"Bagg RGTC 7 3/2: 605–606, Bagg RGTC 7 3/1: 69 (Aruni), Parpola Toponyms: 374 (Urini), <a href='https://www.geonames.org/417208/gird-a-rash.html' target='_blank'>Geonames: Gird-a Rash</a>, <a href='https://www.geonames.org/7425916/kird-kuni-kutir.html' target='_blank'>Geonames: Kird Kunī Kūtir</a>, <a href='https://www.geonames.org/7426281/kirda-rashi.html' target='_blank'>Geonames: Kirda Rashī</a>, <a href='https://www.geonames.org/94233/shax-i-kune-kotir.html' target='_blank'>Geonames: Shax-î Kune Kotir</a>, <a href='http://oracc.museum.upenn.edu/riao/cbd/qpn-x-places/onebigfile.html' target='_blank'>RIAo Glossary: Places (Urinu)</a>"
2024-02-22-(15-18-01),new,1198,pokus,pokus,–,–,–,pokus,"river, mountain, city",pokus,–,pokus
2024-02-22-(17-58-54),new,1198,Arubê,"Arubê, Arube",–,–,–,"URU.a-ru-be-e, 𒌷𒀀𒊒𒁁𒂊, URU.a-ru-bé-e, 𒌷𒀀𒊒𒁉𒂊",town,"Nimme, Iraq",–,"Bagg RGTC 7 3/1: 69, Parpola Toponyms: 34, <a href='http://oracc.museum.upenn.edu/riao/cbd/qpn-x-places/onebigfile.html' target='_blank'>RIAo Glossary: Places (Arube)</a>"
2024-02-22-(18-12-30),new,1199,Arura,Arura,–,–,–,"URU.a-ru-ra, 𒌷𒀀𒊒𒊏 ",town,"Nimme, Iraq",–,"Bagg RGTC 7 3/1: 69–70, Parpola Toponyms: 37, <a href='http://oracc.museum.upenn.edu/riao/cbd/qpn-x-places/onebigfile.html' target='_blank'>RIAo Glossary: Places (Arura)</a>"
2024-02-22-(20-12-29),new,1200,Surra,"Surra, Sarrah (?), Sarah (?), Sare (?), Sarrah (?), سارە, Surra (?), سرة",–,36.38864,44.77096,"URU.su-ur-ra, 𒌷𒋢𒌨𒊏",town,"Nimme, Iraq",–,"Bagg RGTC 7 3/2: 531–532, Parpola Toponyms: 319, <a href='https://www.geonames.org/447365/sarrah.html' target='_blank'>Geonames: Sarrah</a>, <a href='http://oracc.museum.upenn.edu/riao/cbd/qpn-x-places/onebigfile.html' target='_blank'>RIAo Glossary: Places (Surra)</a>"
2024-04-03-(20-37-09),new,1201,Kinneret,"Kinneret, Kinnereth, Kinrot, Kinnerot, Chinnereth, Chinnereth, כִנָּֽרֶת, Tel Kinrot, Tel Kinnerot, תל כנרות, Tell el-ʽOrēme, Tell el-'Oreimeh",–,32.86931566059242,35.53972345407124,"כנרת, כִנָּֽרֶת",city,Israel,–,"<a href='https://zenodo.org/record/6384045' target='_blank'>Pedersén ANE: (Tel Kinnerot / Tell el-'Oreimeh)</a>, <a href='https://www.geonames.org/8140293/tel-kinrot.html' target='_blank'>Geonames: Tel Kinrot</a>, <a href='https://kinneret-excavations.org/tel-kinrot' target='_blank'>Kinneret Regional Project: Tel Kinrot</a>"
2024-05-07-(15-59-51),new,1202,Šaragītu,"Šaragītu, Šarragitu",–,–,–,"URU.šá-ra-gi-ti, 𒌷𒃻𒊏𒄀𒋾",city,"Babylonia, Bīt-Iakīn, Iraq",–,"Bagg RGTC 7 3/2: 507–508 (Sarragītu), Parpola Toponyms: 306 (Sarragitu), <a href='http://oracc.museum.upenn.edu/saao/knpp/peoplegodsplaces/index.html' target='_blank'>Knowledge and Power: Šarragitu</a>, <a href='http://oracc.museum.upenn.edu/atae/cbd/qpn-x-places/onebigfile.html' target='_blank'>ATAE Glossary: Places (Šarragitu)</a>, <a href='http://oracc.museum.upenn.edu/saao/cbd/qpn-x-places/onebigfile.html' target='_blank'>SAAo Glossary: Places (Šarragitu)</a>"
2024-05-07-(16-14-05),new,1203,Sargite,Sargite,–,–,–,"URU.sar-gi-te, 𒌷𒊬𒄀𒋼",city,"Babylonia (?), Iraq (?)",–,"Bagg RGTC 7 3/2: 505, <a href='http://oracc.museum.upenn.edu/atae/cbd/qpn-x-places/onebigfile.html' target='_blank'>ATAE Glossary: Places (Sargite)</a>"
2024-09-17-(17-58-30),new,852,Saʾarru,"Saʾarru, Saʾarri, Šēru, Seir, śēʿîr, שֵׂעִיר, Saeira, Šaʿāra, Sha‘ārah, Sha`arah, Shaara, Châara, Chaara, شعارة",1,33.1095863663956,36.345868087335,"URU.sa-ʾa-ar-ri, 𒌷𒊓𒀪𒅈𒊑, שֵׂעִיר","town, territory",Syria,8 B3,"Bagg RGTC 7 1: 205 (Saʾarri), Helsinki Atlas: 16 (map 8 B3), Parpola Toponyms: 297 (Saʾarri), <a href='https://zenodo.org/record/6384045' target='_blank'>Pedersén ANE: (Shaaara)</a>, <a href='https://www.geonames.org/164659/sha-arah.html' target='_blank'>Geonames: Sha‘ārah</a>, <a href='http://oracc.museum.upenn.edu/saao/cbd/qpn-x-places/onebigfile.html' target='_blank'>SAAo Glossary: Places (Saʾarri [1])</a>, <a href='http://oracc.museum.upenn.edu/atae/cbd/qpn-x-places/onebigfile.html' target='_blank'>ATAE Glossary: Places (Saʾarri [1])</a>, <a href='http://oracc.museum.upenn.edu/rinap/cbd/qpn-x-places/onebigfile.html' target='_blank'>RINAP Glossary: Places (Saʾarri [Seir])</a>, <a href='http://oracc.museum.upenn.edu/riao/cbd/qpn-x-places/onebigfile.html' target='_blank'>RIAo Glossary: Places (Saʾarri [Seir])</a>"
2024-11-27-(15-51-31),new,1205,Mahanaim,"Mahanaim, Maḥanayīm, Maḫanaim, Tall adh-Dhahab al-Gharbi, Tall adh Dhahab al Gharbī, Tall adh Dhahab al Gharbi, Tell edh Dhahab el Gharbī, Tell edh Dhahab el Gharbi, تل الذهب الغربي, Dhahab el Gharbiyeh",–,32.18575,35.68667,מַּחֲנַיִם,"city, fortress","Bīt-Ḫumrî, Jordan",–,"</a>Finkelstein – Ornan (2024): <i>An Israelite Residency at Mahanaim in Transjordan?</i> Tel Aviv 51. <a href='https://doi.org/10.1080/03344355.2024.2385148' target='_blank'>https://doi.org/10.1080/03344355.2024.2385148</a>, <a href='https://www.geonames.org/249673/tall-adh-dhahab-al-gharbi.html' target='_blank'>Geonames: Tall adh Dhahab al Gharbī</a>, <a href='https://daahl.ucsd.edu/DAAHL/EsriPiPDigitizer.php' target='_blank'>DAAHL: Dhahab el Gharbiyeh</a>"
2024-11-27-(16-08-31),new,1206,Penuel,"Penuel, Penūel, Tall adh-Dhahab ash-Sharqi, Tall adh Dhahab ash Sharqī, Tall adh Dhahab ash Sharqi, Tell edh Dhahab esh Sharqī, Tell edh Dhahab esh Sharqi, تل الذهب الشرقي, Dhahab el Sharqiyeh",–,32.1856,35.6926,פְּנוּאֵל,"capital, city","Bīt-Ḫumrî, Jordan",–,"Finkelstein – Ornan (2024): <i>An Israelite Residency at Mahanaim in Transjordan?</i> Tel Aviv 51. <a href='https://doi.org/10.1080/03344355.2024.2385148' target='_blank'>https://doi.org/10.1080/03344355.2024.2385148</a>, <a href='https://daahl.ucsd.edu/DAAHL/EsriPiPDigitizer.php' target='_blank'>DAAHL: Dhahab el Sharqiyeh</a>, <a href='https://www.geonames.org/249672/tall-adh-dhahab-ash-sharqi.html' target='_blank'>Geonames: Tall adh Dhahab ash Sharqī</a>"
2024-11-27-(16-09-15),new,1207,Penuel,"Penuel, Penūel, Tall adh-Dhahab ash-Sharqi, Tall adh Dhahab ash Sharqī, Tall adh Dhahab ash Sharqi, Tell edh Dhahab esh Sharqī, Tell edh Dhahab esh Sharqi, تل الذهب الشرقي, Dhahab el Sharqiyeh",–,32.1856,35.6926,פְּנוּאֵל,"capital, city","Bīt-Ḫumrî, Jordan",–,"Finkelstein – Ornan (2024): <i>An Israelite Residency at Mahanaim in Transjordan?</i> Tel Aviv 51. <a href='https://doi.org/10.1080/03344355.2024.2385148' target='_blank'>https://doi.org/10.1080/03344355.2024.2385148</a>, <a href='https://daahl.ucsd.edu/DAAHL/EsriPiPDigitizer.php' target='_blank'>DAAHL: Dhahab el Sharqiyeh</a>, <a href='https://www.geonames.org/249672/tall-adh-dhahab-ash-sharqi.html' target='_blank'>Geonames: Tall adh Dhahab ash Sharqī</a>"
2024-11-27-(19-13-44),new,1207,Eṣjōn-gever,"Eṣjōn-gever, Esjōn-geber, ʿEṣyōn Gevēr, ʿEṣyon Geber, ʿEṣyon Gever, Ezion Geber, Ezion-geber, Ezion-Geber, עֶצְיֹן גֶּבֶר, עֶצְיֹון גָּבֶר, Gasion Gabel (?), Tell al-Khulayfa, Tall al Khulayfah, Tell el-Kheleifeh, Tall al Khalifah, Tall al Khalīfah, Tell el-Chulefi, تل الخليفة, Gezîra Fara‘ûn (?), Jazīrat Fir‘awn (?), Jazirat Firawn (?), Geziret Fara'un (?), جزيرة فرعون, Pharaoh's island (?), Jazīrat al Qaryah (?), Geziret el Qreiya (?), جزيرة القرية, Coral island (?)",–,29.5472,34.9803,"עֶצְיֹן גֶּבֶר, עֶצְיֹון גָּבֶר","city, seaport, fortress","Udūmu, Iaʾūdu, Jordan, Egypt (?)",–,"1 Kings 9:26, 2 Chronicles 8:17, <a href='https://www.ancientportsantiques.com/the-catalogue/' target='_blank'>Ancient Ports: Ezion Geber?/Gasion Gabel? (Tell al-Khulayfa)</a>, <a href='https://zenodo.org/record/6384045' target='_blank'>Pedersén ANE: (Tell el-Kheleifeh)?</a>, <a href='https://daahl.ucsd.edu/DAAHL/EsriPiPDigitizer.php' target='_blank'>DAAHL: Tall al Khulayfah</a>, <a href='https://www.geonames.org/246603/tall-al-khulayfah.html' target='_blank'>Geonames: Tall al Khulayfah</a>, <a href=https://pleiades.stoa.org/places/746700>Pleiades: Aelana/Aila</a>, <a href='https://www.ancientportsantiques.com/the-catalogue/' target='_blank'>Ancient Ports: Ezion Geber?/Gasion Gabel? (Geziret Fara'un)</a>, <a href='https://www.geonames.org/356853/jazirat-al-qaryah.html' target='_blank'>Geonames: Jazīrat al Qaryah/Jazīrat Fira‘wn</a>"
2025-01-17-(13-10-13),new,1208,Niqqu-ša-Tuplijaš,"Niqqu-ša-Tuplijaš, Niqqu-ša-Tupliyaš, Niqqi-ša-Tupliyaš, Niqi-Tubliš, Niqqu of the land Tupliaš, Niqqu-ša-Tuglijaš, Niqqu of the land Tugliaš, Niqqu, Niqum, Nikku, Eslāmābād-e Ġarb (?), Eslāmābād-e Gharb (?), اسلام آباد غرب, Ḫāniqīn (?), Khānaqīn (?), Khāneqīn (?), Khaneqin (?), Kanaqin (?), خانەقين, خانقين, Mandalī (?), Mandali (?), مندلي",–,34.31316,46.17383,"ni-qi tu-ub-li-iš, 𒉌𒆥𒌅𒌒𒇷𒅖, KUR.ni-qi šá KUR.tup-li-áš, 𒆳𒉌𒆥𒃻𒆳𒁾𒇷𒀾, URU.ni-qi-tu-ub-li-iš, 𒌷𒉌𒆥𒌅𒌒𒇷𒅖, URU.ni-qu KUR.tup-li-ia-áš, 𒌷𒉌𒄣𒆳𒁾𒇷𒅀𒀾, URU.ni-qu šá KUR.tup-li-ia-áš, 𒌷𒉌𒄣𒃻𒆳𒁾𒇷𒅀𒀾, URU.niq-qu KUR.tup-li-ia-áš, 𒌷𒊩𒌨𒄣𒆳𒁾𒇷𒅀𒀾, URU.niq-qu ša KUR.tup-li-ia-áš, 𒌷𒊩𒌨𒄣𒊭𒆳𒁾𒇷𒅀𒀾, URU.niq-qu ša KUR.tup-li-áš, 𒌷𒊩𒌨𒄣𒊭𒆳𒁾𒇷𒀾, URU.ni-qu šá KUR.tup-li-áš, 𒌷𒉌𒄣𒃻𒆳𒁾𒇷𒀾, URU.níq-qu ša KUR.tug-li-ia-áš, 𒌷𒃻𒄣𒊭𒆳𒌇𒇷𒅀𒀾","capital, city","Namri, Tuplijaš, Iran, Iraq (?)",–,"Bagg RGTC 7 3/1: 437–438, Helsinki Atlas: 17 (map 11 B2; Tugliš/Tubliš), Parpola Toponyms: 268 (Niqqu), <a href='https://www.geonames.org/30996/eslamabad-e-gharb.html' target='_blank'>Eslāmābād-e Gharb</a>, <a href='https://www.geonames.org/94591/khanaqin.html' target='_blank'>Geonames: Khānaqīn</a>, <a href='https://www.geonames.org/93709/mandali.html' target='_blank'>Mandalī</a>, <a href='https://www.ucl.ac.uk/sargon/peoplegodsplaces' target='_blank'>Assyrian empire builders: Niqi-Tubliš</a>, <a href='http://oracc.museum.upenn.edu/saao/cbd/qpn-x-places/onebigfile.html' target='_blank'>SAAo Glossary: Places (Niqi-Tubliš [1])</a>, <a href='http://oracc.museum.upenn.edu/riao/cbd/qpn-x-places/onebigfile.html' target='_blank'>RIAo Glossary: Places (Niqqu ša Tupliyaš [1])</a>, <a href='http://oracc.museum.upenn.edu/rinap/cbd/qpn-x-places/onebigfile.html' target='_blank'>RINAP Glossary: Places (Niqqu ša Tupliyaš [1])</a>, <a href='http://oracc.museum.upenn.edu/atae/cbd/qpn-x-places/onebigfile.html' target='_blank'>ATAE Glossary: Places (Niqqu-ša-Tupliyaš [1])</a>, <a href='http://oracc.museum.upenn.edu/saao/cbd/qpn-x-places/onebigfile.html' target='_blank'>SAAo Glossary: Places (Niqqu-ša-Tupliyaš [1])</a>"
2025-01-22-(20-59-05),new,1209,Libê,Libê,–,–,"URU.li-bé-e, 𒌷𒇷𒁉𒂊",fortified city,"Nimme, Iraq",–,"Bagg RGTC 7 3/1: 372, Parpola Toponyms: 226, <a href='http://oracc.museum.upenn.edu/riao/cbd/qpn-x-places/onebigfile.html' target='_blank'>RIAo Glossary: Places (Libe)</a>",
2025-03-06-(12-44-14),new,1210,Āl-Adad,"Āl-Adad, Al-Adad",–,–,–,"URU-<sup>d</sup>IM, URU-<sup>d</sup>IŠKUR, 𒌷𒀭𒅎",town,"Assyria, Syria (?)",–,"Bagg RGTC 7 2/1: 14 (Āl-Adad 1), <a href='https://www.ucl.ac.uk/sargon/peoplegodsplaces' target='_blank'>Assyrian empire builders: Al Adad, Al-Adad</a>, <a href='http://oracc.museum.upenn.edu/atae/cbd/qpn-x-places/onebigfile.html' target='_blank'>ATAE Glossary: Places (Al-Adad [1])</a>, <a href='http://oracc.museum.upenn.edu/riao/cbd/qpn-x-places/onebigfile.html' target='_blank'>RIAo Glossary: Places (Al-Adad [1])</a>"
2025-03-26-(13-30-49),new,1211,Šiqāft-i Gulgul,"Šiqāft-i Gulgul, Šikhaft-i Gulgul, Shiqāft-i Gulgul, Šekaft-e Golgol, شقافت گل گل, شقافت گلگل",–,33.4675,46.4843,–,monument,"Ḫalēḫasta, Iran",–,"Bagg RGTC 7 2/1: 197 (under Ḫalēḫasta), Helsinki Atlas: 30 (map 11 B3), <a href='https://zenodo.org/record/5217600' target='_blank'>CIGS: Shiqāft-i Gulgul</a>, <a href='https://pleiades.stoa.org/places/537487875' target='_blank'>Pleiades: Shiqāft-i Gulgul</a>"
2025-04-03-(00-14-49),new,1212,Zurzukka,"Zurzukka, Durdukka, Dūrdukka",–,–,–,"URU.du-ur-du-uk-ka, 𒌷𒁺𒌨𒁺𒊌𒅗, URU.du-ur-duk-ka, 𒌷𒁺𒌨𒂁𒅗, URU.zu-ur-zu-uk-ka, 𒌷𒍪𒌨𒍪𒊌𒅗","city, fortified city","Mannāja, Missi (?), Iran",–,"Bagg RGTC 7 3/2: 626, Parpola Toponyms: 115 (Dūrdukka), Parpola Toponyms: 385, <a href='http://oracc.museum.upenn.edu/rinap/cbd/qpn-x-places/onebigfile.html' target='_blank'>RINAP Glossary: Places (Zurzukka [1])</a>, <a href='http://oracc.museum.upenn.edu/riao/cbd/qpn-x-places/onebigfile.html' target='_blank'>RIAo Glossary: Places (Zurzukka [1])</a>"
2025-04-08-(11-38-49),new,1213,Tall Ṣabī Abiyaḍ,"Tall Ṣabī Abiyaḍ, Tall Ṣabī Ābiyaḍ, Tall Ṣabīy Abyaḍ, Tell Sabi Abyad, تل صبي أبيض, Ṣabī Ābiyaḍ, Ṣabīj Abjaḍ, Ṣabī Abyaḍ, Sabi Abyad, صبي أبيض",1,36.50357120033527,39.09293450530719,–,"fortress, city","Ḫanigalbat, Syria",–,"Akkermans – Limpens – Spoor (1993): <i>On the frontier of Assyria: excavations at Tell Sabi Abyad 1991</i>. Akkadica 84–85: 1–52., <a href='https://www.universiteitleiden.nl/en/research/research-projects/archaeology/tell-sabi-abyad-syria' target='_blank'>Tell Sabi Abyad (Syria)</a>. Leiden University., <a href='https://zenodo.org/record/6384045' target='_blank'>Pedersén ANE: (Tell Sabi Abyad)</a>, <a href='https://www.openstreetmap.org/way/983100829' target='_blank'>OpenStreetMap: Tell Sabi Abyad</a>, <a href='https://books.openedition.org/cdf/4487' target='_blank'>MTT I/3: Tall Sabi Abyad (HIGEOMES Nr. 102)</a>, <a href='https://pleiades.stoa.org/places/413537086' target='_blank'>Pleiades: Tell Sabi Abyad</a>, <a href='https://zenodo.org/record/5217600' target='_blank'>CIGS: Tall Ṣabī Ābiyaḍ</a>, <a href='https://books.openedition.org/cdf/4487' target='_blank'>MTT I/3: Sabi Abyad III (HIGEOMES Nr. 1091)</a>, <a href='https://pleiades.stoa.org/places/293088343' target='_blank'>Pleiades: Tell Sabi Abyad</a>"
2025-04-08-(11-38-59),new,1212,Tall Ṣabī Abiyaḍ,"Tall Ṣabī Abiyaḍ, Tall Ṣabī Ābiyaḍ, Tall Ṣabīy Abyaḍ, Tell Sabi Abyad, تل صبي أبيض, Ṣabī Ābiyaḍ, Ṣabīj Abjaḍ, Ṣabī Abyaḍ, Sabi Abyad, صبي أبيض",1,36.50357120033527,39.09293450530719,–,"fortress, city","Ḫanigalbat, Syria",–,"Akkermans – Limpens – Spoor (1993): <i>On the frontier of Assyria: excavations at Tell Sabi Abyad 1991</i>. Akkadica 84–85: 1–52., <a href='https://www.universiteitleiden.nl/en/research/research-projects/archaeology/tell-sabi-abyad-syria' target='_blank'>Tell Sabi Abyad (Syria)</a>. Leiden University., <a href='https://zenodo.org/record/6384045' target='_blank'>Pedersén ANE: (Tell Sabi Abyad)</a>, <a href='https://www.openstreetmap.org/way/983100829' target='_blank'>OpenStreetMap: Tell Sabi Abyad</a>, <a href='https://books.openedition.org/cdf/4487' target='_blank'>MTT I/3: Tall Sabi Abyad (HIGEOMES Nr. 102)</a>, <a href='https://pleiades.stoa.org/places/413537086' target='_blank'>Pleiades: Tell Sabi Abyad</a>, <a href='https://zenodo.org/record/5217600' target='_blank'>CIGS: Tall Ṣabī Ābiyaḍ</a>, <a href='https://books.openedition.org/cdf/4487' target='_blank'>MTT I/3: Sabi Abyad III (HIGEOMES Nr. 1091)</a>, <a href='https://pleiades.stoa.org/places/293088343' target='_blank'>Pleiades: Tell Sabi Abyad</a>"
2025-04-09-(18-20-19),new,1214,Qurumat,Qurumat,–,–,–,"KUR.qu-ru-mat-a-a, 𒆳𒄣𒊒𒆳𒀀𒀀",town,"Ḫābūr region (?), Balīḫ basin (?), Syria, Turkey (?) ",–,"Bagg RGTC 7 2/2: 500 (*Qurumat), <a href='http://oracc.museum.upenn.edu/atae/cbd/qpn-x-ethnic/onebigfile.html' target='_blank'>ATAE Glossary: Ethnic Names (Qurumataya [1])</a>"
2025-04-09-(18-57-12),new,1215,Masʾa,"Masʾa, Mašʾa, Maśśāʾ, Massa, מַשָּׂא",–,–,–,"URU.ma-as-ʾa-a-a, 𒌷𒈠𒊍𒀪𒀀𒀀, LÚ.mas-ʾa-a-a, 𒇽𒈦𒀪𒀀𒀀, maš-ʾa-a-a, 𒈦𒀪𒀀𒀀, מַשָּׂא",Arabic tribe,"Arabian Peninsula, Saudi Arabia, Jordan (?), Palestine (?)",–,"Bagg RGTC 7 2/2: 394 (*Masʾa), Parpola Toponyms: 242, <a href='http://oracc.museum.upenn.edu/saao/knpp/peoplegodsplaces/index.html' target='_blank'>Knowledge and Power: Masʾa</a>, <a href='https://www.ucl.ac.uk/sargon/peoplegodsplaces' target='_blank'>Assyrian empire builders: Mašʾa</a>, <a href='http://oracc.museum.upenn.edu/saao/cbd/qpn-x-ethnic/onebigfile.html' target='_blank'>SAAo Glossary: Ethnic Names (Masʾa [1])</a>, <a href='http://oracc.museum.upenn.edu/atae/cbd/qpn-x-ethnic/onebigfile.html' target='_blank'>ATAE Glossary: Ethnic Names (Masʾa [1])</a>, <a href='http://oracc.museum.upenn.edu/rinap/cbd/qpn-x-ethnic/onebigfile.html' target='_blank'>RINAP Glossary: Ethnic Names (Masʾayu [of Masʾa])</a>, <a href='http://oracc.museum.upenn.edu/riao/cbd/qpn-x-ethnic/onebigfile.html' target='_blank'>RIAo Glossary: Ethnic Names (Masʾayu [of Masʾa])</a>"
2025-04-09-(19-14-46),new,1216,Ebirnê,"Ebirnê, Ebirne, Ebirni",–,–,–,"URU.e-bir-né-e, 𒌷𒂊𒄵𒉌𒂊",town,"Assyria (?), Babylonia (?), Iraq (?)",–,"Bagg RGTC 7 3/1: 200, Parpola Toponyms: 116 (Ebirni), <a href='http://oracc.museum.upenn.edu/atae/cbd/qpn-x-places/onebigfile.html' target='_blank'>ATAE Glossary: Places (Ebirne [1])</a>, <a href='http://oracc.museum.upenn.edu/saao/cbd/qpn-x-places/onebigfile.html' target='_blank'>SAAo Glossary: Places (Ebirne [1])</a>"
2025-04-09-(19-27-04),new,1217,Āl-Bēl-iqbi,"Āl-Bēl-iqbi, Al-Bel-iqbi",–,–,–,"URU.EN-iq-bi, 𒌷𒂗𒅅𒁉",town,"Assyria, Laḫīru, Iraq",–,"Bagg RGTC 7 2/1: 17 (Āl-Bēl-iqbi 1), Parpola Toponyms: 71–72 (Bēl-iqbi), <a href='http://oracc.museum.upenn.edu/saao/cbd/qpn-x-places/onebigfile.html' target='_blank'>SAAo Glossary: Places (Al-Bel-iqbi [1])</a>, <a href='http://oracc.museum.upenn.edu/atae/cbd/qpn-x-places/onebigfile.html' target='_blank'>ATAE Glossary: Places (Al-Bel-iqbi [1])</a>"
2025-04-09-(19-43-04),new,1218,Ālu-Bēl-iqbi,"Ālu-Bēl-iqbi, Alu-Bel-iqbi, Āl-Bēl-iqbi, Al-Bel-iqbi",–,–,–,"URU.EN-iq-bi, 𒌷𒂗𒅅𒁉, URU.<sup>m</sup>EN-iq-bi, 𒌷𒁹𒂗𒅅𒁉",town,"Assyria, Kalḫu province, Iraq",–,"Bagg RGTC 7 2/1: 17 (Āl-Bēl-iqbi 2), Parpola Toponyms: 71–72 (Bēl-iqbi), <a href='http://oracc.museum.upenn.edu/saao/cbd/qpn-x-places/onebigfile.html' target='_blank'>SAAo Glossary: Places (Al-Bel-iqbi [1])</a>, <a href='http://oracc.museum.upenn.edu/atae/cbd/qpn-x-places/onebigfile.html' target='_blank'>ATAE Glossary: Places (Al-Bel-iqbi [1])</a>"
2025-04-09-(21-20-29),new,1219,Kapar-Ṣil-Bēl,"Kapar-Ṣil-Bēl, Kapar-Ṣil-Bel, Kapar-Ṣilli-Bēl, Kapar-Ṣilli-Bel",–,–,–,"URU.ŠE-<sup>m</sup>ṣil-EN, 𒌷𒊺𒁹𒉣𒂗",village,"Assyria, Laḫīru, Iraq",–,"Bagg RGTC 7 2/1: 318 (Kapar-Ṣil-Bēl 1), <a href='http://oracc.museum.upenn.edu/saao/cbd/qpn-x-places/onebigfile.html' target='_blank'>SAAo Glossary: Places (Kapar-Ṣil-Bel [1])</a>, <a href='http://oracc.museum.upenn.edu/atae/cbd/qpn-x-places/onebigfile.html' target='_blank'>ATAE Glossary: Places (Kapar-Ṣil-Bel [1])</a>"
2025-04-09-(21-21-30),new,1220,Kapar-Ṣilli-Bēl,"Kapar-Ṣilli-Bēl, Kapar-Ṣilli-Bel, Kapar-Ṣil-Bēl, Kapar-Ṣil-Bel",–,–,–,"URU.kap-ri-<sup>m</sup>GIŠ.MI-<sup>d</sup>EN, URU.kap-ri-<sup>m</sup>GISSU-<sup>d</sup>EN, 𒌷𒆏𒊑𒁹𒄑𒈪𒀭𒂗",village,"Assyria, Naṣībina province, Syria, Turkey (?)",–,"Bagg RGTC 7 2/1: 318 (Kapar-Ṣil-Bēl 2), <a href='http://oracc.museum.upenn.edu/atae/cbd/qpn-x-places/onebigfile.html' target='_blank'>ATAE Glossary: Places (Kapar-Ṣilli-Bel [2])</a>, <a href='http://oracc.museum.upenn.edu/saao/cbd/qpn-x-places/onebigfile.html' target='_blank'>SAAo Glossary: Places (Kapar-Ṣilli-Bel [2])</a>"
2025-04-09-(21-40-34),new,1221,Suena,Suena,–,–,–,"URU.su-e-na, 𒌷𒋢𒂊𒈾",town,"Assyria, Naṣībina province, Syria (?), Turkey (?)",–,"Bagg RGTC 7 2/2: 539 (Suena (?)), Parpola Toponyms: 315, <a href='http://oracc.museum.upenn.edu/saao/cbd/qpn-x-places/onebigfile.html' target='_blank'>SAAo Glossary: Places (Suena [1])</a>, <a href='http://oracc.museum.upenn.edu/atae/cbd/qpn-x-places/onebigfile.html' target='_blank'>ATAE Glossary: Places (Suena [1])</a>"
2025-04-09-(22-07-49),new,1222,Zinbanu,"Zinbanu, Zinnabat ",–,–,–,"URU.zi-in-ba-nu, 𒌷𒍣𒅔𒁀𒉡 ",town,"Assyria, Siʾimmê province, Iraq",–,"Bagg RGTC 7 2/2: 646, Parpola Toponyms: 384 (Zinnabat), <a href='http://oracc.museum.upenn.edu/saao/cbd/qpn-x-places/onebigfile.html' target='_blank'>SAAo Glossary: Places (Zinbanu [1])</a>, <a href='http://oracc.museum.upenn.edu/atae/cbd/qpn-x-places/onebigfile.html' target='_blank'>ATAE Glossary: Places (Zinbanu [1])</a>"
2025-04-09-(22-18-32),new,1223,Gulsunu,Gulsunu,–,–,–,"URU.gul-su-nu, 𒌷𒄢𒋢𒉡",town,"Assyria, Siʾimmê province, Iraq",–,"Bagg RGTC 7 2/1: 184–185, Parpola Toponyms: 136, <a href='http://oracc.museum.upenn.edu/saao/cbd/qpn-x-places/onebigfile.html' target='_blank'>SAAo Glossary: Places (Gulsunu [1])</a>, <a href='http://oracc.museum.upenn.edu/atae/cbd/qpn-x-places/onebigfile.html' target='_blank'>ATAE Glossary: Places (Gulsunu [1])</a>"
2025-04-10-(14-50-17),new,1224,Kapar-Baḫāja,"Kapar-Baḫāja, Kapar-Bahaja, Kapar-Baḫāia, Kapar-Bahaia, Kapar-Bahaya",–,–,–,"URU.ŠE-<sup>m</sup>ba-ḫa-a-a, 𒌷𒊺𒁹𒁀𒄩𒀀𒀀",village,"Assyria, Laḫīru, Iraq",–,"Bagg RGTC 7 2/1: 299, <a href='http://oracc.museum.upenn.edu/saao/cbd/qpn-x-places/onebigfile.html' target='_blank'>SAAo Glossary: Places (Kapar-Bahaya [1])</a>, <a href='http://oracc.museum.upenn.edu/atae/cbd/qpn-x-places/onebigfile.html' target='_blank'>ATAE Glossary: Places (Kapar-Bahaya [1])</a>"
2025-04-10-(15-51-39),new,1225,Kapar-sēgalli,"Kapar-sēgalli, Kapar-segalli, Village of the queen, Kapar-sēgalli-laḫīrāja, Laḫīrean village of the queen",–,–,–,"URU.ŠE-<sup>MÍ</sup>É.GAL, 𒌷𒊺𒊩𒂍𒃲, URU.ŠE-ša-<sup>MÍ</sup>É.GAL, 𒌷𒊺𒊭𒊩𒂍𒃲, URU.ŠE-<sup>MÍ</sup>É.GAL-URU.la-ḫi-ra-a-a, 𒌷𒊺𒊩𒂍𒃲𒌷𒆷𒄭𒊏𒀀𒀀",village,"Assyria, Laḫīru, Iraq",–,"Bagg RGTC 7 2/1: 316–317, <a href='http://oracc.museum.upenn.edu/atae/cbd/qpn-x-places/onebigfile.html' target='_blank'>ATAE Glossary: Places (Kapar-segalli [1])</a>, <a href='http://oracc.museum.upenn.edu/saao/cbd/qpn-x-places/onebigfile.html' target='_blank'>SAAo Glossary: Places (Kapar-segalli [1])</a>, <a href='http://oracc.museum.upenn.edu/saao/cbd/qpn-x-places/onebigfile.html' target='_blank'>SAAo Glossary: Places (Kapar-segalli [Village of the queen])</a>"
2025-04-10-(16-13-45),new,1226,Kapar-Tapḫa-ari,"Kapar-Tapḫa-ari, Kapar-Tapha-ari, Kapar-Tapḫāri, Kapar-Taphari, Kapar-Arrapḫa-atal",–,–,–,"URU.ŠE-<sup>m</sup>tap-ḫa-a-ri-x, 𒌷𒊺𒁹𒋰𒄩𒀀𒊑x",village,"Assyria, Laḫīru, Iraq",–,"Bagg RGTC 7 2/1: 320 (Kapar-Tapḫa-ari (?)), <a href='http://oracc.museum.upenn.edu/atae/cbd/qpn-x-places/onebigfile.html' target='_blank'>ATAE Glossary: Places (Kapar-Tapha-ari [1])</a>, <a href='http://oracc.museum.upenn.edu/saao/cbd/qpn-x-places/onebigfile.html' target='_blank'>SAAo Glossary: Places (Kapar-Tapha-ari [1])</a>"
2025-04-10-(16-50-11),new,1227,Dūr-Šarrukkāja,"Dūr-Šarrukkāja, Dūr-Šarrukkāju, Dur-Šarrukkayu",–,–,–,"URU.BÀD-MAN-GIN-a-a, 𒌷𒂦𒌋𒌋𒁺𒀀𒀀","village, town","Assyria, Laḫīru, Iraq",–,"Bagg RGTC 7 2/1: 160, <a href='http://oracc.museum.upenn.edu/saao/cbd/qpn-x-places/onebigfile.html' target='_blank'>SAAo Glossary: Places (Dur-Šarrukkaya [1] (SN))</a>, <a href='http://oracc.museum.upenn.edu/atae/cbd/qpn-x-places/onebigfile.html' target='_blank'>ATAE Glossary: Places (Dur-Šarrukkaya [1] (SN))</a>, <a href='http://oracc.museum.upenn.edu/saao/cbd/qpn-x-places/onebigfile.html' target='_blank'>SAAo Glossary: Places (Dur-Šarrukkayu [1] (GN))</a>"
2025-04-10-(17-02-25),new,1228,Paqutu,"Paqutu, Paqud",–,–,–,"URU.pa-qu-tú, 𒌷𒉺𒄣𒌓","village, town","Assyria, Laḫīru, Iraq",–,"Bagg RGTC 7 2/2: 474, Parpola Toponyms: 273, <a href='http://oracc.museum.upenn.edu/saao/cbd/qpn-x-places/onebigfile.html' target='_blank'>SAAo Glossary: Places (Paqutu [1])</a>, <a href='http://oracc.museum.upenn.edu/atae/cbd/qpn-x-places/onebigfile.html' target='_blank'>ATAE Glossary: Places (Paqutu [1])</a>"
2025-04-10-(17-24-58),new,1229,Ḫazaḫi,"Ḫazaḫi, Hazahi, Hazahaia, Hazahiaya",–,–,–,"URU.ḫa-za-ḫi-a-a, 𒌷𒄩𒍝𒄭𒀀𒀀",town,"Assyria, Iraq",–,"Bagg RGTC 7 2/1: 224 (*Ḫazaḫi (?)),  <a href='http://oracc.museum.upenn.edu/saao/cbd/qpn-x-places/onebigfile.html' target='_blank'>SAAo Glossary: Places (Hazahi [1])</a>, <a href='http://oracc.museum.upenn.edu/atae/cbd/qpn-x-ethnic/onebigfile.html' target='_blank'>ATAE Glossary: Ethnic Names (Hazahiaya [of Hazahi])</a>, <a href='http://oracc.museum.upenn.edu/saao/cbd/qpn-x-ethnic/onebigfile.html' target='_blank'>SAAo Glossary: Ethnic Names (Hazahiaya [of Hazahi])</a>"
2025-04-10-(17-37-11),new,1230,Kapar-Nabû-šēzib,"Kapar-Nabû-šēzib, Kapar-Nabû-šezib, Kapar-Nabu-šezib",–,–,–,"URU.ŠE-<sup>m</sup><sup>d</sup>PA-še-zib, 𒌷𒊺𒁹𒀭𒉺𒊺𒍦",village,"Assyria, Laḫīru, Iraq",–,"Bagg RGTC 7 2/1: 311, <a href='http://oracc.museum.upenn.edu/saao/cbd/qpn-x-places/onebigfile.html' target='_blank'>SAAo Glossary: Places (Kapar-Nabu-šezib [1])</a>, <a href='http://oracc.museum.upenn.edu/atae/cbd/qpn-x-places/onebigfile.html' target='_blank'>ATAE Glossary: Places (Kapar-Nabu-šezib [1])</a>"
2025-04-10-(17-47-47),new,1231,Kapar-Tabālāja,"Kapar-Tabālāja, Kapar-Tabalaya, Kapar-Tabalayu",–,–,–,"URU.ŠE-<sup>m</sup>ta-ba-la-a-a, 𒌷𒊺𒁹𒋫𒁀𒆷𒀀𒀀",village,"Assyria, Laḫīru, Iraq",–,"Bagg RGTC 7 2/1: 320, <a href='http://oracc.museum.upenn.edu/saao/cbd/qpn-x-places/onebigfile.html' target='_blank'>SAAo Glossary: Places (Kapar-Tabalaya [1])</a>, <a href='http://oracc.museum.upenn.edu/atae/cbd/qpn-x-places/onebigfile.html' target='_blank'>ATAE Glossary: Places (Kapar-Tabalaya [1])</a>, <a href='http://oracc.museum.upenn.edu/saao/cbd/qpn-x-places/onebigfile.html' target='_blank'>SAAo Glossary: Places (Kapar-Tabalayu [1])</a>"
2025-04-10-(17-56-26),new,1232,Kapar-Zārūtî,"Kapar-Zārūtî, Kapar-Zaruti",–,–,–,"URU.ŠE-<sup>m</sup>NUMUN-ti-i, 𒌷𒊺𒁹𒆰𒋾𒄿",village,"Assyria, Laḫīru, Iraq",–,"Bagg RGTC 7 2/1: 323, <a href='http://oracc.museum.upenn.edu/saao/cbd/qpn-x-places/onebigfile.html' target='_blank'>SAAo Glossary: Places (Kapar-Zaruti [1])</a>, <a href='http://oracc.museum.upenn.edu/atae/cbd/qpn-x-places/onebigfile.html' target='_blank'>ATAE Glossary: Places (Kapar-Zaruti [1])</a>"
2025-04-10-(18-05-50),new,1233,Kapar-Lū-aḫḫē,"Kapar-Lū-aḫḫē, Kapar-Lu-ahhe",–,–,–,"URU.ŠE-<sup>m</sup>lu-u-PAB-MEŠ, 𒌷𒊺𒁹𒇻𒌋𒉽𒈨𒌍",village,"Assyria, Laḫīru, Iraq",–,"Bagg RGTC 7 2/1: 309, <a href='http://oracc.museum.upenn.edu/saao/cbd/qpn-x-places/onebigfile.html' target='_blank'>SAAo Glossary: Places (Kapar-Lu-ahhe [1])</a>, <a href='http://oracc.museum.upenn.edu/atae/cbd/qpn-x-places/onebigfile.html' target='_blank'>ATAE Glossary: Places (Kapar-Lu-ahhe [1])</a>"
2025-04-10-(18-14-38),new,1234,Kapar-Dakanâ,"Kapar-Dakanâ, Kapar-Dakana",–,–,–,"URU.ŠE-<sup>m</sup>da-ka-na-a, 𒌷𒊺𒁹𒁕𒅗𒈾𒀀",village,"Assyria, Laḫīru, Iraq",–,"Bagg RGTC 7 2/1: 301–302, <a href='http://oracc.museum.upenn.edu/saao/cbd/qpn-x-places/onebigfile.html' target='_blank'>SAAo Glossary: Places (Kapar-Dakana [1])</a>, <a href='http://oracc.museum.upenn.edu/atae/cbd/qpn-x-places/onebigfile.html' target='_blank'>ATAE Glossary: Places (Kapar-Dakana [1])</a>"
2025-04-10-(18-31-50),new,1235,Kapar-...ute,Kapar-...ute,–,–,–,"URU.ŠE-<sup>m</sup>x-x-u-te, 𒌷𒊺𒁹xx𒌋𒋼",village,"Assyria, Laḫīru, Iraq",–,"Bagg RGTC 7 2/1: 294, <a href='http://oracc.museum.upenn.edu/saao/cbd/qpn-x-places/onebigfile.html' target='_blank'>SAAo Glossary: Places (Kapar-x-ute [1])</a>, <a href='http://oracc.museum.upenn.edu/atae/cbd/qpn-x-places/onebigfile.html' target='_blank'>ATAE Glossary: Places (Kapar-x-ute [1])</a>"
2025-04-10-(18-43-31),new,1236,Kapar-Abu-...,Kapar-Abu-...,–,–,–,"URU.ŠE-<sup>m</sup>AD-x-x, 𒌷𒊺𒁹𒀜xx",village,"Assyria, Iraq",–,"Bagg RGTC 7 2/1: 294, <a href='http://oracc.museum.upenn.edu/saao/cbd/qpn-x-places/onebigfile.html' target='_blank'>SAAo Glossary: Places (Kapar-Abu-x [1])</a>, <a href='http://oracc.museum.upenn.edu/atae/cbd/qpn-x-places/onebigfile.html' target='_blank'>ATAE Glossary: Places (Kapar-Abu-x [1])</a>"
2025-04-10-(18-55-09),new,1237,Kapar-gis...,Kapar-gis...,–,–,–,"URU.ŠE-gi-is-x, 𒌷𒊺𒄀𒄑x",village,"Assyria, Iraq",–,Bagg RGTC 7 2/1: 303 (Kapar-gis... (?))
2025-04-10-(19-03-23),new,1238,Kapar-Jaqīri,"Kapar-Jaqīri, Kapar-Iaqīri, Kapar-Yaqiri",–,–,–,"URU.ŠE-<sup>m</sup>ia-qí-ri, 𒌷𒊺𒁹𒅀𒆠𒊑",village,"Assyria, Iraq",–,"Bagg RGTC 7 2/1: 306, <a href='http://oracc.museum.upenn.edu/atae/cbd/qpn-x-places/onebigfile.html' target='_blank'>ATAE Glossary: Places (Kapar-Yaqiri [1])</a>, <a href='http://oracc.museum.upenn.edu/saao/cbd/qpn-x-places/onebigfile.html' target='_blank'>SAAo Glossary: Places (Kapar-Yaqiri [1])</a>"
2025-04-10-(19-12-42),new,1239,Kapar-Qanâ-il,"Kapar-Qanâ-il, Kapar-Qana-il",–,–,–,"URU.ŠE-<sup>m</sup>qa-na-a-DINGIR, 𒌷𒊺𒁹𒋡𒈾𒀀𒀭",village,"Assyria, Iraq",–,"Bagg RGTC 7 2/1: 313 (Kapar-Qanâ-il (?)), <a href='http://oracc.museum.upenn.edu/atae/cbd/qpn-x-places/onebigfile.html' target='_blank'>ATAE Glossary: Places (Kapar-Qana-il [1])</a>, <a href='http://oracc.museum.upenn.edu/saao/cbd/qpn-x-places/onebigfile.html' target='_blank'>SAAo Glossary: Places (Kapar-Qana-il [1])</a>"
2025-04-10-(19-20-52),new,1240,Kapar-Saʾīli,"Kapar-Saʾīli, Kapar-Saʾili",–,–,–,"URU.ŠE-<sup>m</sup>sa-ʾi-i-li, 𒌷𒊺𒁹𒊓𒀪𒄿𒇷",village,"Assyria, Iraq",–,"Bagg RGTC 7 2/1: 31, <a href='http://oracc.museum.upenn.edu/saao/cbd/qpn-x-places/onebigfile.html' target='_blank'>SAAo Glossary: Places (Kapar-Saʾili [1])</a>, <a href='http://oracc.museum.upenn.edu/atae/cbd/qpn-x-places/onebigfile.html' target='_blank'>ATAE Glossary: Places (Kapar-Saʾili [1])</a>"
2025-04-10-(19-33-12),new,1241,Azma...,"Azma..., Tumma...",–,–,–,"URU.az-ma-x, 𒌷𒊍𒈠x",town,"Assyria, Iraq",–,"Bagg RGTC 7 2/1: 85, Parpola Toponyms: 359 (Tumma...), <a href='http://oracc.museum.upenn.edu/saao/cbd/qpn-x-places/onebigfile.html' target='_blank'>SAAo Glossary: Places (Azma-x [1])</a>, <a href='http://oracc.museum.upenn.edu/atae/cbd/qpn-x-places/onebigfile.html' target='_blank'>ATAE Glossary: Places (Azma-x [1])</a>"
2025-04-10-(19-44-39),new,1242,Isītāti,"Isītāti, Isitati",–,–,–,"URU.i-si-ta-a-ti, 𒌷𒄿𒋛𒋫𒀀𒋾 ",town,"Assyria, Iraq",–,"Bagg RGTC 7 2/1: 252–253, Parpola Toponyms: 177, <a href='http://oracc.museum.upenn.edu/atae/cbd/qpn-x-places/onebigfile.html' target='_blank'>ATAE Glossary: Places (Isitati [1])</a>, <a href='http://oracc.museum.upenn.edu/saao/cbd/qpn-x-places/onebigfile.html' target='_blank'>SAAo Glossary: Places (Isitati [1])</a>"
2025-04-10-(19-53-57),new,1243,Jaqa...,Jaqa...,–,–,–,"URU.ia-qa-x, 𒌷𒅀𒋡x",town,"Assyria, Iraq",–,"Bagg RGTC 7 2/1: 271, Parpola Toponyms: 187 (Ja...), <a href='http://oracc.museum.upenn.edu/saao/cbd/qpn-x-places/onebigfile.html' target='_blank'>SAAo Glossary: Places (Jaqa-x [1])</a>, <a href='http://oracc.museum.upenn.edu/atae/cbd/qpn-x-places/onebigfile.html' target='_blank'>ATAE Glossary: Places (Jaqa-x [1])</a>"
2025-04-10-(20-03-24),new,1244,Ḫara...,"Ḫara..., Hara...",–,–,–,"URU.ḫa-ra-x, 𒌷𒄩𒊏x",town,"Assyria, Iraq",–,"Bagg RGTC 7 2/1: 208, Parpola Toponyms: 149"
2025-04-10-(20-11-03),new,1245,Langa...,Langa...,–,–,–,"URU.la-an-ga-x+x, 𒌷𒆷𒀭𒂵xx",town,"Assyria, Iraq",–,"Bagg RGTC 7 2/1: 363, Parpola Toponyms: 224, <a href='http://oracc.museum.upenn.edu/saao/cbd/qpn-x-places/onebigfile.html' target='_blank'>SAAo Glossary: Places (Langa-x [1] [1])</a>, <a href='http://oracc.museum.upenn.edu/atae/cbd/qpn-x-places/onebigfile.html' target='_blank'>ATAE Glossary: Places (Langa-x [1] [1])</a>"
2025-04-10-(20-20-02),new,1246,Ṣilgangâ,"Ṣilgangâ, Ṣilganga, Ṣilli-Šamaš-agâ",–,–,–,"URU.ṣil-ga-an-ga-a, 𒌷𒉣𒂵𒀭𒂵𒀀",town,"Assyria, Iraq",–,"Bagg RGTC 7 2/2: 552, Parpola Toponyms: 323 (Ṣilli-Šamaš-agâ), <a href='http://oracc.museum.upenn.edu/atae/cbd/qpn-x-places/onebigfile.html' target='_blank'>ATAE Glossary: Places (Ṣilganga [1])</a>, <a href='http://oracc.museum.upenn.edu/saao/cbd/qpn-x-places/onebigfile.html' target='_blank'>SAAo Glossary: Places (Ṣilganga [1])</a>"
2025-04-17-(20-28-50),new,1247,Ḫadattâ,"Ḫadattâ, Hadatta, al-Ğaida, al-Ğdeide, الجديدة, Waḑḩah al Jadīdah, Wadhah al Jadidah, وضحة الجديدة, Waḑḩah Wa Judaydah, Wadhah Wa Judaydah, Ouadha et Jdaide, Ouâdha et Jdaïdé, Waḑḩah Judaydah, Wadhah Judaydah, Ouadha, Wadhah, وضحة, Waẓḥa, Adada (?), Qaṣr al-Ḥair aš-Šarqī (?), Qasr al-Hayr al-Sharqi (?), قصر الحير الشرقي",4,36.03286, 38.02381,"URU.ḫa-da-at-ta-a, 𒌷𒄩𒁕𒀜𒋫𒀀",town,Syria,–,"Bagg RGTC 7 1: 82, Parpola Toponyms: 141 (under Ḫadattu), Musil (1927): <i>Arabia Deserta: A Topographical Itinerary</i>: 487 (al-Ğdeide), Musil (1928): <i>Palmyrena: A Topographical Itinerary</i>: 189 (al-Ğdeide/Waẓḥa), <a href='https://www.geonames.org/162699/wadhah-al-jadidah.html' target='_blank'>Geonames: Waḑḩah al Jadīdah</a>, <a href='https://pleiades.stoa.org/places/894070' target='_blank'>Pleiades: Qasr al-Hayr al-Sharqi/Adada?</a>, <a href='http://oracc.museum.upenn.edu/rinap/cbd/qpn-x-places/onebigfile.html' target='_blank'>RINAP Glossary: Places (Hadatta [1])</a>, <a href='http://oracc.museum.upenn.edu/riao/cbd/qpn-x-places/onebigfile.html' target='_blank'>RIAo Glossary: Places (Hadatta [1])</a>"
2025-04-23-(14-00-26),new,1248,Ubianda,Ubianda,–,–,–,"KUR.ú-bi-an-da, 𒆳𒌑𒁉𒀭𒁕","mountains, mountain ","Urarṭu, Armarijalî, Iran, West Azerbaijan",–,"Bagg RGTC 7 3/2: 581, Parpola Toponyms: 364, <a href='http://oracc.museum.upenn.edu/riao/cbd/qpn-x-places/onebigfile.html' target='_blank'>RIAo Glossary: Places (Ubianda [Mount Ubianda])</a>, <a href='http://oracc.museum.upenn.edu/rinap/cbd/qpn-x-places/onebigfile.html' target='_blank'>RINAP Glossary: Places (Ubianda [Mount Ubianda])</a>"
2025-04-23-(16-34-25),new,1249,Arna,Arna,–,–,–,"URU.ar-na, 𒌷𒅈𒈾","city, fortified city","Urarṭu, Armarijalî, Iran, West Azerbaijan",–,"Bagg RGTC 7 3/1: 63, Parpola Toponyms: 30, <a href='http://oracc.museum.upenn.edu/rinap/cbd/qpn-x-places/onebigfile.html' target='_blank'>RINAP Glossary: Places (Arna [1])</a>, <a href='http://oracc.museum.upenn.edu/riao/cbd/qpn-x-places/onebigfile.html' target='_blank'>RIAo Glossary: Places (Arna [1])</a>"
2025-04-23-(16-44-37),new,1250,Bubuzi,Bubuzi,–,–,–,"URU.bu-bu-zi, 𒌷𒁍𒁍𒍣","city, fortified city","Urarṭu, Armarijalî, Iran, West Azerbaijan",–,"Bagg RGTC 7 3/1: 159–160, Parpola Toponyms: 93, <a href='http://oracc.museum.upenn.edu/rinap/cbd/qpn-x-places/onebigfile.html' target='_blank'>RINAP Glossary: Places (Bubuzi [1])</a>, <a href='http://oracc.museum.upenn.edu/riao/cbd/qpn-x-places/onebigfile.html' target='_blank'>RIAo Glossary: Places (Bubuzi [1])</a>"
2025-04-23-(17-01-29),new,1251,Ṣinišpalâ,"Ṣinišpalâ, Ṣinišpala",–,–,–,"URU.ṣi-ni-iš-pa-la-a, 𒌷𒍢𒉌𒅖𒉺𒆷𒀀","city, fortified city","Urarṭu, Armarijalî, Iran, West Azerbaijan",–,"Bagg RGTC 7 3/2: 536, Parpola Toponyms: 324, <a href='http://oracc.museum.upenn.edu/riao/cbd/qpn-x-places/onebigfile.html' target='_blank'>RIAo Glossary: Places (Ṣinišpala [1])</a>, <a href='http://oracc.museum.upenn.edu/rinap/cbd/qpn-x-places/onebigfile.html' target='_blank'>RINAP Glossary: Places (Ṣinišpala [1])</a>"
2025-04-23-(17-13-44),new,1252,Ṣiniunak,Ṣiniunak,–,–,–,"URU.ṣi-ni-ú-nak, 𒌷𒍢𒉌𒌑𒅘","city, fortified city","Urarṭu, Armarijalî, Iran, West Azerbaijan ",–,"Bagg RGTC 7 3/2: 357, Parpola Toponyms: 324, <a href='http://oracc.museum.upenn.edu/rinap/cbd/qpn-x-places/onebigfile.html' target='_blank'>RINAP Glossary: Places (Ṣiniunak [1])</a>, <a href='http://oracc.museum.upenn.edu/riao/cbd/qpn-x-places/onebigfile.html' target='_blank'>RIAo Glossary: Places (Ṣiniunak [1])</a>"
2025-04-23-(17-23-47),new,1253,Šarnî,"Šarnî, Šarni",–,–,–,"URU.šar-ni-i, 𒌷𒊬𒉌𒄿","city, fortified city","Urarṭu, Armarijalî, Iran, West Azerbaijan ",–,"Bagg RGTC 7 3/2: 543, Parpola Toponyms: 332, <a href='http://oracc.museum.upenn.edu/riao/cbd/qpn-x-places/onebigfile.html' target='_blank'>RIAo Glossary: Places (Šarni [1])</a>, <a href='http://oracc.museum.upenn.edu/rinap/cbd/qpn-x-places/onebigfile.html' target='_blank'>RINAP Glossary: Places (Šarni [1])</a>"
2025-04-23-(17-42-11),new,1254,Arbu,Arbu,–,–,–,"URU.ar-bu, 𒌷𒅈𒁍",city,"Urarṭu, Armarijalî, Iran, West Azerbaijan ",–,"Bagg RGTC 7 3/1: 58, Parpola Toponyms: 27, <a href='http://oracc.museum.upenn.edu/riao/cbd/qpn-x-places/onebigfile.html' target='_blank'>RIAo Glossary: Places (Arbu [1])</a>, <a href='http://oracc.museum.upenn.edu/rinap/cbd/qpn-x-places/onebigfile.html' target='_blank'>RINAP Glossary: Places (Arbu [1])</a>"
2025-04-23-(17-52-05),new,1255,Rijar,"Rijar, Riyar, Riar",–,–,–,"URU.ri-ia-ar, 𒌷𒊑𒅀𒅈",city,"Urarṭu, Armarijalî, Iran, West Azerbaijan",–,"Bagg RGTC 7 3/2: 485, Parpola Toponyms: 294, <a href='http://oracc.museum.upenn.edu/riao/cbd/qpn-x-places/onebigfile.html' target='_blank'>RIAo Glossary: Places (Riyar [1])</a>, <a href='http://oracc.museum.upenn.edu/rinap/cbd/qpn-x-places/onebigfile.html' target='_blank'>RINAP Glossary: Places (Riyar [1])</a>"
2025-04-24-(20-18-57),new,1256,Birte,"Birte, Bīrtu",–,–,–,"URU.bir-te, 𒌷𒄵𒋼",town,"Assyria, Iraq",–,"Bagg RGTC 7 2/1: 105 (Birte (??)), Parpola Toponyms: 74 (under Bīrtu), <a href='http://oracc.museum.upenn.edu/atae/cbd/qpn-x-places/onebigfile.html' target='_blank'>ATAE Glossary: Places (Birte [1])</a>"
2025-04-24-(23-13-19),new,1257,Birāte,"Birāte, Birate, Birati, Birāti, Bīrāti, Bīrtu, Birītu, Birrate",–,–,–,"URU.bi-ra-a-ta, 𒌷𒁉𒊏𒀀𒋫, URU.bi-ra-a-te, 𒌷𒁉𒊏𒀀𒋼, URU.bi-ra-a-ti, 𒌷𒁉𒊏𒀀𒋾, URU.bi-ra-ti, 𒌷𒁉𒊏𒋾, URU.bi-rat, 𒌷𒁉𒋥, URU.bir-ta-a-a, 𒌷𒄵𒋫𒀀𒀀, LÚ.bir-ta-a-a, 𒇽𒄵𒋫𒀀𒀀",city,"Babylonia, Iraq",–,"Bagg RGTC 7 3/1: 107 (Birāte 2), Parpola Toponyms: 73 (Birāti), <a href='https://www.ucl.ac.uk/sargon/peoplegodsplaces' target='_blank'>Assyrian empire builders: Birati</a>, <a href='http://oracc.museum.upenn.edu/saao/cbd/qpn-x-places/onebigfile.html' target='_blank'>SAAo Glossary: Places (Birate [2])</a>, <a href='http://oracc.museum.upenn.edu/atae/cbd/qpn-x-places/onebigfile.html' target='_blank'>ATAE Glossary: Places (Birate [2])</a>, <a href='http://oracc.museum.upenn.edu/atae/cbd/qpn-x-ethnic/onebigfile.html' target='_blank'>ATAE Glossary: Ethnic Names (Birataya [of Birate 2])</a>"
2025-04-25-(00-04-40),new,1258,Birtu,"Birtu, Bīrtu, Birtha Aspōrakou (?)",–,–,–,"KUR.ḪAL.ṢU, 𒆳𒄬𒍮, URU.ḪAL.ṢU, 𒌷𒄬𒍮",city,"Lāqê (?), Syria, Iraq (?)",–,"Bagg RGTC 7 2/1: 105 (Birtu 1 (?)), <a href='http://oracc.museum.upenn.edu/atae/cbd/qpn-x-places/onebigfile.html' target='_blank'>ATAE Glossary: Places (Birtu [1])</a>"
2025-04-25-(00-34-40),new,1259,Birti,Birti,–,–,–,"URU.bir-ti, 𒌷𒄵𒋾",town,"Assyria, Iraq",–,Bagg RGTC 7 3/2: 960 (add. to RGTC 7/2)
2025-05-14-(20-29-29),new,1260,Elamunia,"Elamunia, Alamun, Elamuni, Nahr Rawānduz, Nahr Rawanduz, نهر رواندز, Rūbār Rāwandūz, Rūbār Rawānduz, Rubar Ruwanduz, روبار رواندز, Rūbār-i Rāwandiz, Rūbār-ī Rawandoz, Ṟûbar-î Ṟewanduz",–,36.71532,44.28557,"ÍD.e-la-mu-ni-a, 𒀀𒇉𒂊𒆷𒈬𒉌𒀀",river,Iraq,–,"Bagg RGTC 7 2/2: 676, Parpola Toponyms: 123, <a href='https://www.geonames.org/92000/nahr-rawanduz.html' target='_blank'>Geonames: Nahr Rawānduz</a>, <a href='http://oracc.museum.upenn.edu/rinap/cbd/qpn-x-waters/onebigfile.html' target='_blank'>RINAP Glossary: Watercourses (Elamunia [Upper Zab])</a>, <a href='http://oracc.museum.upenn.edu/riao/cbd/qpn-x-waters/onebigfile.html' target='_blank'>RIAo Glossary: Watercourses (Elamunia [Upper Zab])</a>"
2025-05-21-(20-12-12),new,1261,Pulpullia,"Pulpullia, Pulpullija, Pulpulliya, Bumelos (?), Boumodos (?), Rūbār Atrūš, Rūbār-ē ‘Atrūsh, Rūbār-ē Atrūch, ڕووبارى ئەتروش, Nahr Akrūsh, نهر اكروش, Gōmel, Rūbār-e Gōmil, Rūbār-i Gōmil, ڕووبارى گۆمەڵ, Nahr Gūmal, نهر گومل, Nahr Karmahsūr, نهر كرمةسور, Gōmel Şū, Gūmal Sū",–,36.72722,43.43722,"ÍD.pul-pul-li-a, 𒀀𒇉𒇧𒇧𒇷𒀀",river,"Assyria, Iraq",–,"Bagg RGTC 7 2/2: 683, Parpola Toponyms: 279 (Pulpullija), <a href='https://www.geonames.org/96435/rubar-i-gomil.html' target='_blank'>Geonames: Rūbār-i Gōmil</a>, <a href='https://www.geonames.org/98426/nahr-gumal.html' target='_blank'>Geonames: Nahr Gūmal</a>, <a href='http://oracc.museum.upenn.edu/rinap/cbd/qpn-x-waters/onebigfile.html' target='_blank'>RINAP Glossary: Watercourses (Pulpullia [1])</a>, <a href='http://oracc.museum.upenn.edu/riao/cbd/qpn-x-waters/onebigfile.html' target='_blank'>RIAo Glossary: Watercourses (Pulpullia [1])</a>"
2025-05-22-(13-26-09),new,1262,Gammagara,"Gammagara, Gaugamela, Tall Gōmel, Tell Gōmal, Tell Gomel, Tall Jūmal, Tall Jumal, تل جومل, Tel Humel, Tel Ḧumel, Til Humal, تەل حومەل",3,36.59236453193145,43.48119421808425,"URU.gam-ma-ga-ra, 𒌷𒃵𒈠𒂵𒊏",town,"Assyria, Iraq",–,"Bagg RGTC 7 2/1: 178, Parpola Toponyms: 129, <a href='https://zenodo.org/record/6384045' target='_blank'>Pedersén ANE: (Tell Gomel)</a>, <a href='https://www.geonames.org/6999621/tall-jumal.html' target='_blank'>Geonames: Tall Jūmal</a>, <a href='https://pleiades.stoa.org/places/874478' target='_blank'>Pleiades: Gaugamela</a>, <a href='http://oracc.museum.upenn.edu/rinap/cbd/qpn-x-places/onebigfile.html' target='_blank'>RINAP Glossary: Places (Gammagara [1])</a>, <a href='http://oracc.museum.upenn.edu/riao/cbd/qpn-x-places/onebigfile.html' target='_blank'>RIAo Glossary: Places (Gammagara [1])</a>"
2025-05-22-(13-43-17),new,1263,Kapar-Nūni,"Kapar-Nūni, Kapar-Nūnî, Kapar-Nuni",–,–,–,"URU.ŠE-<sup>m</sup>nu-ú-ni, 𒌷𒊺𒁹𒉡𒌑𒉌",village,"Assyria, Barḫalza province, Iraq",–,"Bagg RGTC 7 2/1: 313, <a href='http://oracc.museum.upenn.edu/atae/cbd/qpn-x-places/onebigfile.html' target='_blank'>ATAE Glossary: Places (Kapar-Nuni [1])</a>, <a href='http://oracc.museum.upenn.edu/saao/cbd/qpn-x-places/onebigfile.html' target='_blank'>SAAo Glossary: Places (Kapar-Nuni [1])</a>"
2025-05-22-(13-54-15),new,1264,Kapar-Rēmūti,"Kapar-Rēmūti, Kapar-Remuti, Kapar-Remutti",–,–,–,"URU.ŠE-<sup>m</sup>ri-mu-ti, 𒌷𒊺𒁹𒊑𒈬𒋾",village,"Assyria, Barḫalza province, Iraq",–,"Bagg RGTC 7 2/1: 315, <a href='http://oracc.museum.upenn.edu/saao/cbd/qpn-x-places/onebigfile.html' target='_blank'>SAAo Glossary: Places (Kapar-Remutti [1])</a>, <a href='http://oracc.museum.upenn.edu/atae/cbd/qpn-x-places/onebigfile.html' target='_blank'>ATAE Glossary: Places (Kapar-Remutti [1])</a>"
2025-05-22-(14-06-35),new,1265,Mutianni,Mutianni,–,–,–,"URU.mu-ti-an-ni, 𒌷𒈬𒋾𒀭𒉌 ",town,"Assyria, Barḫalza province, Iraq",–,"Bagg RGTC 7 2/2: 438, Parpola Toponyms: 253, <a href='https://www.ucl.ac.uk/sargon/peoplegodsplaces' target='_blank'>Assyrian empire builders: Mutianni</a>, <a href='http://oracc.museum.upenn.edu/saao/cbd/qpn-x-places/onebigfile.html' target='_blank'>SAAo Glossary: Places (Mutianni [1])</a>, <a href='http://oracc.museum.upenn.edu/atae/cbd/qpn-x-places/onebigfile.html' target='_blank'>ATAE Glossary: Places (Mutianni [1])</a>"
2025-05-22-(14-25-44),new,1266,Nabur,Nabur,–,–,–,"URU.na-bu-ur, 𒌷𒈾𒁍𒌨",town,"Assyria, Barḫalza province, Iraq",–,"Bagg RGTC 7 2/2: 441, <a href='http://oracc.museum.upenn.edu/saao/cbd/qpn-x-places/onebigfile.html' target='_blank'>SAAo Glossary: Places (Nabur [1])</a>, <a href='http://oracc.museum.upenn.edu/atae/cbd/qpn-x-places/onebigfile.html' target='_blank'>ATAE Glossary: Places (Nabur [1])</a>"
2025-06-05-(14-10-39),new,1267,Kapānu,"Kapānu, Kapanu, Kāf, Kaf, Caf, كاف, Qāf, Qaf",–,31.39481,37.50089,"URU.ka-pa-nu, 𒌷𒅗𒉺𒉡",town,"Arabs, Arabian Peninsula, Saudi Arabia",–,"Bagg RGTC 7 2/1: 288, <a href='https://www.geonames.org/105192/kaf.html' target='_blank'>Geonames: Kāf</a>, <a href='http://oracc.museum.upenn.edu/rinap/cbd/qpn-x-places/onebigfile.html' target='_blank'>RINAP Glossary: Places (Kapanu [1])</a>, <a href='http://oracc.museum.upenn.edu/riao/cbd/qpn-x-places/onebigfile.html' target='_blank'>RIAo Glossary: Places (Kapanu [1])</a>"
2025-06-25-(19-57-00),new,1268,Asiḫu,"Asiḫu, Asiḫū, Asihu, Asiḫi, Asihi, Ašiḫi (?), Ašihi (?), Ašiḫum (?)",–,–,–,"a-si-ḫi, 𒀀𒋛𒄭, URU.a-si-ḫi, 𒌷𒀀𒋛𒄭, URU.a-si-ḫi-a-a, 𒌷𒀀𒋛𒄭𒀀𒀀",town,Syria,–,"Bagg RGTC 7 2/1: 75 (Asiḫi 2), Bagg RGTC 7 2/1: 74–75 (Asiḫi 1), Bagg RGTC 7 2/1: 76 (Ašiḫi), <a href='http://oracc.museum.upenn.edu/atae/cbd/qpn-x-ethnic/onebigfile.html' target='_blank'>ATAE Glossary: Ethnic Names (Asihaya [from Asihu])</a>, <a href='http://oracc.museum.upenn.edu/atae/cbd/qpn-x-places/onebigfile.html' target='_blank'>ATAE Glossary: Places (Asihu [1] (GN))</a>, <a href='http://oracc.museum.upenn.edu/atae/cbd/qpn-x-places/onebigfile.html' target='_blank'>ATAE Glossary: Places (Asihu [1] (SN))</a>"
2025-06-25-(20-29-16),new,1269,Ašiḫi,"Ašiḫi, Ašihi, Ašiḫum (?), Asiḫi (?), Asihi (?), Asiḫu (?), Asihu (?)",–,–,–,"URU.a-ši-ḫi, 𒌷𒀀𒅆𒄭",town,"Assyria, Iraq (?), Turkey (?), Syria (?)",–,"Bagg RGTC 7 2/1: 76 (Ašiḫi), Bagg RGTC 7 2/1: 74–75 (Asiḫi 1), Bagg RGTC 7 2/1: 75 (Asiḫi 2)"
2025-06-25-(20-54-15),new,1270,Āl-Adad-ilāʾī,"Āl-Adad-ilāʾī (?), Āl-Sîn-naʾdi (?)",–,–,–,"URU.<sup>m</sup>10-DINGIR, 𒌷𒁹𒌋𒀭, URU.<sup>m</sup>10-DINGIR-a-a, 𒌷𒁹𒌋𒀭𒀀𒀀, URU.<sup>md</sup>30-I, 𒌷𒁹𒀭𒌍𒄿",town,"Syria (?), Turkey (?), Iraq (?)",–,"Bagg RGTC 7 2/1: 15, <a href='https://oracc.museum.upenn.edu/atae/mallanate/P522857' target='_blank'>ATAE Ma'allanate: ACP 8 l. 3</a>"
2025-06-25-(21-09-12),new,1271,Nisalḫuna,"Nisalḫuna, Nisalhuna",–,–,–,"URU.ni-sal-ḫu-na, 𒌷𒉌𒊩𒄷𒈾",town,"Syria (?), Turkey (?)",–,"Bagg RGTC 7 2/2: 469, <a href='http://oracc.museum.upenn.edu/atae/cbd/qpn-x-places/onebigfile.html' target='_blank'>ATAE Glossary: Places (Nisalhuna [1])</a>"
2025-06-25-(21-24-17),new,1272,Qaianini,"Qaianini, Qayānini, Qayanini, Qaianiḫu",–,–,–,"URU.qa-ia-ni-ni, 𒌷𒋡𒅀𒉌𒉌",town,"Syria (?), Turkey (?)",–,"Bagg RGTC 7 3/2: 976 (Add. to RGTC 7/2), <a href='http://oracc.museum.upenn.edu/atae/cbd/qpn-x-places/onebigfile.html' target='_blank'>ATAE Glossary: Places (Qayanini [1])</a>"
2025-06-26-(10-22-34),new,1273,Arṣuain,"Arṣuain, Arṣania, Arzanēnē, Arzanene, Arzan, Arzen, Erzen, Arzĕn, Արզեն, Arzania, Tigranókerta, Τιγρανόκερτα, Tigranocerta, Cholimma, Chlomaron, Gola Masiya (?), Golamasiyan (?), Yeşilyurt (?)",–,37.976917,41.382269,"URU.ar-ṣa-ni-a, 𒌷𒅈𒍝𒉌𒀀, URU.ar-ṣu-a-in, 𒌷𒅈𒍮𒀀𒅔",town,"Ḫabḫu, Armenia, Turkey",–,"Bagg RGTC 7 3/1: 66 (Arṣania 2), Parpola Toponyms: 33, Barrington Atlas: 89 D2 (Arzanene), <a href='https://www.openstreetmap.org/way/1177723310#map=17/37.978329/41.381700' target='_blank'>OpenStreetMap: Arzen</a>, <a href='https://pleiades.stoa.org/places/874774' target='_blank'>Pleiades: Tigranocerta/Cholimma/Chlomaron</a>, <a href='https://pleiades.stoa.org/places/106515917' target='_blank'>Pleiades: Erzen</a>, <a href='https://zenodo.org/record/5217600' target='_blank'>CIGS: Erzen</a>, <a href='https://vici.org/vici/29783/?lang=en' target='_blank'>Vici.org: Tigranocerta (Arzen, Arzan)</a>, <a href='https://pleiades.stoa.org/places/874367' target='_blank'>Pleiades: Arzanene</a>, <a href='https://www.openstreetmap.org/node/2850966521#map=11/38.0978/41.6670' target='_blank'>OpenStreetMap: Yeşilyurt/Arzan/Erzen/Arzania</a>, <a href='https://imperium.ahlfeldt.se/places/22344.html' target='_blank'>DARE: Tigranocerta/Cholimma/Chlomaron</a>, <a href='http://oracc.museum.upenn.edu/riao/cbd/qpn-x-places/onebigfile.html' target='_blank'>RIAo Glossary: Places (Arṣania [2])</a>"
2025-06-26-(16-30-45),new,1274,Ḫuʾdiadae,"Ḫuʾdiadae, Huʾdiadae",–,–,–,"URU.hu-uʾ-di-a-da-e, 𒌷𒄷𒀪𒁲𒀀𒁕𒂊",town,"Urarṭu, Iran",–,"Bagg RGTC 7 3/1: 285, <a href='http://oracc.museum.upenn.edu/saao/cbd/qpn-x-places/onebigfile.html' target='_blank'>SAAo Glossary: Places (Huʾdiadae [1])</a>, <a href='http://oracc.museum.upenn.edu/atae/cbd/qpn-x-places/onebigfile.html' target='_blank'>ATAE Glossary: Places (Huʾdiadae [1])</a>"
2025-06-26-(17-19-35),new,1275,Pulia,"Pulia, Bulia, Puluadē, Puluade, Puli, Saqam Del, Sagandil, Saqandel, Seqendel, سقم دل, Sağandil, سجندل, Saghandel, سغندل, Sikindil",–,38.4988,46.7181,"URU.pu-li-a-a, 𒌷𒁍𒇷𒀀𒀀",town,"Urarṭu, East Azerbaijan, Iran",–,"Bagg RGTC 7 3/2: 462–463, Parpola Toponyms: 94 (Bulia), <a href='https://www.geonames.org/117411/saqam-del.html' target='_blank'>Geonames: Saqam Del</a>, <a href='http://oracc.museum.upenn.edu/saao/cbd/qpn-x-places/onebigfile.html' target='_blank'>SAAo Glossary: Places (Pulia [1])</a>, <a href='http://oracc.museum.upenn.edu/atae/cbd/qpn-x-places/onebigfile.html' target='_blank'>ATAE Glossary: Places (Pulia [1])</a>, <a href='http://oracc.museum.upenn.edu/saao/cbd/qpn-x-ethnic/onebigfile.html' target='_blank'>SAAo Glossary: Ethnic Names (Puliaya [1])</a>"
2025-06-26-(17-37-06),new,1276,Suriana,Suriana,–,–,–,"URU.su-ri-a-na-a-a, 𒌷𒋢𒊑𒀀𒈾𒀀𒀀",town,"Urarṭu, East Azerbaijan, Iran",–,"Bagg RGTC 7 3/2: 530–531, Parpola Toponyms: 319, <a href='https://www.ucl.ac.uk/sargon/peoplegodsplaces' target='_blank'>Assyrian empire builders: Suriana</a>, <a href='http://oracc.museum.upenn.edu/saao/cbd/qpn-x-ethnic/onebigfile.html' target='_blank'>SAAo Glossary: Ethnic Names (Surianaya [1])</a>, <a href='http://oracc.museum.upenn.edu/atae/cbd/qpn-x-ethnic/onebigfile.html' target='_blank'>ATAE Glossary: Ethnic Names (Surianaya [of Suriana])</a>, <a href='http://oracc.museum.upenn.edu/saao/cbd/qpn-x-ethnic/onebigfile.html' target='_blank'>SAAo Glossary: Ethnic Names (Surianaya [of Suriana])</a>"
2025-06-27-(09-37-48),new,1277,Isiḫimme,"Isiḫimme, Isihimme, Šḥīm, Shḩīm, Shhim, Shaḩīm, Shahim, Shʿim, Chhîm, Chhim, Chehim, شحيم",–,33.62133,35.48698,"URU.i-si-hi-im-me, 𒌷𒄿𒋛𒄭𒅎𒈨",town,"Phoenicia, Ṣīdūnu, Lebanon",–,"Bagg RGTC 7 1: 117, Parpola Toponyms: 176, <a href='https://www.geonames.org/267468/chhim.html' target='_blank'>Geonames: Chhîm</a>, <a href='https://daahl.ucsd.edu/DAAHL/EsriPiPDigitizer.php' target='_blank'>DAAHL: Shʿim</a>, <a href='http://oracc.museum.upenn.edu/riao/cbd/qpn-x-places/onebigfile.html' target='_blank'>RIAo Glossary: Places (Isihimme [1])</a>, <a href='http://oracc.museum.upenn.edu/rinap/cbd/qpn-x-places/onebigfile.html' target='_blank'>RINAP Glossary: Places (Isihimme [1])</a>"
2025-06-27-(15-50-20),new,1278,Ištatti,"Ištatti, Ištattu",–,–,–,"URU.iš-ta-at-ti, 𒌷𒅖𒋫𒀜𒋾",city,"Mannāja, Iran",–,"Bagg RGTC 7 3/1: 301, Parpola Toponyms: 179 (Ištattu), <a href='http://oracc.museum.upenn.edu/riao/cbd/qpn-x-places/onebigfile.html' target='_blank'>RIAo Glossary: Places (Ištatti [1])</a>, <a href='http://oracc.museum.upenn.edu/rinap/cbd/qpn-x-places/onebigfile.html' target='_blank'>RINAP Glossary: Places (Ištatti [1])</a>"
2025-07-01-(23-47-54),new,1279,Izuzi,"Izuzi, Izuzu",–,–,–,"URU.i-zu-zi, 𒌷𒄿𒍪𒍣 ",town,"Kār-Šarrukīn, Iran",–,"Bagg RGTC 7 3/1: 305, <a href='https://www.ucl.ac.uk/sargon/peoplegodsplaces' target='_blank'>Assyrian empire builders: Izuzi</a>, <a href='http://oracc.museum.upenn.edu/atae/cbd/qpn-x-places/onebigfile.html' target='_blank'>ATAE Glossary: Places (Izuzi [1])</a>, <a href='http://oracc.museum.upenn.edu/saao/cbd/qpn-x-places/onebigfile.html' target='_blank'>SAAo Glossary: Places (Izuzi [1])</a>, <a href='http://oracc.museum.upenn.edu/saao/cbd/qpn-x-places/onebigfile.html' target='_blank'>SAAo Glossary: Places (Izuzu [1])</a>"
2025-07-01-(23-57-01),new,1280,Urumeqa,Urumeqa,–,–,–,"URU.ú-ru-me-qa, 𒌷𒌑𒊒𒈨𒋡",town,"Kār-Šarrukīn, Iran",–,"Bagg RGTC 7 3/2: 609, <a href='https://www.ucl.ac.uk/sargon/peoplegodsplaces' target='_blank'>Assyrian empire builders: Urumeqa</a>, <a href='http://oracc.museum.upenn.edu/saao/cbd/qpn-x-places/onebigfile.html' target='_blank'>SAAo Glossary: Places (Urumeqa [1])</a>, <a href='http://oracc.museum.upenn.edu/atae/cbd/qpn-x-places/onebigfile.html' target='_blank'>ATAE Glossary: Places (Urumeqa [1])</a>"
2025-07-02-(00-07-18),new,1281,Binši,"Binši, Bienši",–,–,–,"URU.bi-en-ši, 𒌷𒁉𒂗𒅆",town,"Kār-Šarrukīn, Iran",–,"Bagg RGTC 7 3/1: 106 (Binši (?)), <a href='https://www.ucl.ac.uk/sargon/peoplegodsplaces' target='_blank'>Assyrian empire builders: Bienši</a>, <a href='http://oracc.museum.upenn.edu/saao/cbd/qpn-x-places/onebigfile.html' target='_blank'>SAAo Glossary: Places (Bienši [1])</a>, <a href='http://oracc.museum.upenn.edu/atae/cbd/qpn-x-places/onebigfile.html' target='_blank'>ATAE Glossary: Places (Binši [1])</a>, <a href='http://oracc.museum.upenn.edu/saao/cbd/qpn-x-places/onebigfile.html' target='_blank'>SAAo Glossary: Places (Binši [1])</a>"
2025-07-17-(17-10-59),edited,306,Dūr-Šamšī-Adad,"Dūr-Šamšī-Adad, Dur-Šamši-Adad, Dūr-Samsī-Addu, Dur-Samsi-Addu, Dūr-Sumu-epuḫ (?), Dūr-Sumu-epuh (?), Dur-Sumu-Epuh (?), Qalʿat Ḥalwānjī (?), Qalʿat Halwanji (?), Qal'at Halwanji (?), Qalaat Halwanji (?), قلعة حلوانجي, Ḥalwānjī (?), Halwanji (?), حلوانجي",4,36.6440661956529,37.90457984690173,"BÀD-ri, 𒂦𒊑, BÀD.<sup>d</sup>UTU-ši-<sup>d</sup>IŠKUR.KI, 𒂦𒀭𒌓𒅆𒀭𒅎𒆠, BÀD.KI-su-mé-e-pu-uḫ.KI (?), 𒂦𒆠𒋢𒈪𒂊𒁍𒄴𒆠 (?), BÀD-su-mu-e-pu-uḫ.KI (?), 𒂦𒋢𒈬𒂊𒁍𒄴𒆠 (?), BÀD.KI-su-mu-e-pu-uḫ (?), 𒂦𒆠𒋢𒈬𒂊𒁍𒄴 (?), BÀD.KI-su-mu-e-pu-uḫ.KI (?), 𒂦𒆠𒋢𒈬𒂊𒁍𒄴𒆠 (?)",fortress,"Iamḫad (?), Assyria (?), Syria",–,"<a href='https://books.openedition.org/cdf/4393' target='_blank'>MTT I/1: Dur-Samsi-Addu (HIGEOMES Nr. –)</a>, <a href='https://books.openedition.org/cdf/4393' target='_blank'>MTT I/1: Dur-Sumu-Epuh (HIGEOMES Nr. –)</a>, <a href='https://zenodo.org/record/6384045' target='_blank'>Pedersén ANE: Dur-Šamši-Adad? (Qal'at Halwanji)</a>, <a href='https://www.geonames.org/170019/halwanji.html' target='_blank'>Geonames: Ḩalwānjī</a>"
2025-07-17-(17-41-29),edited,1281,Binši,"Binši, Bienši",–,–,–,"URU.bi-en-ši, 𒌷𒁉𒂗𒅆",town,"Kār-Šarrukīn, Iran",–,"Bagg RGTC 7 3/1: 106 (Binši (?)), <a href='https://www.ucl.ac.uk/sargon/peoplegodsplaces' target='_blank'>Assyrian empire builders: Bienši</a>, <a href='http://oracc.museum.upenn.edu/saao/cbd/qpn-x-places/onebigfile.html' target='_blank'>SAAo Glossary: Places (Bienši [1])</a>, <a href='http://oracc.museum.upenn.edu/atae/cbd/qpn-x-places/onebigfile.html' target='_blank'>ATAE Glossary: Places (Binši [1])</a>, <a href='http://oracc.museum.upenn.edu/saao/cbd/qpn-x-places/onebigfile.html' target='_blank'>SAAo Glossary: Places (Binši [1])</a>"
2025-07-17-(19-06-48),edited,104,Arabella,"Arabella, Arbēla, Arbela, Άρβηλα, Irbid, אירביד, إربد, Tell Irbid",–,32.55913422333403,35.84747700865685,–,city,Jordan,–,"<a href='https://zenodo.org/record/6384045' target='_blank'>Pedersén ANE: Arbela (Irbid)</a>, <a href='https://pleiades.stoa.org/places/678028, , <a href='https://www.geonames.org/248946/irbid.html' target='_blank'>Geonames: Irbid</a>' target='_blank'>Pleiades: Arbela</a>"
2025-07-17-(21-02-35),new,1282,Metuna,"Metuna, Metūna, Métoûné, Al Matūnah, Al Matunah, El Métouné, El Metoune, المتونة, El Imtune, Tall Dibba (?), Tell Dibbé (?), Tell Debbé (?), Tell Debbe (?), تل دبة, Tall Dabbah (?), Tell Debbeh (?), Tall ad Dabba (?), تل الدبة, Tall ad Dabbah (?), Mothana (?), Motha (?), Motho (?), Muthanah (?), Mutḩānah (?), al-Mubattan (?), Imtān (?), Imtan (?), إمتان, Aymtān (?), Aymtan (?), Imtâne (?), Imtane (?), Imthān (?), Imthan (?), Al Mutayn (?), al-Mēdān (?), Al Mīdān (?), Al Midan (?), Al Maydān (?), Al Maydan (?), El Mīdān (?), El Midan (?), El-Meidân (?), El-Meidan (?), الميدان",–,32.9508391960519,36.60092606099333,"URU.me-tu-na, 𒌷𒈨𒌅𒈾",town,"Dimašqa, Syria, Jordan (?)",–,"Bagg RGTC 7 1: 175, Parpola Toponyms: 247, <a href='https://zenodo.org/record/6384045' target='_blank'>Pedersén ANE: (Metuna)?</a>, <a href='https://www.geonames.org/173483/al-matunah.html' target='_blank'>Geonames: Al Matūnah</a>, <a href='https://zenodo.org/record/6384045' target='_blank'>Pedersén ANE: (Tell Debbeh)</a>, <a href='https://www.geonames.org/171021/tall-ad-dabbah.html' target='_blank'>Geonames: Tall ad Dabbah</a>, <a href='https://www.geonames.org/169377/imtan.html' target='_blank'>Geonames: Imtān</a>, <a href='https://pleiades.stoa.org/places/678289' target='_blank'>Pleiades: Motha(na)/Motho?</a>, <a href='https://www.geonames.org/250532/al-midan.html' target='_blank'>Geonames: Al Mīdān</a>, <a href='https://daahl.ucsd.edu/DAAHL/EsriPiPDigitizer.php' target='_blank'>DAAHL: Al Maydan</a>, <a href='http://oracc.museum.upenn.edu/riao/cbd/qpn-x-places/onebigfile.html' target='_blank'>RIAo Glossary: Places (Metuna [1])</a>, <a href='http://oracc.museum.upenn.edu/rinap/cbd/qpn-x-places/onebigfile.html' target='_blank'>RINAP Glossary: Places (Metuna [1])</a>"
2025-07-17-(22-32-22),edited,493,Isin,"Isin, Insin, Išin, Isina, Išān Baḥriyāt, Ishān Baḥrīyāt, Ishan Bahriyat, إشان نحريات, Išān al-Baḥriyāt, Tall Baḩrīyāt, Tall Bahriyat, تل بحريات",1,31.88437701508951,45.26937063450065,"PA.ŠE.KI, 𒉺𒊺𒆠, PA.TE.SI.KI, 𒉺𒋼𒋛𒆠",city,"Babylonia, Iraq",16 A2,"Bagg RGTC 7 3/1: 299, Helsinki Atlas: 11 (map 16 A2), Parpola Toponyms: 176–177, <a href='https://zenodo.org/record/6384045' target='_blank'>Pedersén ANE: Isin (Ishan Bahriyat)</a>, <a href='https://zenodo.org/record/5217600' target='_blank'>CIGS: Isin/Ishān Baḥrīyāt</a>, <a href='https://www.geonames.org/6731770/tall-bahriyat.html' target='_blank'>Geonames: Tall Baḩrīyāt</a>, <a href='https://pleiades.stoa.org/places/912868' target='_blank'>Pleiades: Isin</a>, <a href='http://oracc.museum.upenn.edu/saao/cbd/qpn-x-places/onebigfile.html' target='_blank'>SAAo Glossary: Places (Isin [1])</a>, <a href='http://oracc.museum.upenn.edu/atae/cbd/qpn-x-places/onebigfile.html' target='_blank'>ATAE Glossary: Places (Isin [1])</a>"
2025-07-18-(10-31-36),new,1283,Ismeani,Ismeani,–,–,–,"URU.is-me-a-ni, 𒌷𒄑𒈨𒀀𒉌",town,"Assyria, Nineveh province (?), Iraq",–,"Bagg RGTC 7 2/1: 253, <a href='https://oracc.museum.upenn.edu/atae/szibaniba/P282764' target='_blank'>Billa 083</a>"
2025-07-18-(10-42-12),new,1284,Qabainna,Qabainna,–,–,–,"URU.qa-ba-in-na, 𒌷𒋡𒁀𒅔𒈾",town,"Assyria, Nineveh province (?), Iraq",–,"Bagg RGTC 7 2/2: 484, <a href='http://oracc.museum.upenn.edu/atae/cbd/qpn-x-places/onebigfile.html' target='_blank'>ATAE Glossary: Places (Qabainna [1])</a>, <a href='https://oracc.museum.upenn.edu/atae/szibaniba/P282764' target='_blank'>Billa 083</a>"
2025-07-18-(10-53-28),new,1285,Šal...tu-daʾattu,"Šal...tu-daʾattu, Šal-x-daʾattu",–,–,–,"URU.šal-x-tú-KALAG-tú, 𒌷𒊩x𒌓𒆗𒌓",town,"Assyria, Nineveh province (?), Iraq",–,"Bagg RGTC 7 2/2: 561, <a href='http://oracc.museum.upenn.edu/atae/cbd/qpn-x-places/onebigfile.html' target='_blank'>ATAE Glossary: Places (Šal-x-daʾattu [1])</a>, <a href='https://oracc.museum.upenn.edu/atae/szibaniba/P282764' target='_blank'>Billa 083</a>"
2025-07-18-(11-04-02),new,1286,Bīt-ḫardini,"Bīt-ḫardini, Bit-hardini",–,–,–,"URU.É-ḫar-di-ni, 𒌷𒂍𒄯𒁲𒉌",town,"Assyria, Nineveh province (?), Iraq",–,"Bagg RGTC 7 2/1: 115, <a href='http://oracc.museum.upenn.edu/atae/cbd/qpn-x-places/onebigfile.html' target='_blank'>ATAE Glossary: Places (Bit-hardini [1])</a>, <a href='https://oracc.museum.upenn.edu/atae/szibaniba/P282764' target='_blank'>Billa 083</a>"
2025-07-18-(11-13-02),new,1287,Maza...ate,"Maza...ate, Maza-x-ate",–,–,–,"URU.ma-za-x-a-te, 𒌷𒈠𒍝x𒀀𒋼",town,"Assyria, Nineveh province (?), Iraq",–,"Bagg RGTC 7 2/2: 420, <a href='http://oracc.museum.upenn.edu/atae/cbd/qpn-x-places/onebigfile.html' target='_blank'>ATAE Glossary: Places (Maza-x-ate [1])</a>, <a href='https://oracc.museum.upenn.edu/atae/szibaniba/P282764' target='_blank'>Billa 083</a>"
2025-07-19-(00-01-17),deleted,1106,Dūr-Addu,"Dūr-Addu, Dūr-Adad, Dur-Addu, Dur-Adad",–,–,–,"URU.BÀD-ad-du, 𒌷𒂦𒀜𒁺",town,"Babylonia (?), Iraq (?)",–,Bagg RGTC 7 3/1: 184 (Dūr-Addu ??)
2025-07-19-(00-47-26),edited,1102,Dūr-Nabû,"Dūr-Nabû, Dūr-Nabium",–,–,–,"URU.BÀD-<sup>d</sup>PA, 𒌷𒂦𒀭𒉺",town,"Balīḫ basin, Ḫarrānu province (?), Province of turtānu (?), Syria (?), Turkey (?)",–,Bagg RGTC 7 2/1: 154 (Dūr-Nabû (1))
2025-07-19-(00-47-26),edited,1103,Dūr-Adad-nērārī,"Dūr-Adad-nērārī, Dūr-Adad-nārārī, Tall Fidēn (?), Tell Fidēn (?), Tell Fiden (?), الفيدن (?)",–,35.3633,40.5629,"URU.BÀD-<sup>m</sup>10-ERÍN-TÁḪ, URU.BÀD-<sup>m</sup>10-ERIM-TÁḪ, 𒌷𒂦𒁹𒌋𒂟𒃮",town,"Lāqê, Syria",–,"Bagg RGTC 7 2/1: 147, <a href='https://books.openedition.org/cdf/4513' target='_blank'>MTT I/3: Tall Fiden (aB Bīt-Kapan)</a>"
2025-07-19-(00-47-26),edited,1105,Dūr-Addu,"Dūr-Addu, Dūr-Adad, Dur-Addu, Dur-Adad",–,–,–,"URU.BÀD-ad-du, 𒌷𒂦𒀜𒁺",town,"Babylonia (?), Iraq (?)",–,Bagg RGTC 7 3/1: 184 (Dūr-Addu ??)
2025-07-19-(00-47-26),edited,1107,Purulumzi,"Purulumzi, Purulumzu, Purulimzi, Purulimzu",–,–,–,"KUR.pu-ru-lim-zi, 𒆳𒁍𒊒𒅆𒍣, KUR.pu-ru-lum-zi, 𒆳𒁍𒊒𒈝𒍣, KUR.pu-ru-lu-um-zi, 𒆳𒁍𒊒𒇻𒌝𒍣",territory,Turkey,–,<a href='https://books.openedition.org/cdf/4565' target='_blank'>MTT I/2: Purulumzi</a>
2025-07-19-(00-47-26),edited,1108,Šerešše,"Šerešše, Šereššu",–,–,–,"URU.še-re-še, 𒌷𒊺𒊑𒊺",town,"Katmuḫu, Iraq (?), Syria (?), Turkey (?)",–,<a href='https://books.openedition.org/cdf/4565' target='_blank'>MTT I/2: Šerešše</a>
2025-07-19-(00-47-26),edited,1111,Tuʾmūna,"Tuʾmūna, Tuʾmuna, Tuʾmana, Tuʾumuna",–,–,–,"KUR.tu-uʾ-mu-na, 𒆳𒌅𒀪𒈬𒈾, LÚ.tu-uʾ-mu-na, 𒇽𒌅𒀪𒈬𒈾, LÚ.KUR.tu-uʾ-mu-na, 𒇽𒆳𒌅𒀪𒈬𒈾, LÚ.tu-uʾ-ma-na-a-a, 𒇽𒌅𒀪𒈠𒈾𒀀𒀀, LÚ.tu-uʾ-na-a-a, 𒇽𒌅𒀪𒈾𒀀𒀀, LÚ.KUR.tu-uʾ-mu-na-a-a, 𒇽𒆳𒌅𒀪𒈬𒈾𒀀𒀀","Aramean tribe, territory","Babylonia, Iraq",–,"Bagg RGTC 7 3/2: 570–571, Parpola Toponyms: 358 (Tuʾmuna)"
2025-07-19-(00-47-26),edited,1115,Ḫatḫariba,"Ḫatḫariba, Hathariba, Limmer-iššak-Aššur, Limmir-iššâk-Aššur, Limmir-iššak-Aššur, Līmmir-isšiak-Aššur, Athribis, Tall Aṯrīb, Tell Atrib, Banha, Banhā, بنها",–,30.47059278247387,31.18689067392604,"URU.ḫa-at-ḫa-ri-ba, 𒌷𒄩𒀜𒄩𒊑𒁀, URU.ḫa-at-ḫi-ri-bi, 𒌷𒄩𒀜𒄭𒊑𒁉, URU.li-mer-ÉNSI-aš-šur, 𒌷𒇷𒂇𒉺𒋼𒋛𒀸𒋩, ḥw.t-tꜣ-ḥrj-jb, ḥwt (tꜣ) ḥrj-jb, kmwj, km-wr",city,"Muṣur, Egypt",–,"Bagg RGTC 7 2/1: 221 (Ḫatḫariba), Bagg RGTC 7 2/1: 371 (Limmer-iššak-Aššur), Parpola Toponyms: 157 (Ḫatḫariba), Parpola Toponyms: 227 (Limmir-iššak-Aššur), <a href='https://zenodo.org/record/6384045' target='_blank'>Pedersén ANE: Athribis (Tell Atrib)</a>, <a href='https://pleiades.stoa.org/places/727078' target='_blank'>Pleiades: Athribis (Lower Egypt)</a>, <a href='https://www.geonames.org/9781579/athribis-tell-atrib-southeast-baths-greek-bath.html' target='_blank'>Geonames: Athribis/Tell Atrib</a>, <a href='https://www.geonames.org/359280/banha.html' target='_blank'>Geonames: Banhā</a>, <a href='http://oracc.museum.upenn.edu/rinap/cbd/qpn-x-places/onebigfile.html' target='_blank'>RINAP Glossary: Places (Hathariba [ATHRIBIS])</a>, <a href='http://oracc.museum.upenn.edu/rinap/cbd/qpn-x-places/onebigfile.html' target='_blank'>RINAP Glossary: Places (Limmer-iššak-Aššur)</a>"
2025-07-19-(00-47-26),edited,1116,Nabātu,"Nabātu, Nabâtu, Nabāta, Nabatu, Nabatean",–,–,–,"LÚ.na-ba-a-tu, 𒇽𒈾𒁀𒀀𒌅, LÚ.na-ba-tu, 𒇽𒈾𒁀𒌅, LÚ.na-ba-tú, 𒇽𒈾𒁀𒌓, LÚ.na-bat-a-a, 𒇽𒈾𒁁𒀀𒀀",Aramean tribe,"Babylonia, Iraq",–,"Bagg RGTC 7 3/1: 419–420, Parpola Toponyms: 254, <a href='http://oracc.museum.upenn.edu/saao/cbd/qpn-x-ethnic/onebigfile.html' target='_blank'>SAAo Glossary: Ethnic (Nabataya)</a>, <a href='http://oracc.museum.upenn.edu/rinap/cbd/qpn-x-ethnic/onebigfile.html' target='_blank'>RINAP Glossary: Ethnic (Nabatu)</a>"
2025-07-19-(00-47-26),edited,1118,Sur Muhreh,"Sur Muhreh, Sur Mureh, Sur Muhra, Sūr Muhra, Sūr Murʾeh, Sūr Murʿeh",1,34.312917,42.261264,–,fortress,"Sūḫu, Iraq",–,"Bagg RGTC 7 2/1: 236, <i>Excavations in Iraq 1979-80</i>. Iraq 43/2 (1981): 197 and Map 2 (no. 3), <i>Excavations in Iraq 1981-82</i>. Iraq 45/2 (1983): 203 (Map 2), Morello (2010): <i>Fortificazioni di Frontiera di Epoca Neo-Assira</i>: 213, <a href='https://books.openedition.org/cdf/4487' target='_blank'>MTT I/3: Sur Mureh / Sūr Muhra (HIGEOMES Nr. 201)</a>"
2025-07-19-(00-47-26),edited,1119,Sūzu,"Sūzu, Sūru, Suru",–,–,–,"URU.su-ru (?), 𒌷𒋢𒊒 (?), URU.su-zu (?), 𒌷𒋢𒍪 (?)",town,"Central Assyria (?), Iraq (?)",–,Bagg RGTC 7 2/2: 457 (Sūru 3 (?))
2025-07-19-(00-47-26),edited,1137,Ḫašimur,"Ḫašimur, Hašimur, Jibāl Darāwishkah, Jabal Darawushka, Jibāl Darāwishkah, Silsilat Jibāl Dārah Wīshkah, Darewiškeh Mountains, جبال دراوشكه",–,34.27375,45.26632,"KUR.ḫa-ši-mur, 𒆳𒄩𒅆𒄯",mountain,"Ḫašmar, Iraq",–,"Bagg RGTC 7 2/1: 218–219, Parpola Toponyms: 155, <a href='https://www.geonames.org/97192/jibal-darawishkah.html' target='_blank'>Geonames: Jibāl Darāwishkah</a>, <a href='http://oracc.museum.upenn.edu/riao/cbd/qpn-x-places/onebigfile.html' target='_blank'>RIAo Glossary: Places (Hašimur)</a>"
2025-07-19-(00-47-26),edited,1140,Arsindu,"Arsindu, Arsiandu",–,–,–,"URU.ár-si-an-du, 𒌷𒌒𒋛𒀭𒁺, URU.ár-si-in-du, 𒌷𒌒𒋛𒅔𒁺","city, fortified city","Māzamua, Iran (?), Iraq (?)",–,"Bagg RGTC 7 3/1: 65, Parpola Toponyms: 33, <a href='http://oracc.museum.upenn.edu/riao/cbd/qpn-x-places/onebigfile.html' target='_blank'>RIAo Glossary: Places (Arsiandu)</a>, <a href='http://oracc.museum.upenn.edu/riao/cbd/qpn-x-places/onebigfile.html' target='_blank'>RIAo Glossary: Places (Arsindu)</a>"
2025-07-19-(00-47-26),edited,1141,Nispi,"Nispi, Nišpi, Qandīl Dāġ, Silsilat Jibāl Qandīl, سلسلة جبال قنديل, Jabal Qandīl, جبل قنديل, Kūh-e Avromān (?), Jibāl Hawrāmān (?), Awroman (?), Azroman Dagh (?), Kūh-e Takht-e Ūrāmān (?), Kūh-e Owrāmān (?), Kūh-e Ūrāmān (?), جبال هورامان, کوه تخت اورامان",–,36.51709,45.01986,"KUR.ni-is-pi, 𒆳𒉌𒄑𒉿, KUR.ni-iš-pi, 𒆳𒉌𒅖𒉿, KUR.ni-ís-pi, 𒆳𒉌𒅖𒉿",mountains,"Māzamua, Iraq, Iran",–,"Bagg RGTC 7 3/1: 439, Parpola Toponyms: 269 (Nišpi), <a href='https://www.geonames.org/6779211/silsilat-jibal-qandil.html' target='_blank'>Geonames: Silsilat Jibāl Qandīl</a>, <a href='https://www.geonames.org/95878/silsilat-jibal-hawraman.html' target='_blank'>Geonames: Silsilat Jibāl Hawrāmān</a>, <a href='http://oracc.museum.upenn.edu/riao/cbd/qpn-x-places/onebigfile.html' target='_blank'>RIAo Glossary: Places (Nispi)</a>"
2025-07-19-(00-47-26),edited,1174,Parda,Parda,–,–,–,"URU.pa-ar-da, 𒌷𒉺𒅈𒁕","capital, city","Mannāja, Zikirtu, Iran",–,"Bagg RGTC 7 3/2: 449, Parpola Toponyms: 273, <a href='http://oracc.museum.upenn.edu/riao/cbd/qpn-x-places/onebigfile.html' target='_blank'>RIAo Glossary: Places (Parda)</a>, <a href='http://oracc.museum.upenn.edu/rinap/cbd/qpn-x-places/onebigfile.html' target='_blank'>RINAP Glossary: Places (Parda)</a>"
2025-07-19-(00-47-26),edited,1190,Elaniu,"Elaniu, Jabal Kūnah Gūrig, جبل كونة گورگ, Jabal Kūnākūrik, جبل كوناكورك, Kēw-ē Kunagurg",–,35.73075,45.91057,"KUR.e-la-ni-ú, 𒆳𒂊𒆷𒉌𒌑",mountain,"Māzamua, Iraq",–,"Bagg RGTC 7 3/1: 211–212, Parpola Toponyms: 123, Speiser (1926–1927): <i>Southern Kurdistan in the Annals of Ashurnasirpal and Today</i>. AASOR 8: 27 and map, <a href='https://www.geonames.org/445994/jabal-kunah-gurig.html' target='_blank'>Geonames: Jabal Kūnah Gūrig</a>, <a href='http://oracc.museum.upenn.edu/riao/cbd/qpn-x-places/onebigfile.html' target='_blank'>RIAo Glossary: Places (Elaniu)</a>"
2025-07-19-(00-47-26),edited,1191,Ediru,"Ediru, Edir, Rūdkhāneh-ye Qezeljeh Sū, رودخانه قزلجه سو, Nahr Qizljah Şū, نهر قزلجة صو, Chemî Qzłce, Čam-e Qizilja, Cham-i Qiz‘ua, Āv-e Sīval (?), Nahr Sīwayl (?), Āv-i-Sīwail (?), نهر سيويل, Cham Siwayl (?), چم سويل, Ṟûbarî Sîweyl (?), ڕووبارى سيوەيل, Āveh-ye Šalīr (?), Āveh-ye Shalīr (?), Āw-ē Shiler (?), آوه شلیر, Wādī Shilayr (?), وادي شلير, Ṟubarî Shlêr (?), Nahr Shalar (?), Nahr Shilayr (?)",–,–,–,"ÍD.e-di-ir, 𒀀𒇉𒂊𒁲𒅕, ÍD.e-di-ru, 𒀀𒇉𒂊𒁲𒊒",river,"Māzamua, Iraq, Iran",–,"Bagg RGTC 7 3/2: 749, Parpola Toponyms: 116 (Edir), Speiser (1926–1927): <i>Southern Kurdistan in the Annals of Ashurnasirpal and Today</i>. AASOR 8: 27 and map, <a href='https://www.geonames.org/3060/rudkhaneh-ye-qezeljeh-su.html' target='_blank'>Geonames: Rūdkhāneh-ye Qezeljeh Sū</a>, <a href='https://www.geonames.org/92203/cham-i-qiz-ua.html' target='_blank'>Geonames: Cham-i Qiz‘ua</a>, <a href='https://www.geonames.org/90654/nahr-siwayl.html' target='_blank'>Geonames: Nahr Sīwayl</a>, <a href='https://www.geonames.org/91137/aveh-ye-shalir.html' target='_blank'>Geonames: Āveh-ye Shalīr</a>, <a href='http://oracc.museum.upenn.edu/riao/cbd/qpn-x-waters/onebigfile.html' target='_blank'>RIAo Glossary: Waters (Edir)</a>"
2025-07-19-(00-47-26),edited,1192,Sarun,Sarun,–,–,–,"URU.sa-ru-un, 𒌷𒊓𒊒𒌦",town,"Assyria (?), Iraq (?)",–,"Bagg RGTC 7 2/2: 525–526, Parpola Toponyms: 306, <a href='http://oracc.museum.upenn.edu/atae/cbd/qpn-x-places/onebigfile.html' target='_blank'>ATAE Glossary: Places (Sarun)</a>, <a href='http://oracc.museum.upenn.edu/saao/cbd/qpn-x-places/onebigfile.html' target='_blank'>SAAo Glossary: Places (Sarun)</a>"
2025-07-19-(00-47-26),edited,1208,Niqqu-ša-Tuplijaš,"Niqqu-ša-Tuplijaš, Niqqu-ša-Tupliyaš, Niqqi-ša-Tupliyaš, Niqi-Tubliš, Niqqu of the land Tupliaš, Niqqu-ša-Tuglijaš, Niqqu of the land Tugliaš, Niqqu, Niqum, Nikku, Eslāmābād-e Ġarb (?), Eslāmābād-e Gharb (?), اسلام آباد غرب, Ḫāniqīn (?), Khānaqīn (?), Khāneqīn (?), Khaneqin (?), Kanaqin (?), خانەقين, خانقين, Mandalī (?), Mandali (?), مندلي",–,34.31316,46.17383,"ni-qi tu-ub-li-iš, 𒉌𒆥𒌅𒌒𒇷𒅖, KUR.ni-qi šá KUR.tup-li-áš, 𒆳𒉌𒆥𒃻𒆳𒁾𒇷𒀾, URU.ni-qi-tu-ub-li-iš, 𒌷𒉌𒆥𒌅𒌒𒇷𒅖, URU.ni-qu KUR.tup-li-ia-áš, 𒌷𒉌𒄣𒆳𒁾𒇷𒅀𒀾, URU.ni-qu šá KUR.tup-li-ia-áš, 𒌷𒉌𒄣𒃻𒆳𒁾𒇷𒅀𒀾, URU.niq-qu KUR.tup-li-ia-áš, 𒌷𒊩𒌨𒄣𒆳𒁾𒇷𒅀𒀾, URU.niq-qu ša KUR.tup-li-ia-áš, 𒌷𒊩𒌨𒄣𒊭𒆳𒁾𒇷𒅀𒀾, URU.niq-qu ša KUR.tup-li-áš, 𒌷𒊩𒌨𒄣𒊭𒆳𒁾𒇷𒀾, URU.ni-qu šá KUR.tup-li-áš, 𒌷𒉌𒄣𒃻𒆳𒁾𒇷𒀾, URU.níq-qu ša KUR.tug-li-ia-áš, 𒌷𒃻𒄣𒊭𒆳𒌇𒇷𒅀𒀾","capital, city","Namri, Tuplijaš, Iran, Iraq (?)",11 B2 (Tugliš/Tubliš),"Bagg RGTC 7 3/1: 437–438, Helsinki Atlas: 17 (map 11 B2; Tugliš/Tubliš), Parpola Toponyms: 268 (Niqqu), <a href='https://www.geonames.org/30996/eslamabad-e-gharb.html' target='_blank'>Geonames: Eslāmābād-e Gharb</a>, <a href='https://www.geonames.org/94591/khanaqin.html' target='_blank'>Geonames: Khānaqīn</a>, <a href='https://www.geonames.org/93709/mandali.html' target='_blank'>Geonames: Mandalī</a>, <a href='https://www.ucl.ac.uk/sargon/peoplegodsplaces' target='_blank'>Assyrian empire builders: Niqi-Tubliš</a>, <a href='http://oracc.museum.upenn.edu/saao/cbd/qpn-x-places/onebigfile.html' target='_blank'>SAAo Glossary: Places (Niqi-Tubliš [1])</a>, <a href='http://oracc.museum.upenn.edu/riao/cbd/qpn-x-places/onebigfile.html' target='_blank'>RIAo Glossary: Places (Niqqu ša Tupliyaš [1])</a>, <a href='http://oracc.museum.upenn.edu/rinap/cbd/qpn-x-places/onebigfile.html' target='_blank'>RINAP Glossary: Places (Niqqu ša Tupliyaš [1])</a>, <a href='http://oracc.museum.upenn.edu/atae/cbd/qpn-x-places/onebigfile.html' target='_blank'>ATAE Glossary: Places (Niqqu-ša-Tupliyaš [1])</a>, <a href='http://oracc.museum.upenn.edu/saao/cbd/qpn-x-places/onebigfile.html' target='_blank'>SAAo Glossary: Places (Niqqu-ša-Tupliyaš [1])</a>"
2025-07-19-(00-47-26),edited,1209,Libê,Libê,–,–,–,"URU.li-bé-e, 𒌷𒇷𒁉𒂊",fortified city,"Nimme, Iraq",–,"Bagg RGTC 7 3/1: 372, Parpola Toponyms: 226, <a href='http://oracc.museum.upenn.edu/riao/cbd/qpn-x-places/onebigfile.html' target='_blank'>RIAo Glossary: Places (Libe)</a>"
2025-07-19-(00-47-26),edited,1213,Tall Ṣabī Abiyaḍ,"Tall Ṣabī Abiyaḍ, Tall Ṣabī Ābiyaḍ, Tall Ṣabīy Abyaḍ, Tell Sabi Abyad, تل صبي أبيض, Ṣabī Ābiyaḍ, Ṣabīj Abjaḍ, Ṣabī Abyaḍ, Sabi Abyad, صبي أبيض",1,36.50357120033527,39.09293450530719,–,"fortress, city","Ḫanigalbat, Syria",–,"Akkermans – Limpens – Spoor (1993): <i>On the frontier of Assyria: excavations at Tell Sabi Abyad 1991</i>. Akkadica 84–85: 1–52., <a href='https://www.universiteitleiden.nl/en/research/research-projects/archaeology/tell-sabi-abyad-syria' target='_blank'>Tell Sabi Abyad (Syria). Leiden University.</a>, <a href='https://zenodo.org/record/6384045' target='_blank'>Pedersén ANE: (Tell Sabi Abyad)</a>, <a href='https://www.openstreetmap.org/way/983100829' target='_blank'>OpenStreetMap: Tell Sabi Abyad</a>, <a href='https://books.openedition.org/cdf/4487' target='_blank'>MTT I/3: Tall Sabi Abyad (HIGEOMES Nr. 102)</a>, <a href='https://pleiades.stoa.org/places/413537086' target='_blank'>Pleiades: Tell Sabi Abyad</a>, <a href='https://zenodo.org/record/5217600' target='_blank'>CIGS: Tall Ṣabī Ābiyaḍ</a>, <a href='https://books.openedition.org/cdf/4487' target='_blank'>MTT I/3: Sabi Abyad III (HIGEOMES Nr. 1091)</a>, <a href='https://pleiades.stoa.org/places/293088343' target='_blank'>Pleiades: Tell Sabi Abyad</a>"
2025-07-19-(00-47-26),edited,1268,Asiḫu,"Asiḫu, Asiḫū, Asihu, Asiḫi, Asihi, Ašiḫi (?), Ašihi (?), Ašiḫum (?)",–,–,–,"URU.a-si-ḫi, 𒌷𒀀𒋛𒄭, URU.a-si-ḫi-a-a, 𒌷𒀀𒋛𒄭𒀀𒀀",town,Syria,–,"Bagg RGTC 7 2/1: 75 (Asiḫi 2), Bagg RGTC 7 2/1: 74–75 (Asiḫi 1), Bagg RGTC 7 2/1: 76 (Ašiḫi), <a href='http://oracc.museum.upenn.edu/atae/cbd/qpn-x-ethnic/onebigfile.html' target='_blank'>ATAE Glossary: Ethnic Names (Asihaya [from Asihu])</a>, <a href='http://oracc.museum.upenn.edu/atae/cbd/qpn-x-places/onebigfile.html' target='_blank'>ATAE Glossary: Places (Asihu [1] (GN))</a>, <a href='http://oracc.museum.upenn.edu/atae/cbd/qpn-x-places/onebigfile.html' target='_blank'>ATAE Glossary: Places (Asihu [1] (SN))</a>"
2025-07-19-(00-47-26),edited,1274,Ḫuʾdiadae,"Ḫuʾdiadae, Huʾdiadae",–,–,–,"URU.hu-uʾ-di-a-da-e, 𒌷𒄷𒀪𒁲𒀀𒁕𒂊",town,"Urarṭu, East Azerbaijan (?), Iran",–,"Bagg RGTC 7 3/1: 285, <a href='http://oracc.museum.upenn.edu/saao/cbd/qpn-x-places/onebigfile.html' target='_blank'>SAAo Glossary: Places (Huʾdiadae [1])</a>, <a href='http://oracc.museum.upenn.edu/atae/cbd/qpn-x-places/onebigfile.html' target='_blank'>ATAE Glossary: Places (Huʾdiadae [1])</a>"
2025-07-20-(21-18-23),edited,337,Enzite,"Alzi, Ilzi, Alši, Alze, Alzu, Enzi, Enzite, Enzata, Enzatu, Ḫinzuta, Anzitēnē, Handziṭ, Elâsiğ",2,38.67431,39.22321,"KUR.al-zi, 𒆳𒀠𒍣, KUR.en-zi, 𒆳𒂗𒍣, KUR.en-zi-te, 𒆳𒂗𒍣𒋼, KUR.en-zi-i-te, 𒆳𒂗𒍣𒄿𒋼","region, territory","Urarṭu, Turkey",3 B2,"Helsinki Atlas: 8 (map 3 B2), Bagg RGTC 7 2/1: 40–41 (Alzi), Bagg RGTC 7 2/1: 170–171 (Enzi), Parpola Toponyms: 13–14 (Alzi), Parpola Toponyms: 125 (Enzi; Enzite), Parpola Toponyms: 173 (Ilzi), <a href='https://www.geonames.org/315808/elazig.html' target='_blank'>Geonames: Elazığ</a>, <a href=https://pleiades.stoa.org/places/874328>Pleiades: Anzitene</a>, <a href='https://www.ucl.ac.uk/sargon/peoplegodsplaces' target='_blank'>Assyrian empire builders: Alzi</a>, <a href='http://oracc.museum.upenn.edu/atae/cbd/qpn-x-places/onebigfile.html' target='_blank'>ATAE Glossary: Places (Alzi)</a>, <a href='http://oracc.museum.upenn.edu/saao/cbd/qpn-x-places/onebigfile.html' target='_blank'>SAAo Glossary: Places (Alzi)</a>, <a href='http://oracc.museum.upenn.edu/riao/cbd/qpn-x-places/onebigfile.html' target='_blank'>RIAo Glossary: Places (Alzu)</a>, <a href='http://oracc.museum.upenn.edu/riao/cbd/qpn-x-places/onebigfile.html' target='_blank'>RIAo Glossary: Places (Enzi)</a>, <a href='http://oracc.museum.upenn.edu/rinap/cbd/qpn-x-places/onebigfile.html' target='_blank'>RINAP Glossary: Places (Enzi)</a>, <a href='http://oracc.museum.upenn.edu/riao/cbd/qpn-x-places/onebigfile.html' target='_blank'>RIAo Glossary: Places (Enzite)</a>"
2025-07-20-(21-35-14),edited,502,Išua,"Išua, Isua, Išuwa, Alzi, Enzi, Enzite",2,–,–,"KUR.i-su-a, 𒆳𒄿𒋢𒀀, KUR.i-šu-a, 𒆳𒄿𒋗𒀀",territory,"Urarṭu, Turkey",3 B3,"Bagg RGTC 7 2/1: 258, Helsinki Atlas: 11 (map 3 B3), Parpola Toponyms: 179, <a href='https://books.openedition.org/cdf/4439' target='_blank'>MTT I/2: Išua (HIGEOMES Nr. –)</a>, a href='http://oracc.museum.upenn.edu/riao/cbd/qpn-x-places/onebigfile.html' target='_blank'>RIAo Glossary: Places (Išua [1])</a>"
2025-07-28-(17-49-49),edited,485,Immiu,"Immiu, Immiḫa, Immiha, Ammiya, ʿAmyūn, Amyūn, Amyun, Amioûn, Amioun, أميون, Ummu (?), ʿmʾ (?), Imma (?), Yenişehir (?), Yenisehir (?), Yen Chehir (?), El Birke (?)",1,34.3,35.80889,"URU.im-mi-i-ḫa, 𒌷𒅎𒈪𒄿𒄩, URU.im-mi-u, 𒌷𒅎𒈪𒌋",city,"Ḫamāt, Lebanon, Turkey (?)",8 A2,"Bagg RGTC 7 1: 114–115, Helsinki Atlas: 11 (map 8 A2), Parpola Toponyms: 174, Parpola Toponyms: 173 (Immiḫa), <a href='https://www.geonames.org/278936/amioun.html' target='_blank'>Geonames: Amioûn</a>, <a href='https://www.geonames.org/296941/yenisehir.html' target='_blank'>Geonames: Yenişehir</a>, <a href='https://pleiades.stoa.org/places/658486' target='_blank'>Pleiades: Imma</a>, <a href='https://www.ucl.ac.uk/sargon/peoplegodsplaces' target='_blank'>Assyrian empire builders: Immiu</a>, <a href='http://oracc.museum.upenn.edu/atae/cbd/qpn-x-places/onebigfile.html' target='_blank'>ATAE Glossary: Places (Immiu [1])</a>, <a href='http://oracc.museum.upenn.edu/saao/cbd/qpn-x-places/onebigfile.html' target='_blank'>SAAo Glossary: Places (Immiu [1])</a>"
2025-07-28-(18-24-18),edited,79,Anzaria,"Anzaria, Anzar, Kār-Adad, Kar-Adad, Kār-Ištar (?), Kar-Ištar (?), Kār-Issār (?), Kar-Issar (?)",–,–,–,"URU.an-za-ri-a, 𒌷𒀭𒍝𒊑𒀀, URU.kar-<sup>d</sup>IŠKUR, 𒌷𒋼𒀀𒀭𒅎, URU.kar-<sup>d</sup>iš-tar (?), 𒌷𒋼𒀀𒀭𒅖𒋻 (?)",fortress,"Mādāja, Ḫarḫār, Iran",–,"Bagg RGTC 7 3/1: 44, Parpola Toponyms: 20, Radner (2018): <i>The “Lost Tribes of Israel” in the Context of the Resettlement Programme of the Assyrian Empire</i>: 110, <a href='http://oracc.museum.upenn.edu/riao/cbd/qpn-x-places/onebigfile.html' target='_blank'>RIAo Glossary: Places (Anzaria [1])</a>, <a href='http://oracc.museum.upenn.edu/rinap/cbd/qpn-x-places/onebigfile.html' target='_blank'>RINAP Glossary: Places (Anzaria [1])</a>"
2025-07-28-(18-24-18),edited,836,Bīt-Sangibūti,"Bīt-Sangibūti, Sangibūtu, Singibūtu, Šingibutu, Bīt-Singibūti, Singibūti, Sangibūti, Šāhābād Plain, Eslāmābād-e Gharb, اسلام آباد غرب, Šāhābād-e Ġarb, شاه آباد غرب",2,34.1089,46.52988,"KUR.É-sa-an-gi-bu-te, 𒆳𒂍𒊓𒀭𒄀𒁍𒋼, KUR.É-sa-an-gi-bu-ti, 𒆳𒂍𒊓𒀭𒄀𒁍𒋾, KUR.É-si-in-gi-bu-ti, 𒆳𒂍𒋛𒅔𒄀𒁍𒋾, KUR.sa-an-gi-bu-ti, 𒆳𒊓𒀭𒄀𒁍𒋾, KUR.si-in-gi-bu-ti, 𒆳𒋛𒅔𒄀𒁍𒋾, KUR.si-in-gi-bu-te, 𒆳𒋛𒅔𒄀𒁍𒋼, KUR.si-in-gi-bu-tú, 𒆳𒋛𒅔𒄀𒁍𒌓, KUR.sin-gi-bu-te, 𒆳𒌍𒄀𒁍𒋼, KUR.šin-gi-bu-tú, 𒆳𒊿𒄀𒁍𒌓, URU.É-sa-an-gi-bu-ti, 𒌷𒂍𒊓𒀭𒄀𒁍𒋾, KUR.sin-gi-bu-ta-a-a, 𒆳𒌍𒄀𒁍𒋫𒀀𒀀",territory,"Mādāja, Ḫarḫār, Iran",11 B2,"Bagg RGTC 7 3/1: 148–149 (Bīt-Sangibūti 1), Helsinki Atlas: 16; 30 (Sangibūtu (2); map 11 B2), Parpola Toponyms: 88 (Bīt-Sangibūti), Parpola Toponyms: 303 (Sangibutu), Zimansky (1990): <i>Urartian Geography and Sargon's Eighth Campaign</i>. JANES 49/1: 15, <a href='https://www.geonames.org/30996/eslamabad-e-gharb.html' target='_blank'>Geonames: Eslāmābād-e Gharb</a>, <a href='https://www.ucl.ac.uk/sargon/peoplegodsplaces' target='_blank'>Assyrian empire builders: Šingibutu</a>, <a href='http://oracc.museum.upenn.edu/riao/cbd/qpn-x-ethnic/onebigfile.html' target='_blank'>RIAo Glossary: Ethnic (Bit-Sangibutayu [OF BIT-SANGIBUTU])</a>, <a href='http://oracc.museum.upenn.edu/rinap/cbd/qpn-x-ethnic/onebigfile.html' target='_blank'>RINAP Glossary: Ethnic (Bit-Sangibutayu [OF BIT-SANGIBUTU])</a>, <a href='http://oracc.museum.upenn.edu/riao/cbd/qpn-x-places/onebigfile.html' target='_blank'>RIAo Glossary: Places (Bit-Sangibuti)</a>, <a href='http://oracc.museum.upenn.edu/rinap/cbd/qpn-x-places/onebigfile.html' target='_blank'>RINAP Glossary: Places (Bit-Sangibuti)</a>, <a href='http://oracc.museum.upenn.edu/atae/cbd/qpn-x-places/onebigfile.html' target='_blank'>ATAE Glossary: Places (Šingibutu)</a>, <a href='http://oracc.museum.upenn.edu/saao/cbd/qpn-x-places/onebigfile.html' target='_blank'>SAAo Glossary: Places (Šingibutu)</a>"
2025-07-28-(18-51-12),new,1288,Anzalia,Anzalia,–,–,–,"URU.an-za-li-a, 𒌷𒀭𒍝𒇷𒀀",fortified city,"Urarṭu, Aiadi, Iran",–,"Bagg RGTC 7 3/1: 43, Parpola Toponyms: 20, <a href='http://oracc.museum.upenn.edu/riao/cbd/qpn-x-places/onebigfile.html' target='_blank'>RIAo Glossary: Places (Anzalia [1])</a>, <a href='http://oracc.museum.upenn.edu/rinap/cbd/qpn-x-places/onebigfile.html' target='_blank'>RINAP Glossary: Places (Anzalia [1])</a>"
2025-07-28-(19-27-04),edited,496,Issēte,"Issētu, Issetu, Issēte, Issete, Issutu, Anatu, Šaqlāwa, Šaqlawa, Shaqlāwah, Shaqlawa, شقلاوة, Qaḑā’ Shaqlāwah, قضاء شقلاوة, Qeza-î Sheqławe, Qeza-i Sheqlawe, قەزاى شەقڵاوە",4,36.39676,44.3443,"URU.1-te, 𒌷𒁹𒋼, URU.1-tú, 𒌷𒁹𒌓, URU.PÚ-te, 𒌷𒇥𒋼",town,"Assyria, Iraq",4 D5,"Bagg RGTC 7 2/1: 254–255, Bagg RGTC 7 3/2: 966 (Add. to RGTC 7/2), Helsinki Atlas: 11 (map 4 D5), Parpola Toponyms: 18–19 (Anatu), <a href='https://www.geonames.org/9166591/shaqlawa.html' target='_blank'>Geonames: Shaqlawa</a>, <a href='http://oracc.museum.upenn.edu/saao/knpp/peoplegodsplaces/index.html' target='_blank'>Knowledge and Power: Issete</a>, <a href='https://www.ucl.ac.uk/sargon/peoplegodsplaces' target='_blank'>Assyrian empire builders: Issete</a>, <a href='http://oracc.museum.upenn.edu/saao/cbd/qpn-x-places/onebigfile.html' target='_blank'>SAAo Glossary: Places (Issete [1])</a>, <a href='http://oracc.museum.upenn.edu/saao/cbd/qpn-x-places/onebigfile.html' target='_blank'>SAAo Glossary: Places (Issetu [1])</a>, <a href='http://oracc.museum.upenn.edu/atae/cbd/qpn-x-places/onebigfile.html' target='_blank'>ATAE Glossary: Places (Issetu [1])</a>"
2025-07-29-(11-08-26),new,1289,Isparirra,"Isparirra, Išparirra, Išparira, Tall Dairik, Tell Derek, Tall Dayrij, تل ديرج",–,36.49103073922282,43.21036664867358,"URU.is-pa-ri-ir-ra, 𒌷𒄑𒉺𒊑𒅕𒊏, URU.iš-pa-ri-ra, 𒌷𒅖𒉺𒊑𒊏",town,"Assyria, Iraq",–,"Bagg RGTC 7 2/1: 253–254, Parpola Toponyms: 177, <a href='https://zenodo.org/record/6384045' target='_blank'>Pedersén ANE: (Tell Derek)?</a>, <a href='https://www.geonames.org/6860591/qaryat-dayrij.html' target='_blank'>Geonames: Qaryat Dayrij</a>, <a href='http://oracc.museum.upenn.edu/rinap/cbd/qpn-x-places/onebigfile.html' target='_blank'>RINAP Glossary: Places (Isparirra [1])</a>, <a href='http://oracc.museum.upenn.edu/riao/cbd/qpn-x-places/onebigfile.html' target='_blank'>RIAo Glossary: Places (Isparirra [1])</a>, <a href='http://oracc.museum.upenn.edu/atae/cbd/qpn-x-places/onebigfile.html' target='_blank'>ATAE Glossary: Places (Išparita [1])</a>"
2025-07-29-(11-32-11),edited,1135,Qarkasia,"Qarkasia, Karkasia, Kār-kaššî (?), Kar-kašši (?)",–,–,–,"KUR.qar-ka-si-a, 𒆳𒃼𒅗𒋛𒀀, KUR.kàr-ka-si-a, 𒆳𒃼𒅗𒋛𒀀, URU.qar-ka-si-a, 𒌷𒃼𒅗𒋛𒀀, URU.kàr-ka-si-a, 𒌷𒃼𒅗𒋛𒀀","city, territory, country","Mādāja, Iran",–,"Bagg RGTC 7 3/2: 470, Parpola Toponyms: 284, <a href='http://oracc.museum.upenn.edu/riao/cbd/qpn-x-places/onebigfile.html' target='_blank'>RIAo Glossary: Places (Qarkasia)</a>, <a href='http://oracc.museum.upenn.edu/rinap/cbd/qpn-x-places/onebigfile.html' target='_blank'>RINAP Glossary: Places (Qarkasia)</a>"
2025-07-29-(11-32-11),edited,235,Bīt-Šilāni,"Bīt-Šilāni, Bit-Šilani, Bīt-Silāni, Bīt-Ašillāni, Bīt-Šillāni, Bīt-Sillāni, Šilāni, Silāni",–,–,–,"A-<sup>m</sup>si-la-a-ni, 𒀀𒁹𒋛𒆷𒀀𒉌, <sup>m</sup>ši-la-a-ni, 𒁹𒅆𒆷𒀀𒉌, KUR.É-si-la-a-ni, 𒆳𒂍𒋛𒆷𒀀𒉌, KUR.É-ši-la-a-ni, 𒆳𒂍𒅆𒆷𒀀𒉌, KUR.É-<sup>m</sup>a-šil-a-ni, 𒆳𒂍𒁹𒀀𒋻𒀀𒉌, KUR.É-<sup>m</sup>si-la-a-ni, 𒆳𒂍𒁹𒋛𒆷𒀀𒉌, KUR.É-<sup>m</sup>ši-la-a-ni, 𒆳𒂍𒁹𒅆𒆷𒀀𒉌, KUR.É-<sup>m</sup>ši-la-nu, 𒆳𒂍𒁹𒅆𒆷𒉡, KUR.É-ši-la-nu, 𒆳𒂍𒅆𒆷𒉡, KUR.É-<sup>m</sup>šil-a-ni, 𒆳𒂍𒁹𒋻𒀀𒉌, KUR.É-<sup>m</sup>šil-la-na, 𒆳𒂍𒁹𒋻𒆷𒈾, KUR.si-la-a-ni<sub>7</sub>, 𒆳𒋛𒆷𒀀𒉏, KUR.É-si-la-a-ni<sub>7</sub>, 𒆳𒂍𒋛𒆷𒀀𒉏","territory, country, Chaldean tribe","Southern Babylonia, Iraq",–,"Bagg RGTC 7 3/1: 151–152 (Bīt-Šillāni), Parpola Toponyms: 89, <a href='https://www.ucl.ac.uk/sargon/peoplegodsplaces' target='_blank'>Assyrian empire builders: Bit-Šilani</a>"
2025-07-29-(11-32-11),edited,240,Bīt-Zualza,"Bīt-Zualzaš, Bit-Zualzaš, Bīt-Zualza, Bit-Zualza, Bīt-Balza",3,–,–,"KUR.É-zu-al-za, 𒆳𒂍𒍪𒀠𒍝, KUR.É-zu-al-za-áš, 𒆳𒂍𒍪𒀠𒍝𒀾, URU.É-zu-al-za-áš, 𒌷𒂍𒍪𒀠𒍝𒀾","territory, country","Bīt-Sangibūti (?), Iran",11 C2,"Bagg RGTC 7 3/1: 157–158 (Bīt-Zualzaš), Helsinki Atlas: 8 (map 11 C2), Parpola Toponyms: 78 (Bīt-Balza), Parpola Toponyms: 92 (Bīt-Zualzaš), <a href='https://www.geonames.org/753/mahidasht.html' target='_blank'>Geonames: Māhīdasht</a>, <a href='https://www.geonames.org/131962/harsin.html' target='_blank'>Geonames: Harsīn</a>, <a href='https://www.ucl.ac.uk/sargon/peoplegodsplaces' target='_blank'>Assyrian empire builders: Bit-Zualza</a>, <a href='http://oracc.museum.upenn.edu/atae/cbd/qpn-x-places/onebigfile.html' target='_blank'>ATAE Glossary: Places (Bit-Zualza)</a>, <a href='http://oracc.museum.upenn.edu/saao/cbd/qpn-x-places/onebigfile.html' target='_blank'>SAAo Glossary: Places (Bit-Zualza)</a>, <a href='http://oracc.museum.upenn.edu/riao/cbd/qpn-x-places/onebigfile.html' target='_blank'>RIAo Glossary: Places (Bit-Zualzaš)</a>, <a href='http://oracc.museum.upenn.edu/rinap/cbd/qpn-x-places/onebigfile.html' target='_blank'>RINAP Glossary: Places (Bit-Zualzaš)</a>"
2025-07-29-(11-32-11),edited,328,Elamtu,"Elam, Elamtu",1,–,–,–,"territory, country",–,17 A1,Helsinki Atlas: 8 (map 17 A1)
2025-07-29-(11-32-11),edited,472,Iaʾūdu,"Iaʾūdu, Jaʾūdu, Yehūdā, Judah",1,–,–,–,"territory, country",Israel,14 B2,Helsinki Atlas: 10 (map 14 B2)
2025-07-29-(11-32-11),edited,548,Kār-kaššî,"Kār-kaššî, Kar-kaššî, Kar-kašši, Kār-Kaššî, Kar-Kaššî, Kar-Kašši, Karkaššî, Karkašši, Qarkasia (?)",–,–,–,"kar-kaš-ši-i, 𒋼𒀀𒁉𒅆𒄿, KUR.kar-ka-ši-e, 𒆳𒋼𒀀𒅗𒅆𒂊, KUR.kar-kaš-ši-e, 𒆳𒋼𒀀𒁉𒅆𒂊, KUR.kar-kaš-ši-i, 𒆳𒋼𒀀𒁉𒅆𒄿, KUR.kar-kaš-šá-a-a, 𒆳𒋼𒀀𒁉𒃻𒀀𒀀, URU.kar-kaš-ši-i, 𒌷𒋼𒀀𒁉𒅆𒄿","city, territory, country","Mādāja, Iran",–,"Bagg RGTC 7 3/1: 327–328, Parpola Toponyms: 197, <a href='http://oracc.museum.upenn.edu/saao/knpp/peoplegodsplaces/index.html' target='_blank'>Knowledge and Power: Kar-kašši</a>, <a href='http://oracc.museum.upenn.edu/saao/cbd/qpn-x-ethnic/onebigfile.html' target='_blank'>SAAo Glossary: Ethnic (Kar-Kaššaya)</a>, <a href='http://oracc.museum.upenn.edu/atae/cbd/qpn-x-places/onebigfile.html' target='_blank'>ATAE Glossary: Places (Kar-Kašši)</a>, <a href='http://oracc.museum.upenn.edu/saao/cbd/qpn-x-places/onebigfile.html' target='_blank'>SAAo Glossary: Places (Kar-Kašši)</a>"
2025-07-29-(11-32-11),edited,602,Kūsu,"Kūsu, Kusu, Kāšu, Kush, Cush, Kuš, Meluḫḫa, Meluhha, Meluḫḫu, Meluhhu, Melaḫḫa, Melahha, Emeluḫḫa, Emeluhha, Aethiopia, Nubia",1,–,–,"ku-sa-a, 𒆪𒊓𒀀, ku-sa-a-a, 𒆪𒊓𒀀𒀀, ku-sa-a-a-te, 𒆪𒊓𒀀𒀀𒋼, KUR.ku-si, 𒆳𒆪𒋛, KUR.ku-su, 𒆳𒆪𒋢, KUR.ku-ši, 𒆳𒆪𒅆, KUR.ku-u-si, 𒆳𒆪𒌋𒋛, KUR.ku-u-su, 𒆳𒆪𒌋𒋢, KUR.ku-ú-si, 𒆳𒆪𒌑𒋛, KUR.ku-ú-su, 𒆳𒆪𒌑𒋢, KUR.ku-ú-ši, 𒆳𒆪𒌑𒅆, KUR.ku-ú-šú, 𒆳𒆪𒌑𒋙, KUR.ku-sa-a-a, 𒆳𒆪𒊓𒀀𒀀, KUR.ku-sa-a-e , 𒆳𒆪𒊓𒀀𒂊, URU.ku-ú-si, 𒌷𒆪𒌑𒋛","territory, country","Nubia, Egypt, Sudan",–,"Bagg RGTC 7 2/1: 356–358, <a href='https://pleiades.stoa.org/places/827790769' target='_blank'>Pleiades: Kush (kingdom)</a>, <a href='http://oracc.museum.upenn.edu/saao/knpp/peoplegodsplaces/index.html' target='_blank'>Knowledge and Power: Cush; Kush</a>, <a href='https://www.ucl.ac.uk/sargon/peoplegodsplaces' target='_blank'>Assyrian empire builders: Cush; Kush</a>, <a href='http://oracc.museum.upenn.edu/atae/cbd/qpn-x-places/onebigfile.html' target='_blank'>ATAE Glossary: Places (Kusu [KUSH; NUBIA])</a>, <a href='http://oracc.museum.upenn.edu/saao/cbd/qpn-x-places/onebigfile.html' target='_blank'>SAAo Glossary: Places (Kusu [KUSH; NUBIA])</a>, <a href='http://oracc.museum.upenn.edu/riao/cbd/qpn-x-places/onebigfile.html' target='_blank'>RIAo Glossary: Places (Kusu [KUSH])</a>, <a href='http://oracc.museum.upenn.edu/rinap/cbd/qpn-x-places/onebigfile.html' target='_blank'>RINAP Glossary: Places (Kusu [KUSH])</a>"
2025-07-29-(11-32-11),edited,673,Meluḫḫa,"Meluḫḫa, Meluhha, Meluḫḫu, Meluhhu, Melaḫḫa, Melahha, Emeluḫḫa, Emeluhha, Kūsu, Kusu, Kāšu, Kush, Cush, Kuš, Aethiopia, Nubia",1,–,–,"me-luḫ-ḫa, KUR.me-luḫ, KUR.me-luḫ-ḫa, KUR.me-luḫ-ḫi, KUR.mi-luḫ-ḫa, KUR.me-luḫ-ḫe, KUR.me-luḫ-ḫe-e, KUR.me-luḫ-ḫe-e.KI, LÚ.me-luḫ-ḫe-e, KUR.eme-luḫ-ḫa, KUR.me-lu-ḫi, KUR.me-luḫ-x-ḫa","territory, country","Nubia, Egypt, Sudan, India",–,"Bagg RGTC 7 2/2: 422–424, <a href='https://pleiades.stoa.org/places/827790769' target='_blank'>Pleiades: Kush (kingdom)</a>"
2025-07-29-(11-32-11),edited,990,Nimme,"Nimme, Tumme, Nimun, Bītwāta, Bitwātā, Betwata, Bētwātah, Bêtwate, بتواتا, Bardi Sanjian Bitwata",2,36.33984,44.70281,"KUR.NIM-me, KUR.tum₄-me, 𒆳𒉏𒈨","territory, country",Iraq,4 D5,"Bagg RGTC 7 3/1: 435 (Nimme (?) and Tumme 2), Helsinki Atlas: 17 (map 4 D5), Parpola Toponyms: 359 (Tumme), <a href='https://www.geonames.org/97691/bitwatah.html' target='_blank'>Geonames: Bītwātah</a>, <a href='https://zenodo.org/record/5217600' target='_blank'>CIGS: Bitwātā</a>, <a href='https://www.geonames.org/97692/bitwata.html' target='_blank'>Geonames: Bitwātā</a>, <a href='http://oracc.museum.upenn.edu/riao/cbd/qpn-x-places/onebigfile.html' target='_blank'>RIAo Glossary: Places (Tummu)</a>"
2025-07-29-(16-25-44),edited,469,Iasūbu,"Iasūbu, Jasūbu, Jasubu, Jašubu, Yasubu, Yasupi, Yašubu",2,–,–,"KUR.ia-su-bi, 𒆳𒅀𒋢𒁉, KUR.ia-su-pi, 𒆳𒅀𒋢𒉿, KUR.ia-su-pu, 𒆳𒅀𒋢𒁍, KUR.ia-šu-bu, 𒆳𒅀𒋗𒁍, ia-su-ba-a-a, 𒅀𒋢𒁀𒀀𒀀, KUR.ia-su-ba-a-a, 𒆳𒅀𒋢𒁀𒀀𒀀, iá-a-šu-ba-a-a, 𒐊𒀀𒋗𒁀𒀀𒀀","mountain, territory",Iran,11 A3,"Bagg RGTC 7 2/1: 272–273 (Jasubu), Helsinki Atlas: 10 (map 11 A3), Parpola Toponyms: 185 (Jasubu), <a href='http://oracc.museum.upenn.edu/saao/cbd/qpn-x-places/onebigfile.html' target='_blank'>SAAo Glossary: Places (Yasubu [1])</a>, <a href='http://oracc.museum.upenn.edu/saao/cbd/qpn-x-places/onebigfile.html' target='_blank'>SAAo Glossary: Places (Yasubu [Mount Yasubu])</a>, <a href='http://oracc.museum.upenn.edu/riao/cbd/qpn-x-places/onebigfile.html' target='_blank'>RIAo Glossary: Places (Yasubu [Mount Yasubu])</a>, <a href='http://oracc.museum.upenn.edu/atae/cbd/qpn-x-places/onebigfile.html' target='_blank'>ATAE Glossary: Places (Yasubu [Mount Yasubu])</a>, <a href='http://oracc.museum.upenn.edu/atae/cbd/qpn-x-ethnic/onebigfile.html' target='_blank'>ATAE Glossary: Ethnic Names (Yasubaya [of Yasubu])</a>, <a href='http://oracc.museum.upenn.edu/saao/cbd/qpn-x-ethnic/onebigfile.html' target='_blank'>SAAo Glossary: Ethnic Names (Yasubaya [of Yasubu])</a>, <a href='http://oracc.museum.upenn.edu/saao/cbd/qpn-x-ethnic/onebigfile.html' target='_blank'>SAAo Glossary: Ethnic Names (Yašubaya [1])</a>"
2025-07-29-(16-42-53),new,1290,Jasume,"Jasume, Yasume",–,–,–,"KUR.ia-su-me, 𒌷𒅀𒋢𒈨",town,"Turkey, Syria (?)",–,"Bagg RGTC 7 2/1: 273 (Jasume 1), Parpola Toponyms: 349 (Tasume), <a href='http://oracc.museum.upenn.edu/saao/cbd/qpn-x-places/onebigfile.html' target='_blank'>SAAo Glossary: Places (Yasumu [1])</a>"
2025-07-29-(17-32-29),new,1291,Jasubigallu,"Jasubigallu, Iasubigallu, Yasubigallu, Jasubigallāja, Jasubigallāju, Yasubigallayu, Yasubigallian",–,–,–,"ia-su-bi-gal-la-a-a, 𒅀𒋢𒁉𒃲𒆷𒀀𒀀, LÚ.ia-su-bi-gal-la-a-a, 𒇽𒅀𒋢𒁉𒃲𒆷𒀀𒀀","country, territory","Iraq, Iran",–,"Bagg RGTC 7 2/1: 272, Parpola Toponyms: 185 (Jasubigallāja), <a href='http://oracc.museum.upenn.edu/riao/cbd/qpn-x-ethnic/onebigfile.html' target='_blank'>RIAo Glossary: Ethnic Names (Yasubigallayu [Yasubigallian])</a>, <a href='http://oracc.museum.upenn.edu/rinap/cbd/qpn-x-ethnic/onebigfile.html' target='_blank'>RINAP Glossary: Ethnic Names (Yasubigallayu [Yasubigallian])</a>"
2025-07-29-(17-47-07),new,1292,Argada,Argada,–,–,–,"URU.ar-ga-da, 𒌷𒅈𒂵𒁕",town,"Dēru, Iraq, Iran (?)",–,"Bagg RGTC 7 2/1: 60, Parpola Toponyms: 28, <a href='http://oracc.museum.upenn.edu/saao/cbd/qpn-x-places/onebigfile.html' target='_blank'>SAAo Glossary: Places (Argada [1])</a>, <a href='http://oracc.museum.upenn.edu/atae/cbd/qpn-x-places/onebigfile.html' target='_blank'>ATAE Glossary: Places (Argada [1])</a>"
2025-07-29-(18-29-12),edited,483,Illubru,"Illubru, Illubri, Ilipra, Ellibir (?), Olymbros, Lampron, Namrun, Namrun Kalesi",1,37.16704,34.60218,"URU.il-lu-ub-ri, 𒌷𒅋𒇻𒌒𒊑, URU.il-lu-ub-ru, 𒌷𒅋𒇻𒌒𒊒",city,"Quwê, Ḫilakku (?), Turkey",1 D4,"Bagg RGTC 7 1: 114, Helsinki Atlas: 10 (map 1 D4), Parpola Toponyms: 173, <a href='https://www.geonames.org/10632458/namrun-kalesi.html' target='_blank'>Geonames: Namrun Kalesi</a>, <a href='https://pleiades.stoa.org/places/911351382' target='_blank'>Pleiades: Illubru</a>, <a href='http://oracc.museum.upenn.edu/rinap/cbd/qpn-x-places/onebigfile.html' target='_blank'>RINAP Glossary: Places (Illubru [1])</a>, <a href='http://oracc.museum.upenn.edu/riao/cbd/qpn-x-places/onebigfile.html' target='_blank'>RIAo Glossary: Places (Illubru [1])</a>"
2025-07-29-(22-08-06),new,1293,Ellibir,"Ellibir, Halbur, Odur Kalesi (?), Kayaburun (?)",5,39.284729,38.018967,"URU.el-li-bir, 𒌷𒂖𒇷𒄵",fortress,"Melīdi, Kammānu, Turkey",–,"Bagg RGTC 7 1: 65–66, Parpola Toponyms: 123, <a href='https://publikationen.badw.de/de/rla/index' target='_blank'>Unger RlA 2: 357 (Ellibir)</a>, <a href='https://vici.org/vici/7425/?lang=en' target='_blank'>Vici.org: Odur Kalesi</a>, <a href='https://pleiades.stoa.org/places/629047' target='_blank'>Pleiades: Odur Kalesi</a>, <a href='https://www.geonames.org/308671/kayaburun.html' target='_blank'>Geonames: Kayaburun</a>, <a href='https://pleiades.stoa.org/places/988674926' target='_blank'>Pleiades: Ellibir</a>, <a href='http://oracc.museum.upenn.edu/riao/cbd/qpn-x-places/onebigfile.html' target='_blank'>RIAo Glossary: Places (Ellibir [1])</a>, <a href='http://oracc.museum.upenn.edu/rinap/cbd/qpn-x-places/onebigfile.html' target='_blank'>RINAP Glossary: Places (Ellibir [1])</a>"
2025-07-29-(22-42-24),new,1294,Šindarara,"Šindarara, Sindarara, fortress",–,39.4703799,37.8807432,"URU.ši-in-da-ra-ra, 𒌷𒅆𒅔𒁕𒊏𒊏",fortress,"Melīdi, Kammānu, Turkey",–,"Bagg RGTC 7 1: 240, Parpola Toponyms: 336, <a href='https://pleiades.stoa.org/places/988674927' target='_blank'>Pleiades: Šindarara</a>, <a href='https://www.geonames.org/300750/sincan.html' target='_blank'>Geonames: Sincan</a>, <a href='http://oracc.museum.upenn.edu/riao/cbd/qpn-x-places/onebigfile.html' target='_blank'>RIAo Glossary: Places (Šindarara [1])</a>, <a href='http://oracc.museum.upenn.edu/rinap/cbd/qpn-x-places/onebigfile.html' target='_blank'>RINAP Glossary: Places (Šindarara [1])</a>"
2025-07-29-(23-50-02),edited,978,Tilgarimmu,"Tilgarimmu, Til-garimmu, Til-Garimmu, Til-garimme, Tīl-Garimme, Tagari, Ta-garimmu, Tegarama, Tagarama, Takarama, Lakarma, Lukarma, Gauraina, Gauraene, Tōgarmâ, Tôgarmāh, Togarma, Togarmah, תֹּגַרְמָה, Gürün, Gurun, İnönü, Inonu, Akçadağ (?), Arga (?)",3,38.72225,37.27097,"URU.DU₆-ga-ri-im-me, 𒌷𒇯𒂵𒊑𒅎𒈨, URU.DU₆-ga-rim-me, 𒌷𒇯𒂵𒆸𒈨, URU.DU₆-ga-rim-mu, 𒌷𒇯𒂵𒆸𒈬, URU.ta-ga-ri-im-mu, 𒌷𒋫𒂵𒊑𒅎𒈬","city, fortified city, prov. capital, province (?)","Melīdi, Kammānu, Turkey",2 D2,"Bagg RGTC 7 1: 256–257, Helsinki Atlas: 17 (map 2 D2), Parpola Toponyms: 353–354, Parpola Toponyms: 343 (Tagari), Yamada (2006): <i>The City of Togarma in Neo-Assyrian Sources</i>. Altorientalische Forschungen 33: 223–236, <a href='https://www.geonames.org/313314/gueruen.html' target='_blank'>Geonames: Gürün</a>, <a href='https://pleiades.stoa.org/places/628982' target='_blank'>Pleiades: Gauraina</a>, <a href='https://www.geonames.org/324953/akcadag.html' target='_blank'>Geonames: Akçadağ</a>, <a href='http://oracc.museum.upenn.edu/riao/cbd/qpn-x-places/onebigfile.html' target='_blank'>RIAo Glossary: Places (Til-garimmu [1])</a>, <a href='http://oracc.museum.upenn.edu/rinap/cbd/qpn-x-places/onebigfile.html' target='_blank'>RINAP Glossary: Places (Til-garimmu [1])</a>"
2025-07-30-(13-01-39),edited,956,Tarzi,"Tarzi, Tarzu, Tarsa, Tarša, trz, 𐡕𐡓𐡆, Tarsisi (?), Taršîš (?), Taršiš (?), Tarshish (?), תַּרְשִׁישׁ, tršš (?), 𐤕𐤓𐤔𐤔, Tharsis (?), Tarsis (?), Θαρσεῖς (?), Tharseis (?), Tarsos, Ταρσός, Antiocheia in Persis, Antiocheia pros Kydnō, Iouliopolis, Tarsus, Antiochia ad Cydnum, Ṭarsus, Ṭarsūs, طرسوس, Tārsūs, تارسوس, Gözlü Kule, Gözlükule, Gozlukule",1,36.91242262888753,34.89592313714341,"URU.ta-ar-zu, 𒌷𒋫𒅈𒍪, URU.tar-zi, 𒌷𒋻𒍣, trz, 𐡕𐡓𐡆, tršš (?), 𐤕𐤓𐤔𐤔",city,"Quwê, Turkey",1 D4,"Bagg RGTC 7 1: 251–252 (Tarzu), Helsinki Atlas: 17 (map 1 D4), Parpola Toponyms: 349, <a href='https://zenodo.org/record/6384045' target='_blank'>Pedersén ANE: Tarsa / Tarsos (Gözlü Kule)</a>, <a href='https://zenodo.org/record/5217600' target='_blank'>CIGS: Gözlükule</a>, <a href='https://pleiades.stoa.org/places/648789' target='_blank'>Pleiades: Tarsus/Antiochia ad Cydnum</a>, <a href='https://www.geonames.org/10630870/goezluekule.html' target='_blank'>Geonames: Gözlükule</a>, <a href='https://www.geonames.org/299817/tarsus.html' target='_blank'>Geonames: Tarsus</a>, <a href='http://oracc.museum.upenn.edu/riao/cbd/qpn-x-places/onebigfile.html' target='_blank'>RIAo Glossary: Places (Tarzu [Tarsus])</a>, <a href='http://oracc.museum.upenn.edu/rinap/cbd/qpn-x-places/onebigfile.html' target='_blank'>RINAP Glossary: Places (Tarzu [Tarsus])</a>"
2025-07-30-(13-46-48),new,1295,Tarsisi,"Tarsisi, Tarsa, Tarša, Taršîš, Taršiš, Tarshish, תַּרְשִׁישׁ, tršš, 𐤕𐤓𐤔𐤔, Tharsis, Tarsis, Θαρσεῖς, Tharseis, Tarsos, Tarsus, Ṭarsus, Ṭarsūs, طرسوس, Tārsūs, تارسوس, Gözlü Kule, Gözlükule, Gozlukule, Tartessos (?), Karthago (?)",–,36.91242262888753,34.89592313714341,"KUR.tar-si-si, 𒆳𒋻𒋛𒋛, tršyš, תרשׁישׁ, tršš, 𐤕𐤓𐤔𐤔",city,"Quwê, Turkey",–,"Bagg RGTC 7 1: 251, Bagg RGTC 7 1: 251–252 (Tarzu), Helsinki Atlas: 17 (Tarzi; map 1 D4), Parpola Toponyms: 349 (Tarzi),<a href='https://zenodo.org/record/6384045' target='_blank'>Pedersén ANE: Tarsa / Tarsos (Gözlü Kule)</a>, <a href='https://zenodo.org/record/5217600' target='_blank'>CIGS: Gözlükule</a>, <a href='https://pleiades.stoa.org/places/648789' target='_blank'>Pleiades: Tarsus/Antiochia ad Cydnum</a>, <a href='https://www.geonames.org/10630870/goezluekule.html' target='_blank'>Geonames: Gözlükule</a>, <a href='https://www.geonames.org/299817/tarsus.html' target='_blank'>Geonames: Tarsus</a>, <a href='http://oracc.museum.upenn.edu/riao/cbd/qpn-x-places/onebigfile.html' target='_blank'>RIAo Glossary: Places (Tarsisi [1])</a>, <a href='http://oracc.museum.upenn.edu/rinap/cbd/qpn-x-places/onebigfile.html' target='_blank'>RINAP Glossary: Places (Tarsisi [1])</a>"
2025-07-31-(14-25-57),new,1296,Anduarsalia,"Anduarsalia, Anduarsalla (?), Kuşsarayı, Kussarayi, Kuşsaray, Kussaray, İzolu, Izolu, Bekirhüseyin, Bekirhuseyin",–,38.440955,38.69165,"URU.an-du-ar-sa-li-a, 𒌷𒀭𒁺𒅈𒊓𒇷𒀀","fortress, city","Melīdi, Kammānu, Turkey",–,"Bagg RGTC 7 1: 16, Parpola Toponyms: 20, <a href='https://pleiades.stoa.org/places/629098' target='_blank'>Pleiades: Tomisa</a>, <a href='https://vici.org/vici/7429/' target='_blank'>Vici.org: Tomisa</a>, <a href='http://imperium.ahlfeldt.se/places/34166.html' target='_blank'>DARE: Tomisa</a>, <a href='https://www.geonames.org/305287/kussarayi.html' target='_blank'>Geonames: Kuşsarayı/İzolu</a>, <a href='https://vici.org/vici/87772/' target='_blank'>Vici.org: Tomisa Kalesi</a>, <a href='https://pleiades.stoa.org/places/37101101' target='_blank'>Pleiades: Anduarsalia</a>, <a href='http://oracc.museum.upenn.edu/riao/cbd/qpn-x-places/onebigfile.html' target='_blank'>RIAo Glossary: Places (Anduarsalia [1])</a>, <a href='http://oracc.museum.upenn.edu/rinap/cbd/qpn-x-places/onebigfile.html' target='_blank'>RINAP Glossary: Places (Anduarsalia [1])</a>"
2025-07-31-(15-10-24),edited,1293,Ellibir,"Ellibir, Halbur, Odur Kalesi (?), Kayaburun (?)",5,39.284729,38.018967,"URU.el-li-bir, 𒌷𒂖𒇷𒄵","fortress, city","Melīdi, Kammānu, Turkey",–,"Bagg RGTC 7 1: 65–66, Parpola Toponyms: 123, <a href='https://publikationen.badw.de/de/rla/index' target='_blank'>Unger RlA 2: 357 (Ellibir)</a>, <a href='https://vici.org/vici/7425/?lang=en' target='_blank'>Vici.org: Odur Kalesi</a>, <a href='https://pleiades.stoa.org/places/629047' target='_blank'>Pleiades: Odur Kalesi</a>, <a href='https://www.geonames.org/308671/kayaburun.html' target='_blank'>Geonames: Kayaburun</a>, <a href='https://pleiades.stoa.org/places/988674926' target='_blank'>Pleiades: Ellibir</a>, <a href='http://oracc.museum.upenn.edu/riao/cbd/qpn-x-places/onebigfile.html' target='_blank'>RIAo Glossary: Places (Ellibir [1])</a>, <a href='http://oracc.museum.upenn.edu/rinap/cbd/qpn-x-places/onebigfile.html' target='_blank'>RINAP Glossary: Places (Ellibir [1])</a>"
2025-07-31-(15-10-24),edited,1294,Šindarara,"Šindarara, Sindarara, fortress",–,39.4703799,37.8807432,"URU.ši-in-da-ra-ra, 𒌷𒅆𒅔𒁕𒊏𒊏","fortress, city","Melīdi, Kammānu, Turkey",–,"Bagg RGTC 7 1: 240, Parpola Toponyms: 336, <a href='https://pleiades.stoa.org/places/988674927' target='_blank'>Pleiades: Šindarara</a>, <a href='https://www.geonames.org/300750/sincan.html' target='_blank'>Geonames: Sincan</a>, <a href='http://oracc.museum.upenn.edu/riao/cbd/qpn-x-places/onebigfile.html' target='_blank'>RIAo Glossary: Places (Šindarara [1])</a>, <a href='http://oracc.museum.upenn.edu/rinap/cbd/qpn-x-places/onebigfile.html' target='_blank'>RINAP Glossary: Places (Šindarara [1])</a>"
2025-07-31-(15-10-24),edited,1296,Anduarsalia,"Anduarsalia, Tomisa, Kuşsarayı, Kussarayi, Kuşsaray, Kussaray, İzolu, Izolu, Bekirhüseyin, Bekirhuseyin",5,38.440955,38.69165,"URU.an-du-ar-sa-li-a, 𒌷𒀭𒁺𒅈𒊓𒇷𒀀","fortress, city","Melīdi, Kammānu, Turkey",–,"Bagg RGTC 7 1: 16, Parpola Toponyms: 20, <a href='https://pleiades.stoa.org/places/629098' target='_blank'>Pleiades: Tomisa</a>, <a href='https://vici.org/vici/7429/' target='_blank'>Vici.org: Tomisa</a>, <a href='http://imperium.ahlfeldt.se/places/34166.html' target='_blank'>DARE: Tomisa</a>, <a href='https://www.geonames.org/305287/kussarayi.html' target='_blank'>Geonames: Kuşsarayı/İzolu</a>, <a href='https://vici.org/vici/87772/' target='_blank'>Vici.org: Tomisa Kalesi</a>, <a href='https://pleiades.stoa.org/places/37101101' target='_blank'>Pleiades: Anduarsalia</a>, <a href='http://oracc.museum.upenn.edu/riao/cbd/qpn-x-places/onebigfile.html' target='_blank'>RIAo Glossary: Places (Anduarsalia [1])</a>, <a href='http://oracc.museum.upenn.edu/rinap/cbd/qpn-x-places/onebigfile.html' target='_blank'>RINAP Glossary: Places (Anduarsalia [1])</a>"
2025-07-31-(15-49-40),new,1297,Kiaka,"Kiaka, Kijaka, Kiakis, Kiakkas, Ciaca, Chiaca, Morhamam",–,38.684612,38.387036,"URU.ki-a-ka, 𒌷𒆠𒀀𒅗","fortress, city","Melīdi, Kammānu, Turkey",–,"Bagg RGTC 7 1: 139, Parpola Toponyms: 205 (Kijaka), <a href='https://pleiades.stoa.org/places/629008' target='_blank'>Pleiades: Kiakis</a>, <a href='http://imperium.ahlfeldt.se/places/34153.html' target='_blank'>DARE: Kiakis</a>, <a href='https://vici.org/vici/7415/' target='_blank'>Vici.org: Kiakis</a>, <a href='https://www.geonames.org/304202/morhamam.html' target='_blank'>Geonames: Morhamam</a>, <a href='http://oracc.museum.upenn.edu/riao/cbd/qpn-x-places/onebigfile.html' target='_blank'>RIAo Glossary: Places (Kiaka [1])</a>, <a href='http://oracc.museum.upenn.edu/rinap/cbd/qpn-x-places/onebigfile.html' target='_blank'>RINAP Glossary: Places (Kiaka [1])</a>"
2025-07-31-(16-22-50),edited,74,Anmurru,"Anmurru, Nemerli, Nimri, Nimrî, Pınarlar, Pinarlar",–,38.8051167,38.6826521,"URU.an-mu-ur-ru, 𒌷𒀭𒈬𒌨𒊒","fortress, city","Melīdi, Kammānu, Turkey",–,"Bagg RGTC 7 1: 17, Parpola Toponyms: 20, <a href='https://www.openstreetmap.org/node/2302771741' target='_blank'>OpenStreetMap: Nimri</a>, <a href='https://www.geonames.org/7464173/pinarlar.html' target='_blank'>Geonames: Pınarlar</a>, <a href='https://pleiades.stoa.org/places/762647722' target='_blank'>Pleiades: Anmurru</a>, <a href='http://oracc.museum.upenn.edu/riao/cbd/qpn-x-places/onebigfile.html' target='_blank'>RIAo Glossary: Places (Anmurru)</a>, <a href='http://oracc.museum.upenn.edu/rinap/cbd/qpn-x-places/onebigfile.html' target='_blank'>RINAP Glossary: Places (Anmurru)</a>"
2025-07-31-(16-55-54),new,1298,Luḫsu,"Luḫsu, Luhsu",–,–,–,"URU.lu-uḫ-su, 𒌷𒇻𒄴𒋢","fortress, city","Melīdi, Kammānu, Turkey",–,"Bagg RGTC 7 1: 158, Parpola Toponyms: 228, <a href='https://pleiades.stoa.org/places/522605291' target='_blank'>Pleiades: Luhsu</a>, <a href='http://oracc.museum.upenn.edu/rinap/cbd/qpn-x-places/onebigfile.html' target='_blank'>RINAP Glossary: Places (Luhsu [1])</a>, <a href='http://oracc.museum.upenn.edu/riao/cbd/qpn-x-places/onebigfile.html' target='_blank'>RIAo Glossary: Places (Luhsu [1])</a>"
2025-07-31-(17-49-35),new,1299,Purṭir,"Purṭir, Purteyrlu, Burmahan",–,39.36667,38.31667,"URU.pur-ṭir, 𒌷𒁓𒋛𒀀","fortress, city","Melīdi, Kammānu, Turkey",–,"Bagg RGTC 7 1: 191–192, Parpola Toponyms: 282, <a href='https://www.geonames.org/320363/burmahan.html' target='_blank'>Geonames: Burmahan</a>, <a href='https://pleiades.stoa.org/places/100544804' target='_blank'>Pleiades: Purṭir</a>, <a href='http://oracc.museum.upenn.edu/rinap/cbd/qpn-x-places/onebigfile.html' target='_blank'>RINAP Glossary: Places (Purṭir [1])</a>, <a href='http://oracc.museum.upenn.edu/riao/cbd/qpn-x-places/onebigfile.html' target='_blank'>RIAo Glossary: Places (Purṭir [1])</a>"
2025-07-31-(19-48-05),new,1300,Kasku,"Kasku, Kaska, Kaski, Kiski, Kaskāja, Kaskaya, Kaskaiya, Kaška ",–,–,–,"KUR.ka-as-ku, 𒆳𒅗𒊍𒆪, KUR.kas-ki, 𒆳𒆜𒆠, KUR.kas-ku, 𒆳𒆜𒆪, KUR.ki-is-ki, 𒆳𒆠𒄑𒆠, KUR.kás-ka-a-a, 𒆳𒁉𒅗𒀀𒀀, URU.kas-ka-a-a, 𒌷𒆜𒅗𒀀𒀀, KUR.kas-ka-ia.MEŠ, 𒆳𒆜𒅗𒅀𒈨𒌍","territory, country",Turkey,–,"Bagg RGTC 7 1: 137–138, Parpola Toponyms: 203, <a href='http://oracc.museum.upenn.edu/atae/cbd/qpn-x-places/onebigfile.html' target='_blank'>ATAE Glossary: Places (Kasku [1])</a>, <a href='http://oracc.museum.upenn.edu/riao/cbd/qpn-x-places/onebigfile.html' target='_blank'>RIAo Glossary: Places (Kasku [1])</a>, <a href='http://oracc.museum.upenn.edu/saao/cbd/qpn-x-places/onebigfile.html' target='_blank'>SAAo Glossary: Places (Kasku [1])</a>, <a href='http://oracc.museum.upenn.edu/rinap/cbd/qpn-x-places/onebigfile.html' target='_blank'>RINAP Glossary: Places (Kasku [1])</a>, <a href='http://oracc.museum.upenn.edu/rinap/cbd/qpn-x-ethnic/onebigfile.html' target='_blank'>RINAP Glossary: Ethnic Names (Kaskayu [of Kaska])</a>, <a href='http://oracc.museum.upenn.edu/riao/cbd/qpn-x-ethnic/onebigfile.html' target='_blank'>RIAo Glossary: Ethnic Names (Kaskayu [of Kaska])</a>"
2025-07-31-(21-14-33),new,1301,Usi,"Usi, Chusa, Chousa, Yasıköy, Yazıköy, Yaziköy, Yazihüyük, Yazihuyuk, Yazıhüyük Köyü, Yazihuyuk Koyu",–,38.34404,34.63967,"URU.ú-si, 𒌷𒌑𒋛","fortress, city","Melīdi, Kammānu, Turkey",–,"Bagg RGTC 7 1: 270, Parpola Toponyms: 376, <a href='https://www.geonames.org/297369/yazihueyuek.html' target='_blank'>Geonames: Yazıhüyük</a>, <a href='https://pleiades.stoa.org/places/619139' target='_blank'>Pleiades: Chusa</a>, <a href='https://www.trismegistos.org/place/59240' target='_blank'>Trismegistos: Chousa (Yazıköy)</a>, <a href='http://imperium.ahlfeldt.se/places/36149.html' target='_blank'>DARE: Chusa</a>, <a href='https://pleiades.stoa.org/places/549905270' target='_blank'>Pleiades: Usi</a>, <a href='http://oracc.museum.upenn.edu/riao/cbd/qpn-x-places/onebigfile.html' target='_blank'>RIAo Glossary: Places (Usi [1])</a>, <a href='http://oracc.museum.upenn.edu/rinap/cbd/qpn-x-places/onebigfile.html' target='_blank'>RINAP Glossary: Places (Usi [1])</a>"
2025-07-31-(21-47-55),new,1302,Usian,"Usian, Osiena, Asiana, Göstesin, Gostesin, Ovaören, Ovaoren",–,38.63759,34.29033,"URU.ú-si-an, 𒌷𒌑𒋛𒀭","fortress, city","Melīdi, Kammānu, Turkey",–,"Bagg RGTC 7 1: 270–271, Parpola Toponyms: 376–377, <a href='https://www.geonames.org/313914/ovaoeren.html' target='_blank'>Geonames: Ovaören</a>, <a href='https://vici.org/vici/59832/' target='_blank'>Vici.org: Asiana-Osiena</a>, <a href='https://pleiades.stoa.org/places/619117' target='_blank'>Pleiades: Asiana/Osiena</a>, <a href='http://imperium.ahlfeldt.se/places/36144.html' target='_blank'>DARE: Asiana/Osiena</a>, <a href='https://pleiades.stoa.org/places/359593043' target='_blank'>Pleiades: Usian</a>, <a href='http://oracc.museum.upenn.edu/rinap/cbd/qpn-x-places/onebigfile.html' target='_blank'>RINAP Glossary: Places (Usian [1])</a>, <a href='http://oracc.museum.upenn.edu/riao/cbd/qpn-x-places/onebigfile.html' target='_blank'>RIAo Glossary: Places (Usian [1])</a>"
2025-07-31-(22-32-00),new,1303,Wargin,"Wargin, Uargin",–,–,–,"URU.ú-ar-gi-in, 𒌷𒌑𒅈𒄀𒅔","fortress, city","Melīdi, Kammānu, Turkey",–,"Bagg RGTC 7 1: 274, Parpola Toponyms: 362, <a href='https://pleiades.stoa.org/places/41488940' target='_blank'>Pleiades: Uargin</a>, <a href='http://oracc.museum.upenn.edu/rinap/cbd/qpn-x-places/onebigfile.html' target='_blank'>RINAP Glossary: Places (Uargin [1])</a>, <a href='http://oracc.museum.upenn.edu/riao/cbd/qpn-x-places/onebigfile.html' target='_blank'>RIAo Glossary: Places (Uargin [1])</a>"
2025-08-06-(13-49-00),edited,87,Aprê,"Aprê, Apre, Oinoparas, ʿAfrīn, ʿIfrīn, عفرين, Nahr ʿAfrīn, Nahr Aafrîne, Nahr Afrine, Nahr ‘Afrīn, Nahr `Afrin, نهر عفرين, Nahr al-ʿAfrīn, Afrin Suyu, Afrine Sou, Afrin Çayı, Afrin Cayi, Afrin River, Afrin Kanalı, Afrin Kanali, Oya Afrin Irmaği, Oya Afrin Irmagi, Mélas, Melas, Kızıl Irk (?), Kizil-Ark (?), Nahr al-Fuwār (?), Nahr al Fawwār (?), Nahr al Fawwar (?), نهر الفوار",2,36.420764,36.861534,"ÍD.ap-re-e, 𒀀𒇉𒀊𒊑𒂊",river,"Ḫatti, Pattinu, Samʾalla, Kullanīa, Turkey, Syria",2 C4,"Bagg RGTC 7 1: 289, Helsinki Atlas: 6 (map 2 C4), Parpola Toponyms: 21, <a href='https://www.geonames.org/10839370/afrin-cayi.html' target='_blank'>Geonames: Afrin Çayı</a>, <a href='https://www.geonames.org/174183/afrin-suyu.html' target='_blank'>Geonames: Afrin Suyu</a>, <a href='https://www.geonames.org/13423715/afrin-suyu.html' target='_blank'>Geonames: Afrin Suyu</a>, <a href='https://www.geonames.org/7625762/afrin-kanali.html' target='_blank'>Geonames: Afrin Kanalı</a>, <a href='https://pleiades.stoa.org/places/658557' target='_blank'>Pleiades: Oinoparas (river)</a>, <a href='https://www.geonames.org/438025/kizil-ark.html' target='_blank'>Geonames: Kizil-Ark</a>, <a href='https://www.geonames.org/170414/nahr-al-fawwar.html' target='_blank'>Geonames: Nahr al Fawwār</a>, <a href='http://oracc.museum.upenn.edu/riao/cbd/qpn-x-waters/onebigfile.html' target='_blank'>RIAo Glossary: Watercourses (Apre [1])</a>"
2025-08-06-(14-04-25),edited,1019,Urarṭu,"Urarṭu, Uruaṭri, Uraṭru, Urartu, Ararat",2,–,–,–,country,"Turkey, Armenia",4 B3,Helsinki Atlas: 18 (map 4 B3)
2025-08-06-(14-04-25),edited,1128,Sabaʾa,"Sabaʾa, Š<sup>ə</sup>ḇāʾ, Sheba, שְׁבָא‎, Sabaʾ, سَبَأ",–,–,–,–,country,"Yemen, Arabian Peninsula",–,–
2025-08-06-(14-04-25),edited,180,Bāzu,"Bāzu, Bazu, Bāṣi, Bazza, Baz, Bīt-Bāzi, Bāṣ, Baṣ, Bezu, Bāsu, Strait of Hormuz (?), Azraq Oasis (?)",–,25.99163,49.49675,"KUR.ba-a-zi, 𒆳𒁀𒀀𒍣, KUR.ba-a-zu, 𒆳𒁀𒀀𒍪, KUR.ba-az-zi, 𒆳𒁀𒊍𒍣, KUR.ba-zu, 𒆳𒁀𒍪, URU.ba-a-ṣi, 𒌷𒁀𒀀𒍢, URU.ba-a-su, 𒌷𒁀𒀀𒋢, URU.ba-zi, 𒌷𒁀𒍣, LÚ.be-zu, 𒇽𒁁𒍪, ","territory, land, country","Arabian Peninsula (?), Saudi Arabia (?), Iran (?)",–,"Bagg RGTC 7 2/1: 100–101, Parpola Toponyms: 71, <a href='https://www.geonames.org/10861949/wahat-al-azraq.html' target='_blank'>Geonames: Wāḩat al Azraq</a> (?), <a href='http://oracc.museum.upenn.edu/atae/cbd/qpn-x-places/onebigfile.html' target='_blank'>ATAE Glossary: Places (Bazu)</a>, <a href='http://oracc.museum.upenn.edu/riao/cbd/qpn-x-places/onebigfile.html' target='_blank'>RIAo Glossary: Places (Bazu)</a>, <a href='http://oracc.museum.upenn.edu/rinap/cbd/qpn-x-places/onebigfile.html' target='_blank'>RINAP Glossary: Places (Bazu)</a>, <a href='http://oracc.museum.upenn.edu/saao/cbd/qpn-x-places/onebigfile.html' target='_blank'>SAAo Glossary: Places (Bazu)</a>"
2025-08-06-(14-04-25),edited,218,Bīt-Gabbāri,"Bīt-Gabbāri, Samʾalla, Samʾal",2,–,–,–,"territory, country, province",Syria,2 C4,Helsinki Atlas: 7 (map 2 C4)
2025-08-06-(14-04-25),edited,350,Gargamīs,"Gargamīs, Karkemish, Karchemiš, Karkemiš, Carchemish, Kark<sup>ə</sup>mīš, Karkemīš, כַּרְכְּמִישׁ‎, Karkamiş, krkymyš, Djerablis, Ğarablūs, جرابلس",1,36.82891571272766,38.01622614415544,–,"country, prov. capital","Turkey, Syria",3 A4,"Helsinki Atlas: 9 (map 3 A4), <a href='https://zenodo.org/record/6384045' target='_blank'>Pedersén ANE: Karkemish</a>, <a href='https://www.orientlab.net/3d-kark' target='_blank'>Karkemish 3D Visualization Project</a>"
2025-08-06-(14-04-25),edited,400,Ḫamāt,"Ḫamāt, Amattu, Amatu, Ḥamāt, Ḥamā, Hama, Hamath",1,35.13589896027996,36.74949783765234,–,"city, capital, country","Syria, Ḫamāt",8 B1,"Helsinki Atlas: 9 (map 8 B1), <a href='https://zenodo.org/record/6384045' target='_blank'>Pedersén ANE: Hama</a>"
2025-08-06-(14-04-25),edited,562,Katmuḫi,"Katmuḫi, Katmuḫu, Kadmuḫi, Šaḫuppa, Saḫuppa, Šuḫuppa",2,–,–,–,"country, province",–,3 E3,Helsinki Atlas: 11 (map 3 E3)
2025-08-06-(14-04-25),edited,667,Māzamua,"Māzamua, Mazamūa, Mazamua, Zamua, Zamē, Zamū, Zamūa, Zamua-ša-bītāni, Zamua-ša-bētāni, Lullumû, Lullumu, Lullumê, Lullume, Lullu, Lullue, Lullubu, Lullubum, Lulubum, Lulume, Lulunum, Lulununa, Lullûn, Māt-Lullubê, Māt-Lullubî, Luluwa, Šahrezōr plain, Shahrazūr, Shārazūr, Sharezûr, شهرزور, شارزور",2,–,–,"ma-za-mu-a, 𒈠𒍝𒈬𒀀, KUR.ma-za-mu, 𒆳𒈠𒍝𒈬, KUR.ma-za-mu-a, 𒆳𒈠𒍝𒈬𒀀, KUR.ma-za-mu-u-a, 𒆳𒈠𒍝𒈬𒌋𒀀, KUR.za-mu-a, 𒆳𒍝𒈬𒀀, KUR.za-mu-a-ša-be-ta-a-ni, 𒆳𒍝𒈬𒀀𒊭𒁁𒋫𒀀𒉌, KUR.za-mu-a-šá-be-ta-a-ni, 𒆳𒍝𒈬𒀀𒃻𒁁𒋫𒀀𒉌, KUR.za-mu-a-šá-bé-ta-a-ni, 𒆳𒍝𒈬𒀀𒃻𒁉𒋫𒀀𒉌, KUR.za-mu-a-ša-É-a-ni, 𒆳𒍝𒈬𒀀𒊭𒂍𒀀𒉌, KUR.za-mu-a-šá-É-a-ni, 𒆳𒍝𒈬𒀀𒃻𒂍𒀀𒉌, KUR.za-mu-u, 𒆳𒍝𒈬𒌋, URU.ma-za-mu-a, 𒌷𒈠𒍝𒈬𒀀, URU.ma-za-mu-u-a, 𒌷𒈠𒍝𒈬𒌋𒀀, URU.za-mu-a, 𒌷𒍝𒈬𒀀, URU.za-mu-u-a, 𒌷𒍝𒈬𒌋𒀀, URU.KUR.za-mu-a, 𒌷𒆳𒍝𒈬𒀀, KUR.ma-za-mu-a-a, 𒆳𒈠𒍝𒈬𒀀𒀀, KUR.lu-lu, 𒆳𒇻𒇻, KUR.lu-lu-me-e, 𒆳𒇻𒇻𒈨𒂊, KUR.lu-lu-mi-i, 𒆳𒇻𒇻𒈪𒄿, KUR.lu-ul-lu, 𒆳𒇻𒌌𒇻, KUR.lu-ul-lu-me-e, 𒆳𒇻𒌌𒇻𒈨𒂊, KUR.lul-bi-i, 𒆳𒈜𒁉𒄿, KUR.lul-lu-mé-e, 𒆳𒈜𒇻𒈪𒂊, KUR.lul-lu-mi-i, 𒆳𒈜𒇻𒈪𒄿, KUR.lul-lu-mì-i, 𒆳𒈜𒇻𒈨𒄿, URU.lu-lu-me, 𒌷𒇻𒇻𒈨, URU.lul-lu-mi-i, 𒌷𒈜𒇻𒈪𒄿","country, province, city, prov. capital","Iraq, Iran (?), Zagros",11 A1,"Bagg RGTC 7 3/2: 617–620 (Zamua), Bagg RGTC 7 3/1: 376–377 (Lullumê), Helsinki Atlas: 13 (map 11 A1), Parpola Toponyms: 381–382 (Zamua), Parpola Toponyms: 228–229 (Lullumû), Radner (2006): RlA 11: 51–52, <a href='https://www.geonames.org/9873303/qeza-i-sharezur.html' target='_blank'>Geonames: Qeza-î Sharezûr</a>, <a href='http://oracc.museum.upenn.edu/saao/knpp/peoplegodsplaces/index.html' target='_blank'>Knowledge and Power: Mazamua</a>, <a href='https://www.ucl.ac.uk/sargon/peoplegodsplaces' target='_blank'>Assyrian empire builders: Mazamua</a>, <a href='http://oracc.museum.upenn.edu/riao/cbd/qpn-x-places/onebigfile.html' target='_blank'>RIAo Glossary: Places (Lullume)</a>, <a href='http://oracc.museum.upenn.edu/rinap/cbd/qpn-x-places/onebigfile.html' target='_blank'>RINAP Glossary: Places (Lullume)</a>, <a href='http://oracc.museum.upenn.edu/riao/cbd/qpn-x-ethnic/onebigfile.html' target='_blank'>RIAo Glossary: Ethnic (Lullumu)</a>, <a href='http://oracc.museum.upenn.edu/riao/cbd/qpn-x-places/onebigfile.html' target='_blank'>RIAo Glossary: Places (Lullumu)</a>, <a href='http://oracc.museum.upenn.edu/saao/cbd/qpn-x-ethnic/onebigfile.html' target='_blank'>SAAo Glossary: Ethnic (Mazamuaya)</a>, <a href='http://oracc.museum.upenn.edu/riao/cbd/qpn-x-places/onebigfile.html' target='_blank'>RIAo Glossary: Places (Mazamua)</a>, <a href='http://oracc.museum.upenn.edu/atae/cbd/qpn-x-places/onebigfile.html' target='_blank'>ATAE Glossary: Places (Mazamua)</a>, <a href='http://oracc.museum.upenn.edu/saao/cbd/qpn-x-places/onebigfile.html' target='_blank'>SAAo Glossary: Places (Mazamua)</a>, <a href='http://oracc.museum.upenn.edu/atae/cbd/qpn-x-ethnic/onebigfile.html' target='_blank'>ATAE Glossary: Ethnic (Zamuaya [OF ZAMUA]</a>, <a href='http://oracc.museum.upenn.edu/riao/cbd/qpn-x-ethnic/onebigfile.html' target='_blank'>RIAo Glossary: Ethnic (Zamuayu)</a>, <a href='http://oracc.museum.upenn.edu/riao/cbd/qpn-x-places/onebigfile.html' target='_blank'>RIAo Glossary: Places (Zamua)</a>, <a href='http://oracc.museum.upenn.edu/rinap/cbd/qpn-x-places/onebigfile.html' target='_blank'>RINAP Glossary: Places (Zamua)</a>"
2025-08-06-(14-04-25),edited,672,Melīdi,"Melīdi, Melīde, Melitēnē, Melid, Meliddu, Kammānu, Kammanu, Kammanūja, Malataya Plain",1,–,–,"KUR.me-li-di, KUR.me-li-i-di, KUR.me-lid-di, KUR.me-lid-du, KUR.ma-li-da-a-a, KUR.me-li-da-a-a, KUR.me-lid-a-a, KUR.me-lid-da-a-a, KUR.mé-li-da-a-a, KUR.mi-li-da-a-a, KUR.mi-lid-da-a-a, LÚ.mi-li-da-a-a, KUR.kam-ma-ni, KUR.kam-ma-nu, KUR.kam-ma-nu-a-a","country, province","Anatolia, Kummuḫi (part of since 712?), Province of turtānu šumēlu (since 708)",3 A2,"Helsinki Atlas: 13 (map 3 A2), Bagg RGTC 7/1: 132, 172–174, <a href='https://pleiades.stoa.org/places/319432673' target='_blank'>Pleiades: Kammanu/Meliddu (kingdom)</a>"
2025-08-06-(14-04-25),edited,753,Parsua,"Parsua, Parsumaš",2,–,–,–,"country, province",–,11 B2,Helsinki Atlas: 14 (map 11 B2)
2025-08-06-(14-04-25),edited,759,Pattinu,"Kullanīa, Kunulua, Kinalūa, Kullania, Kunalīa, Pattinu, Patina, Patinu, Pattina, Ḫattina",–,–,–,–,"country, territory, province","Kullanīa, Pattinu, Syria, Turkey",2 C4,Helsinki Atlas: 14 (map 2 C4)
2025-08-06-(14-04-25),edited,96,Aranziaš,"Aranziaš, Araziaš, Aranzēšu, Arazišu, Godin Tepe, Godin Teppe, Gūdīn Tapeh, گودین‌تپه",–,34.5184175900356,48.06839790656792,"KUR.a-ra-an-ze-e-šú, 𒆳𒀀𒊏𒀭𒍣𒂊𒋙, KUR.a-ra-an-ze-šú, 𒆳𒀀𒊏𒀭𒍣𒋙, KUR.a-ra-zi-aš, 𒆳𒀀𒊏𒍣𒀸, KUR.a-ra-zi-áš, 𒆳𒀀𒊏𒍣𒀾, KUR.a-ra-zi-šú, 𒆳𒀀𒊏𒍣𒋙, KUR.a-ra-zi-áš-a-a, 𒆳𒀀𒊏𒍣𒀾𒀀𒀀","territory, city, country","Mādāja, Iran",11 C2,"Bagg RGTC 7 3/1: 56–57 (Araziaš), Helsinki Atlas: 6 (Aranziaš; map 11 C2), <a href='https://zenodo.org/record/6384045' target='_blank'>Pedersén ANE: (Godin Teppe)</a>, <a href='https://zenodo.org/record/5217600' target='_blank'>CIGS: Gūdīn Tapeh</a>, <a href='http://oracc.museum.upenn.edu/riao/cbd/qpn-x-places/onebigfile.html' target='_blank'>RIAo Glossary: Places (Aranziaš)</a>, <a href='http://oracc.museum.upenn.edu/rinap/cbd/qpn-x-places/onebigfile.html' target='_blank'>RINAP Glossary: Places (Aranziaš)</a>, <a href='http://oracc.museum.upenn.edu/riao/cbd/qpn-x-places/onebigfile.html' target='_blank'>RIAo Glossary: Places (Araziaš)</a>, <a href='http://oracc.museum.upenn.edu/rinap/cbd/qpn-x-places/onebigfile.html' target='_blank'>RINAP Glossary: Places (Araziaš)</a>, <a href='http://oracc.museum.upenn.edu/riao/cbd/qpn-x-ethnic/onebigfile.html' target='_blank'>RIAo Glossary: Ethnic (Araziašayu)</a>"
2025-08-06-(16-14-17),edited,22,Aḫtâ,"Aḫtâ, Ahta, al-Mīnāʾ, El-Mina, Raʾs al-Basīṭ (?), Ras el-Bassit (?), رأس البسيط (?), Posideion (?), Ποσείδιον (?)",3,36.06158841642915,35.97415328201089,"URU.aḫ-ta-a, 𒌷𒄴𒋫𒀀","city, emporium on the seashore","Ḫamāt (?), Kullanīa (?), Mediterranean coast, Turkey, Syria (?)",2 B4,"Helsinki Atlas: 5 (map 2 B4), Bagg RGTC 7/1: 3, <a href='https://zenodo.org/record/6384045' target='_blank'>Pedersén ANE: (El-Mina)</a>, <a href='https://zenodo.org/record/6384045' target='_blank'>Pedersén ANE: (Ras el-Bassit)</a>, <a href='https://pleiades.stoa.org/places/668340' target='_blank'>Pleiades: Posideion</a>, <a href='http://oracc.museum.upenn.edu/riao/cbd/qpn-x-places/onebigfile.html' target='_blank'>RIAo Glossary: Places (Ahta)</a>, <a href='http://oracc.museum.upenn.edu/rinap/cbd/qpn-x-places/onebigfile.html' target='_blank'>RINAP Glossary: Places (Ahta)</a>"
2025-08-06-(16-14-17),edited,589,Kullanīa,"Kullanīa, Kunulua, Kinalūa, Kinalua, Kullania, Kunalīa, Kalnē, Calneh, Tell Taʿyīnāt, Tell Tayinat",1,36.24858471409405,36.37573366986413,–,"prov. capital, city","Ḫatti, Pattinu, Kullanīa, Turkey",2 C4,"Helsinki Atlas: 12 (map 2 C4), <a href='https://zenodo.org/record/6384045' target='_blank'>Pedersén ANE: Kullania (Tell Tayinat)</a>, <a href='https://tayinat.artsci.utoronto.ca' target='_blank'> Tayinat Archaeological Project (TAP)</a>"
2025-08-06-(17-40-36),new,1304,Aqqar-ša-Kīna,"Aqqar-ša-Kīna, Aqqar-ša-Kina, Aqqar-ša-kīna, Aqqar-ša-kina, Aqqaršakina, Akamšakina",–,–,–,"URU.aq-qar-šá-ki-na, 𒌷𒀝𒃼𒃻𒆠𒈾","fortified city, city","Babylonia, Bīt-Amukkāni, Iraq",–,"Bagg RGTC 7 3/1: 47, Parpola Toponyms: 22 (Aqqaršakina), <a href='http://oracc.museum.upenn.edu/rinap/cbd/qpn-x-places/onebigfile.html' target='_blank'>RINAP Glossary: Places (Aqqar-ša-Kina [1])</a>, <a href='http://oracc.museum.upenn.edu/riao/cbd/qpn-x-places/onebigfile.html' target='_blank'>RIAo Glossary: Places (Aqqar-ša-Kina [1])</a>"
2025-08-06-(18-24-47),edited,428,Ḫazāzu,"Ḫazāzu, Ḫazazu, Hazazu, Ḫazazi, Hazazi, ḥzz, Azas, ʿAzāz, 'Azaz, Aazaz, Aazâz, Azaz, أعزاز, Ezzaz, Izaz, إعزاز, Tall ʿAzāz",1,36.58600736669681,37.04466378366058,"KUR.ḫa-za-za-a-a, 𒆳𒄩𒍝𒍝𒀀𒀀, URU.ḫa-za-zi, 𒌷𒄩𒍝𒍣, URU.ḫa-za-zu, 𒌷𒄩𒍝𒍪, ḥzz, 𐡇𐡆𐡆",city,"Pattinu, Bīt-Agūsi, Syria",2 D4,"Bagg RGTC 7 1: 102–103 (Ḫazazu), Helsinki Atlas: 10 (map 2 D4), Parpola Toponyms: 160 (Ḫazazu), <a href='https://zenodo.org/record/6384045' target='_blank'>Pedersén ANE: Hazazu? ('Azaz)</a>, <a href='https://www.geonames.org/172082/i-zaz.html' target='_blank'>Geonames: I‘zāz</a>, <a href='http://oracc.museum.upenn.edu/atae/cbd/qpn-x-ethnic/onebigfile.html' target='_blank'>ATAE Glossary: Ethnic Names (Hazazaya [1])</a>, <a href='http://oracc.museum.upenn.edu/atae/cbd/qpn-x-places/onebigfile.html' target='_blank'>ATAE Glossary: Places (Hazazu [1])</a>, <a href='http://oracc.museum.upenn.edu/riao/cbd/qpn-x-places/onebigfile.html' target='_blank'>RIAo Glossary: Places (Hazazu [1])</a>, <a href='http://oracc.museum.upenn.edu/saao/cbd/qpn-x-places/onebigfile.html' target='_blank'>SAAo Glossary: Places (Hazazu [1])</a>, <a href='http://oracc.museum.upenn.edu/rinap/cbd/qpn-x-places/onebigfile.html' target='_blank'>RINAP Glossary: Places (Hazazu [1])</a>"
2025-08-06-(21-48-30),edited,458,Ḫuzāza,"Ḫuzāza, Ḫuzaza, Huzaza, Ḫuzazu, Tall Ġazza, Tell Ghazza, Ghazzah, Ghazze, Ghazzih, Ghazzé, غزة, Ḥuzaiz (?), Ḫuzaiz (?), Ḫuzēz (?), Ḥuzēz (?), خزيز",3,33.6681290894684,35.82477577134023,"URU.ḫu-za-za, 𒌷𒄷𒍝𒍝",town,"Ṣūpat, Lebanon, Syria (?)",8 B2,"Bagg RGTC 7 1: 112–113, Helsinki Atlas: 10 (map 8 B2), Parpola Toponyms: 171 (Ḫuzazu), Parpola Toponyms: 160 (Ḫazazu), <a href='https://zenodo.org/record/6384045' target='_blank'>Pedersén ANE: (Tell Ghazza)</a>, <a href='https://www.geonames.org/274931/ghazze.html' target='_blank'>Geonames: Ghazzé</a>, <a href='https://www.geonames.org/272318/khzaiz.html' target='_blank'>Geonames: Khzaïz]</a>, <a href='https://www.ucl.ac.uk/sargon/peoplegodsplaces' target='_blank'>Assyrian empire builders: Huzaza</a>, <a href='http://oracc.museum.upenn.edu/saao/cbd/qpn-x-places/onebigfile.html' target='_blank'>SAAo Glossary: Places (Huzaza [1])</a>, <a href='http://oracc.museum.upenn.edu/atae/cbd/qpn-x-places/onebigfile.html' target='_blank'>ATAE Glossary: Places (Huzaza [1])</a>"
2025-08-07-(15-36-02),edited,386,Ḫadina,"Ḫadina, Hadina, Luṭṭina, Litas, Leóntes, Leontes, Λεόντης, Nahr al-Līṭānī, Nahr al Līţānī, Nahr al Litani, نهر الليطاني, Litani River, Nahr al-Qāsimīya, Nahr al Qāsimīyah, Nahr al Qasimiyah, نهر القاسمية",4,33.688353,35.820751,"ÍD.ḫa-di-na, 𒀀𒇉𒄩𒁲𒈾",river,"Ṣūpat, Lebanon, Syria (?)",8 B2,"Bagg RGTC 7 1: 290 (Ḫadina (?)), Bagg RGTC 7 1: 160 (Luṭṭina (?)), Helsinki Atlas: 9 (map 8 B2), <a href='https://www.geonames.org/272089/nahr-el-litani.html' target='_blank'>Geonames: Nahr el Lîtâni</a>, <a href='https://pleiades.stoa.org/places/678268' target='_blank'>Pleiades: Litas</a>, <a href='https://www.ucl.ac.uk/sargon/peoplegodsplaces' target='_blank'>Assyrian empire builders: Hadina</a>, <a href='http://oracc.museum.upenn.edu/saao/cbd/qpn-x-waters/onebigfile.html' target='_blank'>SAAo Glossary: Watercourses (Hadina [1])</a>, <a href='http://oracc.museum.upenn.edu/atae/cbd/qpn-x-waters/onebigfile.html' target='_blank'>ATAE Glossary: Watercourses (Hadina [1])</a>"
2025-08-07-(17-30-28),edited,432,Ḫēsa,"Ḫēsa, Hesa, Ḫazi (?), Hasya, Ḥisya, Ḥisya, Hisya, Hassye, Ḩasyah, Hasyah, Ḩisyah, Hisyah, Ḫasīya, Hasiya, Hassiye, Hassia, Hassie, Hassiye, Ḩisīyah, Hisiyah, حسية, Ḩisyā, حسيا, Ḩisyā’, Hisya', حسياء, Tall Ḥizzīn (?), Tell Hizzîne (?), Tell Hizzine (?), Tall Ḩizzīn (?), Tall Hizzin (?), Tell Hizzin (?)",3,34.41197,36.75867,"URU.ḫe-e-sa, 𒌷𒄭𒂊𒊓","town, station","Ṣūpat, Syria, Lebanon (?)",8 B2,"Bagg RGTC 7 1: 104–105, Helsinki Atlas: 10 (map 8 B2), Parpola Toponyms: 160, <a href='https://www.geonames.org/169557/hisya.html' target='_blank'>Geonames: Ḩisyā’</a>, <a href='https://zenodo.org/record/6384045' target='_blank'>Pedersén ANE: Hazi? (Tell Hizzin)</a>, <a href='https://www.geonames.org/266883/tell-hizzine.html' target='_blank'>Geonames: Tell Hizzîne</a>, <a href='http://oracc.museum.upenn.edu/saao/cbd/qpn-x-places/onebigfile.html' target='_blank'>SAAo Glossary: Places (Hesa [1])</a>, <a href='http://oracc.museum.upenn.edu/atae/cbd/qpn-x-places/onebigfile.html' target='_blank'>ATAE Glossary: Places (Hesa [1])</a>"
2025-08-07-(19-03-45),deleted,515,Judi Dagh,"Judi Dagh, Ğudi Dağ, Ğudi Dağ Ḥasanah, Ğudi Dağ Šeḫ, Cudi Dagh",–,37.37667,42.34667,–,monument,Turkey,4 B4,Helsinki Atlas: 24 (map 4 B4)
2025-08-07-(19-43-22),new,1305,Cudi Dağı Hasanah,"Cudi Dağı Hasanah, Ğudi Dağ Ḥasanah, Ḥasanah, Hessana, Khessana, Kösreli, Kosreli, Kösreli Köyü, Cudi Dağı, Ğudi Dağ, Judi Dagh, Cudi Dagh",1,37.34138,42.42521,–,monument,"Nipur, Turkey",–,"Erkanal (1987): <i>1986 Cudi Dağı Araştırması</i>. Araştırma Sonuçları Toplantısı 5/2: 111–118, Kreppner (2000): <i>Public Space in Nature: The Case of Neo-Assyrian Rock-Reliefs</i>. AoF 29: 369–370, Helsinki Atlas: 24 (map 4 B4), <a href='https://www.geonames.org/306263/koesreli.html' target='_blank'>Geonames: Kösreli</a>"
2025-08-07-(19-44-40),new,1306,Cudi Dağı Şah,"Cudi Dağı Şah, Ğudi Dağ Šeḫ, Şah, Sah, Šeḫ, Shakh, Çağlayan, Caglayan, Cudi Dağı, Ğudi Dağ, Judi Dagh, Cudi Dagh",1,37.38182,42.33012,–,monument,"Nipur, Turkey",–,"Erkanal (1987): <i>1986 Cudi Dağı Araştırması</i>. Araştırma Sonuçları Toplantısı 5/2: 111–118, Kreppner (2000): <i>Public Space in Nature: The Case of Neo-Assyrian Rock-Reliefs</i>. AoF 29: 369–370, Helsinki Atlas: 24 (map 4 B4), <a href='https://www.geonames.org/408545/caglayan.html' target='_blank'>Geonames: Çağlayan</a>, <a href='https://zenodo.org/record/5217600' target='_blank'>CIGS: Cudi Dağı</a>"
2025-08-07-(20-31-02),edited,733,Nipur,"Nipur, Cudi Dağı, Cudi Dagi, Ğudi Dağ, Judi Dagh, Cudi Dagh, Mount Judi, Gora Dzhudi, al-Ğūdiyy, Al-Jūdiyy, الجودي, Cûdî‎, Cudi, Guti, Kutu",2,37.37705,42.45492,"KUR.ni-pur, 𒆳𒉌𒁓",mountain,"Nipur, Turkey",4 B4,"Bagg RGTC 7 2/2: 466, Helsinki Atlas: 14 (map 4 B4), Parpola Toponyms: 268, <a href='https://www.geonames.org/317981/cudi-dagi.html' target='_blank'>Geonames: Cudi Dağı</a>, <a href='https://zenodo.org/record/5217600' target='_blank'>CIGS: Cudi Dağı</a>, <a href='https://pleiades.stoa.org/places/471828778' target='_blank'>Pleiades: Mount Judi</a>, <a href='http://oracc.museum.upenn.edu/rinap/cbd/qpn-x-places/onebigfile.html' target='_blank'>RINAP Glossary: Places (Nipur [Mount Nipur])</a>, <a href='http://oracc.museum.upenn.edu/riao/cbd/qpn-x-places/onebigfile.html' target='_blank'>RIAo Glossary: Places (Nipur [Mount Nipur])</a>"
2025-08-07-(20-55-36),edited,804,Rablā,"Rablâ, Rabla, Rablê, Rable, Riblāh, Riblah, Ribleh, Ribla, רִבְלָה, ربلة, Tall Zirāʿa, Tall Ziraʿāt, Tell Zira'at, تل زراعة",1,34.45957216202334,36.57248007565533,"URU.rab-la-a, 𒌷𒊐𒆷𒀀, URU.ra-ab-le-e, 𒌷𒊏𒀊𒇷𒂊, rblh, רִבְלָה",city,"Ṣūpat, Syria",8 B2,"Bagg RGTC 7 1: 202 (Rablê), Helsinki Atlas: 15 (map 8 B2), Parpola Toponyms: 290 (Rablê), <a href='https://zenodo.org/record/6384045' target='_blank'>Pedersén ANE: Rablê (Tell Zira'at / Ribla)</a>, <a href='https://pleiades.stoa.org/places/431124909' target='_blank'>Pleiades: Rablê</a>, <a href='https://www.ucl.ac.uk/sargon/peoplegodsplaces' target='_blank'>Assyrian empire builders: Rabla</a>, <a href='http://oracc.museum.upenn.edu/saao/cbd/qpn-x-places/onebigfile.html' target='_blank'>SAAo Glossary: Places (Rabla [Riblah])</a>, <a href='http://oracc.museum.upenn.edu/saao/cbd/qpn-x-places/onebigfile.html' target='_blank'>SAAo Glossary: Places (Rable [Riblah])</a>, <a href='http://oracc.museum.upenn.edu/atae/cbd/qpn-x-places/onebigfile.html' target='_blank'>ATAE Glossary: Places (Rable [Riblah])</a>"
2025-08-07-(20-55-36),edited,851,Sazanâ,"Sazanâ, Sazana, Šaezana, Šasʿīmu, Ša-zaʿnā (?), Tall Bār Ilyās, Tall Barr Ilyās, Tell Barr Elyas, Tell Barr Eliâs, Tell Bar Elias, Tell Berr Elyās, تل بر الياس, Tall Dēr Zinūn (?), Tell Deïr Zenoûn (?), Tell Deïr Zenoun (?), Tall Dayr Zanūn (?), Tell Derzenoun (?), Tall Darzaynūn (?), تل دير زنون",3,33.77553266613423,35.90354110217341,"URU.sa-za-na-a, 𒌷𒊓𒍝𒈾𒀀, URU.ša-za-e-na, 𒌷𒊭𒍝𒂊𒈾","town, station","Ṣūpat, Lebanon, Syria (?)",8 B2,"Bagg RGTC 7 1: 217, Helsinki Atlas: 16 (map 8 B2), Parpola Toponyms: 307 (Sazana), Ephʿal (1971): <sup>URU</sup>Ša-za-e-na = <sup>URU</sup>Sa-za-na. IEJ 21 2/3: 155–157, <a href='https://zenodo.org/record/6384045' target='_blank'>Pedersén ANE: (Tell Barr Elyas)</a>, <a href='https://www.geonames.org/276955/barr-elias.html' target='_blank'>Geonames: Barr Eliâs</a>, <a href='https://www.geonames.org/275758/tell-deir-zenoun.html' target='_blank'>Geonames: Tell Deïr Zenoûn</a>, <a href='https://www.ucl.ac.uk/sargon/peoplegodsplaces' target='_blank'>Assyrian empire builders: Sazana</a>, <a href='http://oracc.museum.upenn.edu/saao/cbd/qpn-x-places/onebigfile.html' target='_blank'>SAAo Glossary: Places (Sazana [1])</a>, <a href='http://oracc.museum.upenn.edu/atae/cbd/qpn-x-places/onebigfile.html' target='_blank'>ATAE Glossary: Places (Sazana [1])</a>"
2025-08-07-(21-04-08),new,1307,Nipuri,"Nipuri, Nipuru, Nipur",–,–,–,"KUR.ni-pu-ri, 𒆳𒉌𒁍𒊑",mountain,"Ṣūpat, Syria, Lebanon (?)",–,"Bagg RGTC 7 3/2: 937 (add. to 7/1), <a href='https://www.ucl.ac.uk/sargon/peoplegodsplaces' target='_blank'>Assyrian empire builders: Nipuru</a>, <a href='http://oracc.museum.upenn.edu/saao/cbd/qpn-x-places/onebigfile.html' target='_blank'>SAAo Glossary: Places (Nipur [Mount Nipur])</a>, <a href='http://oracc.museum.upenn.edu/atae/cbd/qpn-x-places/onebigfile.html' target='_blank'>ATAE Glossary: Places (Nipur [Mount Nipur])</a>"
2025-08-07-(21-14-30),edited,1272,Qaianini,"Qaianini, Qayānini, Qayanini, Qaianiḫu",–,–,–,"URU.qa-ia-ni-ni, 𒌷𒋡𒅀𒉌𒉌",town,"Syria (?), Turkey (?)",–,"Bagg RGTC 7 3/2: 976 (add. to RGTC 7/2), <a href='http://oracc.museum.upenn.edu/atae/cbd/qpn-x-places/onebigfile.html' target='_blank'>ATAE Glossary: Places (Qayanini [1])</a>"
2025-08-07-(22-04-16),edited,514,Judeideh,"Judeideh, Judaide, Jedīdē, Jedide, Jadīdah, Jadidah, Judaydah, Jadida, جديدە, Al Judaydah, الجديدة",–,34.3826,42.0326,–,city,"Sūḫu, Iraq",–,"RIMB 2: 322, <a href='https://www.jstor.org/stable/4200202?seq=5' target='_blank'>Excavations in Iraq 1981-82. Iraq 45/2 (1983): 203 (Map 2)</a>, <a href='https://zenodo.org/record/5217600' target='_blank'>CIGS: Jadīdah</a>, <a href='https://pleiades.stoa.org/places/945906724' target='_blank'>Pleiades: Judeideh</a>, <a href='https://www.geonames.org/95348/jadidah.html' target='_blank'>Geonames: Jadīdah</a>"
2025-08-08-(09-07-06),edited,2,Abani,Abani,–,–,–,"ÍD.a-ba-ni, 𒀀𒇉𒀀𒁀𒉌",river,"Elam, Rāši, Iran",–,"Parpola Toponyms: 1, <a href='https://www.ucl.ac.uk/sargon/peoplegodsplaces' target='_blank'>Assyrian empire builders: Abani</a>, <a href='http://oracc.museum.upenn.edu/saao/cbd/qpn-x-waters/onebigfile.html' target='_blank'>SAAo Glossary: Waters (Abani)</a>"
2025-08-12-(16-36-15),new,1308,Zāmê,"Zāmê, Zamē, Zamê, Zame",–,–,–,"URU.za-a-me-e, 𒌷𒍝𒀀𒈨𒂊, KUR.za-a-me, 𒆳𒍝𒀀𒈨 ","fortified city, city, territory","Babylonia, Puqūdu, Gambūlu, Iraq",–,"Bagg RGTC 7 3/2: 616–617, Parpola Toponyms: 381, Zadok RGTC 8: 333 (Zamē), <a href='http://oracc.museum.upenn.edu/riao/cbd/qpn-x-places/onebigfile.html' target='_blank'>RIAo Glossary: Places (Zame [1])</a>, <a href='http://oracc.museum.upenn.edu/rinap/cbd/qpn-x-places/onebigfile.html' target='_blank'>RINAP Glossary: Places (Zame [1])</a>, <a href='http://oracc.museum.upenn.edu/atae/cbd/qpn-x-places/onebigfile.html' target='_blank'>ATAE Glossary: Places (Zame [1])</a>, <a href='http://oracc.museum.upenn.edu/saao/cbd/qpn-x-places/onebigfile.html' target='_blank'>SAAo Glossary: Places (Zame [1])</a>"
2025-08-12-(16-56-06),new,1309,Adariḫiti,"Adariḫiti, Adarihiti",–,–,–,"URU.a-da-ri-ḫi-ti, 𒌷𒀀𒁕𒊑𒄭𒋾",town,"Babylonia, Puqūdu, Gambūlu, Zāmê, Iraq",–,"Parpola Toponyms: 3, SAA 21 110: 8, <a href='https://publikationen.badw.de/de/rla/index' target='_blank'>Ebeling RlA 1: 3</a>, <a href='http://oracc.museum.upenn.edu/saao/cbd/qpn-x-places/onebigfile.html' target='_blank'>SAAo Glossary: Places (Adarihiti [1])</a>, <a href='http://oracc.museum.upenn.edu/atae/cbd/qpn-x-places/onebigfile.html' target='_blank'>ATAE Glossary: Places (Adarihiti [1])</a>"
2025-08-12-(17-06-49),edited,1309,Adariḫiti,"Adariḫiti, Adarihiti",–,–,–,"URU.a-da-ri-ḫi-ti, 𒌷𒀀𒁕𒊑𒄭𒋾",town,"Babylonia, Puqūdu, Gambūlu, Zāmê, Iraq",–,"Parpola Toponyms: 3, Zadok RGTC 8: 2, SAA 21 110: 8, <a href='https://publikationen.badw.de/de/rla/index' target='_blank'>Ebeling RlA 1: 3</a>, <a href='http://oracc.museum.upenn.edu/saao/cbd/qpn-x-places/onebigfile.html' target='_blank'>SAAo Glossary: Places (Adarihiti [1])</a>, <a href='http://oracc.museum.upenn.edu/atae/cbd/qpn-x-places/onebigfile.html' target='_blank'>ATAE Glossary: Places (Adarihiti [1])</a>"
2025-08-12-(17-36-05),new,1310,Banniši,"Banniši, Bannēšu, Bannešu",–,–,–,"KUR.ban-ni-ši, 𒆳𒉼𒉌𒅆",mountain,"Babylonia, Gambūlu (?), Iraq",–,"SAA 21 110: rev. 4’ and 5’, <a href='http://oracc.museum.upenn.edu/atae/cbd/qpn-x-places/onebigfile.html' target='_blank'>ATAE Glossary: Places (Bannešu [1])</a>, <a href='http://oracc.museum.upenn.edu/saao/cbd/qpn-x-places/onebigfile.html' target='_blank'>SAAo Glossary: Places (Bannešu [1])</a>"
2025-08-12-(20-44-41),edited,44,Allabria,"Allabria, Sanandağ, سنندج",3,35.31495,46.99883,"KUR.al-la-ab-ra-a-a, 𒆳𒀠𒆷𒀊𒊏𒀀𒀀, KUR.al-la-lab-ri-a, 𒆳𒀠𒆷𒆗𒊑𒀀, KUR.al-lab-ra-a-a, 𒆳𒀠𒆗𒊏𒀀𒀀, KUR.al-lab-ri-a, 𒆳𒀠𒆗𒊑𒀀, KUR.al-lab-ri-a-a, 𒆳𒀠𒆗𒊑𒀀𒀀, KUR.al-lab-rí-a-a / al-lab-rí-a-a, 𒆳𒀠𒆗𒌷𒀀𒀀 / 𒀠𒆗𒌷𒀀𒀀, URU.al-la-ab-ra-a, 𒌷𒀠𒆷𒀊𒊏𒀀, URU.al-la-ab-ri-a, 𒌷𒀠𒆷𒀊𒊑𒀀, URU.al-lab-ri-a, 𒌷𒀠𒆗𒊑𒀀","territory, country, city","Zagros mountain range, Iran","11 B1, 11 C1","Bagg RGTC 7 3/1: 18–19, Helsinki Atlas: 5 (map 11 B1; map 11 C1), Parpola Toponyms: 12, <a href='https://www.geonames.org/117574/sanandaj.html' target='_blank'>Geonames: Sanandaj</a>, <a href='https://www.ucl.ac.uk/sargon/peoplegodsplaces' target='_blank'>Assyrian empire builders: Allabria</a>, <a href='http://oracc.museum.upenn.edu/riao/cbd/qpn-x-places/onebigfile.html' target='_blank'>RIAo Glossary: Places (Allabria)</a>, <a href='http://oracc.museum.upenn.edu/rinap/cbd/qpn-x-places/onebigfile.html' target='_blank'>RINAP Glossary: Places (Allabria)</a>, <a href='http://oracc.museum.upenn.edu/riao/cbd/qpn-x-places/onebigfile.html' target='_blank'>RIAo Glossary: Places (Allabria)</a>, <a href='http://oracc.museum.upenn.edu/riao/cbd/qpn-x-ethnic/onebigfile.html' target='_blank'>RIAo Glossary: Ethnic (Allabriayu [OF ALLABRIA])</a>, <a href='http://oracc.museum.upenn.edu/rinap/cbd/qpn-x-ethnic/onebigfile.html' target='_blank'>RINAP Glossary: Ethnic (Allabriayu [OF ALLABRIA])</a>"
2025-08-12-(21-25-11),new,1311,Siniḫini,"Siniḫini, Sinihini",–,–,–,"URU.si-ni-ḫi-ni, 𒌷𒋛𒉌𒄭𒉌",fortress,"Mannāja, Surikaš, Iran",–,"Bagg RGTC 7 3/2: 516, Parpola Toponyms: 311, <a href='http://oracc.museum.upenn.edu/riao/cbd/qpn-x-places/onebigfile.html' target='_blank'>RIAo Glossary: Places (Sinihini [1])</a>, <a href='http://oracc.museum.upenn.edu/rinap/cbd/qpn-x-places/onebigfile.html' target='_blank'>RINAP Glossary: Places (Sinihini [1])</a>"
2025-08-12-(22-13-18),new,1312,Latašê,"Latašê, Lataše",–,–,–,"URU.la-ta-še-e, 𒌷𒆷𒋫𒊺𒂊",fortress,"Allabria, Lāruete, Iran",–,"Bagg RGTC 7 3/1: 372, Parpola Toponyms: 226, <a href='http://oracc.museum.upenn.edu/riao/cbd/qpn-x-places/onebigfile.html' target='_blank'>RIAo Glossary: Places (Lataše [1])</a>, <a href='http://oracc.museum.upenn.edu/rinap/cbd/qpn-x-places/onebigfile.html' target='_blank'>RINAP Glossary: Places (Lataše [1])</a>"
2025-08-12-(22-31-52),new,1313,Lāruete,"Lāruete, Laruete",–,–,–,"KUR.la-a-ru-e-te, 𒆳𒆷𒀀𒊒𒂊𒋼","territory, district","Allabria, Lāruete, Iran",–,"Bagg RGTC 7 3/1: 371, Parpola Toponyms: 226, <a href='http://oracc.museum.upenn.edu/rinap/cbd/qpn-x-places/onebigfile.html' target='_blank'>RINAP Glossary: Places (Laruete [1])</a>, <a href='http://oracc.museum.upenn.edu/riao/cbd/qpn-x-places/onebigfile.html' target='_blank'>RIAo Glossary: Places (Laruete [1])</a>"
2025-08-12-(22-51-49),edited,1313,Lāruete,"Lāruete, Lâruete, Laruete",–,–,–,"KUR.la-a-ru-e-te, 𒆳𒆷𒀀𒊒𒂊𒋼","territory, district","Allabria, Lāruete, Iran",–,"Bagg RGTC 7 3/1: 371, Parpola Toponyms: 226, <a href='http://oracc.museum.upenn.edu/rinap/cbd/qpn-x-places/onebigfile.html' target='_blank'>RINAP Glossary: Places (Laruete [1])</a>, <a href='http://oracc.museum.upenn.edu/riao/cbd/qpn-x-places/onebigfile.html' target='_blank'>RIAo Glossary: Places (Laruete [1])</a>"
2025-08-12-(22-53-33),new,1314,Nārtu-ša-Lāruete,"Nārtu-ša-Lāruete, Nārtu-ša-Lâruete, Nartu-ša-Laruete, Čam-e Qezel Uzan, Rūdkhāneh-ye Qezel Owzan, Rudkhaneh-ye Qezel Owzan, رودخانه قزل اوزن",–,35.85758,46.999,"ÍD-ti ša KUR.la-a-ru-e-te, 𒀀𒇉𒋾 𒊭 𒆳𒆷𒀀𒊒𒂊𒋼",river,"Allabria, Lāruete, Iran",–,"Bagg RGTC 7 3/1: 371 (Lāruete), Parpola Toponyms: 226 (Lāruete), <a href='https://www.geonames.org/8074881/rudkhaneh-ye-qezel-owzan.html' target='_blank'>Geonames: Rūdkhāneh-ye Qezel Owzan</a>, <a href='https://www.geonames.org/6648126/rudkhaneh-ye-qezel-owzan.html' target='_blank'>Geonames: Rūdkhāneh-ye Qezel Owzan</a>, <a href='http://oracc.museum.upenn.edu/rinap/cbd/qpn-x-places/onebigfile.html' target='_blank'>RINAP Glossary: Places (Laruete [1])</a>, <a href='http://oracc.museum.upenn.edu/riao/cbd/qpn-x-places/onebigfile.html' target='_blank'>RIAo Glossary: Places (Laruete [1])</a>"
2025-08-14-(16-57-42),edited,753,Parsua,"Parsua, Parsumaš, Paršumaš, Parsuaš, Paršuā, Parsuaya, Parsuayu",2,–,–,"par-su-a, 𒌓𒋢𒀀, KUR.pa-ar-su-a, 𒆳𒉺𒅈𒋢𒀀, KUR.par-su-a, 𒆳𒌓𒋢𒀀, KUR.par-su-áš, 𒆳𒌓𒋢𒀾, KUR.par-su-maš, 𒆳𒌓𒋢𒈦, KUR.par-su-u-a, 𒆳𒌓𒋢𒌋𒀀, KUR.par-zu-a, 𒆳𒌓𒍪𒀀, KUR.pár-su-a, 𒆳𒁇𒋢𒀀, URU.par-su-a, 𒌷𒌓𒋢𒀀, URU.pár-su-a, 𒌷𒁇𒋢𒀀, KUR.par-su-u-a-a, 𒆳𒌓𒋢𒌋𒀀𒀀, KUR.pár-su-a-a, 𒆳𒁇𒋢𒀀𒀀","country, province, city","Parsua, Iran",11 B2,"Bagg RGTC 7 3/2: 452–454, Bagg RGTC 7 3/2: 454 (Parsuaš 1), Bagg RGTC 7 3/2: 454 (Parsumaš 1), Helsinki Atlas: 14 (map 11 B2), Parpola Toponyms: 274–275, Parpola Toponyms: 275 (Parsumaš), Parpola Toponyms: 275 (Paršumaš), <a href='http://oracc.museum.upenn.edu/saao/knpp/peoplegodsplaces/index.html' target='_blank'>Knowledge and Power: Parsua</a>, <a href='https://www.ucl.ac.uk/sargon/peoplegodsplaces' target='_blank'>Assyrian empire builders: Parsua</a>, <a href='http://oracc.museum.upenn.edu/tsae/cbd/qpn-x-places/onebigfile.html' target='_blank'>TSAE Glossary: Places (Parsua [1])</a>, <a href='http://oracc.museum.upenn.edu/tsae/cbd/qpn-x-places/onebigfile.html' target='_blank'>TSAE Glossary: Places (Parsua [1])</a>, <a href='http://oracc.museum.upenn.edu/tsae/cbd/qpn-x-ethnic/onebigfile.html' target='_blank'>TSAE Glossary: Ethnic Names (Parsuaya [of Parsua])</a>, <a href='http://oracc.museum.upenn.edu/tsae/cbd/qpn-x-ethnic/onebigfile.html' target='_blank'>TSAE Glossary: Ethnic Names (Parsuayu [of Parsua])</a>"
2025-08-14-(17-45-22),edited,753,Parsua,"Parsua, Parsumaš, Parsuaš, Paršuā, Parsuaya, Parsuayu",2,–,–,"par-su-a, 𒌓𒋢𒀀, KUR.pa-ar-su-a, 𒆳𒉺𒅈𒋢𒀀, KUR.par-su-a, 𒆳𒌓𒋢𒀀, KUR.par-su-áš, 𒆳𒌓𒋢𒀾, KUR.par-su-maš, 𒆳𒌓𒋢𒈦, KUR.par-su-u-a, 𒆳𒌓𒋢𒌋𒀀, KUR.par-zu-a, 𒆳𒌓𒍪𒀀, KUR.pár-su-a, 𒆳𒁇𒋢𒀀, URU.par-su-a, 𒌷𒌓𒋢𒀀, URU.pár-su-a, 𒌷𒁇𒋢𒀀, KUR.par-su-u-a-a, 𒆳𒌓𒋢𒌋𒀀𒀀, KUR.pár-su-a-a, 𒆳𒁇𒋢𒀀𒀀","country, province, city","Parsua, Iran",11 B2,"Bagg RGTC 7 3/2: 452–454, Bagg RGTC 7 3/2: 454 (Parsuaš 1), Bagg RGTC 7 3/2: 454 (Parsumaš 1), Helsinki Atlas: 14 (map 11 B2), Parpola Toponyms: 274–275, Parpola Toponyms: 275 (Parsumaš), Parpola Toponyms: 275 (Paršumaš), <a href='http://oracc.museum.upenn.edu/saao/knpp/peoplegodsplaces/index.html' target='_blank'>Knowledge and Power: Parsua</a>, <a href='https://www.ucl.ac.uk/sargon/peoplegodsplaces' target='_blank'>Assyrian empire builders: Parsua</a>, <a href='http://oracc.museum.upenn.edu/tsae/cbd/qpn-x-places/onebigfile.html' target='_blank'>TSAE Glossary: Places (Parsua [1])</a>, <a href='http://oracc.museum.upenn.edu/tsae/cbd/qpn-x-places/onebigfile.html' target='_blank'>TSAE Glossary: Places (Parsua [1])</a>, <a href='http://oracc.museum.upenn.edu/tsae/cbd/qpn-x-ethnic/onebigfile.html' target='_blank'>TSAE Glossary: Ethnic Names (Parsuaya [of Parsua])</a>, <a href='http://oracc.museum.upenn.edu/tsae/cbd/qpn-x-ethnic/onebigfile.html' target='_blank'>TSAE Glossary: Ethnic Names (Parsuayu [of Parsua])</a>"
2025-08-14-(18-02-53),edited,753,Parsua,"Parsua, Parsumaš, Parsuaš, Paršuā, Parsuaya, Parsuayu",2,–,–,"par-su-a, 𒌓𒋢𒀀, KUR.pa-ar-su-a, 𒆳𒉺𒅈𒋢𒀀, KUR.par-su-a, 𒆳𒌓𒋢𒀀, KUR.par-su-áš, 𒆳𒌓𒋢𒀾, KUR.par-su-maš, 𒆳𒌓𒋢𒈦, KUR.par-su-u-a, 𒆳𒌓𒋢𒌋𒀀, KUR.par-zu-a, 𒆳𒌓𒍪𒀀, KUR.pár-su-a, 𒆳𒁇𒋢𒀀, URU.par-su-a, 𒌷𒌓𒋢𒀀, URU.pár-su-a, 𒌷𒁇𒋢𒀀, KUR.par-su-u-a-a, 𒆳𒌓𒋢𒌋𒀀𒀀, KUR.pár-su-a-a, 𒆳𒁇𒋢𒀀𒀀","country, province, city","Parsua, Iran",11 B2,"Bagg RGTC 7 3/2: 452–454, Bagg RGTC 7 3/2: 454 (Parsuaš 1), Bagg RGTC 7 3/2: 454 (Parsumaš 1), Helsinki Atlas: 14 (map 11 B2), Parpola Toponyms: 274–275, Parpola Toponyms: 275 (Parsumaš), <a href='http://oracc.museum.upenn.edu/saao/knpp/peoplegodsplaces/index.html' target='_blank'>Knowledge and Power: Parsua</a>, <a href='https://www.ucl.ac.uk/sargon/peoplegodsplaces' target='_blank'>Assyrian empire builders: Parsua</a>, <a href='http://oracc.museum.upenn.edu/tsae/cbd/qpn-x-places/onebigfile.html' target='_blank'>TSAE Glossary: Places (Parsua [1])</a>, <a href='http://oracc.museum.upenn.edu/tsae/cbd/qpn-x-places/onebigfile.html' target='_blank'>TSAE Glossary: Places (Parsua [1])</a>, <a href='http://oracc.museum.upenn.edu/tsae/cbd/qpn-x-ethnic/onebigfile.html' target='_blank'>TSAE Glossary: Ethnic Names (Parsuaya [of Parsua])</a>, <a href='http://oracc.museum.upenn.edu/tsae/cbd/qpn-x-ethnic/onebigfile.html' target='_blank'>TSAE Glossary: Ethnic Names (Parsuayu [of Parsua])</a>"
2025-08-14-(18-02-53),edited,754,Parsumaš,"Parsumaš, Paršumaš, Parsuaš, Parsua, Persis, Fārs, Fars, فارس, Farsistan",2,29,53,"KUR.par-su-ma-áš, 𒆳𒌓𒋢𒈠𒀾, KUR.par-su-ú-ma-áš, 𒆳𒌓𒋢𒌑𒈠𒀾, KUR.par-su-maš, 𒆳𒌓𒋢𒈦, KUR.par-su-áš, 𒆳𒌓𒋢𒀾, LÚ.par-šu-maš, 𒇽𒌓𒋗𒈦","territory, country",Iran,17 C2,"Bagg RGTC 7 3/2: 454–455 (Parsumaš 2), Bagg RGTC 7 3/2: 454 (Parsuaš 2), Helsinki Atlas: 14 (map 17 C2), Parpola Toponyms: 275, Parpola Toponyms: 274–275 (Parsua), Parpola Toponyms: 275 (Paršumaš), <a href='https://www.geonames.org/134767/fars.html' target='_blank'>Geonames: Fārs</a>, <a href='http://oracc.museum.upenn.edu/saao/knpp/peoplegodsplaces/index.html' target='_blank'>Knowledge and Power: Parsumaš</a>, <a href='https://www.ucl.ac.uk/sargon/peoplegodsplaces' target='_blank'>Assyrian empire builders: Parsumaš</a>, <a href='http://oracc.museum.upenn.edu/tsae/cbd/qpn-x-places/onebigfile.html' target='_blank'>TSAE Glossary: Places (Parsumaš [1])</a>, <a href='http://oracc.museum.upenn.edu/tsae/cbd/qpn-x-places/onebigfile.html' target='_blank'>TSAE Glossary: Places (Parsumaš [2])</a>, <a href='http://oracc.museum.upenn.edu/tsae/cbd/qpn-x-ethnic/onebigfile.html' target='_blank'>TSAE Glossary: Ethnic Names (Paršumaš [Persian])</a>, <a href='http://oracc.museum.upenn.edu/tsae/cbd/qpn-x-ethnic/onebigfile.html' target='_blank'>TSAE Glossary: Ethnic Names (Paršumaš [of Parsumaš 2])</a>"
2025-08-14-(18-16-38),new,1315,Parsamaš,Parsamaš,–,–,–,"URU.par-sa-maš, 𒌷𒌓𒊓𒈦",town,"Elam, Iran",–,"Bagg RGTC 7 3/2: 451, Parpola Toponyms: 274, Parpola Toponyms: 274–275 (Parsua), <a href='http://oracc.museum.upenn.edu/riao/cbd/qpn-x-places/onebigfile.html' target='_blank'>RIAo Glossary: Places (Parsamaš [1])</a>"
2025-08-14-(18-36-23),new,1316,Niksamma,Niksamma,–,–,–,"KUR.ni-ik-sa-am-ma, 𒆳𒉌𒅅𒊓𒄠𒈠, KUR.nik-sa-am-ma, 𒆳𒊩𒌨𒊓𒄠𒈠",territory,"Parsua, Iran",–,"Bagg RGTC 7 3/1: 434, Parpola Toponyms: 261, <a href='http://oracc.museum.upenn.edu/rinap/cbd/qpn-x-places/onebigfile.html' target='_blank'>RINAP Glossary: Places (Niksamma [1])</a>, <a href='http://oracc.museum.upenn.edu/riao/cbd/qpn-x-places/onebigfile.html' target='_blank'>RIAo Glossary: Places (Niksamma [1])</a>"
2025-08-14-(19-56-12),new,1317,Ganguḫtu,"Ganguḫtu, Ganguhtu, Ganunguḫtu, Ganunguhtu, Ginḫuḫta, Kiguḫtu, Kiguhtu",–,–,–,"URU.ga-an-gu-uḫ-tu, 𒌷𒂵𒀭𒄖𒄴𒌅, URU.ga-nu-un-gu-uḫ-tu, 𒌷𒂵𒉡𒌦𒄖𒄴𒌅, URU.ki-gu-uḫ-tú, 𒌷𒆠𒄖𒄴𒌓, KUR.gi-in-ḫu-uḫ-ta-a-a, 𒆳𒄀𒅔𒄷𒄴𒋫𒀀𒀀","fortified city, city","Naʾiri, Niksamma, Parsua, Iran",–,"Bagg RGTC 7 3/1: 224–225, Parpola Toponyms: 129–130, Parpola Toponyms: 130 (Ganu...), Parpola Toponyms: 205 (*Kiguḫtu), <a href='https://www.ucl.ac.uk/sargon/peoplegodsplaces' target='_blank'>Assyrian empire builders: Kiguhtu</a>, <a href='http://oracc.museum.upenn.edu/riao/cbd/qpn-x-ethnic/onebigfile.html' target='_blank'>RIAo Glossary: Ethnic Names (Ganguhtayu [of Ganguhtu])</a>, <a href='http://oracc.museum.upenn.edu/rinap/cbd/qpn-x-places/onebigfile.html' target='_blank'>RINAP Glossary: Places (Ganguhtu [1])</a>, <a href='http://oracc.museum.upenn.edu/saao/cbd/qpn-x-places/onebigfile.html' target='_blank'>SAAo Glossary: Places (Ganguhtu [1])</a>, <a href='http://oracc.museum.upenn.edu/riao/cbd/qpn-x-places/onebigfile.html' target='_blank'>RIAo Glossary: Places (Ganguhtu [1])</a>, <a href='http://oracc.museum.upenn.edu/atae/cbd/qpn-x-places/onebigfile.html' target='_blank'>ATAE Glossary: Places (Ganguhtu [1])</a>, <a href='http://oracc.museum.upenn.edu/saao/cbd/qpn-x-places/onebigfile.html' target='_blank'>SAAo Glossary: Places (Kiguhtu [1])</a>"
2025-08-14-(20-06-46),new,1318,Kizaḫasi,"Kizaḫasi, Kizahasi",–,–,–,"URU.ki-za-ha-si, 𒌷𒆠𒍝𒄩𒋛","fortified city, city","Parsua, Iran",–,"Bagg RGTC 7 3/1: 352, Parpola Toponyms: 212, <a href='https://www.ucl.ac.uk/sargon/peoplegodsplaces' target='_blank'>Assyrian empire builders: Kizahasi</a>, <a href='http://oracc.museum.upenn.edu/saao/cbd/qpn-x-places/onebigfile.html' target='_blank'>SAAo Glossary: Places (Kizahasi [1])</a>, <a href='http://oracc.museum.upenn.edu/atae/cbd/qpn-x-places/onebigfile.html' target='_blank'>ATAE Glossary: Places (Kizahasi [1])</a>"
2025-08-14-(20-21-41),new,1319,Tizu,Tizu,–,–,–,"URU.ti-zu, 𒌷𒋾𒍪","fortress, fortified city, city","Parsua, Iran",–,"Bagg RGTC 7 3/2: 568 (Tizu (?)), <a href='https://www.ucl.ac.uk/sargon/peoplegodsplaces' target='_blank'>Assyrian empire builders: Tizu</a>, <a href='http://oracc.museum.upenn.edu/saao/cbd/qpn-x-places/onebigfile.html' target='_blank'>SAAo Glossary: Places (Tizu [1])</a>, <a href='http://oracc.museum.upenn.edu/atae/cbd/qpn-x-places/onebigfile.html' target='_blank'>ATAE Glossary: Places (Tizu [1])</a>"
2025-08-14-(20-26-26),edited,1317,Ganguḫtu,"Ganguḫtu, Ganguhtu, Ganunguḫtu, Ganunguhtu, Ginḫuḫta, Kiguḫtu, Kiguhtu",–,–,–,"URU.ga-an-gu-uḫ-tu, 𒌷𒂵𒀭𒄖𒄴𒌅, URU.ga-nu-un-gu-uḫ-tu, 𒌷𒂵𒉡𒌦𒄖𒄴𒌅, URU.ki-gu-uḫ-tú, 𒌷𒆠𒄖𒄴𒌓, KUR.gi-in-ḫu-uḫ-ta-a-a, 𒆳𒄀𒅔𒄷𒄴𒋫𒀀𒀀","fortress, fortified city, city","Naʾiri, Niksamma, Parsua, Iran",–,"Bagg RGTC 7 3/1: 224–225, Parpola Toponyms: 129–130, Parpola Toponyms: 130 (Ganu...), Parpola Toponyms: 205 (*Kiguḫtu), <a href='https://www.ucl.ac.uk/sargon/peoplegodsplaces' target='_blank'>Assyrian empire builders: Kiguhtu</a>, <a href='http://oracc.museum.upenn.edu/riao/cbd/qpn-x-ethnic/onebigfile.html' target='_blank'>RIAo Glossary: Ethnic Names (Ganguhtayu [of Ganguhtu])</a>, <a href='http://oracc.museum.upenn.edu/rinap/cbd/qpn-x-places/onebigfile.html' target='_blank'>RINAP Glossary: Places (Ganguhtu [1])</a>, <a href='http://oracc.museum.upenn.edu/saao/cbd/qpn-x-places/onebigfile.html' target='_blank'>SAAo Glossary: Places (Ganguhtu [1])</a>, <a href='http://oracc.museum.upenn.edu/riao/cbd/qpn-x-places/onebigfile.html' target='_blank'>RIAo Glossary: Places (Ganguhtu [1])</a>, <a href='http://oracc.museum.upenn.edu/atae/cbd/qpn-x-places/onebigfile.html' target='_blank'>ATAE Glossary: Places (Ganguhtu [1])</a>, <a href='http://oracc.museum.upenn.edu/saao/cbd/qpn-x-places/onebigfile.html' target='_blank'>SAAo Glossary: Places (Kiguhtu [1])</a>"
2025-08-14-(20-26-26),edited,1318,Kizaḫasi,"Kizaḫasi, Kizahasi",–,–,–,"URU.ki-za-ha-si, 𒌷𒆠𒍝𒄩𒋛","fortress, fortified city, city","Parsua, Iran",–,"Bagg RGTC 7 3/1: 352, Parpola Toponyms: 212, <a href='https://www.ucl.ac.uk/sargon/peoplegodsplaces' target='_blank'>Assyrian empire builders: Kizahasi</a>, <a href='http://oracc.museum.upenn.edu/saao/cbd/qpn-x-places/onebigfile.html' target='_blank'>SAAo Glossary: Places (Kizahasi [1])</a>, <a href='http://oracc.museum.upenn.edu/atae/cbd/qpn-x-places/onebigfile.html' target='_blank'>ATAE Glossary: Places (Kizahasi [1])</a>"
2025-08-14-(20-26-26),edited,728,Nikkur,"Nikkur, Nikkar, Niqqar, Rawānsīr, Ravānsar, روانسر",4,34.7131057478713,46.6574357004798,"KUR.ni-kur, 𒆳𒉌𒆳, URU.ni-iq-qar, URU.ni-ik-kar₃, 𒌷𒉌𒅅𒃼, URU.ni-kur, 𒌷𒉌𒆳, URU.ni-ik-kur-a-a, 𒌷𒉌𒅅𒆳𒀀𒀀","fortress, prov. capital, city","Parsua, Iran",11 B2,"Bagg RGTC 7 3/1: 433, Helsinki Atlas: 14 (map 11 B2), Parpola Toponyms: 261, <a href='https://www.geonames.org/118705/ravansar.html' target='_blank'>Geonames: Ravānsar</a>, <a href='https://www.ucl.ac.uk/sargon/peoplegodsplaces' target='_blank'>Assyrian empire builders: Nikkur</a>, <a href='http://oracc.museum.upenn.edu/saao/cbd/qpn-x-places/onebigfile.html' target='_blank'>SAAo Glossary: Places (Nikkur [1])</a>, <a href='http://oracc.museum.upenn.edu/riao/cbd/qpn-x-places/onebigfile.html' target='_blank'>RIAo Glossary: Places (Nikkur [1])</a>, <a href='http://oracc.museum.upenn.edu/rinap/cbd/qpn-x-places/onebigfile.html' target='_blank'>RINAP Glossary: Places (Nikkur [1])</a>, <a href='http://oracc.museum.upenn.edu/atae/cbd/qpn-x-places/onebigfile.html' target='_blank'>ATAE Glossary: Places (Nikkur [1])</a>, <a href='http://oracc.museum.upenn.edu/riao/cbd/qpn-x-ethnic/onebigfile.html' target='_blank'>RIAo Glossary: Ethnic Names (Nikkurayu [of Nikkur])</a>, <a href='http://oracc.museum.upenn.edu/rinap/cbd/qpn-x-ethnic/onebigfile.html' target='_blank'>RINAP Glossary: Ethnic Names (Nikkurayu [of Nikkur])</a>"
2025-08-14-(21-32-26),new,1320,Nēmetti-šarri,"Nēmetti-šarri, Nemetti-šarri, Nimitti-šarri, Nibu..., Aḫ-Sāna (?), Bīt-rēdûti (?)",–,–,–,"URU.né-mat-ti-MAN, 𒌷𒉌𒆳𒋾𒌋𒌋, URU.né-met-ti-MAN, 𒌷𒉌𒋾𒌋𒌋 ",city,"Babylonia, Iraq",–,"Bagg RGTC 7 2/2: 453–454, Parpola Toponyms: 262 (Nimitti-šarri), Parpola Toponyms: 261 (Nibu...), <a href='http://oracc.museum.upenn.edu/saao/knpp/peoplegodsplaces/index.html' target='_blank'>Knowledge and Power: Nemetti-šarri</a>, <a href='http://oracc.museum.upenn.edu/atae/cbd/qpn-x-places/onebigfile.html' target='_blank'>ATAE Glossary: Places (Nemetti-šarri [1])</a>, <a href='http://oracc.museum.upenn.edu/saao/cbd/qpn-x-places/onebigfile.html' target='_blank'>SAAo Glossary: Places (Nemetti-šarri [1])</a>, <a href='http://oracc.museum.upenn.edu/riao/cbd/qpn-x-places/onebigfile.html' target='_blank'>RIAo Glossary: Places (Nemetti-šarri [1])</a>"
2025-08-14-(22-59-41),new,1321,Šānu,"Šānu, Sānu, Nahr ar-Rūz, Nahr ar Rūz, Nahr ar Rūz, نهر الروز, Nahr Rūz, Nahr Ruz, نهر روز",4,33.99611,45.03417,"ÍD.šá-a-ni, 𒀀𒇉𒃻𒀀𒉌, ÍD.šá-a-nu, 𒀀𒇉𒃻𒀀𒉡 ",river,"Assyria, Babylonia, Iraq",–,"Bagg RGTC 7 2/2: 453–454 (Nēmetti-šarri), Bagg RGTC 7 2/2: 691 (Turna), Bagg RGTC 7 2/1: 11 (Aḫ-Sāna), CT 29 pl. 48, <a href='https://www.ebl.lmu.de/library/K.19484' target='_blank'>eBL: K.19484+Rm.155: 20</a>, <a href='https://cdli.earth/artifacts/365974' target='_blank'>CDLI: P365974</a>, <a href='https://www.geonames.org/91877/nahr-ar-ruz.html' target='_blank'>Geonames: Nahr ar Rūz</a>, <a href='https://www.geonames.org/417437/nahr-ar-ruz.html' target='_blank'>Geonames: Nahr ar Rūz</a>"
2025-08-14-(23-38-23),new,1322,Aḫ-Sāna,"Aḫ-Sāna, Ah-Sana, Aḫsana, Ahsana, Bīt-rēdûti (?), Nēmetti-šarri (?)",–,–,–,"KUR.aḫ-sa-na, 𒆳𒄴𒊓𒈾, URU.aḫ-sa-na, 𒌷𒄴𒊓𒈾, a-ḫi-ÍD.šá-a-nu, 𒀀𒄭𒀀𒇉𒃻𒀀𒉡, a-ḫi-ÍD.šá-a-ni, 𒀀𒄭𒀀𒇉𒃻𒀀𒉌","city, territory (?)","Babylonia, Iraq",–,"Bagg RGTC 7 2/1: 11, Parpola Toponyms: 6 (Aḫsana), Bagg RGTC 7 2/2: 453–454 (Nēmetti-šarri), <a href='https://publikationen.badw.de/de/rla/index' target='_blank'>Ebeling RlA 1: 58 (Aḫsana)</a>, CT 29 pl. 48, <a href='https://www.ebl.lmu.de/library/K.19484' target='_blank'>eBL: K.19484+Rm.155: 20</a>, <a href='https://cdli.earth/artifacts/365974' target='_blank'>CDLI: P365974</a>, <a href='http://oracc.museum.upenn.edu/atae/cbd/qpn-x-places/onebigfile.html' target='_blank'>ATAE Glossary: Places (Ah-Sana [1])</a>, <a href='http://oracc.museum.upenn.edu/saao/cbd/qpn-x-places/onebigfile.html' target='_blank'>SAAo Glossary: Places (Ah-Sana [1])</a>, <a href='http://oracc.museum.upenn.edu/atae/cbd/qpn-x-places/onebigfile.html' target='_blank'>ATAE Glossary: Places (Ahsana [1])</a>"
2025-08-15-(13-20-08),new,1323,Appatar,"Appatar, Abhar (not), Abkhar (not), ابهر",–,–,–,"URU.ap-pa-tar, 𒌷𒀊𒉺𒋻","city, country","Gizilbunda, Parsua, Iran",–,"Bagg RGTC 7 3/1: 46, Parpola Toponyms: 21, <a href='https://www.geonames.org/145034/abhar.html' target='_blank'>Geonames: Abhar</a>, <a href='http://oracc.museum.upenn.edu/rinap/cbd/qpn-x-places/onebigfile.html' target='_blank'>RINAP Glossary: Places (Appatar [1])</a>, <a href='http://oracc.museum.upenn.edu/riao/cbd/qpn-x-places/onebigfile.html' target='_blank'>RIAo Glossary: Places (Appatar [1])</a>"
2025-08-15-(14-06-46),new,1324,Bīt-rēdûti,"Bīt-rēdûti, Bit-reduti, Bit-Riduti, Nēmetti-šarri (?), Nemetti-šarri (?), Aḫ-Sāna (?)",–,–,–,"É-re-du-ti, 𒂍𒊑𒁺𒋾",city,"Babylonia, Iraq",–,"Bagg RGTC 7 2/1: 117, Parpola Toponyms: 88, Bagg RGTC 7 2/1: 11 (Aḫ-Sāna), Bagg RGTC 7 2/2: 453–454 (Nēmetti-šarri), Grayson Chronicles: 168 (ABC 21: iv 4)"
2025-08-15-(15-31-14),edited,367,Gizilbunda,"Gizilbunda, Gizilbundi",2,–,–,–,territory,–,11 C1,Helsinki Atlas: 9 (map 11 C1)
2025-08-15-(16-22-11),new,1325,Kitpat,"Kitpat, Kitipata, Kitpattia, Kitpataya, Qazvīn (not), Qazvin (not), قزوين, Qazvīn (not), Qasvīn (not), Kazwin (not), Kazvin (not), Kuazvin (not), Kazvinas (not)",–,–,–,"URU.ki-it-pa-at-ti-a, 𒌷𒆠𒀉𒉺𒀜𒋾𒀀, URU.ki-it-pat, 𒌷𒆠𒀉𒉻, URU.ki-ti-pa-ta, 𒌷𒆠𒋾𒉺𒋫, URU.ki-it-pat-a-a, 𒌷𒆠𒀉𒉻𒀀𒀀","city, country","Bīt-Abdadāni, Gizilbunda, Parsua, Iran",–,"Bagg RGTC 7 3/1: 351–352, Parpola Toponyms: 211 (Kitpattia), <a href='https://publikationen.badw.de/de/rla/index' target='_blank'>Röllig RlA 5: 625–626 (Kitpattia)</a>, <a href='https://www.geonames.org/119505/qazvin.html' target='_blank'>Geonames: Qazvin</a>, <a href='http://oracc.museum.upenn.edu/saao/cbd/qpn-x-places/onebigfile.html' target='_blank'>SAAo Glossary: Places (Kitipat [1])</a>, <a href='http://oracc.museum.upenn.edu/atae/cbd/qpn-x-places/onebigfile.html' target='_blank'>ATAE Glossary: Places (Kitipat [1])</a>, <a href='http://oracc.museum.upenn.edu/riao/cbd/qpn-x-places/onebigfile.html' target='_blank'>RIAo Glossary: Places (Kitpat [1])</a>, <a href='http://oracc.museum.upenn.edu/rinap/cbd/qpn-x-places/onebigfile.html' target='_blank'>RINAP Glossary: Places (Kitpat [1])</a>, <a href='http://oracc.museum.upenn.edu/rinap/cbd/qpn-x-ethnic/onebigfile.html' target='_blank'>RINAP Glossary: Ethnic Names (Kitpatayu [of Kitpat])</a>, <a href='http://oracc.museum.upenn.edu/riao/cbd/qpn-x-ethnic/onebigfile.html' target='_blank'>RIAo Glossary: Ethnic Names (Kitpatayu [of Kitpat])</a>"
2025-08-15-(16-50-05),new,1326,Kiniḫamanu,"Kiniḫamanu, Kiniḫamānu, Kinihamanu, Kina...mannu",–,–,–,"URU.ki-ni-ha-ma-nu, 𒌷𒆠𒉌𒄩𒈠𒉡, URU.ki-ni-ḫa-man-nu, 𒌷𒆠𒉌𒄩𒌋𒌋𒉡","fortified city, city","Parsua, Iran",–,"Bagg RGTC 7 3/1: 342–343, Parpola Toponyms: 206 (Kina(.)mannu), <a href='http://oracc.museum.upenn.edu/riao/cbd/qpn-x-places/onebigfile.html' target='_blank'>RIAo Glossary: Places (Kiniḫamanu [1])</a>"
2025-08-15-(17-21-24),new,1327,Puštu,Puštu,–,–,–,"URU.pu-uš-tu, 𒌷𒁍𒍑𒌅","fortified city, city","Parsua, Iran",–,"Bagg RGTC 7 3/2: 465–466, <a href='http://oracc.museum.upenn.edu/riao/cbd/qpn-x-places/onebigfile.html' target='_blank'>RIAo Glossary: Places (Puštu [1])</a>"
2025-08-15-(17-33-30),edited,1327,Puštu,"Puštu, Pustu",–,–,–,"URU.pu-uš-tu, 𒌷𒁍𒍑𒌅","fortified city, city","Parsua, Iran",–,"Bagg RGTC 7 3/2: 465–466, <a href='http://oracc.museum.upenn.edu/riao/cbd/qpn-x-places/onebigfile.html' target='_blank'>RIAo Glossary: Places (Puštu [1])</a>"
2025-08-15-(17-36-20),new,1328,Šalaḫamanu,"Šalaḫamanu, Šalaḫamānu, Salaḫamānu, Salahamanu",–,–,–,"URU.šá-la-ḫa-ma-nu, 𒌷𒃻𒆷𒄩𒈠𒉡","fortified city, city","Parsua, Iran",–,"Bagg RGTC 7 3/2: 540, <a href='http://oracc.museum.upenn.edu/riao/cbd/qpn-x-places/onebigfile.html' target='_blank'>RIAo Glossary: Places (Šalahamanu [1])</a>"
2025-08-15-(17-48-51),new,1329,Šurgadia,Šurgadia,–,–,–,"URU.šur-ga-di-a, 𒌷𒋩𒂵𒁲𒀀","city, country","Parsua, Iran",–,"Bagg RGTC 7 3/2: 553, Parpola Toponyms: 340, <a href='http://oracc.museum.upenn.edu/rinap/cbd/qpn-x-places/onebigfile.html' target='_blank'>RINAP Glossary: Places (Šurgadia [1])</a>, <a href='http://oracc.museum.upenn.edu/riao/cbd/qpn-x-places/onebigfile.html' target='_blank'>RIAo Glossary: Places (Šurgadia [1])</a>"
2025-08-15-(18-00-36),new,1330,Zalipa,"Zalipa, Zalipaja",–,–,–,"KUR.za-li-pa-a-a, 𒆳𒍝𒇷𒉺𒀀𒀀",territory,"Parsua (?), Iran",–,"Bagg RGTC 7 3/2: 616, Parpola Toponyms: 380 (Zalipaja), <a href='https://www.ucl.ac.uk/sargon/peoplegodsplaces' target='_blank'>Assyrian empire builders: Zalipa</a>, <a href='http://oracc.museum.upenn.edu/saao/cbd/qpn-x-ethnic/onebigfile.html' target='_blank'>SAAo Glossary: Ethnic Names (Zalipaya [Zalipaean])</a>, <a href='http://oracc.museum.upenn.edu/saao/cbd/qpn-x-ethnic/onebigfile.html' target='_blank'>SAAo Glossary: Ethnic Names (Zalipaya [of Zalipa])</a>, <a href='http://oracc.museum.upenn.edu/atae/cbd/qpn-x-ethnic/onebigfile.html' target='_blank'>ATAE Glossary: Ethnic Names (Zalipaya [of Zalipa])</a>"
2025-09-30-(23-24-44),edited,84,Appari,Appari,–,–,–,"URU.ap-pa-ri, 𒌷𒀊𒉺𒊑",town,–,–,"Bagg RGTC 7 1: 18, Parpola Toponyms: 21"
2025-10-01-(00-01-54),edited,1100,Dūr-Marduk,"Dūr-Marduk, Dur-Marduk",–,–,–,"URU.BÀD-<sup>d</sup>AMAR.UTU, 𒌷𒂦𒀭𒀫𒌓",town,"Assyria, Raṣappa province (?), Iraq (?), Syria (?), East Ğazīra",–,Bagg RGTC 7 2/1: 154
2025-10-01-(00-01-54),edited,84,Appari,Appari,–,–,–,"URU.ap-pa-ri, 𒌷𒀊𒉺𒊑",town,"Syria, Ğazīra (?)",–,"Bagg RGTC 7 1: 18, Parpola Toponyms: 21, Zadok (1995): <i>The Ethno-Linguistic Character of the Jezireh and Adjacent Regions...</i>: 239 (no. 3.9.8.12.)"
2025-10-01-(00-01-54),edited,229,Bīt-Ramannu,Bīt-Ramannu,–,–,–,–,town,"Central Assyria, East Ğazīra",–,RGTC 2/1: 117
2025-10-01-(00-01-54),edited,233,Bīt-ša-muḫḫi-āli,"Bīt-ša-muḫḫi-āli, Bītu-ša-muḫḫi-āli",–,–,–,–,town,"Central Assyria, East Ğazīra",–,RGTC 7 2/1: 119
2025-10-01-(00-01-54),edited,290,Dūr-Aššūr,"Dūr-Aššūr, Dūr-Aššur, Dur-Aššur",–,–,–,"URU.BÀD-aš-šur, 𒌷𒂦𒀸𒋩",town,"Ğazīra, Iraq",–,Bagg RGTC 7 2/1: 148 (Dūr-Aššur 1)
2025-10-01-(00-01-54),edited,302,Dūr-Nanāia,"Dūr-Nanāia, Dūr-Nanâ, Dūr-Nanāja, Beonan, Bethonan",–,–,–,–,town,"Central Assyria, East Ğazīra",–,RGTC 7 2/1: 154–155
2025-10-01-(00-01-54),edited,329,Elephantine,"Elephantine, Elephantinē, Geziret Aswan, Gazirat Aswān, Ğazīrat Aswān, Jazirat Aswan, Jezirat Aswan, Aswan Island",1,24.08535806748237,32.88593324468785,–,"city, island","Muṣur, Egypt",–,"<a href='https://www.dainst.org/en/projekt/-/project-display/25953' target='_blank'>Elephantine Reports Online</a>, <a href='https://zenodo.org/record/6384045' target='_blank'>Pedersén ANE: Elephantine</a>, <a href='https://pleiades.stoa.org/places/786021' target='_blank'>Pleiades: Elephantine</a>"
2025-10-01-(00-01-54),edited,505,Izalla,"Izalla, Azalla, Azallu, Zalla, Zallu, Izallu, Azalzi, Išalā, byt ṣll, 𐡁𐡉𐡕 𐡑𐡋𐡋‎, ʾÛzāl, אוּזָל, Aṣalli, Iṣalla, Kanni, Nini, Ninili, Ṭūrā ḏIzalā, Izalā, Izala mons, Azalla, Ṭūro d-Malbash, Melabas, Dibek Daği",1,37.20698,41.47005,"i-za-al, 𒄿𒍝𒀠, ì-zal, 𒉌𒉌, KUR.a-za-al-li, 𒆳𒀀𒍝𒀠𒇷, KUR.a-zal-li, 𒆳𒀀𒉌𒇷, KUR.i-za-la, 𒆳𒄿𒍝𒆷, KUR.i-za-li, 𒆳𒄿𒍝𒇷, KUR.i-zal, 𒆳𒄿𒉌, KUR.i-zal-li, 𒆳𒄿𒉌𒇷, KUR.i-zal-lu, 𒆳𒄿𒉌𒇻, KUR.ì-zal, 𒆳𒉌𒉌, KUR.ì-zal-la, 𒆳𒉌𒉌𒆷, KUR.ì-zal-li, 𒆳𒉌𒉌𒇷, KUR.za-al-lu, 𒆳𒍝𒀠𒇻, KUR.a-za-la-a-a, 𒆳𒀀𒍝𒆷𒀀𒀀, KUR.zal-la-a-a, 𒆳𒉌𒆷𒀀𒀀, KUR.zal-la-a-ia, 𒆳𒉌𒆷𒀀𒅀, byt ṣll, 𐡁𐡉𐡕 𐡑𐡋𐡋‎, אוּזָל","territory, mountains","Ğazīra, Turkey","3 C4 (territory), 3 D3 (mountain)","Helsinki Atlas: 7 (Azalla; territory; map 3 C4), Helsinki Atlas: 11 (Izalla; mountain; map 3 D3), Bagg RGTC 7 2/1: 263–265 (Izalla), Parpola Toponyms: 40 (Aṣalli), Parpola Toponyms: 177 (Iṣalli), Parpola Toponyms: 194 (Kanni), Parpola Toponyms: 162 (Nini; Ninili), <a href='https://www.geonames.org/316762/dibek-dagi.html' target='_blank'>Geonames: Dibek Dağı</a>, <a href='https://www.ucl.ac.uk/sargon/peoplegodsplaces' target='_blank'>Assyrian empire builders: Izalla</a>, <a href='http://oracc.museum.upenn.edu/riao/cbd/qpn-x-places/onebigfile.html' target='_blank'>RIAo Glossary: Places (Azalla)</a>, <a href='http://oracc.museum.upenn.edu/rinap/cbd/qpn-x-places/onebigfile.html' target='_blank'>RINAP Glossary: Places (Azalla)</a>, <a href='http://oracc.museum.upenn.edu/saao/cbd/qpn-x-ethnic/onebigfile.html' target='_blank'>SAAo Glossary: Ethnic (Azallaya)</a>, <a href='http://oracc.museum.upenn.edu/riao/cbd/qpn-x-ethnic/onebigfile.html' target='_blank'>RIAo Glossary: Ethnic (Azallayu)</a>, <a href='http://oracc.museum.upenn.edu/riao/cbd/qpn-x-places/onebigfile.html' target='_blank'>RIAo Glossary: Places (Azallu)</a>, <a href='http://oracc.museum.upenn.edu/atae/cbd/qpn-x-places/onebigfile.html' target='_blank'>ATAE Glossary: Places (Izalla)</a>, <a href='http://oracc.museum.upenn.edu/riao/cbd/qpn-x-places/onebigfile.html' target='_blank'>RIAo Glossary: Places (Izalla)</a>, <a href='http://oracc.museum.upenn.edu/saao/cbd/qpn-x-places/onebigfile.html' target='_blank'>SAAo Glossary: Places (Izalla)</a>, <a href='http://oracc.museum.upenn.edu/riao/cbd/qpn-x-places/onebigfile.html' target='_blank'>RIAo Glossary: Places (Zallu)</a>"
2025-10-01-(00-01-54),edited,642,Māliku,"Māliku, Maliku",–,–,–,"URU.ma-li-ku, 𒌷𒈠𒇷𒆪, URU.ma-li-ki, 𒌷𒈠𒇷𒆠",town,"Ğazīra (?), Rāši (?), Syria (?), Iran (?)",–,"Bagg RGTC 7 2/2: 385 (Māliku), Bagg RGTC 7 3/1: 386 (Māliki) (?), Parpola Toponyms: 234–235 (Malaku)"
2025-10-01-(00-01-54),edited,723,Nēmed-Issār,"Nēmed-Issār, Nemed-Issar, Nēmed-Ištar, Nemed-Ištar, Tall ʿAfar, Tell ʿAfar, Tall Afar, عفر",4,36.37435007120078,42.45413455538184,"URU.ne-med-<sup>d</sup>15, 𒌷𒉈𒁁𒀭𒌋𒐊, URU.né-med-15, 𒌷𒉌𒁁𒌋𒐊, URU.né-med-<sup>d</sup>15, 𒌷𒉌𒁁𒀭𒌋𒐊, URU.né-med-<sup>d</sup>INANNA, 𒌷𒉌𒁁𒀭𒈹, URU.né-med-dINNIN, 𒌷𒉌𒁁𒀭𒈹, URU.né-med-<sup>d</sup>15-a-a, 𒌷𒉌𒁁𒀭𒌋𒐊𒀀𒀀",city,"Assyria, North Ğazīra, Raṣappa province, Iraq",4 B5,"Helsinki Atlas: 14 (map 4 B5), Bagg RGTC 7 2/2: 452–453, Parpola Toponyms: 260, <a href='https://zenodo.org/record/6384045' target='_blank'>Pedersén ANE: (Tell 'Afar)</a>, <a href='https://books.openedition.org/cdf/4487' target='_blank'>MTT I/3: Tall Afar / Karana (HIGEOMES Nr. 724)</a>, <a href='https://www.ucl.ac.uk/sargon/peoplegodsplaces' target='_blank'>Assyrian empire builders: Nemed-Issar, Nemed-Ištar</a>, <a href='http://oracc.museum.upenn.edu/saao/cbd/qpn-x-ethnic/onebigfile.html' target='_blank'>SAAo Glossary: Ethnic (Nemed-Issaraya [FROM NEMED-IšTAR])</a>, <a href='http://oracc.museum.upenn.edu/atae/cbd/qpn-x-ethnic/onebigfile.html' target='_blank'>ATAE Glossary: Ethnic (Nemed-Ištaraya [OF NEMED-IšTAR]</a>, <a href='http://oracc.museum.upenn.edu/saao/cbd/qpn-x-places/onebigfile.html' target='_blank'>SAAo Glossary: Places (Nemed-Ištar)</a>, <a href='http://oracc.museum.upenn.edu/atae/cbd/qpn-x-places/onebigfile.html' target='_blank'>ATAE Glossary: Places (Nemed-Ištar)</a>, <a href='http://oracc.museum.upenn.edu/riao/cbd/qpn-x-places/onebigfile.html' target='_blank'>RIAo Glossary: Places (Nemed-Ištar)</a>"
2025-10-01-(00-01-54),edited,773,Qablit,"Qablit, Qablitu",–,–,–,"URU.qab-lit, 𒌷𒃮𒀖",town,"Izalla, Ğazīra, Turkey",–,"Bagg RGTC 7 2/2: 484, Bagg RGTC 7 2/2: 484, Parpola Toponyms: 282 (Qablitu), <a href='http://oracc.museum.upenn.edu/atae/cbd/qpn-x-places/onebigfile.html' target='_blank'>ATAE Glossary: Places (Qablit)</a>, <a href='http://oracc.museum.upenn.edu/saao/cbd/qpn-x-places/onebigfile.html' target='_blank'>SAAo Glossary: Places (Qablit)</a>"
2025-10-01-(00-01-54),edited,781,Qarena,"Qarena, Qarenabis",–,–,–,"URU.qar-e-na, 𒌷𒃼𒂊𒈾",town,"Izalla, Ğazīra, Turkey",–,"Bagg RGTC 7 2/2: 487–488, Parpola Toponyms: 284 (Qarenabis), <a href='http://oracc.museum.upenn.edu/atae/cbd/qpn-x-places/onebigfile.html' target='_blank'>ATAE Glossary: Places (Qarena)</a>, <a href='http://oracc.museum.upenn.edu/saao/cbd/qpn-x-places/onebigfile.html' target='_blank'>SAAo Glossary: Places (Qarena)</a>"
2025-10-01-(00-01-54),edited,795,Qubbāte,"Qubbāte, Qubbate, Qubāte, Qubate, Qumbāte, Qumbate, Qumbatu",–,–,–,"qu-um-bat.KI, 𒄣𒌝𒁁𒆠, URU.qu-ba-a-te, 𒌷𒄣𒁀𒀀𒋼, URU.qu-um-ba-te, 𒌷𒄣𒌝𒁀𒋼",town,"Raṣappa (?), East Ğazīra, Iraq",–,"Bagg RGTC 7 2/2: 495–496, Parpola Toponyms: 286 (Qubāte), <a href='http://oracc.museum.upenn.edu/atae/cbd/qpn-x-places/onebigfile.html' target='_blank'>ATAE Glossary: Places (Qubate)</a>, <a href='http://oracc.museum.upenn.edu/saao/cbd/qpn-x-places/onebigfile.html' target='_blank'>SAAo Glossary: Places (Qubate)</a>, <a href='http://oracc.museum.upenn.edu/atae/cbd/qpn-x-places/onebigfile.html' target='_blank'>ATAE Glossary: Places (Qumbatu)</a>, <a href='http://oracc.museum.upenn.edu/saao/cbd/qpn-x-places/onebigfile.html' target='_blank'>SAAo Glossary: Places (Qumbatu)</a>"
2025-10-01-(00-01-54),edited,825,Sairi,"Sairi, Sairu",–,–,–,"URU.sa-i-ri, 𒌷𒊓𒄿𒊑",town,"Assyria, Ğazīra, Iraq (?), Syria (?)",–,"Bagg RGTC 7 2/2: 518, Parpola Toponyms: 299, <a href='http://oracc.museum.upenn.edu/atae/cbd/qpn-x-places/onebigfile.html' target='_blank'>ATAE Glossary: Places (Sairu)</a>, <a href='http://oracc.museum.upenn.edu/saao/cbd/qpn-x-places/onebigfile.html' target='_blank'>SAAo Glossary: Places (Sairu)</a>"
2025-10-01-(00-01-54),edited,936,Talbiš,"Talbiš, Talmiš, Thilabous, Olabous, Thiloutha (?), Thilutha (?), Ğazīrat Talbīs, Talbīs, Telbis",1,34.37496,42.03796,"KUR.tal-meš, 𒆳𒊑𒈨𒌍, URU.tal-bi-iš, 𒌷𒊑𒁉𒅖, URU.tal-miš, 𒌷𒊑𒈩, URU.tal-mì-iš, 𒌷𒊑𒈨𒅖","town, island","Sūḫu, Iraq",10 B2,"Helsinki Atlas: 17 (map 10 B2), Bagg RGTC 7 2/2: 583, Parpola Toponyms: 344, <i>Excavations in Iraq, 1979-80</i>, Iraq 43/2 (1981): 193, <a href='https://books.openedition.org/cdf/4487' target='_blank'>MTT I/3: Telbis/Talbīs (HIGEOMES Nr. 197)</a>, <a href='https://pleiades.stoa.org/places/894103' target='_blank'>Pleiades: Telbis</a>, <a href='http://oracc.museum.upenn.edu/riao/cbd/qpn-x-places/onebigfile.html' target='_blank'>RIAo Glossary: Places (Talmiš)</a>"
2025-10-01-(00-01-54),edited,975,Til-raḫajāte,Til-raḫajāte,–,–,–,–,town,"Central Assyria, East Ğazīra",–,RGTC 7 2/2: 605
2025-10-01-(00-46-02),edited,85,Apparu,"Apparu, al-Lağā, al-Lajā, اللجاة, al-Lajāh, اللجاه, Al Ḩafīrah, Al Hafirah, الحفيرة",–,32.93481,36.385,"URU.ap-pa-ru, 𒌷𒀊𒉺𒊒","village, oasis, water resource","Māʾab (?), Syria, Jordan (?)",–,"Bagg RGTC 7 1: 18, Parpola Toponyms: 21, <a href='https://www.geonames.org/173573/al-lajah.html' target='_blank'>Geonames: Al Lajāh</a>, <a href='https://www.geonames.org/8595610/al-hafirah.html' target='_blank'>Geonames: Al Ḩafīrah</a>, <a href='http://oracc.museum.upenn.edu/riao/cbd/qpn-x-places/onebigfile.html' target='_blank'>RIAo Glossary: Places (Apparu)</a>, <a href='http://oracc.museum.upenn.edu/rinap/cbd/qpn-x-places/onebigfile.html' target='_blank'>RINAP Glossary: Places (Apparu)</a>"
2025-10-02-(16-03-13),edited,504,Ituʾu,"Ituʾu, Utuʾu, Etuʾu, Utuʾ, Itu, Ituʾa, Ituʾe, Ituʾaya, Ituʾayea, Ituʾayeya, Utuʾaya, Utuʾaye",2 (approximate location),33.909175,43.986511,"i-tu-ʾa, i-tu-ʾu, 𒄿𒌅𒀪, KUR.i-tu-ʾa, KUR.i-tu-ʾu, 𒆳𒄿𒌅𒀪, KUR.i-tú, 𒆳𒄿𒌓, KUR.i-tú-a, 𒆳𒄿𒌓𒀀, KUR.i-tú-ʾe, KUR.i-tú-ʾu, 𒆳𒄿𒌓𒀪, KUR.ú-tu-ʾu, 𒆳𒌑𒌅𒀪, LÚ.e-tú-ʾu, 𒇽𒂊𒌓𒀪, LÚ.i-tu-ʾe, LÚ.i-tu-ʾu, 𒇽𒄿𒌅𒀪, LÚ.i-tú-ʾe, LÚ.i-tú-ʾu, 𒇽𒄿𒌓𒀪, URU.i-tú, 𒌷𒄿𒌓, i-tú-ʾa-a-a, 𒄿𒌓𒀪𒀀𒀀, KUR.i-tu-ʾa-a, 𒆳𒄿𒌅𒀪𒀀, KUR.i-tú-ʾa-a-a, 𒆳𒄿𒌓𒀪𒀀𒀀, KUR.ú-tu-u-a-e, 𒆳𒌑𒌅𒌋𒀀𒂊, KUR.ú-tú-u-ʾa-a-a, 𒆳𒌑𒌓𒌋𒀪𒀀𒀀, KUR.i-tu-ʾa-e, KUR.i-tu-ʾe-e, 𒆳𒄿𒌅𒀪𒂊, LÚ.i-tu-a-a, 𒇽𒄿𒌅𒀀𒀀, LÚ.i-tu-ʾa-a-a, 𒇽𒄿𒌅𒀪𒀀𒀀, LÚ.i-tu-ʾa-e-a, 𒇽𒄿𒌅𒀪𒂊𒀀, LÚ.i-tu-ʾe-e, 𒇽𒄿𒌅𒀪𒂊, LÚ.GAL-i-tu-ʾa-a-a, 𒇽𒃲𒄿𒌅𒀪𒀀𒀀, LÚ.i-tu-u-a-a, 𒇽𒄿𒌅𒌋𒀀𒀀, LÚ.i-tu-a-a-e-a, 𒇽𒄿𒌅𒀀𒀀𒂊𒀀, LÚ.i-tu-ʾu-u, 𒇽𒄿𒌅𒀪𒌋, LÚ.i-tu-ú-a-a, 𒇽𒄿𒌅𒌑𒀀𒀀, LÚ.i-tú-ʾa-a-a, 𒇽𒄿𒌓𒀪𒀀𒀀, LÚ.i-tú-ʾa-a-a-e-a, 𒇽𒄿𒌓𒀪𒀀𒀀𒂊𒀀, LÚ.i-tú-a-a, 𒇽𒄿𒌓𒀀𒀀, LÚ.i-tú-u-a-a, 𒇽𒄿𒌓𒌋𒀀𒀀, LÚ.i-tú-u, 𒇽𒄿𒌓𒌋, LÚ.i-tú-ʾu-u, 𒇽𒄿𒌓𒀪𒌋, LÚ.ú-tu-uʾ-a-a, 𒇽𒌑𒌅𒀪𒀀𒀀","Aramaic tribe, territory","Babylonia, Iraq",10 C3,"Bagg RGTC 7 2/1: 259–263, Helsinki Atlas: 11 (map 10 C3), Parpola Toponyms: 179–181, <a href='http://oracc.museum.upenn.edu/saao/cbd/qpn-x-ethnic/onebigfile.html' target='_blank'>SAAo Glossary: Ethnic Names (Ituʾu [1])</a>, <a href='http://oracc.museum.upenn.edu/rinap/cbd/qpn-x-ethnic/onebigfile.html' target='_blank'>RINAP Glossary: Ethnic Names (Ituʾu [1])</a>, <a href='http://oracc.museum.upenn.edu/riao/cbd/qpn-x-ethnic/onebigfile.html' target='_blank'>RIAo Glossary: Ethnic Names (Ituʾu [1])</a>, <a href='http://oracc.museum.upenn.edu/atae/cbd/qpn-x-ethnic/onebigfile.html' target='_blank'>ATAE Glossary: Ethnic Names (Ituʾu [1])</a>, <a href='http://oracc.museum.upenn.edu/riao/cbd/qpn-x-places/onebigfile.html' target='_blank'>RIAo Glossary: Places (Ituʾu [1])</a>, <a href='http://oracc.museum.upenn.edu/atae/cbd/qpn-x-places/onebigfile.html' target='_blank'>ATAE Glossary: Places (Ituʾu [1])</a>, <a href='http://oracc.museum.upenn.edu/saao/cbd/qpn-x-places/onebigfile.html' target='_blank'>SAAo Glossary: Places (Ituʾu [1])</a>"
2025-10-02-(17-34-01),new,1331,Izaja,"Izaja, Izāja, Izaia",–,–,–,"URU.i-za-a-a, 𒌷𒄿𒍝𒀀𒀀","city, country","Mādāja, Iran",–,"Bagg RGTC 7 3/1: 303, Parpola Toponyms: 181 (Izāja), SAA 2: xxix–xxxi, SAA 2: 28"
2025-10-02-(18-01-18),new,1332,Itâ,"Itâ, Itaya",–,–,–,"URU.i-ta-a-a, 𒌷𒄿𒋫𒀀𒀀",town,"Ḫatallu, Lāqê (?), Iraq",–,"Bagg RGTC 7 2/1: 258, <a href='http://oracc.museum.upenn.edu/atae/cbd/qpn-x-ethnic/onebigfile.html' target='_blank'>ATAE Glossary: Ethnic Names (Itaya [of Ita])</a>"
2025-10-02-(18-33-14),new,1333,Izduja,"Izduja, Izduia, Izduya",–,–,–,"URU.iz-du-ia, 𒌷𒄑𒁺𒅀",town,"Iraq, Iran (?)",–,"Bagg RGTC 7 2/1: 265, Parpola Toponyms: 181, <a href='http://oracc.museum.upenn.edu/riao/cbd/qpn-x-places/onebigfile.html' target='_blank'>RIAo Glossary: Places (Izduya [1])</a>"
2025-10-02-(18-59-08),new,1334,Izkê,"Izkê, Izke, Iskê, Izkī, Izki, Azkī, Azki, Ziki, إزكي",–,22.93333,57.76667,"URU.iz-ke-e, 𒌷𒄑𒆠𒂊","city, capital","Qadê, Makan, Oman",–,"Bagg RGTC 7 2/1: 265, <a href='http://oracc.museum.upenn.edu/rinap/cbd/qpn-x-places/onebigfile.html' target='_blank'>RINAP Glossary: Places (Izke [1])</a>, <a href='http://oracc.museum.upenn.edu/riao/cbd/qpn-x-places/onebigfile.html' target='_blank'>RIAo Glossary: Places (Izke [1])</a>, <a href='https://www.geonames.org/287814/izki.html' target='_blank'>Geonames: Izkī</a>"
2025-10-02-(19-39-52),edited,490,Irgilli,"Irgilli, Irkilli, Tell Irjil, Arjul, Ardjel, Arjel, ارجل",4,35.84845969912327,37.22539086454103,–,town,Syria,–,"<a href='https://zenodo.org/record/6384045' target='_blank'>Pedersén ANE: Irgilli? (Tell Irjil), <a href='https://www.geonames.org/172991/arjul.html' target='_blank'>Geonames: Arjul</a></a>"
2025-10-02-(20-23-49),edited,484,Imgur-Illil,"Imgur-Illil, Imgur-Enlil, Imgur-Bēl, Ḫigi-Bēl, Balāwāt, Balawāt, Balawat, بلاوات",1,36.22944819752733,43.40326615174627,"im-gur-<sup>d</sup>BE, 𒅎𒄥𒀭𒁁, <sup>d</sup>im-gúr-<sup>d</sup>BE, 𒀭𒅎𒃵𒀭𒁁, URU.im-gúr-<sup>d</sup>BE, URU.im-gúr-<sup>d</sup>BAD, 𒌷𒅎𒃵𒀭𒁁, URU.im-gur-<sup>d</sup>BAD, 𒌷𒅎𒄥𒀭𒁁",town,"Assyria, Iraq",4 C5,"Bagg RGTC 7 2/1: 245–246, Helsinki Atlas: 11 (map 4 C5), Parpola Toponyms: 173 (Imgur-Bēl), Parpola Toponyms: 161 (Ḫigi-Bēl), <a href='https://zenodo.org/record/6384045' target='_blank'>Pedersén ANE: Imgur-Enlil (Balawat)</a>, <a href='https://zenodo.org/record/5217600' target='_blank'>CIGS: Imgur-Enlil (mod. Balawat)</a>, <a href='https://pleiades.stoa.org/places/924247288' target='_blank'>Pleiades: Balāwāt</a>, <a href='https://www.geonames.org/12061457/balawat.html' target='_blank'>Geonames: Balāwāt</a>, <a href='http://oracc.museum.upenn.edu/riao/cbd/qpn-x-places/onebigfile.html' target='_blank'>RIAo Glossary: Places (Imgur-Enlil [Balawat])</a>, <a href='http://oracc.museum.upenn.edu/saao/cbd/qpn-x-places/onebigfile.html' target='_blank'>SAAo Glossary: Places (Imgur-Enlil [Balawat])</a>, <a href='http://oracc.museum.upenn.edu/atae/cbd/qpn-x-places/onebigfile.html' target='_blank'>ATAE Glossary: Places (Imgur-Enlil [Balawat])</a>, <a href='http://oracc.museum.upenn.edu/saao/cbd/qpn-x-places/onebigfile.html' target='_blank'>SAAo Glossary: Places (Imgur-Illil [Balawat])</a>, <a href='http://oracc.museum.upenn.edu/atae/cbd/qpn-x-places/onebigfile.html' target='_blank'>ATAE Glossary: Places (Imgur-Illil [Balawat])</a>"
2025-10-02-(20-25-47),edited,484,Imgur-Illil,"Imgur-Illil, Imgur-Enlil, Imgur-Bēl, Ḫigi-Bēl, Balāwāt, Balawāt, Balawat, بلاوات",1,36.22944819752733,43.40326615174627,"im-gur-<sup>d</sup>BE, 𒅎𒄥𒀭𒁁, <sup>d</sup>im-gúr-<sup>d</sup>BE, 𒀭𒅎𒃵𒀭𒁁, URU.im-gúr-<sup>d</sup>BE, URU.im-gúr-<sup>d</sup>BAD, 𒌷𒅎𒃵𒀭𒁁, URU.im-gur-<sup>d</sup>BAD, 𒌷𒅎𒄥𒀭𒁁",town,"Assyria, Iraq",4 C5,"Bagg RGTC 7 2/1: 245–246 (Imgur-Enlil), Helsinki Atlas: 11 (map 4 C5), Parpola Toponyms: 173 (Imgur-Bēl), Parpola Toponyms: 161 (Ḫigi-Bēl), <a href='https://zenodo.org/record/6384045' target='_blank'>Pedersén ANE: Imgur-Enlil (Balawat)</a>, <a href='https://zenodo.org/record/5217600' target='_blank'>CIGS: Imgur-Enlil (mod. Balawat)</a>, <a href='https://pleiades.stoa.org/places/924247288' target='_blank'>Pleiades: Balāwāt</a>, <a href='https://www.geonames.org/12061457/balawat.html' target='_blank'>Geonames: Balāwāt</a>, <a href='http://oracc.museum.upenn.edu/riao/cbd/qpn-x-places/onebigfile.html' target='_blank'>RIAo Glossary: Places (Imgur-Enlil [Balawat])</a>, <a href='http://oracc.museum.upenn.edu/saao/cbd/qpn-x-places/onebigfile.html' target='_blank'>SAAo Glossary: Places (Imgur-Enlil [Balawat])</a>, <a href='http://oracc.museum.upenn.edu/atae/cbd/qpn-x-places/onebigfile.html' target='_blank'>ATAE Glossary: Places (Imgur-Enlil [Balawat])</a>, <a href='http://oracc.museum.upenn.edu/saao/cbd/qpn-x-places/onebigfile.html' target='_blank'>SAAo Glossary: Places (Imgur-Illil [Balawat])</a>, <a href='http://oracc.museum.upenn.edu/atae/cbd/qpn-x-places/onebigfile.html' target='_blank'>ATAE Glossary: Places (Imgur-Illil [Balawat])</a>"
2025-10-02-(21-11-51),edited,482,Ilištamʾu,"Ilištamʾu, Ilištam'u, Ilištamu, Şiţāmū, Şaţāmū, صطامو, Sitamu, Siţāmū, Sţāmū, Stamo, Satamu, Stamu, سطامو",4,35.48424762911632,35.91583999974111,–,town,Syria,–,"<a href='https://zenodo.org/record/6384045' target='_blank'>Pedersén ANE: Ilištam'u? (Stamo)?</a>, <a href='https://www.geonames.org/164032/sitamu.html' target='_blank'>Geonames: Şiţāmū</a>"
2025-10-02-(23-43-51),edited,481,Ilimmer,"Ilimmer, Ilimmeru, Illimmeru, Ilimeru, Ilimeri, Mila Mergi, Millet Mergi, Zaw-e Dağ",1,37.006,42.9136,"KUR.i-li-im-me-ru, 𒆳𒄿𒇷𒅎𒈨𒊒, KUR.i-li-me-ru, 𒆳𒄿𒇷𒈨𒊒","mountain, monument","Ulluba, Birāti, Iraq",4 B4,"Bagg RGTC 7 2/1: 244 (Ilimmeru), Helsinki Atlas: 10 (map 4 B4), Parpola Toponyms: 173, <a href='https://zenodo.org/record/5217600' target='_blank'>CIGS: Mila Mergi</a>, <a href='https://pleiades.stoa.org/places/649834357' target='_blank'>Pleiades: Mila Mergi</a>, <a href='https://www.geonames.org/446062/khara-ib-mirki.html' target='_blank'>Geonames: Kharā’ib Mīrkī</a>, <a href='http://oracc.museum.upenn.edu/riao/cbd/qpn-x-places/onebigfile.html' target='_blank'>RIAo Glossary: Places (Ilimmeru [Mount Ilimmeru])</a>, <a href='http://oracc.museum.upenn.edu/rinap/cbd/qpn-x-places/onebigfile.html' target='_blank'>RINAP Glossary: Places (Ilimmeru [Mount Ilimmeru])</a>"
2025-10-07-(21-28-06),edited,478,Ilan-ṣura,"Ilan-ṣura, Ilan-ṣur, Ilan-ṣurra, Ilanṣura, Ilansura, Ilanṣurā, Ilanzura, Tell Farfara, Tall Farfara, تل فرفرة, Tall Farfarā, Tall Sharisi (?), Tall Šarīšī (?), تل شرشي",4,36.82263255254318,41.33237455299481,–,"city, country",Syria,–,"<a href='https://zenodo.org/record/6384045' target='_blank'>Pedersén ANE: Ilansura? (Tell Farfara)</a>, <a href='https://books.openedition.org/cdf/4393' target='_blank'>MTT I/1: ILAN-ṢURA (HIGEOMES Nr. 283 or HIGEOMES Nr. 284)</a>, <a href='https://books.openedition.org/cdf/4487' target='_blank'>MTT I/3: Sharisi, Tall (HIGEOMES Nr. 283)</a>, <a href='https://books.openedition.org/cdf/4487' target='_blank'>MTT I/3: Farfara, Tall  (HIGEOMES Nr. 284)</a>, <a href='https://publikationen.badw.de/de/rla/index' target='_blank'> RlA 5: 49 (Ilanṣurā/Ilanzura)</a>"
2025-10-07-(22-19-12),edited,474,Idide,"Idide, Idid, Nār-Ḫudḫud, Hudhud, Hithite, Kopratas, Koprates, Āb-e Dez, Ab-e Dez, آب دز, Rūd-e Dez, Rud-e Dez, Rūdkhāneh-ye Dez, Rudkhaneh-ye Dez, رودخانه دز, Rūdkhāneh-ye Sazār, Rudkhaneh-ye Sazar, Rūdkhāneh-ye Sezār, Rudkhaneh-ye Sezar, رودخانه سزار, Rūdkhāneh-ye Āb-e Dez, Rudkhaneh-ye Ab-e Dez, رودخانه آب دز",2,32.09766,48.49975,"ÍD.id-id-e, 𒀀𒇉𒀉𒀉𒂊",river,"Elam, Iran",17 A1,"Bagg RGTC 7 3/2: 750, Helsinki Atlas: 10 (map 17 A1), Parpola Toponyms: 172 (Idid), <a href='https://www.geonames.org/31931/rudkhaneh-ye-dez.html' target='_blank'>Geonames: Rūdkhāneh-ye Dez</a>, <a href='https://www.geonames.org/6746409/rudkhaneh-ye-ab-e-dez.html' target='_blank'>Geonames: Rūdkhāneh-ye Āb-e Dez</a>, <a href='https://www.geonames.org/116140/rudkhaneh-ye-sezar.html' target='_blank'>Geonames: Rūdkhāneh-ye Sezār</a>, <a href='https://www.geonames.org/136273/rudkhaneh-ye-dez.html' target='_blank'>Geonames: Rūdkhāneh-ye Dez</a>, <a href='https://pleiades.stoa.org/places/912835' target='_blank'>Pleiades: Dez/Hithite/Hudhud/Koprates? (river)</a>, <a href='http://oracc.museum.upenn.edu/riao/cbd/qpn-x-waters/onebigfile.html' target='_blank'>RIAo Glossary: Watercourses (Idide [1])</a>, <a href='http://oracc.museum.upenn.edu/rinap/cbd/qpn-x-waters/onebigfile.html' target='_blank'>RINAP Glossary: Watercourses (Idide [1])</a>"
2025-10-07-(22-58-29),new,1335,Ibrat,"Ibrat, Iabrad, Jabrad, al-Kūt, Al-Kut, Al Kūt, Al Kut, الكوت, Kūt al-ʿAmāra, Kūt al ‘Amārah, Kut al Amara, Kut al Amarah, Kūt al-Imāra, Kut al Imāra, Kut al Imara, كوت العمارة",5,32.5128,45.81817,"URU.ib-rat, 𒌷𒅁𒋥",fortress,"Rāši, Iraq",–,"Bagg RGTC 7 3/1: 294, Parpola Toponyms: 171–172, <a href='https://publikationen.badw.de/de/rla/index' target='_blank'> RlA 5: 129–130 (Jabrat/Ibrat)</a>, <a href='https://www.geonames.org/99131/al-kut.html' target='_blank'>Geonames: Al Kūt</a>, <a href='http://oracc.museum.upenn.edu/rinap/cbd/qpn-x-places/onebigfile.html' target='_blank'>RINAP Glossary: Places (Ibrat [1])</a>, <a href='http://oracc.museum.upenn.edu/riao/cbd/qpn-x-places/onebigfile.html' target='_blank'>RIAo Glossary: Places (Ibrat [1])</a>"
2025-10-08-(12-11-02),edited,465,Iaḫariša,"Iaḫariša, Iahariša, Jaḫariša, Jahariša, Tall Fray, Tell Fray, Tall Furayy, Tall al-Fray, Tall al Furayy, Tell el Frei, تل الفري",–,35.903544553031,38.38419848613498,–,city,Syria,–,"<a href='https://zenodo.org/record/6384045' target='_blank'>Pedersén ANE: Jahariša (Tell Fray)</a>, <a href='https://zenodo.org/record/5217600' target='_blank'>CIGS: Tall Fray</a>, <a href='https://pleiades.stoa.org/places/687315572' target='_blank'>Pleiades: Tall Fray</a>, <a href='https://books.openedition.org/cdf/4487' target='_blank'>MTT I/3: Tall Fray (HIGEOMES Nr. 41)</a>, <a href='https://www.geonames.org/170343/tall-al-furayy.html' target='_blank'>Geonames: Tall al Furayy</a>"
2025-10-08-(14-44-51),edited,468,Iappû,"Iappû, Iappu, Jappû, Jappu, Yappû, Yappu, Yappū, Yapu, jpj, ypy, 𐤉𐤐𐤉, Yȧfo, Yafo, יפו, יָפוֹ, Iapha, Iope, Ἰόπη, Ioppē, Ioppe, Ἰόππη, Flavia Ioppa, Japhe, Joppe, Joppa, Yāfā, Yafa, يافا, يَافَا, Jaffa, Jafa, Giaffa, Yafah, Yafo ha-‘Attiqa, Yafo Ha‘Attiqa, יפו העתיקה, Old Yafo, Tel Yafo",1,32.05405549541103,34.75264313322741,"URU.ia-ap-pu-u, 𒌷𒅀𒀊𒁍𒌋, URU.ia-ap-pu-ú, 𒌷𒅀𒀊𒁍𒌑, URU.ia-ap-pu, 𒌷𒅀𒀊𒁍, URU.ia-pu-u, 𒌷𒅀𒁍𒌋, jpj, ypy, 𐤉𐤐𐤉, jpv, ypv, יפו","seaport, city","Canaan, Isqalūna, Pilistu, Israel",7 C4,"Bagg RGTC 7 1: 124–125 (Jappû), Helsinki Atlas: 10 (map 7 C4), Parpola Toponyms: 184 (Jappû), <a href=http://jaffa.nelc.ucla.edu/>The Jaffa Cultural Heritage Project (JCHP)</a>, <a href='https://zenodo.org/record/6384045' target='_blank'>Pedersén ANE: Jappû / Ioppe (Yafa)</a>, <a href='https://www.geonames.org/11594748/yafo-ha-attiqa.html' target='_blank'>Geonames: Yafo Ha‘Attiqa</a>, <a href='https://www.ancientportsantiques.com/the-catalogue/' target='_blank'>Ancient Ports: Joppe</a>, <a href='https://pleiades.stoa.org/places/687931' target='_blank'>Pleiades: Ioppe</a>, <a href='https://www.geonames.org/293253/jaffa.html' target='_blank'>Geonames: Jaffa</a>, <a href='http://oracc.museum.upenn.edu/rinap/cbd/qpn-x-places/onebigfile.html' target='_blank'>RINAP Glossary: Places (Yappu [Joppa])</a>, <a href='http://oracc.museum.upenn.edu/riao/cbd/qpn-x-places/onebigfile.html' target='_blank'>RIAo Glossary: Places (Yappu [Joppa])</a>"
2025-10-08-(18-30-47),edited,467,Iamutbal,"Iamutbal, Jamutbal, Jamutbalu, Yamutbal, Yamutbala, Yamutbali, Dēru, Jamutbalum",2,–,–,"KUR.ia-mut-ba-la, 𒆳𒅀𒄷𒄭𒁀𒆷, KUR.ia-mut-ba-li, 𒆳𒅀𒄷𒄭𒁀𒇷","region, territory","Iraq, Iran (?)",11 A3,"Bagg RGTC 7 2/1: 270 (Jamutbal(u)), Helsinki Atlas: 10 (map 11 A3), Parpola Toponyms: 184 (Jamutbal), <a href='http://oracc.museum.upenn.edu/riao/cbd/qpn-x-places/onebigfile.html' target='_blank'>RIAo Glossary: Places (Yamutbal [1])</a>, <a href='http://oracc.museum.upenn.edu/rinap/cbd/qpn-x-places/onebigfile.html' target='_blank'>RINAP Glossary: Places (Yamutbal [1])</a>"
2025-10-08-(18-38-11),edited,1292,Argada,Argada,–,–,–,"URU.ar-ga-da, 𒌷𒅈𒂵𒁕",town,"Dēru, Jamutbalu, Iraq, Iran (?)",–,"Bagg RGTC 7 2/1: 60, Parpola Toponyms: 28, <a href='http://oracc.museum.upenn.edu/saao/cbd/qpn-x-places/onebigfile.html' target='_blank'>SAAo Glossary: Places (Argada [1])</a>, <a href='http://oracc.museum.upenn.edu/atae/cbd/qpn-x-places/onebigfile.html' target='_blank'>ATAE Glossary: Places (Argada [1])</a>"
2025-10-08-(18-38-11),edited,217,Bīt-Dērāja,"Bīt-Dērāja, Bit-Deraja, Bīt-Dērāia, Bit-Deraia, Bīt-Dērāya, Bit-Deraya, Beth Daraya, Tamertu-ša-Bīt-Dērāja, Bādarājā, Badra (?), Badrah (?), بدرة (?)",–,33.11508,45.93344,"URU.É-de-ra-a-a, 𒌷𒂍𒁲𒊏𒀀𒀀, É-<sup>m</sup>de-ra-a-a, 𒂍𒁹𒁲𒊏𒀀𒀀",city,"Dēru, Jamutbalu, Iraq, northern Levant (?)",–,"Bagg RGTC 7 2/1: 112, <a href='https://www.geonames.org/98198/badrah.html' target='_blank'>Geonames: Badrah</a>, <a href='http://oracc.museum.upenn.edu/atae/cbd/qpn-x-places/onebigfile.html' target='_blank'>ATAE Glossary: Places (Bit-Deraya)</a>, <a href='http://oracc.museum.upenn.edu/saao/cbd/qpn-x-places/onebigfile.html' target='_blank'>SAAo Glossary: Places (Bit-Deraya)</a>, <a href='http://oracc.museum.upenn.edu/riao/cbd/qpn-x-places/onebigfile.html' target='_blank'>RIAo Glossary: Places (Bit-Deraya)</a>, <a href='http://oracc.museum.upenn.edu/rinap/cbd/qpn-x-places/onebigfile.html' target='_blank'>RINAP Glossary: Places (Bit-Deraya)</a>"
2025-10-08-(18-38-11),edited,272,Dēru,"Dēru, Dēr, Der, Dîr, Bīt-Dērāja (?), Bīt-Dērāia (?), Beth Daraya (?), Tell ʿAgar, Tall ‘Aqār, Tell Aqar, Tall al-ʿAqar, تل عقار, Badra, بدرة",1,33.12349225590192,45.93197073930094,"BÀD.KI, 𒂦𒆠, BÀD.AN.KI, 𒂦𒀭𒆠, de-e-ri, 𒁲𒂊𒊑, de-ri, 𒁲𒊑, KUR.de-e-ri, 𒆳𒁲𒂊𒊑, URU.BÀD, 𒌷𒂦, URU.BÀD.AN.KI, 𒌷𒂦𒀭𒆠, URU.de-e-ri, 𒌷𒁲𒂊𒊑, URU.de-eʾ-ri, 𒌷𒁲𒀪𒊑, URU.de-ri, 𒌷𒁲𒊑, URU.de-ru, 𒌷𒁲𒊒","prov. capital, city, province","Dēru, Jamutbalu, Iraq",11 A3,"Helsinki Atlas: 8 (map 11 A3), Bagg RGTC 7 2/1: 138–140, Parpola Toponyms: 100–101(Dēr), <a href='https://zenodo.org/record/6384045' target='_blank'>Pedersén ANE: Der (Tell Aqar)</a>, <a href='https://zenodo.org/record/5217600' target='_blank'>CIGS: Der/Tall ‘Aqār</a>, <a href='https://pleiades.stoa.org/places/903013' target='_blank'>Pleiades: Deru/Beth Daraya/Badra</a>, <a href='http://oracc.museum.upenn.edu/saao/knpp/peoplegodsplaces/index.html' target='_blank'>Knowledge and Power: Der</a>, <a href='https://www.ucl.ac.uk/sargon/peoplegodsplaces' target='_blank'>Assyrian empire builders: Der</a>, <a href='http://oracc.museum.upenn.edu/riao/cbd/qpn-x-places/onebigfile.html' target='_blank'>RIAo Glossary: Places (Deri)</a>, <a href='http://oracc.museum.upenn.edu/rinap/cbd/qpn-x-places/onebigfile.html' target='_blank'>RINAP Glossary: Places (Deri)</a>, <a href='http://oracc.museum.upenn.edu/riao/cbd/qpn-x-places/onebigfile.html' target='_blank'>RIAo Glossary: Places (Deru)</a>, <a href='http://oracc.museum.upenn.edu/rinap/cbd/qpn-x-places/onebigfile.html' target='_blank'>RINAP Glossary: Places (Deru)</a>, <a href='http://oracc.museum.upenn.edu/atae/cbd/qpn-x-places/onebigfile.html' target='_blank'>ATAE Glossary: Places (Deru [DER])</a>, <a href='http://oracc.museum.upenn.edu/riao/cbd/qpn-x-places/onebigfile.html' target='_blank'>RIAo Glossary: Places (Deru [DER])</a>, <a href='http://oracc.museum.upenn.edu/saao/cbd/qpn-x-places/onebigfile.html' target='_blank'>SAAo Glossary: Places (Deru [DER])</a>, <a href='http://oracc.museum.upenn.edu/riao/cbd/qpn-x-places/onebigfile.html' target='_blank'>RIAo Glossary: Places (Deru [DER])</a>, <a href='http://oracc.museum.upenn.edu/saao/cbd/qpn-x-ethnic/onebigfile.html' target='_blank'>SAAo Glossary: Ethnic (Deraya [FROM DER])</a>"
2025-10-08-(19-10-30),new,1336,Gabê,"Gabê, Gabe, Gabum, Gabûm",–,–,–,"URU.ga-bé-e, 𒌷𒂵𒁉𒂊",town,"Dēru, Jamutbalu, Iran, Iraq (?)",–,"Bagg RGTC 7 2/1: 175, Parpola Toponyms: 127, <a href='https://www.ucl.ac.uk/sargon/peoplegodsplaces' target='_blank'>Assyrian empire builders: Gabe</a>, <a href='http://oracc.museum.upenn.edu/saao/cbd/qpn-x-places/onebigfile.html' target='_blank'>SAAo Glossary: Places (Gabe [1])</a>, <a href='http://oracc.museum.upenn.edu/atae/cbd/qpn-x-places/onebigfile.html' target='_blank'>ATAE Glossary: Places (Gabe [1])</a>"
2025-10-08-(19-28-07),new,1337,Qari...,"Qari..., Qari-...",–,–,–,"URU.qa-ri-x-x, 𒌷𒋡𒊑xx",town,"Dēru, Jamutbalu, Iran, Iraq (?)",–,"Bagg RGTC 7 2/2: 488, Parpola Toponyms: 284, <a href='http://oracc.museum.upenn.edu/atae/cbd/qpn-x-places/onebigfile.html' target='_blank'>ATAE Glossary: Places (Qari-x [1])</a>, <a href='http://oracc.museum.upenn.edu/saao/cbd/qpn-x-places/onebigfile.html' target='_blank'>SAAo Glossary: Places (Qari-x [1])</a>"
2025-10-08-(20-59-56),edited,603,Kutalla,"Kutalla, Kutallu, Kutuli, Kutli, Tall Sifr, Tell Sifr, تل سفر, Tall al-Sifr, تل السفر, Tell Ṣifir",1,31.29483036191871,45.96715646701886,"URU.ku-UD-li, URU.ku-tú-li, 𒌷𒆪𒌓𒇷, URU.ku-tal, 𒌷𒆪𒊑",town,"Babylonia, Dēru (?), Jamutbalu (?), Iraq",16 B2,"Bagg RGTC 7 2/1: 358–359 (Kutuli/Kutli), Helsinki Atlas: 12 (map 16 B2), Parpola Toponyms: 119–220 (*Kutallu), Parpola Toponyms: 404 (*Kutallu), <a href='https://zenodo.org/record/6384045' target='_blank'>Pedersén ANE: Kutallu (Tell Ṣifir)</a>, <a href='https://zenodo.org/record/5217600' target='_blank'>CIGS: Kutalla/Tall al-Sifr</a></a>"
2025-10-08-(21-39-50),new,1338,Bīt-Ḫaʾiri,"Bīt-Ḫaʾiri, Bīt-Ḫāʾiri, Bit-Haʾiri, Bit-Haʾir, Bit-Haʾiraya",–,–,–,"URU.É-ḫa-a-ir, 𒌷𒂍𒄩𒀀𒅕, URU.É-<sup>m</sup>ḫa-ʾi-i-ri, 𒌷𒂍𒁹𒄩𒀪𒄿𒊑, URU.É-<sup>m</sup>ḫa-ʾi-ri, 𒌷𒂍𒁹𒄩𒀪𒊑, É-<sup>m</sup>ḫa-a-i-ri, 𒂍𒁹𒄩𒀀𒄿𒊑, LÚ.URU.É-ḫa-a-ir-a-a, 𒇽𒌷𒂍𒄩𒀀𒅕𒀀𒀀","town, fortress","Dēru, Jamutbalu, Rāši (?), Iran, Iraq (?)",–,"Bagg RGTC 7 2/1: 113, Parpola Toponyms: 82 (Bīt-Ḫāʾiri), <a href='https://www.ucl.ac.uk/sargon/peoplegodsplaces' target='_blank'>Assyrian empire builders: Bit-Haʾir</a>, <a href='http://oracc.museum.upenn.edu/saao/cbd/qpn-x-places/onebigfile.html' target='_blank'>SAAo Glossary: Places (Bit-Haʾir [1])</a>, <a href='http://oracc.museum.upenn.edu/saao/cbd/qpn-x-places/onebigfile.html' target='_blank'>SAAo Glossary: Places (Bit-Haʾiri [1])</a>, <a href='http://oracc.museum.upenn.edu/saao/cbd/qpn-x-ethnic/onebigfile.html' target='_blank'>SAAo Glossary: Ethnic Names (Bit-Haʾiraya [of Bit-Haʾiri])</a>, <a href='http://oracc.museum.upenn.edu/atae/cbd/qpn-x-ethnic/onebigfile.html' target='_blank'>ATAE Glossary: Ethnic Names (Bit-Haʾiraya [of Bit-Haʾiri])</a>, <a href='http://oracc.museum.upenn.edu/atae/cbd/qpn-x-places/onebigfile.html' target='_blank'>ATAE Glossary: Places (Bit-Haʾiri [1])</a>, <a href='http://oracc.museum.upenn.edu/riao/cbd/qpn-x-places/onebigfile.html' target='_blank'>RIAo Glossary: Places (Bit-Haʾiri [1])</a>, <a href='http://oracc.museum.upenn.edu/rinap/cbd/qpn-x-places/onebigfile.html' target='_blank'>RINAP Glossary: Places (Bit-Haʾiri [1])</a>"
2025-10-08-(22-00-55),new,1339,Raṣâ,"Raṣâ, Raṣā, Raṣa",–,–,–,"URU.ra-ṣa-a, 𒌷𒊏𒍝𒀀","town, fortress","Dēru, Jamutbalu, Rāši (?), Iran, Iraq (?)",–,"Bagg RGTC 7 2/2: 506, Parpola Toponyms: 292, <a href='http://oracc.museum.upenn.edu/rinap/cbd/qpn-x-places/onebigfile.html' target='_blank'>RINAP Glossary: Places (Raṣa [1])</a>, <a href='http://oracc.museum.upenn.edu/riao/cbd/qpn-x-places/onebigfile.html' target='_blank'>RIAo Glossary: Places (Raṣa [1])</a>"
2025-10-08-(22-15-50),new,1340,Bīt-Sîn-ibni,"Bīt-Sîn-ibni, Bit-Sîn-ibni, Bit-Sin-ibni",–,–,–,"LÚ.URU.É-<sup>d</sup>30-ib-ni, 𒇽𒌷𒂍𒀭𒌍𒅁𒉌",town,"Dēru, Jamutbalu, Rāši (?), Iran, Iraq (?)",–,"Bagg RGTC 7 2/1: 118–119, <a href='https://www.ucl.ac.uk/sargon/peoplegodsplaces' target='_blank'>Assyrian empire builders: Bit-Sin-ibni</a>, <a href='http://oracc.museum.upenn.edu/saao/cbd/qpn-x-places/onebigfile.html' target='_blank'>SAAo Glossary: Places (Bit-Sin-ibni [1])</a>, <a href='http://oracc.museum.upenn.edu/atae/cbd/qpn-x-places/onebigfile.html' target='_blank'>ATAE Glossary: Places (Bit-Sin-ibni [1])</a>"
2025-10-08-(23-18-58),edited,464,Iadnāna,"Iadnāna, Iadnana, Iadanani, Jadnana, Yadnana, Yadanana, Adnana, Alašum, Alašiya, Alasiya, Alashiya, Kittijjîm, כתיים, כִּתִּיִּֽים, Kittim, כִּתִּיִּם, כתים, Elîšâ, Elishah, אלישׁה, אֱלִישָׁ֣ה, Kýpros, Kypros, κύπρος, Insvla Cypros, Insula Cypros, Cyprus",1,35.00304,32.98791,"KUR.ad-na-na, 𒆳𒀜𒈾𒈾, KUR.ia-ad-na-na, 𒆳𒅀𒀜𒈾𒈾, KUR.ia-da-na-na, 𒆳𒅀𒁕𒈾𒈾, KUR.ia-da-na-ni, 𒆳𒅀𒁕𒈾𒉌, KUR.ia-ad-na-na-a-a, 𒆳𒅀𒀜𒈾𒈾𒀀𒀀","region, island",Levant,7 A1,"Bagg RGTC 7 1: 121–122 (Jadnana), Helsinki Atlas: 10 (map 7 A1), Parpola Toponyms: 183 (Jadnana), <a href='https://www.geonames.org/146670/cyprus.html' target='_blank'>Geonames: Cyprus</a>, <a href='https://pleiades.stoa.org/places/707498' target='_blank'>Pleiades: Cyprus (island)</a>, <a href='http://oracc.museum.upenn.edu/saao/knpp/peoplegodsplaces/index.html' target='_blank'>Knowledge and Power: Cyprus</a>, <a href='https://www.ucl.ac.uk/sargon/peoplegodsplaces' target='_blank'>Assyrian empire builders: Cyprus</a>, <a href='http://oracc.museum.upenn.edu/saao/cbd/qpn-x-places/onebigfile.html' target='_blank'>SAAo Glossary: Places (Iadnana [Cyprus])</a>, <a href='http://oracc.museum.upenn.edu/atae/cbd/qpn-x-places/onebigfile.html' target='_blank'>ATAE Glossary: Places (Iadnana [Cyprus])</a>, <a href='http://oracc.museum.upenn.edu/riao/cbd/qpn-x-places/onebigfile.html' target='_blank'>RIAo Glossary: Places (Yadnana [Cyprus])</a>, <a href='http://oracc.museum.upenn.edu/rinap/cbd/qpn-x-places/onebigfile.html' target='_blank'>RINAP Glossary: Places (Yadnana [Cyprus])</a>"
2025-10-09-(12-16-01),edited,319,Ediʾil,"Ediʾil, Edīl, Idalion, Idálion, Ιδάλιον, Idalium, Dali",1,35.01608965104055,33.4248168167272,"KUR.e-di-iʾ-li, 𒆳𒂊𒁲𒀪𒇷, URU.e-di-ʾi-il, URU.e-di-iʾ-il, 𒌷𒂊𒁲𒀪𒅋, URU.e-di-il, 𒌷𒂊𒁲𒅋","capital, city, country","Jadnana, Cyprus",7 B1,"Bagg RGTC 7 1: 64–65, Helsinki Atlas: 8 (map 7 B1), Parpola Toponyms: 116, <a href='https://zenodo.org/record/6384045' target='_blank'>Pedersén ANE: Idalion / Edi'il (Dali)</a>, <a href='https://pleiades.stoa.org/places/707519' target='_blank'>Pleiades: Idalion</a>, <a href='https://www.geonames.org/146589/idalion.html' target='_blank'>Geonames: Idálion</a>, <a href='http://oracc.museum.upenn.edu/riao/cbd/qpn-x-places/onebigfile.html' target='_blank'>RIAo Glossary: Places (Ediʾil [IDALION])</a>, <a href='http://oracc.museum.upenn.edu/rinap/cbd/qpn-x-places/onebigfile.html' target='_blank'>RINAP Glossary: Places (Ediʾil [IDALION])</a>"
2025-10-09-(12-56-21),edited,583,Kitrusu,"Kitrusu, Kitrusi, Khytroi, Chýtroi, Chythroi, Chytroi, Χύτροι, Khytri, Kythaireia, Kitreya, Kythraea, Kythrea, Kitrea, Kythréa, Κυθρέα, Degirmenlik, Değirmenlik",1,35.25161,33.49518,"KUR.ki-it-ru-si, 𒆳𒆠𒀉𒊒𒋛, URU.ki-it-ru-si, 𒌷𒆠𒀉𒊒𒋛","city, capital, country","Jadnana, Cyprus",7 B1,"Bagg RGTC 7 1: 141 (Kitrusi), Helsinki Atlas: 12 (map 7 B1), Parpola Toponyms: 211, <a href='https://www.geonames.org/20027/chytroi.html' target='_blank'>Geonames: Chýtroi</a>, <a href='https://pleiades.stoa.org/places/707496' target='_blank'>Pleiades: Chyt(h)roi</a>, <a href='https://www.geonames.org/146409/kythrea.html' target='_blank'>Geonames: Kythréa</a>, <a href='http://oracc.museum.upenn.edu/rinap/cbd/qpn-x-places/onebigfile.html' target='_blank'>RINAP Glossary: Places (Kitrusi [1])</a>, <a href='http://oracc.museum.upenn.edu/riao/cbd/qpn-x-places/onebigfile.html' target='_blank'>RIAo Glossary: Places (Kitrusi [1])</a>"
2025-10-09-(13-23-25),edited,601,Kurî,"Kurî, Kūrî, Kuri, kry, Kourion, Koúριov, Curias, Curium, Episkopí, Episkopi, Επισκοπή, Piskobu",1,34.67276897397688,32.86383915944204,"KUR.ku-ri-i, 𒆳𒆪𒊑𒄿, URU.ku-ri-i, 𒌷𒆪𒊑𒄿, kry, 𐤊𐤓𐤉‎","city, capital, country","Jadnana, Cyprus",7 A2,"Bagg RGTC 7 1: 148–149, Helsinki Atlas: 12 (map 7 A2), Parpola Toponyms: 218, <a href='https://zenodo.org/record/6384045' target='_blank'>Pedersén ANE: Kurî / Kourion (Episkopi)</a>, <a href='https://zenodo.org/record/5217600' target='_blank'>CIGS: Kourion</a>, <a href='https://pleiades.stoa.org/places/707549' target='_blank'>Pleiades: Kourion</a>, <a href='https://www.geonames.org/146633/episkopi.html' target='_blank'>Geonames: Episkopí</a>, <a href='http://oracc.museum.upenn.edu/rinap/cbd/qpn-x-places/onebigfile.html' target='_blank'>RINAP Glossary: Places (Kuri [Curium])</a>, <a href='http://oracc.museum.upenn.edu/riao/cbd/qpn-x-places/onebigfile.html' target='_blank'>RIAo Glossary: Places (Kuri [Curium])</a>"
2025-10-09-(14-17-00),edited,623,Lidir,"Lidir, Ledra, Λήδρα, Ledrae, Lédrai, Λέδραι, Ledroi, Λήδροι, Ledron, Λεδρῶν, Λῆδρον, Leuteon, Λευτεῶν, Leucon, Λευκῶν, Leucotheon, Λευκοθέον, Leucoi Theoi, Λευκοί Θεοί, Leuke ousia, λευκή οὐσία, Leucopolis, Λευκούπολις, Kallinikesis, Callinicesis, Καλλινικησις, Kallinekesis, Καλλινεικησις, Leucosia, Λευκουσία, Levkōsīa, Lefkosia, Λευκωσία, Lefḳoša, Lefkoşa, al-Afqūsīya, al-Afqusiya, الأفقوسية, Nicosia, Nikosia, Nikusiya",1,35.17284,33.35397,"KUR.li-di-ir, 𒆳𒇷𒁲𒅕, URU.li-di-ir, 𒌷𒇷𒁲𒅕","city, capital, country","Jadnana, Cyprus",7 B1,"Bagg RGTC 7 1: 157, Helsinki Atlas: 12 (map 7 B1), Parpola Toponyms: 226–227, <a href='https://en.wikipedia.org/wiki/Nicosia' target='_blank'>Wikipedia: Nicosia</a>, <a href='https://www.geonames.org/146268/nicosia.html' target='_blank'>Geonames: Nicosia</a>, <a href='https://pleiades.stoa.org/places/707558' target='_blank'>Pleiades: Ledroi/Leuke Ousia</a>, <a href='http://oracc.museum.upenn.edu/riao/cbd/qpn-x-places/onebigfile.html' target='_blank'>RIAo Glossary: Places (Lidir [1])</a>, <a href='http://oracc.museum.upenn.edu/rinap/cbd/qpn-x-places/onebigfile.html' target='_blank'>RINAP Glossary: Places (Lidir [1])</a>"
2025-10-09-(14-45-07),new,1341,Jāʾ,"Jāʾ, Jaʾ, Iaʾ, Iāʾ, Yāʾ, Yaʾ",–,–,–,"KUR.ia-aʾ, 𒆳𒅀𒀪",territory,"Jadnana, Cyprus",–,"Bagg RGTC 7 1: 120, Parpola Toponyms: 182, <a href='http://oracc.museum.upenn.edu/riao/cbd/qpn-x-places/onebigfile.html' target='_blank'>RIAo Glossary: Places (Yaʾ [1])</a>, <a href='http://oracc.museum.upenn.edu/rinap/cbd/qpn-x-places/onebigfile.html' target='_blank'>RINAP Glossary: Places (Yaʾ [1])</a>"
2025-10-09-(16-01-15),new,1342,Nūria,"Nūria, Nuria, Nuriya, Nūrê, Nure, Marión, Marion, Μαριών, Marionpolis, Arsinoe, Arsinoe Marion, Pólis-tis-Chrisochous, Polis tis Khrysokhou, Poli Chrysochous, Πόλη Χρυσοχούς, Dimos Poleos Chrysochous, Δήμος Πόλεως Χρυσοχούς, Pólis, Polis, Amathous (?), Amathus (?), Amatus (?), Amathoúnda (?), Amathounda (?), Amathonte (?), Cinyria (?)",–,35.03477,32.42706,"KUR.nu-re-e, 𒆳𒉡𒊑𒂊, URU.nu-ri-e, 𒌷𒉡𒊑𒂊, URU.nu-ri-ia, 𒌷𒉡𒊑𒅀, URU.nu-ri-iá, 𒌷𒉡𒊑𒐊, URU.ZÁLAG-ia, 𒌷𒂟𒅀","city, capital, country","Jadnana, Cyprus",–,"Bagg RGTC 7 1: 184, Parpola Toponyms: 271, <a href='https://www.geonames.org/19187/marion.html' target='_blank'>Geonames: Marión</a>, <a href='https://pleiades.stoa.org/places/707574' target='_blank'>Pleiades: Marion</a>, <a href='https://www.ancientportsantiques.com/the-catalogue/' target='_blank'>Ancient Ports: Marionpolis</a>, <a href='https://www.geonames.org/146137/polis.html' target='_blank'>Geonames: Pólis</a>, <a href='https://www.geonames.org/146822/amathus-city-site.html' target='_blank'>Geonames: Amathus City-Site</a>, <a href='https://pleiades.stoa.org/places/707462' target='_blank'>Pleiades: Amathous</a>, <a href='http://oracc.museum.upenn.edu/rinap/cbd/qpn-x-places/onebigfile.html' target='_blank'>RINAP Glossary: Places (Nuria [1])</a>, <a href='http://oracc.museum.upenn.edu/riao/cbd/qpn-x-places/onebigfile.html' target='_blank'>RIAo Glossary: Places (Nuria [1])</a>"
2025-10-09-(18-39-53),edited,1342,Nūria,"Nūria, Nuria, Nuriya, Nūrê, Nure, Marión, Marion, Μαριών, Marionpolis, Arsinoe, Arsinoe Marion, Pólis-tis-Chrisochous, Polis tis Khrysokhou, Poli Chrysochous, Πόλη Χρυσοχούς, Dimos Poleos Chrysochous, Δήμος Πόλεως Χρυσοχούς, Pólis, Polis, Amathous (?), Amathus (?), Amatus (?), Amathoúnda (?), Amathounda (?), Amathonte (?), Cinyria (?)",–,35.03477,32.42706,"KUR.nu-re-e, 𒆳𒉡𒊑𒂊, URU.nu-ri-e, 𒌷𒉡𒊑𒂊, URU.nu-ri-ia, 𒌷𒉡𒊑𒅀, URU.nu-ri-iá, 𒌷𒉡𒊑𒐊, URU.ZÁLAG-ia, 𒌷𒂟𒅀","city, capital, seaport, country","Jadnana, Cyprus",–,"Bagg RGTC 7 1: 184, Parpola Toponyms: 271, <a href='https://www.geonames.org/19187/marion.html' target='_blank'>Geonames: Marión</a>, <a href='https://pleiades.stoa.org/places/707574' target='_blank'>Pleiades: Marion</a>, <a href='https://www.ancientportsantiques.com/the-catalogue/' target='_blank'>Ancient Ports: Marionpolis</a>, <a href='https://www.geonames.org/146137/polis.html' target='_blank'>Geonames: Pólis</a>, <a href='https://www.geonames.org/146822/amathus-city-site.html' target='_blank'>Geonames: Amathus City-Site</a>, <a href='https://pleiades.stoa.org/places/707462' target='_blank'>Pleiades: Amathous</a>, <a href='http://oracc.museum.upenn.edu/rinap/cbd/qpn-x-places/onebigfile.html' target='_blank'>RINAP Glossary: Places (Nuria [1])</a>, <a href='http://oracc.museum.upenn.edu/riao/cbd/qpn-x-places/onebigfile.html' target='_blank'>RIAo Glossary: Places (Nuria [1])</a>"
2025-10-09-(18-39-53),edited,601,Kurî,"Kurî, Kūrî, Kuri, kry, Kourion, Koúριov, Curias, Curium, Episkopí, Episkopi, Επισκοπή, Piskobu",1,34.67276897397688,32.86383915944204,"KUR.ku-ri-i, 𒆳𒆪𒊑𒄿, URU.ku-ri-i, 𒌷𒆪𒊑𒄿, kry, 𐤊𐤓𐤉‎","city, capital, seaport, country","Jadnana, Cyprus",7 A2,"Bagg RGTC 7 1: 148–149, Helsinki Atlas: 12 (map 7 A2), Parpola Toponyms: 218, <a href='https://zenodo.org/record/6384045' target='_blank'>Pedersén ANE: Kurî / Kourion (Episkopi)</a>, <a href='https://zenodo.org/record/5217600' target='_blank'>CIGS: Kourion</a>, <a href='https://pleiades.stoa.org/places/707549' target='_blank'>Pleiades: Kourion</a>, <a href='https://www.geonames.org/146633/episkopi.html' target='_blank'>Geonames: Episkopí</a>, <a href='http://oracc.museum.upenn.edu/rinap/cbd/qpn-x-places/onebigfile.html' target='_blank'>RINAP Glossary: Places (Kuri [Curium])</a>, <a href='http://oracc.museum.upenn.edu/riao/cbd/qpn-x-places/onebigfile.html' target='_blank'>RIAo Glossary: Places (Kuri [Curium])</a>"
2025-10-09-(19-05-40),new,1343,Pāpa,"Pāpa, Pappa",–,–,–,"URU.pa-a-pa, 𒌷𒉺𒀀𒉺, URU.pa-ap-pa, 𒌷𒉺𒀊𒉺, LÚ.URU.pa-a-pa-a-a, 𒇽𒌷𒉺𒀀𒉺𒀀𒀀",city,"Mannāja, Iran",–,"Bagg RGTC 7 3/2: 448–449 (Pappa 2), Parpola Toponyms: 272 (together with Pappa 1), <a href='http://oracc.museum.upenn.edu/rinap/cbd/qpn-x-places/onebigfile.html' target='_blank'>RINAP Glossary: Places (Pappa [2])</a>, <a href='http://oracc.museum.upenn.edu/riao/cbd/qpn-x-places/onebigfile.html' target='_blank'>RIAo Glossary: Places (Pappa [2])</a>, <a href='http://oracc.museum.upenn.edu/rinap/cbd/qpn-x-ethnic/onebigfile.html' target='_blank'>RINAP Glossary: Ethnic Names (Pappayu [of Pappa 2])</a>"
2025-10-09-(20-13-44),edited,784,Qarti-ḫadasti,"Qarti-ḫadasti, Qarti-hadasti, Qartiḫadasti, Qartihadasti, Qart Hadasht, Kition, Κίτιον, Kitim, Citium, Kepos, Lárnaka, Larnaca, Larnaka, Amathous (?), Amathus (?), Amatus (?), Amathoúnda (?), Amathounda (?), Amathonte (?), Cinyria (?)",1,34.92021112196967,33.63274525614838,"KUR.qar-ti-ha-da-as-ti, 𒆳𒃼𒋾𒄩𒁕𒊍𒋾, URU.qar-ti-ha-da-as-ti, 𒌷𒃼𒋾𒄩𒁕𒊍𒋾, qrt ḥdšt, 𐤒𐤓𐤕𐤇𐤃𐤔𐤕","city, capital, seaport, country","Jadnana, Cyprus",7 B2,"Bagg RGTC 7 1: 195–196 (Qartiḫadasti), Helsinki Atlas: 14 (map 7 B2), Parpola Toponyms: 285 (Qartiḫadasti), <a href='https://zenodo.org/record/6384045' target='_blank'>Pedersén ANE: Kition (Larnaca)</a>, <a href='https://zenodo.org/record/5217600' target='_blank'>CIGS: Kition</a>, <a href='https://pleiades.stoa.org/places/707534' target='_blank'>Pleiades: Kition</a>, <a href='https://www.geonames.org/11919539/kition-bamboula.html' target='_blank'>Geonames: Kition - Bamboula</a>, <a href='https://www.ancientportsantiques.com/the-catalogue/' target='_blank'>Ancient Ports: Kition</a>, <a href=https://pleiades.stoa.org/places/707556>Pleiades: Larnaka</a>, <a href='http://oracc.museum.upenn.edu/riao/cbd/qpn-x-places/onebigfile.html' target='_blank'>RIAo Glossary: Places (Qartihadasti [1])</a>, <a href='http://oracc.museum.upenn.edu/rinap/cbd/qpn-x-places/onebigfile.html' target='_blank'>RINAP Glossary: Places (Qartihadasti [1])</a>"
2025-10-09-(22-07-24),edited,859,Sillu,"Sillu, Silli, Sóloi, Soloi, Σόλοι, Soli, Soloe, Solous, Solos, Aipeia",1,35.14009,32.81102,"KUR.si-il-lu, 𒆳𒋛𒅋𒇻, URU.si-il-li, 𒌷𒋛𒅋𒇷, URU.si-il-lu, 𒌷𒋛𒅋𒇻","city, capital, seaport, country","Jadnana, Cyprus",7 A1,"Bagg RGTC 7 1: 219, Helsinki Atlas: 16 (map 7 A1), Parpola Toponyms: 309, <a href='https://www.geonames.org/146071/soloi.html' target='_blank'>Geonames: Sóloi</a>, <a href='https://www.ancientportsantiques.com/the-catalogue/' target='_blank'>Ancient Ports: Soloi</a>, <a href='https://pleiades.stoa.org/places/707624' target='_blank'>Pleiades: Soloi/Aipeia?</a>, <a href='http://oracc.museum.upenn.edu/riao/cbd/qpn-x-places/onebigfile.html' target='_blank'>RIAo Glossary: Places (Sillu [Soloi])</a>, <a href='http://oracc.museum.upenn.edu/rinap/cbd/qpn-x-places/onebigfile.html' target='_blank'>RINAP Glossary: Places (Sillu [Soloi])</a>"
2025-10-09-(22-27-41),edited,784,Qarti-ḫadasti,"Qarti-ḫadasti, Qarti-hadasti, Qartiḫadasti, Qartihadasti, Qart Hadasht, Kition, Κίτιον, Kitim, Kittim, Chittim, Citium, Kepos, Lárnaka, Larnaca, Larnaka, Λάρνακα, Amathous (?), Amathus (?), Amatus (?), Amathoúnda (?), Amathounda (?), Amathonte (?), Cinyria (?)",1,34.92021112196967,33.63274525614838,"KUR.qar-ti-ha-da-as-ti, 𒆳𒃼𒋾𒄩𒁕𒊍𒋾, URU.qar-ti-ha-da-as-ti, 𒌷𒃼𒋾𒄩𒁕𒊍𒋾, qrt ḥdšt, 𐤒𐤓𐤕𐤇𐤃𐤔𐤕","city, capital, seaport, country","Jadnana, Cyprus",7 B2,"Bagg RGTC 7 1: 195–196 (Qartiḫadasti), Helsinki Atlas: 14 (map 7 B2), Parpola Toponyms: 285 (Qartiḫadasti), <a href='https://zenodo.org/record/6384045' target='_blank'>Pedersén ANE: Kition (Larnaca)</a>, <a href='https://zenodo.org/record/5217600' target='_blank'>CIGS: Kition</a>, <a href='https://pleiades.stoa.org/places/707534' target='_blank'>Pleiades: Kition</a>, <a href='https://www.geonames.org/11919539/kition-bamboula.html' target='_blank'>Geonames: Kition - Bamboula</a>, <a href='https://www.ancientportsantiques.com/the-catalogue/' target='_blank'>Ancient Ports: Kition</a>, <a href=https://pleiades.stoa.org/places/707556>Pleiades: Larnaka</a>, <a href='https://www.geonames.org/146400/larnaca.html' target='_blank'>Geonames: Larnaca</a>, <a href='http://oracc.museum.upenn.edu/riao/cbd/qpn-x-places/onebigfile.html' target='_blank'>RIAo Glossary: Places (Qartihadasti [1])</a>, <a href='http://oracc.museum.upenn.edu/rinap/cbd/qpn-x-places/onebigfile.html' target='_blank'>RINAP Glossary: Places (Qartihadasti [1])</a>"
2025-10-09-(22-53-31),edited,860,Silluwa,"Silluwa, Sillua, Salamís, Salamis, Σαλαμίς, Salamis Harabeleri, Salamis Necropolis, Salamine of Cyprus, Salamine, Kōnstanteia, Konstanteia, Konstantia, Constantia",1,35.18558206858346,33.89933423453447,"KUR.si-lu-u-a, 𒆳𒋛𒇻𒌋𒀀, URU.si-il-lu-u-a, 𒌷𒋛𒅋𒇻𒌋𒀀, URU.si-il-lu-u₈-a, 𒌷𒋛𒅋𒇻𒇇𒀀, URU.si-il-lu-u₈-u-a, 𒌷𒋛𒅋𒇻𒇇𒌋𒀀, URU.si-lu-a, 𒌷𒋛𒇻𒀀","city, capital, seaport, country","Jadnana, Cyprus",7 B1,"Bagg RGTC 7 1: 219–220, Helsinki Atlas: 16 (map 7 B1), Parpola Toponyms: 319–310 (Sillua), <a href='https://zenodo.org/record/6384045' target='_blank'>Pedersén ANE: Silluwa? / Salamis (Konstanteia)</a>, <a href='https://pleiades.stoa.org/places/707617' target='_blank'>Pleiades: Salamis/Konstantia</a>, <a href='https://www.geonames.org/19042/salamis.html' target='_blank'>Geonames: Salamís</a>, <a href='https://www.ancientportsantiques.com/the-catalogue/' target='_blank'>Ancient Ports: Port of Salamis</a>, <a href='http://oracc.museum.upenn.edu/riao/cbd/qpn-x-places/onebigfile.html' target='_blank'>RIAo Glossary: Places (Silluwa [Salamis])</a>, <a href='http://oracc.museum.upenn.edu/rinap/cbd/qpn-x-places/onebigfile.html' target='_blank'>RINAP Glossary: Places (Silluwa [Salamis])</a>"
2025-10-09-(23-26-25),edited,940,Tamessu,"Tamessu, Tamesu, Tamesi, Temese, Tamassós, Tamassos, Ταμασσός, Tamasos, Politikóu, Politikou, Πολιτικόν, Politikó, Politiko, Πολιτικό, Politikón, Politikon",1,35.02935209404932,33.24632521688231,"KUR.ta-me-su, 𒆳𒋫𒈨𒋢, URU.ta-me-si, 𒌷𒋫𒈨𒋛, URU.ta-me-su, 𒌷𒋫𒈨𒋢","city, capital, country","Jadnana, Cyprus",7 B1,"Bagg RGTC 7 1: 247–248 (Tamesu), Helsinki Atlas: 17 (map 7 B1), Parpola Toponyms: 344–345 (Tamesu), <a href='https://zenodo.org/record/6384045' target='_blank'>Pedersén ANE: Tamesu / Tamassos (Politikou)?</a>, <a href='https://pleiades.stoa.org/places/707628' target='_blank'>Pleiades: Tamassos</a>, <a href='https://www.geonames.org/146136/politiko.html' target='_blank'>Geonames: Politikó</a>, <a href='https://www.geonames.org/16148/tamassos.html' target='_blank'>Geonames: Tamassós</a>, <a href='http://oracc.museum.upenn.edu/rinap/cbd/qpn-x-places/onebigfile.html' target='_blank'>RINAP Glossary: Places (Tamesu [Tamassos])</a>, <a href='http://oracc.museum.upenn.edu/riao/cbd/qpn-x-places/onebigfile.html' target='_blank'>RIAo Glossary: Places (Tamesu [Tamassos])</a>"
2025-10-10-(01-56-14),edited,86,Apqu,"Apqu, ʾpq, 𐤀𐤐𐤒, Aphek, Aphik, אֲפֵק, Afqā, Afqa, أفقا, Pegae, Antipatris, Aphaka, Tel Ras el-'Ain, Tel Afēq, תל אפק, Tēl Kabri, Fīq, Tēl Soreq, Ḫirbat al-Hadab",1,34.06616,35.88854,"URU.ap-qu, 𒌷𒀊𒄣, אֲפֵק, 𐤀𐤐𐤒",town,"Bīt-Ḫumrî (?), Israel (?), Phoenicia (?), Lebanon (?), Dimašqa (?), Syria (?), Palestine (?), Iaʾūdu (?)",7 C4,"Helsinki Atlas: 6 (map 7 C4), Bagg RGTC 7 1: 18–19, <a href=https://pleiades.stoa.org/places/668195>Pleiades: Aphaka (Temple of Aphrodite Aphakitis)</a>, <a href='https://www.geonames.org/280660/afqa.html' target='_blank'>Geonames: Afqa</a>, <a href=https://zenodo.org/record/6384045>Pedersén ANE: Aphek / Pegae / Antipatris (Tel Ras el-'Ain)</a>, <a href=https://zenodo.org/record/5217600>CIGS: Antipatris, Tel Afek, Antipatris (mod. Tel Aphek)</a>, <a href='http://oracc.museum.upenn.edu/riao/cbd/qpn-x-places/onebigfile.html' target='_blank'>RIAo Glossary: Places (Apqu [APHEK])</a>, <a href='http://oracc.museum.upenn.edu/rinap/cbd/qpn-x-places/onebigfile.html' target='_blank'>RINAP Glossary: Places (Apqu [APHEK])</a>"
2025-10-10-(01-56-14),edited,86,Apqu,"Apqu, ʾpq, 𐤀𐤐𐤒, Aphek, Aphik, אֲפֵק, Afqā, Afqa, أفقا, Pegae, Antipatris, Aphaka, Tel Ras el-'Ain, Tel Afēq, תל אפק, Tēl Kabri, Fīq, Tēl Soreq, Ḫirbat al-Hadab",1,32.10511459451858,34.93169007890544,"URU.ap-qu, 𒌷𒀊𒄣, אֲפֵק, 𐤀𐤐𐤒",town,"Bīt-Ḫumrî (?), Israel (?), Phoenicia (?), Lebanon (?), Dimašqa (?), Syria (?), Palestine (?), Iaʾūdu (?)",7 C4,"Helsinki Atlas: 6 (map 7 C4), Bagg RGTC 7 1: 18–19, <a href=https://pleiades.stoa.org/places/668195>Pleiades: Aphaka (Temple of Aphrodite Aphakitis)</a>, <a href='https://www.geonames.org/280660/afqa.html' target='_blank'>Geonames: Afqa</a>, <a href=https://zenodo.org/record/6384045>Pedersén ANE: Aphek / Pegae / Antipatris (Tel Ras el-'Ain)</a>, <a href=https://zenodo.org/record/5217600>CIGS: Antipatris, Tel Afek, Antipatris (mod. Tel Aphek)</a>, <a href='http://oracc.museum.upenn.edu/riao/cbd/qpn-x-places/onebigfile.html' target='_blank'>RIAo Glossary: Places (Apqu [APHEK])</a>, <a href='http://oracc.museum.upenn.edu/rinap/cbd/qpn-x-places/onebigfile.html' target='_blank'>RINAP Glossary: Places (Apqu [APHEK])</a>"
2025-10-10-(01-56-14),edited,1057,Adamdun,"Adamdun, Sostrate, Sōstrate, Tostar, Tustar, Šōstar, Šūštar, Shūstar, Shūshtar, Shushtar, شوشتر, Teppe Surkhehgan (?)",4,32.045,48.859444,–,city,"Elam, Iran",–,"<a href=https://pleiades.stoa.org/places/912941>Pleiades: Sostrate/Shushtar</a>, <a href='https://www.geonames.org/114584/shushtar.html' target='_blank'>Geonames: Shūshtar</a>, <a href=https://zenodo.org/record/6384045>Pedersén ANE: Adamdun? (Teppe Surkhehgan)</a>"
2025-10-10-(02-47-39),edited,70,Apqu,"Apqu, ʾpq, 𐤀𐤐𐤒, Aphek, Aphik, אֲפֵק, Afqā, Afqa, أفقا, Pegae, Antipatris, Aphaka, Tel Ras el-'Ain, Tel Afēq, תל אפק, Tēl Kabri, Fīq, Tēl Soreq, Ḫirbat al-Hadab",1,32.10511459451858,34.93169007890544,"URU.ap-qu, 𒌷𒀊𒄣, אֲפֵק, 𐤀𐤐𐤒",town,"Bīt-Ḫumrî (?), Israel (?), Phoenicia (?), Lebanon (?), Dimašqa (?), Syria (?), Palestine (?), Iaʾūdu (?)",7 C4,"Helsinki Atlas: 6 (map 7 C4), Bagg RGTC 7 1: 18–19, <a href=https://pleiades.stoa.org/places/668195>Pleiades: Aphaka (Temple of Aphrodite Aphakitis)</a>, <a href='https://www.geonames.org/280660/afqa.html' target='_blank'>Geonames: Afqa</a>, <a href=https://zenodo.org/record/6384045>Pedersén ANE: Aphek / Pegae / Antipatris (Tel Ras el-'Ain)</a>, <a href=https://zenodo.org/record/5217600>CIGS: Antipatris, Tel Afek, Antipatris (mod. Tel Aphek)</a>, <a href='http://oracc.museum.upenn.edu/riao/cbd/qpn-x-places/onebigfile.html' target='_blank'>RIAo Glossary: Places (Apqu [APHEK])</a>, <a href='http://oracc.museum.upenn.edu/rinap/cbd/qpn-x-places/onebigfile.html' target='_blank'>RINAP Glossary: Places (Apqu [APHEK])</a>"
2025-10-10-(02-53-14),deleted,70,Apqu,"Apqu, ʾpq, 𐤀𐤐𐤒, Aphek, Aphik, אֲפֵק, Afqā, Afqa, أفقا, Pegae, Antipatris, Aphaka, Tel Ras el-'Ain, Tel Afēq, תל אפק, Tēl Kabri, Fīq, Tēl Soreq, Ḫirbat al-Hadab",1,32.10511459451858,34.93169007890544,"URU.ap-qu, 𒌷𒀊𒄣, אֲפֵק, 𐤀𐤐𐤒",town,"Bīt-Ḫumrî (?), Israel (?), Phoenicia (?), Lebanon (?), Dimašqa (?), Syria (?), Palestine (?), Iaʾūdu (?)",7 C4,"Helsinki Atlas: 6 (map 7 C4), Bagg RGTC 7 1: 18–19, <a href=https://pleiades.stoa.org/places/668195>Pleiades: Aphaka (Temple of Aphrodite Aphakitis)</a>, <a href='https://www.geonames.org/280660/afqa.html' target='_blank'>Geonames: Afqa</a>, <a href=https://zenodo.org/record/6384045>Pedersén ANE: Aphek / Pegae / Antipatris (Tel Ras el-'Ain)</a>, <a href=https://zenodo.org/record/5217600>CIGS: Antipatris, Tel Afek, Antipatris (mod. Tel Aphek)</a>, <a href='http://oracc.museum.upenn.edu/riao/cbd/qpn-x-places/onebigfile.html' target='_blank'>RIAo Glossary: Places (Apqu [APHEK])</a>, <a href='http://oracc.museum.upenn.edu/rinap/cbd/qpn-x-places/onebigfile.html' target='_blank'>RINAP Glossary: Places (Apqu [APHEK])</a>"
2025-10-10-(02-53-14),new,70,Apqu(2),"Apqu, ʾpq, 𐤀𐤐𐤒, Aphek, Aphik, אֲפֵק, Afqā, Afqa, أفقا, Pegae, Antipatris, Aphaka, Tel Ras el-'Ain, Tel Afēq, תל אפק, Tēl Kabri, Fīq, Tēl Soreq, Ḫirbat al-Hadab",1,32.10477953376054,34.93077672482396,"URU.ap-qu, 𒌷𒀊𒄣, אֲפֵק, 𐤀𐤐𐤒",town,"Bīt-Ḫumrî (?), Israel (?), Phoenicia (?), Lebanon (?), Dimašqa (?), Syria (?), Palestine (?), Iaʾūdu (?)",7 C4,"Helsinki Atlas: 6 (map 7 C4), Bagg RGTC 7 1: 18–19, <a href=https://pleiades.stoa.org/places/668195>Pleiades: Aphaka (Temple of Aphrodite Aphakitis)</a>, <a href='https://www.geonames.org/280660/afqa.html' target='_blank'>Geonames: Afqa</a>, <a href=https://zenodo.org/record/6384045>Pedersén ANE: Aphek / Pegae / Antipatris (Tel Ras el-'Ain)</a>, <a href=https://zenodo.org/record/5217600>CIGS: Antipatris, Tel Afek, Antipatris (mod. Tel Aphek)</a>, <a href='http://oracc.museum.upenn.edu/riao/cbd/qpn-x-places/onebigfile.html' target='_blank'>RIAo Glossary: Places (Apqu [APHEK])</a>, <a href='http://oracc.museum.upenn.edu/rinap/cbd/qpn-x-places/onebigfile.html' target='_blank'>RINAP Glossary: Places (Apqu [APHEK])</a>"
2025-10-16-(22-58-05),edited,463,Iadburu,"Iadburu, Jadburu, Yadburu, Adburu, Jādibiri, Dibirīna, Dibirina, Idibirīna, Idibirina, Dehlorān, Dehloran, دهلران, Deh Luran, Deh Lūrān, دِه لوران, Deh Lovān, Deh Lovan, دِه لُوان, Dekhlorana",2,32.6941,47.2679,"di-bi-ri-i-na, 𒁲𒁉𒊑𒄿𒈾, i-di-bi-ri-i-na, 𒄿𒁲𒁉𒊑𒄿𒈾, LÚ.ia-ad-bu-ru, 𒇽𒅀𒀜𒁍𒊒, LÚ.KUR.ia-ad-bu-ru, 𒇽𒆳𒅀𒀜𒁍𒊒, KUR.ad-bu-ru, 𒆳𒀜𒁍𒊒, KUR.ia-a-di-bi-ri, 𒆳𒅀𒀀𒁲𒁉𒊑, KUR.ia-ad-bu-ri, 𒆳𒅀𒀜𒁍𒊑, URU.di-bi-ri-na, 𒌷𒁲𒁉𒊑𒈾",territory,"Elam, Iran, Iraq",11 C4,"Bagg RGTC 7 3/1: 307–308 (Jadburu), Helsinki Atlas: 10 (map 11 C4), Parpola Toponyms: 183 (Jadburu), Parpola Toponyms: 101 (Dibirīna), <a href='https://www.geonames.org/136702/dehloran.html' target='_blank'>Geonames: Dehlorān</a>, <a href='https://www.ucl.ac.uk/sargon/peoplegodsplaces' target='_blank'>Assyrian empire builders: Yadburu</a>, <a href='http://oracc.museum.upenn.edu/saao/cbd/qpn-x-places/onebigfile.html' target='_blank'>SAAo Glossary: Places (Yadburu [1])</a>, <a href='http://oracc.museum.upenn.edu/atae/cbd/qpn-x-places/onebigfile.html' target='_blank'>ATAE Glossary: Places (Yadburu [1])</a>, <a href='http://oracc.museum.upenn.edu/rinap/cbd/qpn-x-places/onebigfile.html' target='_blank'>RINAP Glossary: Places (Yadburu [1])</a>, <a href='http://oracc.museum.upenn.edu/riao/cbd/qpn-x-places/onebigfile.html' target='_blank'>RIAo Glossary: Places (Yadburu [1])</a>"
2025-10-29-(11-20-21),new,1344,Ḥorvat Tevet,"Ḥorvat Tevet, Horvat Tevet, H̱orbat Tevet, Horbat Tevet, Khirbet Tevet, חורבת טבת",1,32.63780311319145,35.33381074954284,–,town,"Bīt-Ḫumrî, Israel",–,"<a href='https://www.tandfonline.com/doi/full/10.1080/03344355.2025.2550116?src=' target='_blank'>Peleg et al. (2025): <i>A Unique Assemblage of Cremation Burial from Ḥorvat Tevet and Assyrian Imperial Rule in the Jezreel Valley</i>. Tel Aviv 52: 217–255. https://doi.org/10.1080/03344355.2025.2550116</a>, <a href='https://zenodo.org/record/6384045' target='_blank'>Pedersén ANE: (Horbat Tevet)</a>, <a href='https://www.geonames.org/293321/horbat-tevet.html' target='_blank'>Geonames: H̱orbat Tevet</a>"
2025-11-19-(20-41-03),edited,4,Abāt-Aššur-lā-tēni,"Abāt-Aššur-lā-tēni, Abat-Aššur-lā-tenni",–,–,–,"URU.a-bat-aš-šur-la-te-ni, 𒌷𒀀𒁁𒀸𒋩𒆷𒋼𒉌",city,Šubria,–,"Bagg RGTC 7 2/1: 2, <a href='http://oracc.museum.upenn.edu/riao/cbd/qpn-x-places/onebigfile.html' target='_blank'>RIAo Glossary: Places (Abat-Aššur-la-tenni)</a>, <a href='http://oracc.museum.upenn.edu/rinap/cbd/qpn-x-places/onebigfile.html' target='_blank'>RINAP Glossary: Places (Abat-Aššur-la-tenni)</a>"
2025-11-19-(20-41-03),edited,5,Abāt-šarri-lā-tēni,"Abāt-šarri-lā-tēni, Abat-šarri-lā-tenni, Abat-šarri-la-tenni",–,–,–,"URU.a-bat-MAN-la-te-ni, 𒌷𒀀𒁁𒌋𒌋𒆷𒋼𒉌",city,Šubria,–,"Bagg RGTC 7 2/1: 2, <a href='http://oracc.museum.upenn.edu/riao/cbd/qpn-x-places/onebigfile.html' target='_blank'>RIAo Glossary: Places (Abat-šarri-la-tenni)</a>, <a href='http://oracc.museum.upenn.edu/rinap/cbd/qpn-x-places/onebigfile.html' target='_blank'>RINAP Glossary: Places (Abat-šarri-la-tenni)</a>"
2025-11-19-(20-41-03),edited,9,Abil-šiṭṭi,"Abil-šiṭṭi, Abilakka, Abil..., Abel ha-Šiṭṭim, ʾĀbēl haššiṭṭîm, Abel-Shittim, Abel Shittim, Abel-shittim, אבל השטים, Tall al-Ḥammām, Tall al Ḩammām, Tell el-Hammam, تل الحمام, Tell Abū Oaraf, Tell Abu Qaraf, Tell al-Kafrain (?), Tall al-Kafrain (?), Tall al-Kafrayn (?), Tall al-Kafrein (?), تل الكفرين, Khirbet el-Kafrein (?)",2,31.83955565814931,35.67318932260009,"URU.a-bi-il-šiṭ-ṭi, 𒌷𒀀𒁉𒅋𒋃𒁲, URU.a-bi-il-x-x, 𒌷𒀀𒁉𒅋-x-x, אבל השטים",city,"Māʾab, Bīt-Ḫazaʾil, Jordan",7 D5,"Bagg RGTC 7 1: 1 (Abil...), Parpola Toponyms: 2 (Abilakka), Helsinki Atlas: 5 (map 7 D5), <a href='https://zenodo.org/record/6384045' target='_blank'>Pedersén ANE: (Tell el-Hammam)</a>, <a href=https://www.geonames.org/249273/tall-al-hammam.html>Geonames: Tall al Ḩammām</a>, <a href=https://www.geonames.org/248731/tall-al-kafrayn.html>Geonames: Tall al Kafrayn</a>, <a href=https://www.geonames.org/250627/al-kafrayn.html>Geonames: Al Kafrayn</a>, <a href='https://pleiades.stoa.org/places/697622' target='_blank'>Pleiades: Abila</a>, <a href='http://oracc.museum.upenn.edu/riao/cbd/qpn-x-places/onebigfile.html' target='_blank'>RIAo Glossary: Places (Abil-šiṭṭi [1])</a>, <a href='http://oracc.museum.upenn.edu/rinap/cbd/qpn-x-places/onebigfile.html' target='_blank'>RINAP Glossary: Places (Abil-šiṭṭi [1])</a>"
2025-11-19-(20-59-10),edited,10,Abilāte,"Abilāte, Abilate",–,–,–,"URU.a-bi-la-te, 𒌷𒀀𒁉𒆷𒋼",town,"Izalla, Turkey (?), Syria (?)",–,"Bagg RGTC 7 2/1: 4, Parpola Toponyms: 2, <a href='http://oracc.museum.upenn.edu/saao/cbd/qpn-x-places/onebigfile.html' target='_blank'>SAAo Glossary: Places (Abilate [1])</a>, <a href='http://oracc.museum.upenn.edu/atae/cbd/qpn-x-places/onebigfile.html' target='_blank'>ATAE Glossary: Places (Abilate [1])</a>"
2025-11-19-(20-59-10),edited,1077,Abirus,Abirus,–,–,–,"KUR.a-bi-ru-us, 𒆳𒀀𒁉𒊒𒊻",mountains,"Bīt-Kapsi, Iran",–,Bagg RGTC 7 3/1: 2–3
2025-11-19-(20-59-10),edited,1078,Abitikna,Abitikna,–,–,–,"URU.a-bi-ti-ik-na, 𒌷𒀀𒁉𒋾𒅅𒈾, LÚ.URU.a-bi-ti-ik-na-a-a, 𒇽𒌷𒀀𒁉𒋾𒅅𒈾𒀀𒀀",city,"Mannāja, Iran",–,Bagg RGTC 7 3/1: 3
2025-11-19-(20-59-10),edited,1080,Abrau,Abrau,–,–,–,"KUR.ab-ra-ú(-x), 𒆳𒀊𒊏𒌑(-x)","land (?), mountain (?)","Mādāja, Ḫarḫār (?), Iran",–,Bagg RGTC 7 3/2: 3–4
2025-11-19-(21-07-58),edited,15,Adia,"Adia, Adiu, Adum, Mosul, Ḫirbat Qara Qounly (?), Khirbet Qara Quwiynili (?), Šēḫ ʿĀdī (?), Shaykh Adī (?)",4,36.22559,43.22649,"URU.a-di-a, 𒌷𒀀𒁲𒀀",town,"Assyria, Iraq",4 C5,"Helsinki Atlas: 5 (map 4 C5), Bagg RGTC 7 2/1: 6–7, <a href='https://books.openedition.org/cdf/4715#tocfrom2n18' target='_blank'>MTT I/1: Adum</a>, <a href='http://oracc.museum.upenn.edu/atae/cbd/qpn-x-places/onebigfile.html' target='_blank'>ATAE Glossary: Places (Adia)</a>, <a href='http://oracc.museum.upenn.edu/saao/cbd/qpn-x-places/onebigfile.html' target='_blank'>SAAo Glossary: Places (Adia)</a>, <a href='http://oracc.museum.upenn.edu/riao/cbd/qpn-x-places/onebigfile.html' target='_blank'>RIAo Glossary: Places (Adia)</a>, <a href='http://oracc.museum.upenn.edu/saao/knpp/peoplegodsplaces/index.html' target='_blank'>Knowledge and Power: Adian/Adia</a>, <a href='https://www.ucl.ac.uk/sargon/peoplegodsplaces' target='_blank'>Assyrian empire builders: Adian/Adia</a>"
2025-11-19-(21-35-13),edited,20,Adummatu,"Adummatu, Adumatu, Adumutu, Dumetu, Dumeti, Duma, Dumatha, Doumiatha, Dūmat al-Ğandal, Dumat el-Jandal, al-Ǧauf, al-Jawf, الجوف, دومة الجندل, דוּמָה",1,29.81144,39.86716,"URU.a-du-ma-tu, 𒌷𒀀𒁺𒈠𒌅, URU.a-du-mu-tu, 𒌷𒀀𒁺𒈬𒌅, URU.a-du-um-ma-te, 𒌷𒀀𒁺𒌝𒈠𒋼, URU.a-du-um-ma-tu, 𒌷𒀀𒁺𒌝𒈠𒌅, URU.du-ma, 𒌷𒁺𒈠, URU.du-me-ti, 𒌷𒁺𒈨𒋾","town, city, fortress","Arabs, Arabian Peninsula, Saudi Arabia",15 D4,"Bagg RGTC 7 2/1: 8–9, Helsinki Atlas: 5 (map 15 D4), <a href='https://zenodo.org/record/6384045' target='_blank'>Pedersén ANE: Adumatu? (Dumat el-Jandal)</a>, <a href='https://pleiades.stoa.org/places/29548' target='_blank'>Pleiades: Dumatha</a>, <a href='http://oracc.museum.upenn.edu/riao/cbd/qpn-x-places/onebigfile.html' target='_blank'>RIAo Glossary: Places (Adummatu)</a>, <a href='http://oracc.museum.upenn.edu/rinap/cbd/qpn-x-places/onebigfile.html' target='_blank'>RINAP Glossary: Places (Adummatu)</a>"
2025-11-19-(21-35-13),edited,1057,Adamdun,"Adamdun, Sostrate, Sōstrate, Tostar, Tustar, Šōstar, Šūštar, Shūstar, Shūshtar, Shushtar, شوشتر, Teppe Surkhehgan (?)",4,32.045,48.859444,–,city,"Elam, Iran",–,"<a href='https://pleiades.stoa.org/places/912941' target='_blank'>Pleiades: Sostrate/Shushtar</a>, <a href='https://www.geonames.org/114584/shushtar.html' target='_blank'>Geonames: Shūshtar</a>, <a href='https://zenodo.org/record/6384045' target='_blank'>Pedersén ANE: Adamdun? (Teppe Surkhehgan)</a>"
2025-11-19-(21-47-26),edited,25,Aiadi,"Aiadi, Ajadi, Aiādi, Ayādi, Ayadi, Ayaid, Aiaid, Ajaidi, Orūmīye Plain, Plain of Urmīya",3,–,–,"KUR.a-ia-di, 𒆳𒀀𒅀𒁲, KUR.a-ia-id, 𒆳𒀀𒅀𒀉","territory, district","Urarṭu, Iran, West Azerbaijan",4 D4,"Bagg RGTC 7 3/1: 10, Helsinki Atlas: 5 (Ajaidi; map 4 D4), Parpola Toponyms: 6 (Aiaid), Parpola Toponyms: 7 (Ajadi), <a href='https://www.geonames.org/121801/orumiyeh.html' target='_blank'>Geonames: Orūmīyeh</a>, <a href='http://oracc.museum.upenn.edu/riao/cbd/qpn-x-places/onebigfile.html' target='_blank'>RIAo Glossary: Places (Ayadi [1])</a>, <a href='http://oracc.museum.upenn.edu/rinap/cbd/qpn-x-places/onebigfile.html' target='_blank'>RINAP Glossary: Places (Ayadi [1])</a>"
2025-11-25-(18-51-54),edited,23,Aila,"Aila, Aelana, Elath, Ẹlat, Eilat, אילת, אֵילַת, Berenike, Ēla, Īla, آيلة, Aqabat Aylah, Aqaba, עקבה, عقبه, 'Aqaba, al-ʿAqaba, العقبة",–,29.53069690938105,34.99985375390145,"אֵילַת, אילת",city,"Udūmu, Iaʾūdu, Jordan",–,"1 Kings 9:26, 2 Chronicles 8:17, <a href='https://zenodo.org/record/6384045' target='_blank'>Pedersén ANE: Aila ('Aqaba)</a>, <a href='https://pleiades.stoa.org/places/746700' target='_blank'>Pleiades: Aelana/Aila</a>, <a href='https://www.geonames.org/11191543/mawqi-ila-al-athari.html' target='_blank'>Geonames: Mawqi‘ Īlā al Atharī</a>, <a href='https://www.geonames.org/250774/aqaba.html' target='_blank'>Geonames: Aqaba</a>"
2025-11-25-(20-06-33),edited,28,Akkû,"Akkû, 'Akkô, ʿAkko, Acco, Accon, Accra, Ptolemais, Antiocheia Ptolemais, Πτολεμαΐς, Tall al-Fuḫḫār, Tell el-Fukhkhar, עַכּוֹ‎, ʿAkkā, عكّا‎",1,32.92138687028189,35.0877576194446,"URU.ak-ku-u, 𒌷𒀝𒆪𒌋, URU.ak-ku-ú, 𒌷𒀝𒆪𒌑, URU.a-ku-u, 𒌷𒀀𒆪𒌋","city, fortresses, seaport","Ḫatti, Ṣīdūnu, Mediterranean coast, Phoenicia, Israel",8 A4,"Helsinki Atlas: 5 (map 8 A4), Bagg RGTC 7 1: 3–4, <a href='https://pleiades.stoa.org/places/678010' target='_blank'>Pleiades: Ake/Ptolemais</a>, <a href='https://zenodo.org/record/6384045' target='_blank'>Pedersén ANE: Akkû / 'Akkô (Tell el-Fukhkhar)</a>, <a href='http://oracc.museum.upenn.edu/riao/cbd/qpn-x-places/onebigfile.html' target='_blank'>RIAo Glossary: Places (Akku [ACCO])</a>, <a href='http://oracc.museum.upenn.edu/rinap/cbd/qpn-x-places/onebigfile.html' target='_blank'>RINAP Glossary: Places (Akku [ACCO])</a>, <a href='http://oracc.museum.upenn.edu/atae/cbd/qpn-x-places/onebigfile.html' target='_blank'>ATAE Glossary: Places (Akku [AKKO])</a>, <a href='http://oracc.museum.upenn.edu/saao/cbd/qpn-x-places/onebigfile.html' target='_blank'>SAAo Glossary: Places (Akku [AKKO])</a>"
2025-11-25-(20-10-06),edited,31,Akzībi,"Akzībi, Akzibu, Akzib, Akzîb, Akziba, Tell Achzib, Achziv, אכזיב, Ekdippa, Ecdippa, az-Zīb, ez-Zib, الزيب‎",1,33.04858,35.10194,"URU.ak-zi-ba, 𒌷𒀝𒍣𒁀, URU.ak-zi-bi, 𒌷𒀝𒍣𒁉, אכזיב",town,"Ḫatti, Ṣīdūnu, Mediterranean coast, Phoenicia",8 A3,"Helsinki Atlas: 5 (map 8 A3), Bagg RGTC 7 1: 4, <a href='https://zenodo.org/record/6384045' target='_blank'>Pedersén ANE: Akzibu / Akzib (ez-Zib)</a>, <a href='https://pleiades.stoa.org/places/678128' target='_blank'>Pleiades: Ekdippa</a>, <a href='http://oracc.museum.upenn.edu/riao/cbd/qpn-x-places/onebigfile.html' target='_blank'>RIAo Glossary: Places (Akzibu)</a>, <a href='http://oracc.museum.upenn.edu/rinap/cbd/qpn-x-places/onebigfile.html' target='_blank'>RINAP Glossary: Places (Akzibu)</a>"
2025-11-25-(20-31-57),edited,1270,Āl-Adad-ilāʾī,"Āl-Adad-ilāʾī, Al-Adad-ilaʾi, Āl-Sîn-naʾdi, Al-Sin-naʾdi",–,–,–,"URU.<sup>m</sup>10-DINGIR, 𒌷𒁹𒌋𒀭, URU.<sup>m</sup>10-DINGIR-a-a, 𒌷𒁹𒌋𒀭𒀀𒀀, URU.<sup>md</sup>30-I, 𒌷𒁹𒀭𒌍𒄿",town,"Syria (?), Turkey (?), Iraq (?)",–,"Bagg RGTC 7 2/1: 15 (Āl-Adad-ilāʾī (?)), <a href='https://oracc.museum.upenn.edu/atae/mallanate/P522857' target='_blank'>ATAE Ma'allanate: ACP 8 l. 3</a>, <a href='http://oracc.museum.upenn.edu/atae/cbd/qpn-x-places/onebigfile.html' target='_blank'>ATAE Glossary: Places (Sin-naʾdi [1])</a>"
2025-11-25-(20-41-21),edited,36,Āl-Naḫal-Muṣur,"Āl-Naḫal-Muṣur, Al-Nahal-Muṣur, āl Naḫal Muṣur, City of the Brook of Egypt, ʿngrn, Rhinocolura, Rhinokoloura, Ῥινοκόλουρα, Rhinokoroura, Ῥινοκόρουρα, al-ʿArīš, العريش‎, אל עריש, Arīš, عریش",3,31.1285,33.8075,"URU.na-ḫal-mu-ṣur, 𒌷𒈾𒄬𒈬𒀫, URU.na-ḫal-mu-uṣ-ri, 𒌷𒈾𒄬𒈬𒊻𒊑",town,"Muṣur, Egypt, Sinai",13 C2,"Bagg RGTC 7 1: 5–6, Helsinki Atlas: 5 (map 13 C2), Parpola Toponyms: 256 (under Naḫal-Muṣur), <a href='https://pleiades.stoa.org/places/688016' target='_blank'>Pleiades: Rhinocolura</a>, <a href='https://www.geonames.org/361546/arish.html' target='_blank'>Geonames: Arīsh</a>, <a href='http://oracc.museum.upenn.edu/riao/cbd/qpn-x-places/onebigfile.html' target='_blank'>RIAo Glossary: Places (Al Nahal Muṣur [Brook of Egypt])</a>, <a href='http://oracc.museum.upenn.edu/rinap/cbd/qpn-x-places/onebigfile.html' target='_blank'>RINAP Glossary: Places (Al Nahal Muṣur [Brook of Egypt])</a>"
2025-11-26-(00-08-04),edited,58,Ammāna,"Ammāna, ʿAmmān, Amman, Rabbat Ammon, Ammon, Rabatha, Ğabal al-Qal'a, Philadelphia, Φιλαδέλφεια",1,31.95431,35.93515,"URU.am-ma-a-na, 𒌷𒄠𒈠𒀀𒈾","capital, city","Bīt-Ammān, Jordan",7 D5,"Helsinki Atlas: 5 (map 7 D5), Bagg RGTC 7 1: 7–8, <a href='https://zenodo.org/record/6384045' target='_blank'>Pedersén ANE: Amman / Philadelphia</a>, <a href='https://pleiades.stoa.org/places/697728' target='_blank'>Pleiades: Amman/Philadelpheia</a>"
2025-11-26-(00-17-16),edited,61,Ampiḫabi,"Ampiḫabi, Ampiḫābi, Ampihabi, Ampiḫapi, Ampiḫāpi, Ampihapi, Raḥīl Ḥamad (?), Raḩīl Ḩamad (?), رحيل حمد (?)",3,33.96633,44.2265,"KUR.am-pi-ḫa-a-bi, 𒆳𒄠𒉿𒄩𒀀𒁉, URU.am-pi-ḫa-bi, 𒌷𒄠𒉿𒄩𒁉",town,"Assyria, Arzūḫina (province), Iraq",10 D3,"Helsinki Atlas: 5 (map 10 D3; near Raḥīl Ḥamad), Bagg RGTC 7 2/1: 45–46 (Ampiḫābi), Parpola Toponyms: 16 (Ampiḫābi), <a href='https://www.geonames.org/6805260/rahil-hamad.html' target='_blank'>Geonames: Raḩīl Ḩamad</a>, <a href='http://oracc.museum.upenn.edu/saao/knpp/peoplegodsplaces/index.html' target='_blank'>Knowledge and Power: Ampihabi</a>, <a href='https://www.ucl.ac.uk/sargon/peoplegodsplaces' target='_blank'>Assyrian empire builders: Ampihabi</a>, <a href='http://oracc.museum.upenn.edu/atae/cbd/qpn-x-places/onebigfile.html' target='_blank'>ATAE Glossary: Places (Ampihabi)</a>, <a href='http://oracc.museum.upenn.edu/saao/cbd/qpn-x-places/onebigfile.html' target='_blank'>SAAo Glossary: Places (Ampihabi)</a>, <a href='http://oracc.museum.upenn.edu/atae/cbd/qpn-x-places/onebigfile.html' target='_blank'>ATAE Glossary: Places (Ampihapi)</a>, <a href='http://oracc.museum.upenn.edu/saao/cbd/qpn-x-places/onebigfile.html' target='_blank'>SAAo Glossary: Places (Ampihapi)</a>"
2025-11-26-(00-19-12),edited,61,Ampiḫabi,"Ampiḫabi, Ampiḫābi, Ampihabi, Ampiḫapi, Ampiḫāpi, Ampihapi, Raḥīl Ḥamad (?), Raḩīl Ḩamad (?), رحيل حمد",3,33.96633,44.2265,"KUR.am-pi-ḫa-a-bi, 𒆳𒄠𒉿𒄩𒀀𒁉, URU.am-pi-ḫa-bi, 𒌷𒄠𒉿𒄩𒁉",town,"Assyria, Arzūḫina (province), Iraq",10 D3,"Helsinki Atlas: 5 (map 10 D3; near Raḥīl Ḥamad), Bagg RGTC 7 2/1: 45–46 (Ampiḫābi), Parpola Toponyms: 16 (Ampiḫābi), <a href='https://www.geonames.org/6805260/rahil-hamad.html' target='_blank'>Geonames: Raḩīl Ḩamad</a>, <a href='http://oracc.museum.upenn.edu/saao/knpp/peoplegodsplaces/index.html' target='_blank'>Knowledge and Power: Ampihabi</a>, <a href='https://www.ucl.ac.uk/sargon/peoplegodsplaces' target='_blank'>Assyrian empire builders: Ampihabi</a>, <a href='http://oracc.museum.upenn.edu/atae/cbd/qpn-x-places/onebigfile.html' target='_blank'>ATAE Glossary: Places (Ampihabi)</a>, <a href='http://oracc.museum.upenn.edu/saao/cbd/qpn-x-places/onebigfile.html' target='_blank'>SAAo Glossary: Places (Ampihabi)</a>, <a href='http://oracc.museum.upenn.edu/atae/cbd/qpn-x-places/onebigfile.html' target='_blank'>ATAE Glossary: Places (Ampihapi)</a>, <a href='http://oracc.museum.upenn.edu/saao/cbd/qpn-x-places/onebigfile.html' target='_blank'>SAAo Glossary: Places (Ampihapi)</a>"
2025-11-26-(00-23-37),edited,64,Amurrû,"Amurrû, Amurru, Amurrum, Amurrī, Mardu, Māt-Amurrî, ʾĒmōrī, אֱמֹרִי, אמורי‎, Ἀμορραῖοι, ʾmr, 𐤀𐤌𐤓‎, ʿAkkār Plain, Akkar Plain, Sahl ‘Akkār, Plaine de Aakkar",–,–,–,"<sup>d</sup>a-mur-ri-te, 𒀭𒀀𒄯𒊑𒋼, a-mur-re-e, 𒀀𒄯𒊑𒂊, a-mur-ri-i, 𒀀𒄯𒊑𒄿, a-mur-ru-ú, 𒀀𒄯𒊒𒌑, KUR.a-mur-ra-a-a, 𒆳𒀀𒄯𒊏𒀀𒀀, KUR.a-mur-re-e, 𒆳𒀀𒄯𒊑𒂊, KUR.a-mur-ri, 𒆳𒀀𒄯𒊑, KUR.a-mur-ri-i, 𒆳𒀀𒄯𒊑𒄿, KUR.a-mur-ru-u, 𒆳𒀀𒄯𒊒𒌋, MAR, 𒈥, MAR.KI, 𒈥𒆠, MAR.TU, 𒈥𒌅, MAR.TU-i, 𒈥𒌅𒄿, MAR.TU-e.KI, 𒈥𒌅𒂊𒆠, MAR.TU.KI, 𒈥𒌅𒆠, MAR.TU.KI-ú, 𒈥𒌅𒆠𒌑, KUR.MAR, 𒆳𒈥, KUR.MAR.KI, 𒆳𒈥𒆠, KUR.MAR.TU, 𒆳𒈥𒌅, KUR.MAR.TU.KI, 𒆳𒈥𒌅𒆠, KUR.MAR.TU-e.KI, 𒆳𒈥𒌅𒂊𒆠, LÚ.MAR.TU.KI, 𒇽𒈥𒌅𒆠, אֱמֹרִי, אמורי‎, ʾmr, 𐤀𐤌𐤓‎",territory,"Syro-Palestine, Phoenicia, Pilistu, Levant, Syria, Lebanon, Jordan, Palestine",–,"Bagg RGTC 7 1: 11–15, <a href='https://www.geonames.org/174113/plaine-de-aakkar.html' target='_blank'>Geonames: Plaine de Aakkar</a>, <a href='https://pleiades.stoa.org/places/668241' target='_blank'>Pleiades: Eleutheros (river)</a>, <a href='http://oracc.museum.upenn.edu/saao/knpp/peoplegodsplaces/index.html' target='_blank'>Knowledge and Power: Westland; West</a>, <a href='http://oracc.museum.upenn.edu/riao/cbd/qpn-x-ethnic/onebigfile.html' target='_blank'>RIAo Glossary: Ethnic (Amurru)</a>, <a href='http://oracc.museum.upenn.edu/riao/cbd/qpn-x-places/onebigfile.html' target='_blank'>RIAo Glossary: Places (Amurru)</a>, <a href='http://oracc.museum.upenn.edu/rinap/cbd/qpn-x-places/onebigfile.html' target='_blank'>RINAP Glossary: Places (Amurru)</a>, <a href='http://oracc.museum.upenn.edu/saao/cbd/qpn-x-ethnic/onebigfile.html' target='_blank'>SAAo Glossary: Ethnic (amurru [AMORITE])</a>, <a href='http://oracc.museum.upenn.edu/atae/cbd/qpn-x-places/onebigfile.html' target='_blank'>ATAE Glossary: Places (Amurru [WESTLAND])</a>, <a href='http://oracc.museum.upenn.edu/saao/cbd/qpn-x-places/onebigfile.html' target='_blank'>SAAo Glossary: Places (Amurru [WESTLAND])</a>"
2025-11-26-(00-35-16),edited,67,Ānat,"Ānat, Anat, Anatu, Anate, Ḫanat, Ana, Ānatha, Ānatho, Qal'at 'Ana, Anah, ʾĀna, عانة‎",1,34.46760587468617,41.97943245832681,"a-na-at, 𒀀𒈾𒀜, URU.a-na-at, 𒌷𒀀𒈾𒀜, URU.an-at, 𒌷𒀭𒀜, LÚ.an-at-a-a, 𒇽𒀭𒀜𒀀𒀀, URU.ana-te, 𒌷𒁹𒋼","city, island","Sūḫu, Iraq",10 B1,"Bagg RGTC 7 2/1: 46–47 (Anat), Helsinki Atlas: 5 (map 10 B1), Parpola Toponyms: 18–19 (Anatu), <a href='https://zenodo.org/record/6384045' target='_blank'>Pedersén ANE: Anat (Qal'at 'Ana)</a>, <a href='https://pleiades.stoa.org/places/893936' target='_blank'>Pleiades: Anatho</a>, <a href='https://books.openedition.org/cdf/4564#tocfrom2n39' target='_blank'>MTT I/2 (HIGEOMES Nr. 196)</a>, <a href='https://www.ucl.ac.uk/sargon/peoplegodsplaces' target='_blank'>Assyrian empire builders: Anat</a>, <a href='http://oracc.museum.upenn.edu/saao/cbd/qpn-x-places/onebigfile.html' target='_blank'>SAAo Glossary: Places (Anat)</a>, <a href='http://oracc.museum.upenn.edu/riao/cbd/qpn-x-places/onebigfile.html' target='_blank'>RIAo Glossary: Places (Anat)</a>"
2025-11-26-(00-42-31),edited,68,Andarutta,"Andarutta, Andarutu, Jabal Handrayn, Jabal Hendrên, جبل هندرين, Chiyā-i Handrēn, چياى ھەندرێن, Berat Dağ (?), جبل بيرت, Baradost (?), جبل برادوست",–,36.56981,44.61776,"KUR.an-da-ru-ut-ta, 𒆳𒀭𒁕𒊒𒌓𒋫, KUR.an-da-ru-tú, 𒆳𒀭𒁕𒊒𒌓",mountain,"Ḫabḫu (?), Māt-nāgir-ekalli (?), Province of nāgir ekalli (?), Iraq",4 D5,"Bagg RGTC 7 3/1: 39–40 (Baradost), Helsinki Atlas: 5 (Berat Dağ; map 4 D5), Dlshad A. Marf (2015): <i>Re-Identifying the ‫Ḫ‬iptunu Town and Andaruttu Mountain</i>. Akkadica 136: 127–140, <a href='https://www.geonames.org/96075/jabal-handrayn.html' target='_blank'>Geonames: Jabal Handrayn</a>, <a href='http://oracc.museum.upenn.edu/riao/cbd/qpn-x-places/onebigfile.html' target='_blank'>RIAo Glossary: Places (Andarutta [MOUNT ANDARUTTA])</a>, <a href='http://oracc.museum.upenn.edu/rinap/cbd/qpn-x-places/onebigfile.html' target='_blank'>RINAP Glossary: Places (Andarutta [MOUNT ANDARUTTA])</a>"
2025-11-26-(00-42-31),edited,442,Ḫiptūnu,"Ḫiptūnu, Ḫiptūni, Ḫiptūna, Ḫiptunu, Ḫiptuni, Ḫiptuna, Hiptunu, Hiptuna, Ḫibtunu, Ḫibuni, Ḫipparna, Hefton, Tell Ḥaftūn, Tell Haftun, Ḥibtūn, Ḫuftidhkān, Ḥaftian, Hāwdiyān, Hawdiyan, هاوديان",3,36.69751,44.47704,"URU.ḫi-ip-tu-nu, 𒌷𒄭𒅁𒌅𒉡, URU.ḫi-ip-tú-ni, 𒌷𒄭𒅁𒌓𒉌, URU.ḫi-ip-tú-na, 𒌷𒄭𒅁𒌓𒈾","prov. capital (?), town","Māt-nāgir-ekalli, Province of nāgir ekalli, Iraq",4 D5,"Bagg RGTC 7 3/1: 276, Helsinki Atlas: 10 (map 4 D5), Parpola Toponyms: 160 (Ḫibtunu and Ḫibuni), Parpola Toponyms: 164 (Ḫipparna), Dlshad A. Marf (2015): <i>Re-Identifying the ‫Ḫ‬iptunu Town and Andaruttu Mountain</i>. Akkadica 136: 127–140, <a href='https://www.geonames.org/95899/hawdiyan.html' target='_blank'>Geonames: Hawdiyan</a>, <a href='https://www.ucl.ac.uk/sargon/peoplegodsplaces' target='_blank'>Assyrian empire builders: Hiptunu</a>, <a href='http://oracc.museum.upenn.edu/atae/cbd/qpn-x-places/onebigfile.html' target='_blank'>ATAE Glossary: Places (Hiptuna)</a>, <a href='http://oracc.museum.upenn.edu/saao/cbd/qpn-x-places/onebigfile.html' target='_blank'>SAAo Glossary: Places (Hiptuna)</a>, <a href='http://oracc.museum.upenn.edu/riao/cbd/qpn-x-places/onebigfile.html' target='_blank'>RIAo Glossary: Places (Hiptunu)</a>, <a href='http://oracc.museum.upenn.edu/rinap/cbd/qpn-x-places/onebigfile.html' target='_blank'>RINAP Glossary: Places (Hiptunu)</a>"
2025-11-26-(00-45-12),edited,72,Anīsu,"Anīsu, Anisu, Anīsus, Anisus, Qalʿat Dīza, Qalaat Diza, Qalʿe Dīze, Qalat Dizah, Qeładizê, قلعة دزة",4,36.18534066503302,45.11483023535781,"URU.a-ni-su, 𒌷𒀀𒉌𒋢, URU.a-ni-i-su-us, 𒌷𒀀𒉌𒄿𒋢𒊻",town,"Zagros mountain range, Iraq",4 E5,"Helsinki Atlas: 5 (map 4 E5), Bagg RGTC 7 3/1: 42–43, <a href='https://zenodo.org/record/6384045' target='_blank'>Pedersén ANE: (Qal'at Dizah)</a>, <a href='https://www.geonames.org/92615/qeladize.html' target='_blank'>Geonames: Qeładizê</a>, <a href='http://oracc.museum.upenn.edu/saao/knpp/peoplegodsplaces/index.html' target='_blank'>Knowledge and Power: Anisu</a>, <a href='https://www.ucl.ac.uk/sargon/peoplegodsplaces' target='_blank'>Assyrian empire builders: Anisu</a>, <a href='http://oracc.museum.upenn.edu/atae/cbd/qpn-x-places/onebigfile.html' target='_blank'>ATAE Glossary: Places (Anisu)</a>, <a href='http://oracc.museum.upenn.edu/saao/cbd/qpn-x-places/onebigfile.html' target='_blank'>SAAo Glossary: Places (Anisu)</a>, <a href='http://oracc.museum.upenn.edu/atae/cbd/qpn-x-places/onebigfile.html' target='_blank'>ATAE Glossary: Places (Anisus)</a>, <a href='http://oracc.museum.upenn.edu/saao/cbd/qpn-x-places/onebigfile.html' target='_blank'>SAAo Glossary: Places (Anisus)</a>"
2025-11-26-(00-54-36),edited,76,Anšan,"Anzan, Anšan, Aššan, Tall-i Malyān, Tall-e Malyān, Tell Malyan, تل ملیان, Tepe Malyan",1,30.01111323889061,52.41066812180781,"KUR.an-za-an, 𒆳𒀭𒍝𒀭, KUR.áš-ša-an, 𒆳𒀾𒊭𒀭, KUR.an-za-nu-ú-a, 𒆳𒀭𒍝𒉡𒌑𒀀, URU.áš-šá-an, 𒌷𒀾𒃻𒀭","capital, city","Elam, Iran",17 D4,"Bagg RGTC 7 3/1: 44, Helsinki Atlas: 5 (map 17 D4), <a href='https://zenodo.org/record/6384045' target='_blank'>Pedersén ANE: Anšan (Tell Malyan)</a>, <a href='https://zenodo.org/record/5217600' target='_blank'>CIGS: Anšan/Tal-I Malyān</a>, <a href='https://pleiades.stoa.org/places/922729' target='_blank'>Pleiades: Tal-i Malyan/[Anzan]</a>, <a href='http://oracc.museum.upenn.edu/saao/knpp/peoplegodsplaces/index.html' target='_blank'>Knowledge and Power: Anzan</a>, <a href='http://oracc.museum.upenn.edu/rinap/cbd/qpn-x-places/onebigfile.html' target='_blank'>RINAP Glossary: Places</a>"
2025-11-26-(00-56-23),edited,82,Apaša,"Apaša, Apasa, Ephesos, Ἔφεσος, Ephesus, Arsinoe, Arsinoeia, Afsīs",4,37.941111,27.341944,–,city,"Arzawa, Lydia, Turkey",–,"<a href='https://zenodo.org/record/6384045' target='_blank'>Pedersén ANE: Ephesus / Apaša?</a>, <a href='https://pleiades.stoa.org/places/599612' target='_blank'>Pleiades: Ephesus/Arsinoe(ia)</a>, <a href='https://www.geonames.org/7522155/ephesus.html' target='_blank'>Geonames: Ephesus</a>"
2025-11-26-(16-55-08),edited,11,Adâ,"Adâ, Ada, Tall ʿAdā (?), Theleda (?), ʿAin at-Tall (?), Tall Hatab (?)",–,35.81818,36.33017,"URU.a-da-a, 𒌷𒀀𒁕𒀀",city,"Ḫamāt, Syria",–,"Bagg RGTC 7 1: 2, <a href='http://oracc.museum.upenn.edu/riao/cbd/qpn-x-places/onebigfile.html' target='_blank'>RIAo Glossary: Places (Ada)</a>"
2025-11-26-(17-14-40),edited,70,Apqu(2),"Apqu, ʾpq, 𐤀𐤐𐤒, Aphek, Aphik, אֲפֵק, Afqā, Afqa, أفقا, Pegae, Antipatris, Aphaka, Tel Ras el-'Ain, Tel Afēq, תל אפק, Tēl Kabri, Fīq, Tēl Soreq, Ḫirbat al-Hadab",1,32.10477953376054,34.93077672482396,"URU.ap-qu, 𒌷𒀊𒄣, אֲפֵק, 𐤀𐤐𐤒",town,"Bīt-Ḫumrî (?), Israel (?), Phoenicia (?), Lebanon (?), Dimašqa (?), Syria (?), Palestine (?), Iaʾūdu (?)",7 C4,"Helsinki Atlas: 6 (map 7 C4), Bagg RGTC 7 1: 18–19, <a href='https://pleiades.stoa.org/places/668195' target='_blank'>Pleiades: Aphaka (Temple of Aphrodite Aphakitis)</a>, <a href='https://www.geonames.org/280660/afqa.html' target='_blank'>Geonames: Afqa</a>, <a href=https://zenodo.org/record/6384045>Pedersén ANE: Aphek / Pegae / Antipatris (Tel Ras el-'Ain)</a>, <a href=https://zenodo.org/record/5217600>CIGS: Antipatris, Tel Afek, Antipatris (mod. Tel Aphek)</a>, <a href='http://oracc.museum.upenn.edu/riao/cbd/qpn-x-places/onebigfile.html' target='_blank'>RIAo Glossary: Places (Apqu [APHEK])</a>, <a href='http://oracc.museum.upenn.edu/rinap/cbd/qpn-x-places/onebigfile.html' target='_blank'>RINAP Glossary: Places (Apqu [APHEK])</a>"
2025-11-26-(17-14-40),edited,86,Apqu,"Apqu, ʾpq, 𐤀𐤐𐤒, Aphek, Aphik, אֲפֵק, Afqā, Afqa, أفقا, Pegae, Antipatris, Aphaka, Tel Ras el-'Ain, Tel Afēq, תל אפק, Tēl Kabri, Fīq, Tēl Soreq, Ḫirbat al-Hadab",1,34.06616,35.88854,"URU.ap-qu, 𒌷𒀊𒄣, אֲפֵק, 𐤀𐤐𐤒",town,"Bīt-Ḫumrî (?), Israel (?), Phoenicia (?), Lebanon (?), Dimašqa (?), Syria (?), Palestine (?), Iaʾūdu (?)",7 C4,"Bagg RGTC 7 1: 18–19, Helsinki Atlas: 6 (map 7 C4), <a href='https://pleiades.stoa.org/places/668195' target='_blank'>Pleiades: Aphaka (Temple of Aphrodite Aphakitis)</a>, <a href='https://www.geonames.org/280660/afqa.html' target='_blank'>Geonames: Afqa</a>, <a href='https://zenodo.org/record/6384045' target='_blank'>Pedersén ANE: Aphek / Pegae / Antipatris (Tel Ras el-'Ain)</a>, <a href='https://zenodo.org/record/5217600' target='_blank'>CIGS: Antipatris, Tel Afek, Antipatris (mod. Tel Aphek)</a>, <a href='http://oracc.museum.upenn.edu/riao/cbd/qpn-x-places/onebigfile.html' target='_blank'>RIAo Glossary: Places (Apqu [APHEK])</a>, <a href='http://oracc.museum.upenn.edu/rinap/cbd/qpn-x-places/onebigfile.html' target='_blank'>RINAP Glossary: Places (Apqu [APHEK])</a>"
2025-11-26-(17-29-24),edited,92,Arâ,"Arâ, Ara, Arra, Arrha, ʿrw, 𐡏𐡓𐡅, Tall ʿAr, ʿAr, 'Ar, Maʿarrat an-Nuʿmān, معرة النعمان, Tall Arrī, تل عري",–,35.48510702656902,36.67946263552606,"URU.a-ra-a, 𒌷𒀀𒊏𒀀, ʿrw, 𐡏𐡓𐡅",town,"Ḫamāt, Syria",–,"Bagg RGTC 7 1: 19–20, <a href='https://zenodo.org/record/6384045' target='_blank'>Pedersén ANE: ('Ar)</a>, <a href='http://oracc.museum.upenn.edu/riao/cbd/qpn-x-places/onebigfile.html' target='_blank'>RIAo Glossary: Places (Ara)</a>, <a href='http://oracc.museum.upenn.edu/rinap/cbd/qpn-x-places/onebigfile.html' target='_blank'>RINAP Glossary: Places (Ara)</a>"
2025-11-26-(17-35-02),edited,104,Arabella,"Arabella, Arbēla, Arbela, Άρβηλα, Irbid, אירביד, إربد, Tell Irbid",–,32.55913422333403,35.84747700865685,–,city,Jordan,–,"<a href='https://zenodo.org/record/6384045' target='_blank'>Pedersén ANE: Arbela (Irbid)</a>, <a href='https://pleiades.stoa.org/places/678028' target='_blank'>Pleiades: Arbela</a>, <a href='https://www.geonames.org/248946/irbid.html' target='_blank'>Geonames: Irbid</a>"
2025-11-27-(11-54-05),edited,97,Aranziaše,"Aranziaš, Aranziaše, Aranziašu, Aranzēše",–,–,–,"URU.ar-an-ze-e-še, 𒌷𒅈𒀭𒍣𒂊𒊺, URU.ar-an-zi-a-še, 𒌷𒅈𒀭𒍣𒀀𒊺, URU.ar-an-zi-a-šu, 𒌷𒅈𒀭𒍣𒀀𒋗",city,"Rāši, Iran",11 C2,"Bagg RGTC 7 3/1: 53–54, Helsinki Atlas: 6 (Aranziaš; map 11 C2), <a href='http://oracc.museum.upenn.edu/riao/cbd/qpn-x-places/onebigfile.html' target='_blank'>RIAo Glossary: Places (Aranziaše)</a>, <a href='http://oracc.museum.upenn.edu/rinap/cbd/qpn-x-places/onebigfile.html' target='_blank'>RINAP Glossary: Places (Aranziaše)</a>"
2025-11-27-(11-54-05),edited,1063,Bunais,"Bunais, Bunāsi, Silsilat Jibāl Azmar, سلسلة جبال ازمر, Kānīrāš-Pass (?), Kanirash Pass (?), Gardaneh-ye Kānī Rash (?), Kānī Rash (?), كانى ڕەش, Qandīl Dāġ (?), Silsilat Jibāl Qandīl (?), سلسلة جبال قنديل, Jabal Ţāslūjah (?), جبل طاسلوجة",–,35.64585,45.47186,"KUR.bu-na-is, 𒆳𒁍𒈾𒄑","mountain, pass","Māzamua, Iraq, Iran (?)",–,"Bagg RGTC 7 3/1: 161–162, Edmonds (1957): <i>Shar Bazhêr and the Basin of the Qalachuwalan</i>. The Geographical Journal 123/3: 318–328, Parpola Toponyms: 94 (under Bunāsi), <a href='https://www.geonames.org/98267/silsilat-jibal-azmar.html' target='_blank'>Geonames: Silsilat Jibāl Azmar</a>, <a href='https://www.geonames.org/7388951/wadi-azmar-ashkula.html' target='_blank'>Geonames: Wādī Azmar Ashkūlā</a>, <a href='https://www.geonames.org/7426423/wadi-azmar-ashkula.html' target='_blank'>Geonames: Wādī Azmar Ashkūlā</a>, <a href='https://www.geonames.org/128806/gardaneh-ye-kani-rash.html' target='_blank'>Geonames: Gardaneh-ye Kānī Rash</a>, <a href='https://www.geonames.org/6779211/silsilat-jibal-qandil.html' target='_blank'>Geonames: Silsilat Jibāl Qandīl</a>, <a href='https://www.geonames.org/383948/jabal-taslujah.html' target='_blank'>Geonames: Jabal Ţāslūjah</a>, <a href='http://oracc.museum.upenn.edu/riao/cbd/qpn-x-places/onebigfile.html' target='_blank'>RIAo Glossary: Places (Bunais [1])</a>"
2025-11-27-(12-04-03),edited,100,Araziqa,"Araziqa, Araziqu, Araziqi, Tall Baddaye, Tall Baddāja, Tall Baddayah, تل بداية, Baddāja, Baddayah, Baddaye, بداية, Tall al-Ḥaǧǧ (?), Tell el-Hajj (?), تل الحاج (?), Tall Karūs (?), Tall Karus (?), Tall Kārūs (?), تل كاروس (?)",1,36.732259,38.119292,"URU.a-ra-zi-qi, 𒌷𒀀𒊏𒍣𒆥",city,Syria,–,"<a href='https://books.openedition.org/cdf/4564' target='_blank'>MTT I/2: Araziqu (HIGEOMES Nr. 210)</a>, <a href='https://books.openedition.org/cdf/4514' target='_blank'>MTT I/3: Tall Baddaye (بداية)</a>, <a href='https://zenodo.org/record/6384045' target='_blank'>Pedersén ANE: Araziqa? (Tell el-Hajj)?</a>, <a href='https://www.geonames.org/171466/bidayah.html' target='_blank'>Geonames: Bidāyah</a>, <a href='https://books.openedition.org/cdf/4512' target='_blank'>MTT I/3: Tall al-Hajj (الحاج; HIGEOMES Nr. 50)</a>, <a href='https://www.geonames.org/9048/tall-al-hajj.html' target='_blank'>Geonames: Tall al Ḩājj</a>, <a href='https://www.geonames.org/168540/karus.html' target='_blank'>Geonames: Kārūs</a>"
2025-11-27-(19-53-14),edited,1229,Ḫazaḫi,"Ḫazaḫi, Hazahi, Hazahaia, Hazahiaya",–,–,–,"URU.ḫa-za-ḫi-a-a, 𒌷𒄩𒍝𒄭𒀀𒀀",town,"Assyria, Iraq",–,"Bagg RGTC 7 2/1: 224 (*Ḫazaḫi (?)), <a href='http://oracc.museum.upenn.edu/saao/cbd/qpn-x-places/onebigfile.html' target='_blank'>SAAo Glossary: Places (Hazahi [1])</a>, <a href='http://oracc.museum.upenn.edu/atae/cbd/qpn-x-ethnic/onebigfile.html' target='_blank'>ATAE Glossary: Ethnic Names (Hazahiaya [of Hazahi])</a>, <a href='http://oracc.museum.upenn.edu/saao/cbd/qpn-x-ethnic/onebigfile.html' target='_blank'>SAAo Glossary: Ethnic Names (Hazahiaya [of Hazahi])</a>"
2025-11-27-(19-53-14),edited,102,Arbakki,"Arbakki, Arbakku, Gre Dimse, Grê Dimsê, Arwah (?)",–,37.82752627155773,40.96629379966445,"KUR.ar-ba-ki, 𒆳𒅈𒁀𒆠, KUR.ar-ba-ak-ki, 𒆳𒅈𒁀𒀝𒆠, URU.ar-ba-ki, 𒌷𒅈𒁀𒆠, URU.ar-ba-ak-ki, 𒌷𒅈𒁀𒀝𒆠, URU.ár-ba-ak-ki, 𒌷𒌒𒁀𒀝𒆠","city, territory","Ḫabḫu, Turkey",–,"Bagg RGTC 7 2/1: 58, <a href='https://zenodo.org/record/6384045' target='_blank'>Pedersén ANE: (Gre Dimse)</a>, <a href='https://books.openedition.org/cdf/4487' target='_blank'>MTT I/3: Gre Dimse (HIGEOMES Nr. 221)</a>, <a href='http://oracc.museum.upenn.edu/riao/cbd/qpn-x-places/onebigfile.html' target='_blank'>RIAo Glossary: Places (Arbakku)</a>"
2025-11-27-(19-53-14),edited,305,Dūr-Sîn-aḫḫē-erība,"Dūr-Sîn-aḫḫē-erība, Dūr-Sîn-aḫḫē-erība-eššu, Dur-Sin-ahhe-eriba, Aliḫu, Alihu",–,–,–,"URU.BÀD-<sup>m</sup>30-PAB.MEŠ-SU, 𒌷𒂦𒁹𒌍𒉽𒈨𒌍𒋢, URU.BÀD-<sup>m</sup>30-PAB.MEŠ-SU GIBIL, 𒌷𒂦𒁹𒌍𒉽𒈨𒌍𒋢𒉋, URU.BÀD-<sup>md</sup>30-PAB.MEŠ-SU, 𒌷𒂦𒁹𒀭𒌍𒉽𒈨𒌍𒋢, URU.BÀD-<sup>m</sup>30-ŠEŠ.MEŠ-SU, 𒌷𒂦𒁹𒌍𒋀𒈨𒌍𒋢, BÀD-<sup>md</sup>30-ŠEŠ.MEŠ-SU, 𒂦𒁹𒀭𒌍𒋀𒈨𒌍𒋢, URU.a-li-ḫu, 𒌷𒀀𒇷𒄷, URU.a-li-ḫi, 𒌷𒀀𒇷𒄭","prov. capital, city",Assyria,–,"Bagg RGTC 7 3/1: 17 (Aliḫu), Bagg RGTC 7 3/1: 194–195 (Dūr-Sîn-aḫḫē-erība (eššu)), Parpola Toponyms: 12 (Aliḫu), Parpola Toponyms: 112 (Dūr-Sîn-aḫḫē-erība), Radner (2006): RlA 11: 64, <a href='http://oracc.museum.upenn.edu/atae/cbd/qpn-x-places/onebigfile.html' target='_blank'>ATAE Glossary: Places (Alihu)</a>, <a href='http://oracc.museum.upenn.edu/saao/cbd/qpn-x-places/onebigfile.html' target='_blank'>SAAo Glossary: Places (Alihu)</a>, <a href='http://oracc.museum.upenn.edu/atae/cbd/qpn-x-places/onebigfile.html' target='_blank'>ATAE Glossary: Places (Dur-Sin-ahhe-eriba)</a>, <a href='http://oracc.museum.upenn.edu/saao/cbd/qpn-x-places/onebigfile.html' target='_blank'>SAAo Glossary: Places (Dur-Sin-ahhe-eriba)</a>, <a href='http://oracc.museum.upenn.edu/atae/cbd/qpn-x-places/onebigfile.html' target='_blank'>ATAE Glossary: Places (Dur-Sin-ahhe-eriba)</a>"
2025-11-27-(19-53-14),edited,391,Ḫalmān,"Ḫalmān, Ḫalman, Halman, Armān, Arman, Ḫalman-niribuni, Alman, Ḫalmanni, Ḫalmanniwe, Ḥolwa, Ḥulwān, Hulwan, Albania, Beth Lashpar, Chala, Chalonitis, Valashfarr, Sar-e Pol-e Zahab, Sar-e Pol-e Ẕahāb, Sar-i Pol-i Zohāb, Sar-e Pol-e Z̄ahāb, Sar-ī-Pūl Zūhāb, Sarpol-e Z̄ahāb, Sarpol-e Z̄ahāb, سر پل زهاب, Pol-e Z̄ahāb",1,34.465,45.855,"URU.ar-ma-an, 𒌷𒅈𒈠𒀭, URU.ar-man, 𒌷𒅈𒌋𒌋, URU.ḫal-man, 𒌷𒄬𒌋𒌋, KUR.ḫal-ma-an, 𒆳𒄬𒈠𒀭, LÚ.ḫal-man-a-a, 𒇽𒄬𒌋𒌋𒀀𒀀, URU.ḫal-man-a-a, 𒌷𒄬𒌋𒌋𒀀𒀀",city,"Jasubu, Iran",11 A2,"Bagg RGTC 7 2/1: 198–199 (Ḫalman 2), Helsinki Atlas: 9 (map 11 A2), Parpola Toponyms: 30 (Arman), Parpola Toponyms: 143 (Ḫalman), <a href='https://zenodo.org/record/6384045' target='_blank'>Pedersén ANE: (Sar-e Pol-e Zahab)</a>, <a href='https://zenodo.org/record/5217600' target='_blank'>CIGS: Sar-i Pol-i Zohāb</a>, <a href='https://pleiades.stoa.org/places/903043' target='_blank'>Pleiades: [Hulwan]/Valashfarr/Beth Lashpar/Chala/Albania</a>, <a href='https://www.geonames.org/120931/sarpol-e-zahab.html' target='_blank'>Geonames: Sarpol-e Z̄ahāb</a>, <a href='http://oracc.museum.upenn.edu/saao/knpp/peoplegodsplaces/index.html' target='_blank'>Knowledge and Power: Halman</a>, <a href='http://oracc.museum.upenn.edu/riao/cbd/qpn-x-places/onebigfile.html' target='_blank'>RIAo Glossary: Places (Arman)</a>, <a href='http://oracc.museum.upenn.edu/riao/cbd/qpn-x-places/onebigfile.html' target='_blank'>RIAo Glossary: Places (Halman [ALEPPO])</a>, <a href='http://oracc.museum.upenn.edu/saao/cbd/qpn-x-ethnic/onebigfile.html' target='_blank'>SAAo Glossary: Ethnic (Halmanaya [FROM HALMANU])</a>, <a href='http://oracc.museum.upenn.edu/atae/cbd/qpn-x-ethnic/onebigfile.html' target='_blank'>ATAE Glossary: Ethnic (Halmanaya [OF HALMAN 2]</a>, <a href='http://oracc.museum.upenn.edu/riao/cbd/qpn-x-places/onebigfile.html' target='_blank'>RIAo Glossary: Places (Halman)</a>"
2025-11-27-(19-53-14),edited,478,Ilan-ṣura,"Ilan-ṣura, Ilan-ṣur, Ilan-ṣurra, Ilanṣura, Ilansura, Ilanṣurā, Ilanzura, Tell Farfara, Tall Farfara, تل فرفرة, Tall Farfarā, Tall Sharisi (?), Tall Šarīšī (?), تل شرشي",4,36.82263255254318,41.33237455299481,–,"city, country",Syria,–,"<a href='https://zenodo.org/record/6384045' target='_blank'>Pedersén ANE: Ilansura? (Tell Farfara)</a>, <a href='https://books.openedition.org/cdf/4393' target='_blank'>MTT I/1: ILAN-ṢURA (HIGEOMES Nr. 283 or HIGEOMES Nr. 284)</a>, <a href='https://books.openedition.org/cdf/4487' target='_blank'>MTT I/3: Sharisi, Tall (HIGEOMES Nr. 283)</a>, <a href='https://books.openedition.org/cdf/4487' target='_blank'>MTT I/3: Farfara, Tall (HIGEOMES Nr. 284)</a>, <a href='https://publikationen.badw.de/de/rla/index' target='_blank'> RlA 5: 49 (Ilanṣurā/Ilanzura)</a>"
2025-11-27-(19-53-14),edited,638,Magrīsu,"Magrīsu, Magrisu, Magarisu, Magrisi, Magarisi, Makrisu, Makrisā, Magrisa, Magrus, Tell Haṣaka, Tell Hasaka, Tell Abū-Bakr (?), Tell Abu Bakr (?), Tall Abu Bakr (?), أبو بكر (?), Tall Aswād (?), Tell el-Aswad (?), Tall Bēzari (?), Tell Bazari (?), Tall Tnenir (?), Tall Tunainir (?), Tall Tnēnīr (?), Tell Tnenir (?), تينيز (?)",3,36.49933165023837,40.75107557780148,"URU.ma-ag-ri-su, 𒌷𒈠𒀝𒊑𒋢, URU.ma-ga-ri-si, 𒌷𒈠𒂵𒊑𒋛, URU.ma-ga-ri-su, 𒌷𒈠𒂵𒊑𒋢",city,"Ḫābūr area, Syria",3 D4,"Helsinki Atlas: 13 (map 3 D4), Bagg RGTC 7 2/2: 381, <a href='https://zenodo.org/record/6384045' target='_blank'>Pedersén ANE: Magrisu (Tell Hasaka)?</a>, <a href='https://zenodo.org/record/6384045' target='_blank'>Pedersén ANE: (Tell Abu Bakr)</a>, <a href='https://books.openedition.org/cdf/4487' target='_blank'>MTT I/3: Magrisa/Tall Tnenir (HIGEOMES Nr. 137)</a>, <a href='https://zenodo.org/record/6384045' target='_blank'>Pedersén ANE: (Tell Tnenir)</a>, <a href='https://books.openedition.org/cdf/4487' target='_blank'>MTT I/3: Tall Abu Bakr (HIGEOMES Nr. 134)</a>, <a href='https://zenodo.org/record/6384045' target='_blank'>Pedersén ANE: (Tell Abu Bakr)</a>, <a href='https://zenodo.org/record/6384045' target='_blank'>Pedersén ANE: (Tell el-Aswad)</a>, <a href='https://zenodo.org/record/6384045' target='_blank'>Pedersén ANE: (Tell Bazari)</a>, <a href='http://oracc.museum.upenn.edu/riao/cbd/qpn-x-places/onebigfile.html' target='_blank'>RIAo Glossary: Places (Magarisu)</a>, <a href='http://oracc.museum.upenn.edu/atae/cbd/qpn-x-places/onebigfile.html' target='_blank'>ATAE Glossary: Places (Magrisu)</a>, <a href='http://oracc.museum.upenn.edu/saao/cbd/qpn-x-places/onebigfile.html' target='_blank'>SAAo Glossary: Places (Magrisu)</a>, <a href='http://oracc.museum.upenn.edu/riao/cbd/qpn-x-places/onebigfile.html' target='_blank'>RIAo Glossary: Places (Magrisu)</a>"
2025-11-27-(19-53-14),edited,737,Niʾ,"Niʾ, Nēʾ, Nut, njwt, njwt-rsjt, Waset, wꜣst, Thēbai, Thebai, Thebes, Thebe, Θῆβαι, طيبة, Diospolis Magna, Luxor, Karnak, أَلْأُقْصُر",1,25.70837095778625,32.64734464125721,–,city,"Muṣur, Egypt",–,"<a href='https://zenodo.org/record/6384045' target='_blank'>Pedersén ANE: Thebe / Waset / Nut</a>, <a href='https://pleiades.stoa.org/places/786017' target='_blank'>Pleiades: Diospolis Magna/Thebai</a>"
2025-11-27-(19-53-14),edited,1061,Bīt-Kubatti,"Bīt-Kubatti, Bit-Kubatti, Bīt-Kubati, Bit-Kubati, Kird Qariyat Čiarza (?), Tepe Qebristan (?)",–,35.09844,45.54416,"É-ku-bat, 𒂍𒆪𒁁, É-<sup>m</sup>ku-bat-ti, 𒂍𒁹𒆪𒁁𒋾",fortified city,"Māt-kaššî, Iraq",–,"Bagg RGTC 7 3/1: 140, <a href='https://www.geonames.org/7454986/qabristani-bawah.html' target='_blank'>Geonames: Qabristānī Bāwah</a>, <a href='http://oracc.museum.upenn.edu/riao/cbd/qpn-x-places/onebigfile.html' target='_blank'>RIAo Glossary: Places (Bit-Kubatti)</a>, <a href='http://oracc.museum.upenn.edu/rinap/cbd/qpn-x-places/onebigfile.html' target='_blank'>RINAP Glossary: Places (Bit-Kubatti)</a>"
2025-11-27-(19-59-44),edited,1254,Arbu,Arbu,–,–,–,"URU.ar-bu, 𒌷𒅈𒁍",city,"Urarṭu, Armarijalî, Iran, West Azerbaijan",–,"Bagg RGTC 7 3/1: 58, Parpola Toponyms: 27, <a href='http://oracc.museum.upenn.edu/riao/cbd/qpn-x-places/onebigfile.html' target='_blank'>RIAo Glossary: Places (Arbu [1])</a>, <a href='http://oracc.museum.upenn.edu/rinap/cbd/qpn-x-places/onebigfile.html' target='_blank'>RINAP Glossary: Places (Arbu [1])</a>"
2025-11-27-(20-02-41),edited,115,Arīdi,"Arīdi, Aridi, Arīdu, Aridu, Jaridu, Jaridi , Iaridu, Tell ʿArāda, Tall ʿArāda, تل عرادة",2,37.0039136181553,40.4022458838304,"URU.a-ri-di, 𒌷𒀀𒊑𒁲, URU.ia-ri-di, 𒌷𒅀𒊑𒁲",town,"Gūzāna province, Syria",3 D3,"Bagg RGTC 7 2/1: 62, Helsinki Atlas (Arīdu (1); map 3 D3), <a href='https://zenodo.org/record/6384045' target='_blank'>Pedersén ANE: (Tell 'Arade)</a>, <a href='https://pleiades.stoa.org/places/811007392' target='_blank'>Pleiades: Aridi</a>, <a href='https://www.geonames.org/173079/tall-aradah.html' target='_blank'>Geonames: Tall ‘Arādah</a>, <a href='https://www.ucl.ac.uk/sargon/peoplegodsplaces' target='_blank'>Assyrian empire builders: Aridu</a>, <a href='http://oracc.museum.upenn.edu/atae/cbd/qpn-x-places/onebigfile.html' target='_blank'>ATAE Glossary: Places (Aridu)</a>, <a href='http://oracc.museum.upenn.edu/saao/cbd/qpn-x-places/onebigfile.html' target='_blank'>SAAo Glossary: Places (Aridu)</a>, <a href='http://oracc.museum.upenn.edu/riao/cbd/qpn-x-places/onebigfile.html' target='_blank'>RIAo Glossary: Places (Iaridu)</a>"
2025-11-27-(20-14-00),edited,121,Arpadda,"Arpadda, Arpada, Arpad, ʾrpd, 𐡀𐡓𐡐𐡃, ʾArpād, אַרְפָּד, Ḫurpata, Tell Rifʿat, Tall Rifʿat, Tell Rifa'at, تل رفعت",2,36.47262,37.09464,"ar-pad-da, 𒅈𒉻𒁕, KUR.ar-pad-da, 𒆳𒅈𒉻𒁕, KUR.ár-pad-da, 𒆳𒌒𒉻𒁕, KUR.URU.ar-pad-dà, 𒆳𒌷𒅈𒉻𒆕, URU.ar-pa-da, 𒌷𒅈𒉺𒁕, URU.ar-pad-da, 𒌷𒅈𒉻𒁕, URU.ar-pad-du, 𒌷𒅈𒉻𒁺, URU.ár-pa-da, 𒌷𒌒𒉺𒁕, URU.ár-pad-da, 𒌷𒌒𒉻𒁕, ár-pad-da-a-a-te, 𒌒𒉻𒁕𒀀𒀀𒋼, KUR.ar-pa-da-a-a, 𒆳𒅈𒉺𒁕𒀀𒀀, KUR.ár-pad-da-a-a, 𒆳𒌒𒉻𒁕𒀀𒀀, URU.ar-pad-da-a-a, 𒌷𒅈𒉻𒁕𒀀𒀀, URU.ár-pad-da-a-a, 𒌷𒌒𒉻𒁕𒀀𒀀, 𐡀𐡓𐡐𐡃, אַרְפָּד","prov. capital, city","Bīt-Agūsi, Arpadda province, Syria",2 D4,"Helsinki Atlas: 6 (map 2 D4), Bagg RGTC 7 1: 23–25, <a href='https://zenodo.org/record/6384045' target='_blank'>Pedersén ANE: Arpadda (Tell Rifa'at)</a>, <a href='https://pleiades.stoa.org/places/122919705' target='_blank'>Pleiades: Arpadda</a>, <a href='https://www.geonames.org/10304764/tall-rif-at.html' target='_blank'>Geonames: Tall Rif‘at</a>, <a href='http://oracc.museum.upenn.edu/riao/cbd/qpn-x-ethnic/onebigfile.html' target='_blank'>RIAo Glossary: Ethnic</a>, <a href='http://oracc.museum.upenn.edu/atae/cbd/qpn-x-places/onebigfile.html' target='_blank'>ATAE Glossary: Places</a>, <a href='http://oracc.museum.upenn.edu/saao/cbd/qpn-x-places/onebigfile.html' target='_blank'>SAAo Glossary: Places</a>, <a href='http://oracc.museum.upenn.edu/rinap/cbd/qpn-x-places/onebigfile.html' target='_blank'>RINAP Glossary: Places</a>, <a href='http://oracc.museum.upenn.edu/saao/cbd/qpn-x-ethnic/onebigfile.html' target='_blank'>SAAo Glossary: Ethnic</a>, <a href='https://www.ucl.ac.uk/sargon/peoplegodsplaces' target='_blank'>Assyrian empire builders: Arpadda</a>, <a href='http://oracc.museum.upenn.edu/saao/knpp/peoplegodsplaces/index.html' target='_blank'>Knowledge and Power: Arpadda</a>"
2025-11-27-(20-21-14),edited,122,Arqâ,"Arqâ, Irqanat, Irqanatu, Irqanata, Arkata, Irkata, Irqata, ʿrqw, 𐡏𐡓𐡒𐡅‎‎, br ʿrqj, 𐡁𐡓 𐡏𐡓𐡒𐡉, ʿArqî, עַרְקִי, Arka, Arkē, ʿrq, 𐤏𐤓𐤒‎, Arca, Archis, Caesarea ad Libanum, Herakleia en Phoinike, Tallat ‘Arqah, Tallet Aarqa, Tell Arho, Tell ʿArqâ, عرقا",1,34.53049166522992,36.04676509657723,"KUR.ar-qa-a, 𒆳𒅈𒋡𒀀, URU.ar-qa-a, 𒌷𒅈𒋡𒀀, ar-qa-a-a, 𒅈𒋡𒀀𒀀, KUR.ir-qa-na-ta-a-a, 𒆳𒅕𒋡𒈾𒋫𒀀𒀀, ʿrqw, 𐡏𐡓𐡒𐡅‎‎, br ʿrqj, 𐡁𐡓 𐡏𐡓𐡒𐡉, ʿrq, 𐤏𐤓𐤒‎, עַרְקִי",city,"Ḫamāt, Phoenicia, Syria",8 A2,"Helsinki Atlas: 6 (map 8 A2), Bagg RGTC 7 1: 25–26, <a href='https://zenodo.org/record/6384045' target='_blank'>Pedersén ANE: Irqata (Tell 'Arqa)</a>, <a href='https://pleiades.stoa.org/places/668198' target='_blank'>Pleiades: Arca/Herakleia en Phoinike/Caesarea ad Libanum</a>, <a href='https://www.geonames.org/278534/tallet-aarqa.html' target='_blank'>Geonames: Tallet Aarqa</a>, <a href='http://oracc.museum.upenn.edu/riao/cbd/qpn-x-places/onebigfile.html' target='_blank'>RIAo Glossary: Places (Arqa)</a>, <a href='http://oracc.museum.upenn.edu/rinap/cbd/qpn-x-places/onebigfile.html' target='_blank'>RINAP Glossary: Places (Arqa)</a>, <a href='http://oracc.museum.upenn.edu/saao/cbd/qpn-x-ethnic/onebigfile.html' target='_blank'>SAAo Glossary: Ethnic (Arqaya)</a>, <a href='http://oracc.museum.upenn.edu/riao/cbd/qpn-x-ethnic/onebigfile.html' target='_blank'>RIAo Glossary: Ethnic (Irqanatayu)</a>"
2025-11-27-(20-26-20),edited,123,Arqānia,"Arqānia, Arqania, Arkānia, Arkania, Arkanâ, Yaylım Dağı, Ergani mountains, Sakız Dağı",–,38.49845,39.6579,"KUR.ar-ka-a-na-a, 𒆳𒅈𒅗𒀀𒈾𒀀, KUR.ar-qa-ni-a, 𒆳𒅈𒋡𒉌𒀀",mountain,"Mallānu, Turkey",3 C2,"Bagg RGTC 7 2/1: 64, Helsinki Atlas: 6 (map 3 C2), <a href='https://www.geonames.org/10354271/yaylim-dagi.html' target='_blank'>Geonames: Yaylım Dağı</a>, <a href='https://www.geonames.org/305035/maden-daglari.html' target='_blank'>Geonames: Maden Dağları</a>, <a href='https://www.geonames.org/10354295/sakiz-dagi.html' target='_blank'>Geonames: Sakız Dağı</a>, <a href='http://oracc.museum.upenn.edu/riao/cbd/qpn-x-places/onebigfile.html' target='_blank'>RIAo Glossary: Places (Arqania)</a>"
2025-11-27-(20-42-03),edited,124,Arrakdi,"Arrakdi, Arragdi, Arrakdu, Arrakdia, Arikdin, Tukultī-Aššur-aṣbat, Tukulti-Aššur-aṣbat, Bingird, Binkird, بنكرد, بنگرد, Bingirdî Muwan, Bin Gerd-i Muan, بنگردى مووان",4,35.37721539926437,45.71499034146485,"KUR.ár-rak-di-a, 𒆳𒌒𒊩𒁲𒀀, URU.a-ra-ak-di, 𒌷𒀀𒊏𒀝𒁲, URU.a-rak-di, 𒌷𒀀𒊩𒁲, URU.ar-ra-ak-di, 𒌷𒅈𒊏𒀝𒁲, URU.ar-ra-ag-di, 𒌷𒅈𒊏𒀝𒁲, URU.ar-rag-di, 𒌷𒅈𒊩𒁲, URU.GIŠ.tukul-ti-AŠ-aṣ-bat, 𒌷𒄑𒆪𒋾𒀸𒊍𒁁, GIŠ.tukul-ti-aš-šur-aṣ-bat, 𒄑𒆪𒋾𒀸𒋩𒊍𒁁, URU.GIŠ.tukul-ti-aš-šur-aṣ-bat, 𒌷𒄑𒆪𒋾𒀸𒋩𒊍𒁁, URU.GIŠ.tukul-ti-aš-šur-DIB-at, 𒌷𒄑𒆪𒋾𒀸𒋩𒁳𒀜",town,"Māzamua, Iraq",10 E1,"Bagg RGTC 7 3/1: 63–64 (Arrakdi), Bagg RGTC 7 3/2: 569–570 (Tukulti-Aššur-aṣbat), Helsinki Atlas: 6 (Arragdi; map 10 E1), Parpola Toponyms: 31 (Arrakdi), Parpola Toponyms: 359 (Tukultī-Aššūr-aṣbat), Radner (2017): <i>A Neo-Assyrian Legal Document from Tell Sitak</i>: 428, <a href='https://zenodo.org/record/6384045' target='_blank'>Pedersén ANE: (Bin Gerd-i Muan)</a>, <a href='https://www.geonames.org/384618/bingird.html' target='_blank'>Geonames: Bingird</a>, <a href='https://www.geonames.org/417099/bingird.html' target='_blank'>Geonames: Bingird</a>, <a href='https://www.ucl.ac.uk/sargon/peoplegodsplaces' target='_blank'>Assyrian empire builders: Arrakdi</a>, <a href='http://oracc.museum.upenn.edu/atae/cbd/qpn-x-places/onebigfile.html' target='_blank'>ATAE Glossary: Places (Arragdi)</a>, <a href='http://oracc.museum.upenn.edu/saao/cbd/qpn-x-places/onebigfile.html' target='_blank'>SAAo Glossary: Places (Arragdi)</a>, <a href='http://oracc.museum.upenn.edu/atae/cbd/qpn-x-places/onebigfile.html' target='_blank'>ATAE Glossary: Places (Arrakdi)</a>, <a href='http://oracc.museum.upenn.edu/saao/cbd/qpn-x-places/onebigfile.html' target='_blank'>SAAo Glossary: Places (Arrakdi)</a>, <a href='http://oracc.museum.upenn.edu/riao/cbd/qpn-x-places/onebigfile.html' target='_blank'>RIAo Glossary: Places (Arrakdia)</a>, <a href='http://oracc.museum.upenn.edu/riao/cbd/qpn-x-places/onebigfile.html' target='_blank'>RIAo Glossary: Places (Arrakdu [OTHER NAME OF TUKULTI-AššUR-AṣBAT])</a>, <a href='http://oracc.museum.upenn.edu/riao/cbd/qpn-x-places/onebigfile.html' target='_blank'>RIAo Glossary: Places (Tukulti-Aššur-aṣbat)</a>"
2025-11-27-(20-42-03),edited,619,Larbusa,"Larbusa, Larbusu, Tall Sitak, Tell Sitak, Tall Sītak, تل سيتك",–,35.642,45.5028,"URU.la-ar-bu-sa, 𒌷𒆷𒅈𒁍𒊓, URU.la-ar-bu-sa-a-a, 𒌷𒆷𒅈𒁍𒊓𒀀𒀀","city, fortified city","Māzamua, Iraq",–,"Bagg RGTC 7 3/1: 370, Parpola Toponyms: 225, Radner (2017): <i>A Neo-Assyrian Legal Document from Tell Sitak</i>: 428–429, <a href='https://zenodo.org/record/5217600' target='_blank'>CIGS: Tall Sītak</a>, <a href='https://zenodo.org/record/6384045' target='_blank'>Pedersén ANE: (Tell Sitak)</a>, <a href='http://oracc.museum.upenn.edu/riao/cbd/qpn-x-ethnic/onebigfile.html' target='_blank'>RIAo Glossary: Ethnic (Larbusayu)</a>, <a href='http://oracc.museum.upenn.edu/riao/cbd/qpn-x-places/onebigfile.html' target='_blank'>RIAo Glossary: Places (Larbusa)</a>"
2025-11-27-(20-50-40),edited,128,Artulu,"Artulu, Kululu Kalesi, Kululu, Kayserı, Aksaray",3,38.9696782,36.1335874,"URU.ar-tu-lu, 𒌷𒅈𒌅𒇻",city,"Tabāl, Turkey","2 B2, 1 D2","Bagg RGTC 7 1: 26, Helsinki Atlas: 6 (Artulu and Artulu (alt. loc.); map 2 B2 and 1 D2), <a href='https://pleiades.stoa.org/places/543726022' target='_blank'>Pleiades: Kululu Kalesi</a>, <a href='https://www.geonames.org/305739/kululu.html' target='_blank'>Geonames: Kululu</a>, <a href='https://pleiades.stoa.org/places/619164' target='_blank'>Pleiades: Aksaray</a>, <a href='https://pleiades.stoa.org/places/629035' target='_blank'>Pleiades: Kayserı</a>, <a href='http://oracc.museum.upenn.edu/riao/cbd/qpn-x-places/onebigfile.html' target='_blank'>RIAo Glossary: Places (Artulu)</a>"
2025-11-27-(20-55-11),edited,129,Arūmâ,"Arūmâ, Arumâ, Rûmâ, Rumah, רוּמָה, Ḫirbat ar-Rūma, Khirbet Rumah, Horvat Ruma, Ḥirbe Ruma, חרבת רומה",1,32.78854,35.29285,"URU.a-ru-ma-a, 𒌷𒀀𒊒𒈠𒀀, רוּמָה",town,"Bīt-Ḫumrî, Galilee, Israel",8 A4,"Bagg RGTC 7 1: 27, Helsinki Atlas: 6 (map 8 A4), <a href='https://www.geonames.org/386193/horbat-ruma.html' target='_blank'>Geonames: H̱orbat Ruma</a>, <a href='https://pleiades.stoa.org/places/626129075' target='_blank'>Pleiades: Arumâ</a>, <a href='http://oracc.museum.upenn.edu/riao/cbd/qpn-x-places/onebigfile.html' target='_blank'>RIAo Glossary: Places (Aruma)</a>, <a href='http://oracc.museum.upenn.edu/rinap/cbd/qpn-x-places/onebigfile.html' target='_blank'>RINAP Glossary: Places (Aruma)</a>"
2025-12-02-(16-25-12),edited,125,Arrapḫa,"Arrapḫa, Arrapha, Arrapḫum, Arrapḫe, Arrapḫi, Arrapachitis, Karkha de Beth Seluk, Karkūk, Kirkuk, كركوك, ʿArafah, عرفة",1,35.46963498392900,44.39572259774410,"ár-rap-ḫa, 𒌒𒊐𒄩, arrap-ḫa, 𒋰𒋰𒄩, arrap-ḫa.KI, 𒋰𒋰𒄩𒆠, KUR.arrap-ḫa, 𒆳𒋰𒋰𒄩, URU.ár-arrap-ḫa, 𒌷𒌒𒋰𒋰𒄩, URU.a-rap-ḫa, 𒌷𒀀𒊐𒄩, URU.ar-rap-ḫa, 𒌷𒅈𒊐𒄩, URU.ar-rap-ḫi, 𒌷𒅈𒊐𒄭, URU.ár-rap-ḫa, 𒌷𒌒𒊐𒄩, URU.ár-rap-ḫe, 𒌷𒌒𒊐𒄭, URU.arrap-ḫa, 𒌷𒋰𒋰𒄩, URU.arrap-ra-ap-ḫa, 𒌷𒋰𒋰𒊏𒀊𒄩, ar-rap-ḫa-ia, 𒅈𒊐𒄩𒅀, URU.ar-rap-ḫa-a-a, 𒌷𒅈𒊐𒄩𒀀𒀀, URU.arrap-ḫa-a-a, 𒌷𒋰𒋰𒄩𒀀𒀀",city,"Assyria, Arrapḫa province, Iraq",10 D1,"Helsinki Atlas: 6 (map 10 D1), Bagg RGTC 7 2/1: 64–68, <a href='https://zenodo.org/record/6384045' target='_blank'>Pedersén ANE: Arrapha (Kirkuk)</a>, <a href='https://pleiades.stoa.org/places/893941' target='_blank'>Pleiades: Arrapha/Karkha de Beth Seluk</a>, <a href='https://www.geonames.org/98715/mahallat-urfah.html' target='_blank'>Geonames: Maḩallat ‘Urfah (Arrapha/Arripha)</a>, <a href='http://oracc.museum.upenn.edu/saao/knpp/peoplegodsplaces/index.html' target='_blank'>Knowledge and Power: Arrapha</a>, <a href='https://www.ucl.ac.uk/sargon/peoplegodsplaces' target='_blank'>Assyrian empire builders: Arrapha</a>, <a href='http://oracc.museum.upenn.edu/atae/cbd/qpn-x-places/onebigfile.html' target='_blank'>ATAE Glossary: Places</a>, <a href='http://oracc.museum.upenn.edu/saao/cbd/qpn-x-places/onebigfile.html' target='_blank'>SAAo Glossary: Places</a>, <a href='http://oracc.museum.upenn.edu/riao/cbd/qpn-x-places/onebigfile.html' target='_blank'>RIAo Glossary: Places</a>, <a href='http://oracc.museum.upenn.edu/rinap/cbd/qpn-x-places/onebigfile.html' target='_blank'>RINAP Glossary: Places</a>, <a href='http://oracc.museum.upenn.edu/saao/cbd/qpn-x-ethnic/onebigfile.html' target='_blank'>SAAo Glossary: Ethnic</a>, <a href='http://oracc.museum.upenn.edu/rinap/cbd/qpn-x-ethnic/onebigfile.html' target='_blank'>RINAP Glossary: Ethnic</a>"
2025-12-02-(16-38-16),edited,1199,Arura,Arura,–,–,–,"URU.a-ru-ra, 𒌷𒀀𒊒𒊏",town,"Nimme, Iraq",–,"Bagg RGTC 7 3/1: 69–70, Parpola Toponyms: 37, <a href='http://oracc.museum.upenn.edu/riao/cbd/qpn-x-places/onebigfile.html' target='_blank'>RIAo Glossary: Places (Arura)</a>"
2025-12-02-(16-38-16),edited,130,Arwāda,"Arwāda, Arwada, Arwād, Arwad, Arvad, Armāda, Armada, ʾArwād, אַרְוַד, ʾrwd, ʾrwdj, Arados, Aradus, ar-Ruwād, أرواد",1,34.85621320445058,35.85873404621756,"KUR.a-ru-a-di, 𒆳𒀀𒊒𒀀𒁲, KUR.a-ru-ad-da, 𒆳𒀀𒊒𒀜𒁕, KUR.a-ru-ú-ad-da, 𒆳𒀀𒊒𒌑𒀜𒁕, KUR.a-ru-ú-da, 𒆳𒀀𒊒𒌑𒁕, KUR.a-ru-ud-da, 𒆳𒀀𒊒𒌓𒁕, KUR.ar-u-a-da, 𒆳𒅈𒌋𒀀𒁕, KUR.ar-ú-a-da, 𒆳𒅈𒌑𒀀𒁕, KUR.ar-ú-ad-da, 𒆳𒅈𒌑𒀜𒁕, KUR.ar-ú-da, 𒆳𒅈𒌑𒁕, LÚ-KUR.ar-ú-ad-da, 𒇽𒆳𒅈𒌑𒀜𒁕, URU.a-ru-ad-da, 𒌷𒀀𒊒𒀜𒁕, URU.a-ru-a-di, 𒌷𒀀𒊒𒀀𒁲, URU.ar-ma-da, 𒌷𒅈𒈠𒁕, URU.ar-ma-di, 𒌷𒅈𒈠𒁲, URU.ar-u-a-da, 𒌷𒅈𒌋𒀀𒁕, URU.ar-ú-a-da, 𒌷𒅈𒌑𒀀𒁕, KUR.ar-ma-da-a-ia, 𒆳𒅈𒈠𒁕𒀀𒅀, URU.a-ru-da-a-a, 𒌷𒀀𒊒𒁕𒀀𒀀, URU.ar-ma-da-a-a, 𒌷𒅈𒈠𒁕𒀀𒀀, אַרְוַד, ʾrwd, 𐤀𐤓𐤅𐤃, ʾrwdj, 𐤀𐤓𐤅𐤃𐤉","city, island","Phoenicia, Syria",8 A2,"Helsinki Atlas: 6 (map 8 A2), Bagg RGTC 7 1: 27–29, <a href='https://zenodo.org/record/6384045' target='_blank'>Pedersén ANE: Arwad</a>, <a href='https://pleiades.stoa.org/places/668197' target='_blank'>Pleiades: Arados</a>, <a href='http://oracc.museum.upenn.edu/saao/knpp/peoplegodsplaces/index.html' target='_blank'>Knowledge and Power: Arwad</a>, <a href='https://www.ucl.ac.uk/sargon/peoplegodsplaces' target='_blank'>Assyrian empire builders: Arwad</a>, <a href='http://oracc.museum.upenn.edu/atae/cbd/qpn-x-places/onebigfile.html' target='_blank'>ATAE Glossary: Places</a>, <a href='http://oracc.museum.upenn.edu/saao/cbd/qpn-x-places/onebigfile.html' target='_blank'>SAAo Glossary: Places</a>, <a href='http://oracc.museum.upenn.edu/riao/cbd/qpn-x-places/onebigfile.html' target='_blank'>RIAo Glossary: Places</a>, <a href='http://oracc.museum.upenn.edu/rinap/cbd/qpn-x-places/onebigfile.html' target='_blank'>RINAP Glossary: Places</a>, <a href='http://oracc.museum.upenn.edu/riao/cbd/qpn-x-ethnic/onebigfile.html' target='_blank'>RIAo Glossary: Ethnic</a>, <a href='http://oracc.museum.upenn.edu/rinap/cbd/qpn-x-ethnic/onebigfile.html' target='_blank'>RINAP Glossary: Ethnic</a>"
2025-12-02-(16-41-25),edited,130,Arwāda,"Arwāda, Arwada, Arwād, Arwad, Arvad, Armāda, Armada, ʾrwd, ʾrwdj, Arados, Aradus, ʾArwād, אַרְוַד, أرواد, ar-Ruwād",1,34.85621320445058,35.85873404621756,"KUR.a-ru-a-di, 𒆳𒀀𒊒𒀀𒁲, KUR.a-ru-ad-da, 𒆳𒀀𒊒𒀜𒁕, KUR.a-ru-ú-ad-da, 𒆳𒀀𒊒𒌑𒀜𒁕, KUR.a-ru-ú-da, 𒆳𒀀𒊒𒌑𒁕, KUR.a-ru-ud-da, 𒆳𒀀𒊒𒌓𒁕, KUR.ar-u-a-da, 𒆳𒅈𒌋𒀀𒁕, KUR.ar-ú-a-da, 𒆳𒅈𒌑𒀀𒁕, KUR.ar-ú-ad-da, 𒆳𒅈𒌑𒀜𒁕, KUR.ar-ú-da, 𒆳𒅈𒌑𒁕, LÚ-KUR.ar-ú-ad-da, 𒇽𒆳𒅈𒌑𒀜𒁕, URU.a-ru-ad-da, 𒌷𒀀𒊒𒀜𒁕, URU.a-ru-a-di, 𒌷𒀀𒊒𒀀𒁲, URU.ar-ma-da, 𒌷𒅈𒈠𒁕, URU.ar-ma-di, 𒌷𒅈𒈠𒁲, URU.ar-u-a-da, 𒌷𒅈𒌋𒀀𒁕, URU.ar-ú-a-da, 𒌷𒅈𒌑𒀀𒁕, KUR.ar-ma-da-a-ia, 𒆳𒅈𒈠𒁕𒀀𒅀, URU.a-ru-da-a-a, 𒌷𒀀𒊒𒁕𒀀𒀀, URU.ar-ma-da-a-a, 𒌷𒅈𒈠𒁕𒀀𒀀, אַרְוַד, ʾrwd, 𐤀𐤓𐤅𐤃, ʾrwdj, 𐤀𐤓𐤅𐤃𐤉","city, island","Phoenicia, Syria",8 A2,"Helsinki Atlas: 6 (map 8 A2), Bagg RGTC 7 1: 27–29, <a href='https://zenodo.org/record/6384045' target='_blank'>Pedersén ANE: Arwad</a>, <a href='https://pleiades.stoa.org/places/668197' target='_blank'>Pleiades: Arados</a>, <a href='http://oracc.museum.upenn.edu/saao/knpp/peoplegodsplaces/index.html' target='_blank'>Knowledge and Power: Arwad</a>, <a href='https://www.ucl.ac.uk/sargon/peoplegodsplaces' target='_blank'>Assyrian empire builders: Arwad</a>, <a href='http://oracc.museum.upenn.edu/atae/cbd/qpn-x-places/onebigfile.html' target='_blank'>ATAE Glossary: Places</a>, <a href='http://oracc.museum.upenn.edu/saao/cbd/qpn-x-places/onebigfile.html' target='_blank'>SAAo Glossary: Places</a>, <a href='http://oracc.museum.upenn.edu/riao/cbd/qpn-x-places/onebigfile.html' target='_blank'>RIAo Glossary: Places</a>, <a href='http://oracc.museum.upenn.edu/rinap/cbd/qpn-x-places/onebigfile.html' target='_blank'>RINAP Glossary: Places</a>, <a href='http://oracc.museum.upenn.edu/riao/cbd/qpn-x-ethnic/onebigfile.html' target='_blank'>RIAo Glossary: Ethnic</a>, <a href='http://oracc.museum.upenn.edu/rinap/cbd/qpn-x-ethnic/onebigfile.html' target='_blank'>RINAP Glossary: Ethnic</a>"
2025-12-02-(16-48-51),edited,131,Arzâ,"Arzâ, Arzāja, Yurza, Tēl Gamma, תל גמה, Tell Ğāmā, Tell Jemmeh, تل جمه, Tēl Haror, תל הרור, Tall Abū Ḥurēra, Tēl Hesi, תל חסי, al-ʿArīš (?), العريش",1,31.38715529940119,34.44511656136345,"KUR.ar-za-a, 𒆳𒅈𒍝𒀀, URU.ar-za-a, 𒌷𒅈𒍝𒀀, URU.ar-za-a-a, 𒌷𒅈𒍝𒀀𒀀",town,"Levant, Pilistu, Israel",7 C5,"Helsinki Atlas: 6 (map 7 C5), Bagg RGTC 7 1: 29–30, <a href='https://zenodo.org/record/6384045' target='_blank'>Pedersén ANE: (Tell Jemmeh)</a>, <a href='https://zenodo.org/record/5217600' target='_blank'>CIGS: Tel Gamma</a>, <a href='https://pleiades.stoa.org/places/309101265' target='_blank'>Pleiades: Arzâ (T. Ǧāmā)</a>, <a href='https://www.ucl.ac.uk/sargon/peoplegodsplaces' target='_blank'>Assyrian empire builders: Arza</a>, <a href='http://oracc.museum.upenn.edu/riao/cbd/qpn-x-places/onebigfile.html' target='_blank'>RIAo Glossary: Places (Arza)</a>, <a href='http://oracc.museum.upenn.edu/rinap/cbd/qpn-x-places/onebigfile.html' target='_blank'>RINAP Glossary: Places (Arza)</a>, <a href='http://oracc.museum.upenn.edu/saao/cbd/qpn-x-ethnic/onebigfile.html' target='_blank'>SAAo Glossary: Ethnic (Arzaya)</a>"
2025-12-02-(16-55-35),edited,132,Arzūḫina,"Arzūḫina, Arzuḫina, Aḫi-Zūḫina, Urzūḫina, Azuḫīnum, Azuḫinni, Narzuḫini, Uzuḫinnum, ʾrzḥn, 𐡀𐡓𐡆𐡇𐡍, Gök Tepe, Gök Teppe, گوگ تپه, Lēlān, ليلان, Tall Qara Khogh",3,35.84851047552954,44.83289902143346,"ar-zu-ḫi-na, 𒅈𒍪𒄭𒈾, ár-zu-ḫi-na, 𒌒𒍪𒄭𒈾, ur-zu-ḫi-na, 𒌨𒍪𒄭𒈾, KUR.ur-zu-ḫi-na, 𒆳𒌨𒍪𒄭𒈾, URU.a-ḫi-ÍD.zu-ḫi-na, 𒌷𒀀𒄭𒀀𒇉𒍪𒄭𒈾, URU.ar-zu-ḫi-na, 𒌷𒅈𒍪𒄭𒈾, URU.ar-zu-ḫi-nu, 𒌷𒅈𒍪𒄭𒉡, URU.ár-zu-ḫi-na, 𒌷𒌒𒍪𒄭𒈾, URU.ur-zu-ḫi-nu, 𒌷𒌨𒍪𒄭𒉡, URU.ar-zu-ḫi-na-a-a, 𒌷𒅈𒍪𒄭𒈾𒀀𒀀, URU.ur-zu-ḫi-na-a-a, 𒌷𒌨𒍪𒄭𒈾𒀀𒀀, URU.ur-zu-ḫi-na, 𒌷𒌨𒍪𒄭𒈾, URU.ár-zu-ḫi-na-a-a, 𒌷𒌒𒍪𒄭𒈾𒀀𒀀, KUR.ur-zu-ḫi-na-a-a, 𒆳𒌨𒍪𒄭𒈾𒀀𒀀, 𐡀𐡓𐡆𐡇𐡍","prov. capital, city","Assyria, Arzūḫina province, Iraq",10 D1,"Helsinki Atlas: 6; 24 (map 10 D1), Bagg RGTC 7 2/1: 72–74 (Arzuḫina), <a href='https://zenodo.org/record/6384045' target='_blank'>Pedersén ANE: (Gök Teppe)</a>, <a href='https://pleiades.stoa.org/places/893943' target='_blank'>Pleiades: Arzuhin?</a>, <a href='https://pleiades.stoa.org/places/893944' target='_blank'>Pleiades: Arzuhin?</a>, <a href='http://oracc.museum.upenn.edu/saao/knpp/peoplegodsplaces/index.html' target='_blank'>Knowledge and Power: Arzuhina</a>, <a href='https://www.ucl.ac.uk/sargon/peoplegodsplaces' target='_blank'>Assyrian empire builders: Arzuhina</a>, <a href='https://www.ucl.ac.uk/sargon/peoplegodsplaces' target='_blank'>Assyrian empire builders: Arzuhina, Urzuhina</a>, <a href='http://oracc.museum.upenn.edu/atae/cbd/qpn-x-places/onebigfile.html' target='_blank'>ATAE Glossary: Places (Arzuhina)</a>, <a href='http://oracc.museum.upenn.edu/saao/cbd/qpn-x-places/onebigfile.html' target='_blank'>SAAo Glossary: Places (Arzuhina)</a>, <a href='http://oracc.museum.upenn.edu/saao/cbd/qpn-x-ethnic/onebigfile.html' target='_blank'>SAAo Glossary: Ethnic (Arzuhinaya)</a>"
2025-12-02-(17-01-11),edited,135,Asdūdu,"Asdūdu, Sadūdu, Sidūdu, Asdudu, Ašdod, ʾAḏdādu, Ašdôd, ʾAšdôd, אַשְׁדּוֹד, Azōtos, Ἀζωτός, Azotos Mesogeios, Ἄζωτος μεσόγειος, ʾšdd, 𐤀𐤔𐤃𐤃, 'Esdūd, ʾAšdūd, أَشْدُود‎, Tel Ashdod, Tēl Ašdod, Ashdod",1,31.75603844458567,34.65606080488523,"as-du-du, 𒊍𒁺𒁺, KUR.as-du-di, 𒆳𒊍𒁺𒁲, URU.as-du-di, 𒌷𒊍𒁺𒁲, URU.as-du-du, 𒌷𒊍𒁺𒁺, URU.as-du-ú-di, 𒌷𒊍𒁺𒌑𒁲, KUR.as-du-da-a-a, 𒆳𒊍𒁺𒁕𒀀𒀀, KUR.sa-du-da-a-a, 𒆳𒊓𒁺𒁕𒀀𒀀, KUR.si-du-da-a-a, 𒆳𒋛𒁺𒁕𒀀𒀀, URU.as-du-da-a-a, 𒌷𒊍𒁺𒁕𒀀𒀀, 𐤀𐤔𐤃𐤃, אַשְׁדּוֹד","prov. capital, city","Pilistu, Israel",7 C5,"Helsinki Atlas: 6 (map 7 C5), Bagg RGTC 7 1: 30–32, <a href='https://zenodo.org/record/6384045' target='_blank'>Pedersén ANE: Ashdod/Asdudu (Tel Ashdod)</a>, <a href='https://zenodo.org/record/5217600' target='_blank'>CIGS: Asdûdu/Ashdod</a>, <a href='https://pleiades.stoa.org/places/687838' target='_blank'>Pleiades: Ashdod/Azotos (Mesogeios)</a>, <a href='https://www.ucl.ac.uk/sargon/peoplegodsplaces' target='_blank'>Assyrian empire builders: Ashdod</a>, <a href='http://oracc.museum.upenn.edu/saao/cbd/qpn-x-ethnic/onebigfile.html' target='_blank'>SAAo Glossary: Ethnic</a>, <a href='http://oracc.museum.upenn.edu/riao/cbd/qpn-x-ethnic/onebigfile.html' target='_blank'>RIAo Glossary: Ethnic</a>, <a href='http://oracc.museum.upenn.edu/rinap/cbd/qpn-x-ethnic/onebigfile.html' target='_blank'>RINAP Glossary: Ethnic</a>, <a href='http://oracc.museum.upenn.edu/atae/cbd/qpn-x-places/onebigfile.html' target='_blank'>ATAE Glossary: Places</a>, <a href='http://oracc.museum.upenn.edu/saao/cbd/qpn-x-places/onebigfile.html' target='_blank'>SAAo Glossary: Places</a>, <a href='http://oracc.museum.upenn.edu/riao/cbd/qpn-x-places/onebigfile.html' target='_blank'>RIAo Glossary: Places</a>, <a href='http://oracc.museum.upenn.edu/rinap/cbd/qpn-x-places/onebigfile.html' target='_blank'>RINAP Glossary: Places</a>"
2025-12-02-(17-07-28),edited,137,Astārtu,"Astārtu, Astartu, ʿAštartu, ʿAṯtartu, Ashtarot, Aštārôt, ʿštrt, 𐤏𐤔𐤕𐤓𐤕‎, עַשְׁתְּרֹת, עַשְׁתְּרֹת קַרְנַיִם, Tell Aštara, Tell Ashtara, Tall Aštara, تل الشتارا",1,32.80427790518164,36.01553680544811,"URU.as-tar-tu, 𒌷𒊍𒋻𒌅, 𐤏𐤔𐤕𐤓𐤕‎, עַשְׁתְּרֹת, עַשְׁתְּרֹת קַרְנַיִם",city,"Dimašqa, Syria",8 B4,"Helsinki Atlas: 6 (map 8 B4), Bagg RGTC 7 1: 32, <a href='https://zenodo.org/record/6384045' target='_blank'>Pedersén ANE: Astartu / Ashtarot (Tell Ashtara)</a>, <a href='https://pleiades.stoa.org/places/678227' target='_blank'>Pleiades: Karnaia/Astaroth?</a>, <a href='https://www.geonames.org/5093/tall-ash-shatara.html' target='_blank'>Geonames: Tall ash Shatārā</a>, <a href='http://oracc.museum.upenn.edu/rinap/cbd/qpn-x-places/onebigfile.html' target='_blank'>RINAP Glossary: Places</a>"
2025-12-02-(17-11-28),edited,138,Aṣūṣi,"Aṣūṣi, Aṣuṣi, Aṣūṣu, Aṣuṣu, Ṣūṣi, Ṣuṣi",–,–,–,"URU.a-ṣu-ṣi, 𒌷𒀀𒍮𒍢, URU.ṣu-ṣi, 𒌷𒍮𒍢",town,"Northern Babylonia (?), Iraq",–,"Bagg RGTC 7 2/1: 74, Parpola Toponyms: 41, <a href='http://oracc.museum.upenn.edu/riao/cbd/qpn-x-places/onebigfile.html' target='_blank'>RIAo Glossary: Places (Aṣuṣu)</a>"
2025-12-02-(17-43-56),edited,146,Atinni,"Atinnu, Atinni, Atanni, Adennu, Addanôn, Adanôn, Adana, ad-Dānā, الدانا, Kəfar Atin (?), Ḫānedān (?)",–,35.6997,36.68736,"URU.a-ti-in-ni, 𒌷𒀀𒋾𒅔𒉌, URU.a-de-en-nu, 𒌷𒀀𒁲𒂗𒉡","city, royal city","Ḫamāt, Syria",–,"Bagg RGTC 7 1: 35 (Atinnu), Parpola Toponyms: 3 (Adennu), Parpola Toponyms: 55, Helsinki Atlas: 8 (Dāna?; map 2 C4), <a href='https://www.geonames.org/174260/ad-dana.html' target='_blank'>Geonames: Ad Dānā</a>, <a href='https://pleiades.stoa.org/places/668179' target='_blank'>Pleiades: *Adana</a>, <a href='http://oracc.museum.upenn.edu/riao/cbd/qpn-x-places/onebigfile.html' target='_blank'>RIAo Glossary: Places (Adennu)</a>, <a href='http://oracc.museum.upenn.edu/riao/cbd/qpn-x-places/onebigfile.html' target='_blank'>RIAo Glossary: Places (Atinnu)</a>, <a href='http://oracc.museum.upenn.edu/rinap/cbd/qpn-x-places/onebigfile.html' target='_blank'>RINAP Glossary: Places (Atinnu)</a>"
2025-12-02-(17-58-06),edited,145,Atalur,"Atalur, Lallar, Kurt Dağ, Kurt Dağı, Jabal al Kurd, جبل الكرد, Jabal Kurī, جبل كري, Kartal Dağı",2,36.68627,36.63681,"KUR.a-ta-lu-ur, 𒆳𒀀𒋫𒇻𒌨, KUR.lal-la-ar, 𒆳𒇲𒆷𒅈",mountain,"Syria, Turkey (?)",2 C4,"Bagg RGTC 7 1: 34 (Atalur), Bagg RGTC 7 1: 154–155 (Lallar), Bagg RGTC 7 1: 328 (Kartal Dağı), Helsinki Atlas: 7 (map 2 C4), <a href='https://www.geonames.org/305518/kurt-dagi.html' target='_blank'>Geonames: Kurt Dağı</a>, <a href='http://oracc.museum.upenn.edu/riao/cbd/qpn-x-places/onebigfile.html' target='_blank'>RIAo Glossary: Places (Atalur [= MOUNT LALLAR])</a>, <a href='http://oracc.museum.upenn.edu/riao/cbd/qpn-x-places/onebigfile.html' target='_blank'>RIAo Glossary: Places (Lallar)</a>"
2025-12-03-(16-32-26),edited,147,Atunna,"Atunna, Atuna, Tuna, Atūnu, Tūnu, Dunna, Tynna, Tyanitis, Porsuk, Bohça, Adana",1,37.51473462927993,34.58111267563014,"KUR.a-tu-un-a-a, 𒆳𒀀𒌅𒌦𒀀𒀀, KUR.a-tú-un-a-a, 𒆳𒀀𒌓𒌦𒀀𒀀, KUR.a-tu-na-a-a, 𒆳𒀀𒌅𒈾𒀀𒀀, KUR.tu-na-a-a, 𒆳𒌅𒈾𒀀𒀀, KUR.tu-un-na-a-a, 𒆳𒌅𒌦𒈾𒀀𒀀, KUR.a-tú-na-a-a, 𒆳𒀀𒌓𒈾𒀀𒀀, KUR.at-tu-na-a-a, 𒆳𒀜𒌅𒈾𒀀𒀀, URU.a-tú-na-a-a, 𒌷𒀀𒌓𒈾𒀀𒀀, URU.tu-na-a-a, 𒌷𒌅𒈾𒀀𒀀","city, country","Tabāl, Turkey",1 D3,"Helsinki Atlas: 7 (map 1 D3), Bagg RGTC 7 1: 35–36, <a href='https://zenodo.org/record/6384045' target='_blank'>Pedersén ANE: (Zeyve Höyük / Porsuk-Ulukışla)</a>, <a href='https://pleiades.stoa.org/places/648802' target='_blank'>Pleiades: Tynna/Dana?</a>, <a href='https://pleiades.stoa.org/places/195325997' target='_blank'>Pleiades: *Atuna (kingdom)</a>, <a href='https://pleiades.stoa.org/places/195325998' target='_blank'>Pleiades: *Atuna</a>, <a href='https://www.ucl.ac.uk/sargon/peoplegodsplaces' target='_blank'>Assyrian empire builders: Atunna</a>, <a href='http://oracc.museum.upenn.edu/riao/cbd/qpn-x-ethnic/onebigfile.html' target='_blank'>RIAo Glossary: Ethnic (Atunayu [OF ATUNA])</a>, <a href='http://oracc.museum.upenn.edu/rinap/cbd/qpn-x-ethnic/onebigfile.html' target='_blank'>RINAP Glossary: Ethnic (Atunayu [OF ATUNA])</a>, <a href='http://oracc.museum.upenn.edu/saao/cbd/qpn-x-ethnic/onebigfile.html' target='_blank'>SAAo Glossary: Ethnic (Atunnaya)</a>, <a href='http://oracc.museum.upenn.edu/riao/cbd/qpn-x-ethnic/onebigfile.html' target='_blank'>RIAo Glossary: Ethnic (Aunayu [OF ATUNA])</a>, <a href='http://oracc.museum.upenn.edu/rinap/cbd/qpn-x-ethnic/onebigfile.html' target='_blank'>RINAP Glossary: Ethnic (Aunayu [OF ATUNA])</a>, <a href='http://oracc.museum.upenn.edu/saao/cbd/qpn-x-ethnic/onebigfile.html' target='_blank'>SAAo Glossary: Ethnic (Tunaya)</a>"
2025-12-03-(17-56-27),edited,128,Artulu,"Artulu, Kululu Kalesi, Kululu, Kayserı, Aksaray",3,38.9696782,36.1335874,"URU.ar-tu-lu, 𒌷𒅈𒌅𒇻",city,"Tabālu, Turkey","2 B2, 1 D2","Bagg RGTC 7 1: 26, Helsinki Atlas: 6 (Artulu and Artulu (alt. loc.); map 2 B2 and 1 D2), <a href='https://pleiades.stoa.org/places/543726022' target='_blank'>Pleiades: Kululu Kalesi</a>, <a href='https://www.geonames.org/305739/kululu.html' target='_blank'>Geonames: Kululu</a>, <a href='https://pleiades.stoa.org/places/619164' target='_blank'>Pleiades: Aksaray</a>, <a href='https://pleiades.stoa.org/places/629035' target='_blank'>Pleiades: Kayserı</a>, <a href='http://oracc.museum.upenn.edu/riao/cbd/qpn-x-places/onebigfile.html' target='_blank'>RIAo Glossary: Places (Artulu)</a>"
2025-12-03-(17-56-27),edited,147,Atunna,"Atunna, Atuna, Tuna, Atūnu, Tūnu, Dunna, Tynna, Tyanitis, Porsuk, Bohça, Adana",1,37.51473462927993,34.58111267563014,"KUR.a-tu-un-a-a, 𒆳𒀀𒌅𒌦𒀀𒀀, KUR.a-tú-un-a-a, 𒆳𒀀𒌓𒌦𒀀𒀀, KUR.a-tu-na-a-a, 𒆳𒀀𒌅𒈾𒀀𒀀, KUR.tu-na-a-a, 𒆳𒌅𒈾𒀀𒀀, KUR.tu-un-na-a-a, 𒆳𒌅𒌦𒈾𒀀𒀀, KUR.a-tú-na-a-a, 𒆳𒀀𒌓𒈾𒀀𒀀, KUR.at-tu-na-a-a, 𒆳𒀜𒌅𒈾𒀀𒀀, URU.a-tú-na-a-a, 𒌷𒀀𒌓𒈾𒀀𒀀, URU.tu-na-a-a, 𒌷𒌅𒈾𒀀𒀀","city, country","Tabālu, Turkey",1 D3,"Helsinki Atlas: 7 (map 1 D3), Bagg RGTC 7 1: 35–36, <a href='https://zenodo.org/record/6384045' target='_blank'>Pedersén ANE: (Zeyve Höyük / Porsuk-Ulukışla)</a>, <a href='https://pleiades.stoa.org/places/648802' target='_blank'>Pleiades: Tynna/Dana?</a>, <a href='https://pleiades.stoa.org/places/195325997' target='_blank'>Pleiades: *Atuna (kingdom)</a>, <a href='https://pleiades.stoa.org/places/195325998' target='_blank'>Pleiades: *Atuna</a>, <a href='https://www.ucl.ac.uk/sargon/peoplegodsplaces' target='_blank'>Assyrian empire builders: Atunna</a>, <a href='http://oracc.museum.upenn.edu/riao/cbd/qpn-x-ethnic/onebigfile.html' target='_blank'>RIAo Glossary: Ethnic (Atunayu [OF ATUNA])</a>, <a href='http://oracc.museum.upenn.edu/rinap/cbd/qpn-x-ethnic/onebigfile.html' target='_blank'>RINAP Glossary: Ethnic (Atunayu [OF ATUNA])</a>, <a href='http://oracc.museum.upenn.edu/saao/cbd/qpn-x-ethnic/onebigfile.html' target='_blank'>SAAo Glossary: Ethnic (Atunnaya)</a>, <a href='http://oracc.museum.upenn.edu/riao/cbd/qpn-x-ethnic/onebigfile.html' target='_blank'>RIAo Glossary: Ethnic (Aunayu [OF ATUNA])</a>, <a href='http://oracc.museum.upenn.edu/rinap/cbd/qpn-x-ethnic/onebigfile.html' target='_blank'>RINAP Glossary: Ethnic (Aunayu [OF ATUNA])</a>, <a href='http://oracc.museum.upenn.edu/saao/cbd/qpn-x-ethnic/onebigfile.html' target='_blank'>SAAo Glossary: Ethnic (Tunaya)</a>"
2025-12-03-(17-56-27),edited,685,Mulî,"Mulî, Muli, Mulû, Muti (?), Bolkar Dağları, Bolgar Dağlari, Bozoğlan, Bulgar Dağlari",2,37.248,34.3643,"KUR.mu-li-i, 𒆳𒈬𒇷𒄿",mountain,"Tabālu, Turkey",1 D3,"Bagg RGTC 7 1: 176, Helsinki Atlas: 13 (map 1 D3), Parpola Toponyms: 248–249, <a href='https://www.geonames.org/320904/bolkar-daglari.html' target='_blank'>Geonames: Bolkar Dağları</a>, <a href='https://www.geonames.org/10631915/bolkar-daglari.html' target='_blank'>Geonames: Bolkar Dağları</a>, <a href='https://pleiades.stoa.org/places/890432544' target='_blank'>Pleiades: Bolkar Dağları</a>, <a href='http://oracc.museum.upenn.edu/riao/cbd/qpn-x-places/onebigfile.html' target='_blank'>RIAo Glossary: Places (Muli [Mount Muli])</a>"
2025-12-03-(17-56-27),edited,992,Tunna,"Tunna, Tunni, Tunnu, Tuna, Dunna, Ala Dağları, Ala Daglari, Ala Dağlar, Ala Daglar, Ala Dağ, Ala Dag, Aladaǧ, Aladag, Aladağlar, Aladaglar, Aladaghlar, Bolkar Dağları (?), Bolgar Dağlari (?), Bozoğlan (?), Bulgar Dağlari (?)",2,37.91667,35.21667,"KUR.tu-nu, 𒆳𒌅𒉡, KUR.tu-un-ni, 𒆳𒌅𒌦𒉌",mountain,"Tabālu, Turkey",2 B3,"Bagg RGTC 7 1: 261 (Tunni), Helsinki Atlas: 17 (map 2 B3), Parpola Toponyms: 359–360 (Tunni), <a href='https://www.geonames.org/324280/ala-daglar.html' target='_blank'>Geonames: Ala Dağlar</a>, <a href='https://pleiades.stoa.org/places/628924' target='_blank'>Pleiades: Antitaurus Mons/Ala Dağları</a>, <a href='https://www.geonames.org/320904/bolkar-daglari.html' target='_blank'>Geonames: Bolkar Dağları</a>, <a href='https://www.geonames.org/10631915/bolkar-daglari.html' target='_blank'>Geonames: Bolkar Dağları</a>, <a href='https://pleiades.stoa.org/places/890432544' target='_blank'>Pleiades: Bolkar Dağları</a>, <a href='http://oracc.museum.upenn.edu/riao/cbd/qpn-x-places/onebigfile.html' target='_blank'>RIAo Glossary: Places (Tunni [Mount Tunni])</a>"
2025-12-03-(18-02-20),edited,152,Azaqâ,"Azaqâ, Azeqa, Azekah, ʿAzēqāh, עֲזֵקָה, Αζηκα, Tēl ʿAzēqāh, תל עזקה, تل عزيقة, Tēl Zekarya, תל זְכַרְיָה, Tell Zakarīya, Tell Zakariya",1,31.70109603279213,34.93630774457135,"URU.a-za-qa-a, 𒌷𒀀𒍝𒋡𒀀, עֲזֵקָה",city,"Iaʾūdu, Israel",7 C5,"Helsinki Atlas: 7 (map 7 C5), Bagg RGTC 7 1: 37, <a href='https://zenodo.org/record/6384045' target='_blank'>Pedersén ANE: Azeqa (Tell Zakariya)</a>, <a href='http://oracc.museum.upenn.edu/rinap/cbd/qpn-x-places/onebigfile.html' target='_blank'>RINAP Glossary: Places (Azaqa)</a>"
2025-12-03-(18-07-51),edited,153,Azari,"Azari, Azri, as-Sulaimānīya, Sulaimāniya, As Sulaymānīyah, Al-Sulaimaniya, السليمانية, سلیمانیه, Silêmanî, Slemani, Slēmānī, سلێمانى, Šahrezōr plain, Qeza-î Sharezûr, قەزاى شارەزوور, Qaḑā’ Shahrazūr, Qaḑā’ Shārazūr, قضاء شارزور, قضاء شهرزور",4,35.56496,45.4329,"URU.a-za-ri, 𒌷𒀀𒍝𒊑, URU.az-ri, 𒌷𒊍𒊑",town,"Māzamua, Iraq",11 A1,"Bagg RGTC 7 3/1: 77–78, Helsinki Atlas: 7 (map 11 A1), Parpola Toponyms: 56, <a href='https://www.geonames.org/98463/as-sulaymaniyah.html' target='_blank'>Geonames: As Sulaymānīyah</a>, <a href='https://www.geonames.org/9873303/qeza-i-sharezur.html' target='_blank'>Geonames: Qeza-î Sharezûr</a>, <a href='https://www.ucl.ac.uk/sargon/peoplegodsplaces' target='_blank'>Assyrian empire builders: Azari</a>, <a href='http://oracc.museum.upenn.edu/atae/cbd/qpn-x-places/onebigfile.html' target='_blank'>ATAE Glossary: Places (Azari)</a>, <a href='http://oracc.museum.upenn.edu/saao/cbd/qpn-x-places/onebigfile.html' target='_blank'>SAAo Glossary: Places (Azari)</a>"
2025-12-03-(18-10-30),edited,153,Azari,"Azari, Azri, as-Sulaimānīya, Sulaimāniya, As Sulaymānīyah, Al-Sulaimaniya, السليمانية, سلیمانیه, Silêmanî, Slemani, Slēmānī, سلێمانى, Šahrezōr plain, Qeza-î Sharezûr, قەزاى شارەزوور, Qaḑā’ Shahrazūr, قضاء شهرزور, Qaḑā’ Shārazūr, قضاء شارزور",4,35.56496,45.4329,"URU.a-za-ri, 𒌷𒀀𒍝𒊑, URU.az-ri, 𒌷𒊍𒊑",town,"Māzamua, Iraq",11 A1,"Bagg RGTC 7 3/1: 77–78, Helsinki Atlas: 7 (map 11 A1), Parpola Toponyms: 56, <a href='https://www.geonames.org/98463/as-sulaymaniyah.html' target='_blank'>Geonames: As Sulaymānīyah</a>, <a href='https://www.geonames.org/9873303/qeza-i-sharezur.html' target='_blank'>Geonames: Qeza-î Sharezûr</a>, <a href='https://www.ucl.ac.uk/sargon/peoplegodsplaces' target='_blank'>Assyrian empire builders: Azari</a>, <a href='http://oracc.museum.upenn.edu/atae/cbd/qpn-x-places/onebigfile.html' target='_blank'>ATAE Glossary: Places (Azari)</a>, <a href='http://oracc.museum.upenn.edu/saao/cbd/qpn-x-places/onebigfile.html' target='_blank'>SAAo Glossary: Places (Azari)</a>"
2025-12-03-(18-12-37),edited,153,Azari,"Azari, Azri, as-Sulaimānīya, As Sulaymānīyah, Al-Sulaimaniya, السليمانية, Sulaimāniya, سلیمانیه, Silêmanî, Slemani, Slēmānī, سلێمانى, Šahrezōr plain, Qeza-î Sharezûr, قەزاى شارەزوور, Qaḑā’ Shahrazūr, قضاء شهرزور, Qaḑā’ Shārazūr, قضاء شارزور",4,35.56496,45.4329,"URU.a-za-ri, 𒌷𒀀𒍝𒊑, URU.az-ri, 𒌷𒊍𒊑",town,"Māzamua, Iraq",11 A1,"Bagg RGTC 7 3/1: 77–78, Helsinki Atlas: 7 (map 11 A1), Parpola Toponyms: 56, <a href='https://www.geonames.org/98463/as-sulaymaniyah.html' target='_blank'>Geonames: As Sulaymānīyah</a>, <a href='https://www.geonames.org/9873303/qeza-i-sharezur.html' target='_blank'>Geonames: Qeza-î Sharezûr</a>, <a href='https://www.ucl.ac.uk/sargon/peoplegodsplaces' target='_blank'>Assyrian empire builders: Azari</a>, <a href='http://oracc.museum.upenn.edu/atae/cbd/qpn-x-places/onebigfile.html' target='_blank'>ATAE Glossary: Places (Azari)</a>, <a href='http://oracc.museum.upenn.edu/saao/cbd/qpn-x-places/onebigfile.html' target='_blank'>SAAo Glossary: Places (Azari)</a>"
2025-12-03-(18-15-55),edited,156,Azu,"Azu, Azû, Tall Ḥadīdī, Tell Hadidi, Tall al-Ḥadīdī, تل الحديدي, Tall Khirbat Ḩudaydah, Tall Khirbat Hudaydah, تل خربة الحديدة, Tall Khirbat Judaydah",4,36.26368306300280,38.15089325346946,–,–,Syria,–,"<a href='https://zenodo.org/record/6384045' target='_blank'>Pedersén ANE: Azu (Tell Hadidi)</a>, <a href='https://zenodo.org/record/5217600' target='_blank'>CIGS: Tall al-Ḥadīdī</a>, <a href='https://books.openedition.org/cdf/4487' target='_blank'>MTT I/3: Tall Hadidi (HIGEOMES Nr. 49)</a>, <a href='https://www.geonames.org/9060/tall-khirbat-hudaydah.html' target='_blank'>Geonames: Tall Khirbat Ḩudaydah</a>"
2025-12-03-(18-20-48),edited,159,Bābili,"Bābili, Babili, Bābilim, Bābil, Babil, Babylon, Ka-dingirra, Šuanna, Βαβυλών, Bavel, Babel, Bābel, בָּבֶל, Bābīl, بابيل, Amran",1,32.54036017476352,44.42632915275695,–,"capital, city","Babylonia, Iraq",10 D4,"Helsinki Atlas: 7 (map 10 D4), Bagg RGTC 7 3/1: 80–89, Parpola Toponyms: 58–64, <a href='https://zenodo.org/record/6384045' target='_blank'>Pedersén ANE: Babylon</a>, <a href='https://zenodo.org/record/5217600' target='_blank'>CIGS: Babylon/Bābīl (mod. Amran)</a>, <a href='https://pleiades.stoa.org/places/893951' target='_blank'>Pleiades: Babylon</a>, <a href='http://oracc.museum.upenn.edu/saao/knpp/peoplegodsplaces/index.html' target='_blank'>Knowledge and Power: Babylon</a>, <a href='https://www.ucl.ac.uk/sargon/peoplegodsplaces' target='_blank'>Assyrian empire builders: Babylon</a>, <a href='http://oracc.museum.upenn.edu/saao/cbd/qpn-x-ethnic/onebigfile.html' target='_blank'>SAAo Glossary: Ethnic (Babilaya [BABYLONIAN])</a>, <a href='http://oracc.museum.upenn.edu/rinap/cbd/qpn-x-ethnic/onebigfile.html' target='_blank'>RINAP Glossary: Ethnic (Babilayu [BABYLONIAN])</a>, <a href='http://oracc.museum.upenn.edu/atae/cbd/qpn-x-places/onebigfile.html' target='_blank'>ATAE Glossary: Places (Babili [BABYLON])</a>, <a href='http://oracc.museum.upenn.edu/saao/cbd/qpn-x-places/onebigfile.html' target='_blank'>SAAo Glossary: Places (Babili [BABYLON])</a>, <a href='http://oracc.museum.upenn.edu/riao/cbd/qpn-x-places/onebigfile.html' target='_blank'>RIAo Glossary: Places (Babili [BABYLON])</a>, <a href='http://oracc.museum.upenn.edu/rinap/cbd/qpn-x-places/onebigfile.html' target='_blank'>RINAP Glossary: Places (Babili [BABYLON])</a>, <a href='http://oracc.museum.upenn.edu/rinap/cbd/qpn-x-places/onebigfile.html' target='_blank'>RINAP Glossary: Places (Šuanna [BABYLON])</a>"
2025-12-03-(18-26-44),edited,160,Babiti,"Babiti, Babite, Babitu, Baziān, Bāziān, Bazyan, بازيان, Bāziān Pass, Bazyan Pass",2,35.637374,44.972631,"ba-bi-ti, 𒁀𒁉𒋾, URU.ba-bi-te, 𒌷𒁀𒁉𒋼, URU.ba-bi-ti, 𒌷𒁀𒁉𒋾","city, pass","Māzamua, Iraq",10 E1,"Bagg RGTC 7 3/1: 89–90 (Babite 1), Helsinki Atlas: 7 (map 10 E1), Parpola Toponyms: 64, <a href='https://zenodo.org/record/6384045' target='_blank'>Pedersén ANE: (Bazyan)</a>, <a href='https://www.ucl.ac.uk/sargon/peoplegodsplaces' target='_blank'>Assyrian empire builders: Babiti</a>, <a href='http://oracc.museum.upenn.edu/atae/cbd/qpn-x-places/onebigfile.html' target='_blank'>ATAE Glossary: Places (Babiti)</a>, <a href='http://oracc.museum.upenn.edu/saao/cbd/qpn-x-places/onebigfile.html' target='_blank'>SAAo Glossary: Places (Babiti)</a>, <a href='http://oracc.museum.upenn.edu/riao/cbd/qpn-x-places/onebigfile.html' target='_blank'>RIAo Glossary: Places (Babitu)</a>"
2025-12-03-(18-32-53),edited,164,Balāṭa,"Balāṭa, Balaṭu, Balatu, Balad, Balāṭu, Balāṭāja, Balāṭ, Shahrabadh, Eski Moṣul, Eski Mosul, Aski Mauṣil, اسكي موصل, al-Mauṣil-al-Qadīm, Tall Ğikān, Tall Jikan",3,36.51080923682189,42.73664447373244,"URU.ba-la.MEŠ, 𒌷𒁀𒆷𒈨𒌍, URU.ba-la-ṭa, 𒌷𒁀𒆷𒁕, URU.ba-la-ṭa-a-a, 𒌷𒁀𒆷𒁕𒀀𒀀, URU.ba-laṭ, 𒌷𒁀𒆳, URU.ba-laṭ-a-a, 𒌷𒁀𒆳𒀀𒀀","town, prov. capital","Central Assyria, Province of the crown prince, Iraq",4 B5,"Bagg RGTC 7 2/1: 89–90 (Balāṭāja), Helsinki Atlas: 7 (map 4 B5), Parpola Toponyms: 65 (Balāṭu), <a href='https://zenodo.org/record/6384045' target='_blank'>Pedersén ANE: Balaṭu? (Eski Mosul)</a>, <a href='https://pleiades.stoa.org/places/874379' target='_blank'>Pleiades: Balad/Shahrabadh</a>, <a href='https://books.openedition.org/cdf/4487' target='_blank'>MTT I/3: Eski Mosul (HIGEOMES Nr. 681)</a>, <a href='http://oracc.museum.upenn.edu/rinap/cbd/qpn-x-places/onebigfile.html' target='_blank'>RINAP Glossary: Places (Balaṭaya)</a>, <a href='http://oracc.museum.upenn.edu/saao/cbd/qpn-x-places/onebigfile.html' target='_blank'>SAAo Glossary: Places (Balaṭu and Balaṭ)</a>"
2025-12-03-(18-48-14),edited,166,Baliḫu,"Baliḫu, Balīḫu, Balihu, Balīḫi, Baliḫi, Balihi, Apqu ša Baliḫā, Baliḫum, Baliḫa, Tall Abyaḍ, Tall Abyad, Tall Abjaḍ, Tell Abyaḍ, Tell Abid, تل ابيض",3,36.68423800368038,38.98545444094779,"URU.ba-li-ḫi, 𒌷𒁀𒇷𒄭, URU.ba-li-ḫu, 𒌷𒁀𒇷𒄷",town,"Ḫarrānu province (?), Syria",3 B4,"Bagg RGTC 7 2/1: 90–91 (Balīḫu 1), Helsinki Atlas: 7 (map 3 B4), Parpola Toponyms: 65 (together with the Balīḫu river), <a href='https://zenodo.org/record/6384045' target='_blank'>Pedersén ANE: (Tell Abid)</a>, <a href='https://books.openedition.org/cdf/4487' target='_blank'>MTT I/3: Tall Abyad / Ajja (HIGEOMES Nr. 216)</a>, <a href='https://www.geonames.org/8559018/tall-abyad.html' target='_blank'>Geonames: Tall Abyaḑ</a>, <a href='http://oracc.museum.upenn.edu/saao/cbd/qpn-x-places/onebigfile.html' target='_blank'>SAAo Glossary: Places (Balihu [1])</a>, <a href='http://oracc.museum.upenn.edu/atae/cbd/qpn-x-places/onebigfile.html' target='_blank'>ATAE Glossary: Places (Balihu [1])</a>, <a href='http://oracc.museum.upenn.edu/riao/cbd/qpn-x-places/onebigfile.html' target='_blank'>RIAo Glossary: Places (Balihu [1])</a>"
2025-12-03-(18-51-35),edited,167,Banai-barqa,"Banai-barqa, Banajabarqa, Banājabarqa, Banayabarqa, B<sup>e</sup>nê b<sup>e</sup>raq, Bnē Brāq, Bene Beraq, Beneberak, בְנֵי־בְרַק, Ibn Ibrāq, Al-Khayriyya, الخيرية, H̱orbat Bnē Brāq, חרבת בני ברק, Tall Abū Zētūn (?), Tēl Zētūn (?), Tel Zeton (?), תל זיתון",1,32.0372,34.8269,"URU.ba-na-a-a-bar-qa, 𒌷𒁀𒈾𒀀𒀀𒁇𒋡",town,"Isqalūna, Pilistu, Israel",7 C4,"Bagg RGTC 7 1: 42 (Banajabarqa), Helsinki Atlas: 7 (Banai-barqa; map 7 C4), Parpola Toponyms: 65 (Banājabarqa), <a href='https://daahl.ucsd.edu/DAAHL/EsriPiPDigitizer.php' target='_blank'>DAAHL: Ancient Bene Beraqsʿ Tel</a>, <a href='https://daahl.ucsd.edu/DAAHL/EsriPiPDigitizer.php' target='_blank'>DAAHL: al-Khayriyya</a>, <a href='https://Wikipedia.toolforge.org/Wikipedia.php?pagename=Beneberak&params=32_2_12.03_N_34_49_39.61_E_' target='_blank'>Wikipedia: Beneberak</a>, <a href='https://daahl.ucsd.edu/DAAHL/EsriPiPDigitizer.php' target='_blank'>DAAHL: Bene Beraq 1129:82</a>, <a href='https://www.geonames.org/8427204/horbat-bene-beraq.html' target='_blank'>Geonames: H̱orbat Bené Beraq</a>, <a href='https://pleiades.stoa.org/places/687847' target='_blank'>Pleiades: Bene Beraq</a>, <a href='https://zenodo.org/record/6384045' target='_blank'>Pedersén ANE: (Tel Zeton)</a>, <a href='https://www.geonames.org/390324/tel-zeton.html' target='_blank'>Geonames: Tel Zeton</a>, <a href='https://daahl.ucsd.edu/DAAHL/EsriPiPDigitizer.php' target='_blank'>DAAHL: Bene Beraq (1) 1129:20</a>, <a href='http://oracc.museum.upenn.edu/riao/cbd/qpn-x-places/onebigfile.html' target='_blank'>RIAo Glossary: Places (Banayabarqa)</a>, <a href='http://oracc.museum.upenn.edu/rinap/cbd/qpn-x-places/onebigfile.html' target='_blank'>RINAP Glossary: Places (Banayabarqa)</a>"
2025-12-03-(19-11-41),edited,175,Bašimu,"Bašimu, Bašimi, Bašimā, Mišime, Liyān, Liyan, Antiocheia in Persis, Būšehr, Bušehr, Bushahr, Bushehr, Bushire, Bushir, بوشِهر, Bandar-e Būšehr, Bandar-e Būšahr, بندر بوشهر, Bandar Abu Shehr, Abu Shahr, Abu Shehr, Abuschehr, Bandar-e Nāderīye, Bandar Nādirīya, Sabzabad Bushehr, Tepeh Sabzabad, Tul-e Peytul",3,28.90648511027001,50.84723445218776,"URU.ba-ši-mu, 𒌷𒁀𒅆𒈬, URU.ba-ši-ma-a-a, 𒌷𒁀𒅆𒈠𒀀𒀀",city,"Elam, Iran",17 C5,"Bagg RGTC 7 3/1: 102, Helsinki Atlas: 7 (map 17 C5), Parpola Toponyms: 71, <a href='https://zenodo.org/record/6384045' target='_blank'>Pedersén ANE: Liyan (Sabzabad Bushehr)?</a>, <a href='https://pleiades.stoa.org/places/922627' target='_blank'>Pleiades: [Bushahr]/Antiocheia in Persis</a>, <a href='https://www.geonames.org/139817/bushehr.html' target='_blank'>Geonames: Bushehr</a>, <a href='https://www.ancientportsantiques.com/the-catalogue/' target='_blank'>Ancient Ports: Liyan / Tepeh Sabzabad</a>, <a href='http://oracc.museum.upenn.edu/riao/cbd/qpn-x-places/onebigfile.html' target='_blank'>RIAo Glossary: Places (Bašimu [1])</a>, <a href='http://oracc.museum.upenn.edu/rinap/cbd/qpn-x-places/onebigfile.html' target='_blank'>RINAP Glossary: Places (Bašimu [1])</a>, <a href='http://oracc.museum.upenn.edu/atae/cbd/qpn-x-places/onebigfile.html' target='_blank'>ATAE Glossary: Places (Bašimu [1])</a>, <a href='http://oracc.museum.upenn.edu/saao/cbd/qpn-x-places/onebigfile.html' target='_blank'>SAAo Glossary: Places (Bašimu [1])</a>"
2025-12-03-(19-11-41),edited,178,Bāzi,"Bāzi, Bazi, Bāzu, Bazu",–,–,–,"KUR.ba-zi, 𒆳𒁀𒍣",territory,"Pīḫat-Bīt-turtāni, Turkey (?), Iraq (?), Syria (?)",–,"Bagg RGTC 7 2/1: 99 (Bāzi 1), Parpola Toponyms: 71 (with Bāzu), <a href='http://oracc.museum.upenn.edu/riao/cbd/qpn-x-places/onebigfile.html' target='_blank'>RIAo Glossary: Places (Bazi)</a>, <a href='http://oracc.museum.upenn.edu/rinap/cbd/qpn-x-places/onebigfile.html' target='_blank'>RINAP Glossary: Places (Bazi)</a>"
2025-12-03-(19-11-41),edited,180,Bāzu,"Bāzu, Bazu, Bāṣi, Bazza, Baz, Bīt-Bāzi, Bāṣ, Baṣ, Bezu, Bāsu, Strait of Hormuz (?), Azraq Oasis (?)",–,25.99163,49.49675,"KUR.ba-a-zi, 𒆳𒁀𒀀𒍣, KUR.ba-a-zu, 𒆳𒁀𒀀𒍪, KUR.ba-az-zi, 𒆳𒁀𒊍𒍣, KUR.ba-zu, 𒆳𒁀𒍪, URU.ba-a-ṣi, 𒌷𒁀𒀀𒍢, URU.ba-a-su, 𒌷𒁀𒀀𒋢, URU.ba-zi, 𒌷𒁀𒍣, LÚ.be-zu, 𒇽𒁁𒍪","territory, land, country","Arabian Peninsula (?), Saudi Arabia (?), Iran (?)",–,"Bagg RGTC 7 2/1: 100–101, Parpola Toponyms: 71, <a href='https://www.geonames.org/10861949/wahat-al-azraq.html' target='_blank'>Geonames: Wāḩat al Azraq</a> (?), <a href='http://oracc.museum.upenn.edu/atae/cbd/qpn-x-places/onebigfile.html' target='_blank'>ATAE Glossary: Places (Bazu)</a>, <a href='http://oracc.museum.upenn.edu/riao/cbd/qpn-x-places/onebigfile.html' target='_blank'>RIAo Glossary: Places (Bazu)</a>, <a href='http://oracc.museum.upenn.edu/rinap/cbd/qpn-x-places/onebigfile.html' target='_blank'>RINAP Glossary: Places (Bazu)</a>, <a href='http://oracc.museum.upenn.edu/saao/cbd/qpn-x-places/onebigfile.html' target='_blank'>SAAo Glossary: Places (Bazu)</a>"
2025-12-03-(19-11-41),deleted,179,Bāzi 2,"Bazi, Bāzi, Bāzu",–,–,–,"URU.ba-zi, 𒌷𒁀𒍣",town,"Assyria, Iraq",–,"Bagg RGTC 7 2/1: 99–100 (Bāzi 2 (?)), Parpola Toponyms: 71 (with Bāzu), <a href='http://oracc.museum.upenn.edu/atae/cbd/qpn-x-places/onebigfile.html' target='_blank'>ATAE Glossary: Places (Bazi)</a>, <a href='http://oracc.museum.upenn.edu/saao/cbd/qpn-x-places/onebigfile.html' target='_blank'>SAAo Glossary: Places (Bazi)</a>"
2025-12-03-(19-11-41),new,179,Bazi,"Bazi, Bāzi, Bāzu, Bazu",–,–,–,"URU.ba-zi, 𒌷𒁀𒍣",town,"Assyria, Iraq",–,"Bagg RGTC 7 2/1: 99–100 (Bāzi 2 (?)), Parpola Toponyms: 71 (with Bāzu), <a href='http://oracc.museum.upenn.edu/atae/cbd/qpn-x-places/onebigfile.html' target='_blank'>ATAE Glossary: Places (Bazi)</a>, <a href='http://oracc.museum.upenn.edu/saao/cbd/qpn-x-places/onebigfile.html' target='_blank'>SAAo Glossary: Places (Bazi)</a>"
2025-12-03-(19-21-11),edited,188,Bēt-el,"Bēt-el, Bet-el, בֵּית אֵל, Betel, Bethega, Βήθηγά, Bethela, Βήθηλά, Bethel, Beitin (?), بيتين",4,31.92623433858433,35.23912780857168,בֵּית אֵל,town,"Bīt-Ḫumrî, Palestine, West Bank",–,"<a href='https://zenodo.org/record/6384045' target='_blank'>Pedersén ANE: Betel (Beitin)?</a>, <a href='https://pleiades.stoa.org/places/260940008' target='_blank'>Pleiades: Beitin</a>"
2025-12-03-(20-37-06),edited,189,Bēt-Šean,"Bēt-Šean, Beit Sheʾan, Bet Shean, Bit-Sani, Bīt-Sāni, Beit She'an, Beth Shean, Beth She'an, Bet She'an, Beth Shan, Bet Shan, בית שאן, בֵּית שְׁאָן, Scythopolis, Σκυθόπολις, Nysa, Tel Beit Sheʾan, תל בית שאן, Bisan, Bīsān, Bēsān, بيسان, Tell el-Hosn",–,32.50419181537359,35.50300346740403,"בית שאן, בֵּית שְׁאָן",city,"Canaan, Bīt-Ḫumrî (?), Israel",–,"<a href='https://zenodo.org/record/6384045' target='_blank'>Pedersén ANE: Bet Shean / Bit-Sani / Scythopolis (Tell el-Hosn)</a>, <a href='https://zenodo.org/record/5217600' target='_blank'>CIGS: Beit She'an</a>, <a href='https://pleiades.stoa.org/places/678378' target='_blank'>Pleiades: Scythopolis/Nysa</a>, <a href='http://publikationen.badw.de/de/rla/index#2023' target='_blank'>RlA 2: 50</a>"
2025-12-03-(20-37-06),edited,192,Bethsaida,"Bethsaida, Bēt Ṣaydā, Bẹt Ṣẹdȧ, Beit Tsaida, בית צידה, Βηθσαΐδά, Ṣaydȧn, צַידָן, Gešur (?), Ioulias, Iulias, Julias, Ἰουλίας, Ioulia, Julia, Ἰουλία, Bait Ṣaidā, بيت صيدا, at-Tall, et-Tell, Et-Tell, al-ʿAraǧ, al-ʿAraj, Tell ʿAraj, Tel ʿAraj, El Araj, al-Maṣʿadīya, Al Mus‘adīyah, المسعدية",–,32.91030924985483,35.63066752721332,"בית צידה, צַידָן",fortified city,"Gešur (?), Israel",–,"<a href='https://zenodo.org/record/6384045' target='_blank'>Pedersén ANE: (Et-Tell)</a>, <a href='https://pleiades.stoa.org/places/678065' target='_blank'>Pleiades: Bethsaida</a>, <a href='https://gaialab.terrawatchers.org/DAAHL/Home.php' target='_blank'>DAAHL: al-ʿAraj</a>, <a href='https://bethsaidaarchaeology.org' target='_blank'>Bethsaida Excavations Project</a>, <a href='https://www.elarajexcavations.com/updates' target='_blank'>El Araj Excavation Project</a>"
2025-12-03-(20-41-13),edited,1207,Eṣjōn-gever,"Eṣjōn-gever, Esjōn-geber, ʿEṣyōn Gevēr, ʿEṣyon Geber, ʿEṣyon Gever, Ezion Geber, Ezion-geber, Ezion-Geber, עֶצְיֹן גֶּבֶר, עֶצְיֹון גָּבֶר, Gasion Gabel (?), Tell al-Khulayfa, Tall al Khulayfah, Tell el-Kheleifeh, Tall al Khalifah, Tall al Khalīfah, Tell el-Chulefi, تل الخليفة, Gezîra Fara‘ûn (?), Jazīrat Fir‘awn (?), Jazirat Firawn (?), Geziret Fara'un (?), جزيرة فرعون, Pharaoh's island (?), Jazīrat al Qaryah (?), Geziret el Qreiya (?), جزيرة القرية, Coral island (?)",–,29.5472,34.9803,"עֶצְיֹן גֶּבֶר, עֶצְיֹון גָּבֶר","city, seaport, fortress","Udūmu, Iaʾūdu, Jordan, Egypt (?)",–,"1 Kings 9:26, 2 Chronicles 8:17, <a href='https://www.ancientportsantiques.com/the-catalogue/' target='_blank'>Ancient Ports: Ezion Geber?/Gasion Gabel? (Tell al-Khulayfa)</a>, <a href='https://zenodo.org/record/6384045' target='_blank'>Pedersén ANE: (Tell el-Kheleifeh)?</a>, <a href='https://gaialab.terrawatchers.org/DAAHL/Home.php' target='_blank'>DAAHL: Tall al Khulayfah</a>, <a href='https://www.geonames.org/246603/tall-al-khulayfah.html' target='_blank'>Geonames: Tall al Khulayfah</a>, <a href=https://pleiades.stoa.org/places/746700>Pleiades: Aelana/Aila</a>, <a href='https://www.ancientportsantiques.com/the-catalogue/' target='_blank'>Ancient Ports: Ezion Geber?/Gasion Gabel? (Geziret Fara'un)</a>, <a href='https://www.geonames.org/356853/jazirat-al-qaryah.html' target='_blank'>Geonames: Jazīrat al Qaryah/Jazīrat Fira‘wn</a>"
2025-12-03-(20-41-13),edited,1277,Isiḫimme,"Isiḫimme, Isihimme, Šḥīm, Shḩīm, Shhim, Shaḩīm, Shahim, Shʿim, Chhîm, Chhim, Chehim, شحيم",–,33.62133,35.48698,"URU.i-si-hi-im-me, 𒌷𒄿𒋛𒄭𒅎𒈨",town,"Phoenicia, Ṣīdūnu, Lebanon",–,"Bagg RGTC 7 1: 117, Parpola Toponyms: 176, <a href='https://www.geonames.org/267468/chhim.html' target='_blank'>Geonames: Chhîm</a>, <a href='https://gaialab.terrawatchers.org/DAAHL/Home.php' target='_blank'>DAAHL: Shʿim</a>, <a href='http://oracc.museum.upenn.edu/riao/cbd/qpn-x-places/onebigfile.html' target='_blank'>RIAo Glossary: Places (Isihimme [1])</a>, <a href='http://oracc.museum.upenn.edu/rinap/cbd/qpn-x-places/onebigfile.html' target='_blank'>RINAP Glossary: Places (Isihimme [1])</a>"
2025-12-03-(20-41-13),edited,1282,Metuna,"Metuna, Metūna, Métoûné, Al Matūnah, Al Matunah, El Métouné, El Metoune, المتونة, El Imtune, Tall Dibba (?), Tell Dibbé (?), Tell Debbé (?), Tell Debbe (?), تل دبة, Tall Dabbah (?), Tell Debbeh (?), Tall ad Dabba (?), تل الدبة, Tall ad Dabbah (?), Mothana (?), Motha (?), Motho (?), Muthanah (?), Mutḩānah (?), al-Mubattan (?), Imtān (?), Imtan (?), إمتان, Aymtān (?), Aymtan (?), Imtâne (?), Imtane (?), Imthān (?), Imthan (?), Al Mutayn (?), al-Mēdān (?), Al Mīdān (?), Al Midan (?), Al Maydān (?), Al Maydan (?), El Mīdān (?), El Midan (?), El-Meidân (?), El-Meidan (?), الميدان",–,32.9508391960519,36.60092606099333,"URU.me-tu-na, 𒌷𒈨𒌅𒈾",town,"Dimašqa, Syria, Jordan (?)",–,"Bagg RGTC 7 1: 175, Parpola Toponyms: 247, <a href='https://zenodo.org/record/6384045' target='_blank'>Pedersén ANE: (Metuna)?</a>, <a href='https://www.geonames.org/173483/al-matunah.html' target='_blank'>Geonames: Al Matūnah</a>, <a href='https://zenodo.org/record/6384045' target='_blank'>Pedersén ANE: (Tell Debbeh)</a>, <a href='https://www.geonames.org/171021/tall-ad-dabbah.html' target='_blank'>Geonames: Tall ad Dabbah</a>, <a href='https://www.geonames.org/169377/imtan.html' target='_blank'>Geonames: Imtān</a>, <a href='https://pleiades.stoa.org/places/678289' target='_blank'>Pleiades: Motha(na)/Motho?</a>, <a href='https://www.geonames.org/250532/al-midan.html' target='_blank'>Geonames: Al Mīdān</a>, <a href='https://gaialab.terrawatchers.org/DAAHL/Home.php' target='_blank'>DAAHL: Al Maydan</a>, <a href='http://oracc.museum.upenn.edu/riao/cbd/qpn-x-places/onebigfile.html' target='_blank'>RIAo Glossary: Places (Metuna [1])</a>, <a href='http://oracc.museum.upenn.edu/rinap/cbd/qpn-x-places/onebigfile.html' target='_blank'>RINAP Glossary: Places (Metuna [1])</a>"
2025-12-03-(20-41-13),edited,167,Banai-barqa,"Banai-barqa, Banajabarqa, Banājabarqa, Banayabarqa, B<sup>e</sup>nê b<sup>e</sup>raq, Bnē Brāq, Bene Beraq, Beneberak, בְנֵי־בְרַק, Ibn Ibrāq, Al-Khayriyya, الخيرية, H̱orbat Bnē Brāq, חרבת בני ברק, Tall Abū Zētūn (?), Tēl Zētūn (?), Tel Zeton (?), תל זיתון",1,32.0372,34.8269,"URU.ba-na-a-a-bar-qa, 𒌷𒁀𒈾𒀀𒀀𒁇𒋡",town,"Isqalūna, Pilistu, Israel",7 C4,"Bagg RGTC 7 1: 42 (Banajabarqa), Helsinki Atlas: 7 (Banai-barqa; map 7 C4), Parpola Toponyms: 65 (Banājabarqa), <a href='https://gaialab.terrawatchers.org/DAAHL/Home.php' target='_blank'>DAAHL: Ancient Bene Beraqsʿ Tel</a>, <a href='https://gaialab.terrawatchers.org/DAAHL/Home.php' target='_blank'>DAAHL: al-Khayriyya</a>, <a href='https://Wikipedia.toolforge.org/Wikipedia.php?pagename=Beneberak&params=32_2_12.03_N_34_49_39.61_E_' target='_blank'>Wikipedia: Beneberak</a>, <a href='https://gaialab.terrawatchers.org/DAAHL/Home.php' target='_blank'>DAAHL: Bene Beraq 1129:82</a>, <a href='https://www.geonames.org/8427204/horbat-bene-beraq.html' target='_blank'>Geonames: H̱orbat Bené Beraq</a>, <a href='https://pleiades.stoa.org/places/687847' target='_blank'>Pleiades: Bene Beraq</a>, <a href='https://zenodo.org/record/6384045' target='_blank'>Pedersén ANE: (Tel Zeton)</a>, <a href='https://www.geonames.org/390324/tel-zeton.html' target='_blank'>Geonames: Tel Zeton</a>, <a href='https://gaialab.terrawatchers.org/DAAHL/Home.php' target='_blank'>DAAHL: Bene Beraq (1) 1129:20</a>, <a href='http://oracc.museum.upenn.edu/riao/cbd/qpn-x-places/onebigfile.html' target='_blank'>RIAo Glossary: Places (Banayabarqa)</a>, <a href='http://oracc.museum.upenn.edu/rinap/cbd/qpn-x-places/onebigfile.html' target='_blank'>RINAP Glossary: Places (Banayabarqa)</a>"
2025-12-03-(20-41-13),edited,171,Barūri,"Barūri, Baruri, Baruḫu, Bourira, Burēr, Bureir, Burayr, برير, Tel Beror (?), תל ברור",–,31.5707,34.6407,"URU.bar-ú-ri, 𒌷𒁇𒌑𒊑",town,"Pilistu, Ḫazzat, Assyria (?), Israel, Iraq (?)",–,"Bagg RGTC 7 2/1: 97, Parpola Toponyms: 70 (Baruḫu), <a href='https://gaialab.terrawatchers.org/DAAHL/Home.php' target='_blank'>DAAHL: Burayr</a>, <a href='https://www.geonames.org/295376/bureir.html' target='_blank'>Geonames: Bureir</a>, <a href='https://www.geonames.org/295493/tel-beror.html' target='_blank'>Geonames: Tel Beror</a>, <a href='http://oracc.museum.upenn.edu/saao/cbd/qpn-x-places/onebigfile.html' target='_blank'>SAAo Glossary: Places (Baruri [1])</a>, <a href='http://oracc.museum.upenn.edu/atae/cbd/qpn-x-places/onebigfile.html' target='_blank'>ATAE Glossary: Places (Baruri [1])</a>"
2025-12-03-(20-41-13),edited,182,Baʾali-raʾasi,"Baʾli-rāʾsi, Baʾali-raʾasi, Baʾali-raʾsi, Baʾliraʾsi, Baʾil-rāʾsi, Baʿal Rôš, Roš ha-Niqra, Rosh ha-Niqra, Rosh HaNiqra, ראש הנקרה, רֹאשׁ הַנִּקְרָה, Rās an-Nāqūra, Raʾs an-Nāqūra, رأس الناقورة, Har ha-Karmel (?), הר הכרמל, Har Karmel (?), הר כרמל, Karmel (?), כרמל, Ǧabal al-Karmil (?), جبل الكرمل, Karmēlos (?), Rešbaʿal (?), Rashbaʿl (?)",2,33.09409,35.10378,"KUR.ba-aʾ-li-ra-aʾ-si, KUR.ba-ʾa-li-ra-ʾa-si, 𒆳𒁀𒀪𒇷𒊏𒀪𒋛, KUR.ba-aʾ-li-ra-si, KUR.ba-ʾa-li-ra-si, 𒆳𒁀𒀪𒇷𒊏𒋛",mountain,"Mediterranean coast, Phoenicia, Israel, Lebanon",8 A3,"Bagg RGTC 7 1: 40–41 (Baʾali-raʾsi), Helsinki Atlas: 7 (map 8 A3), Parpola Toponyms: 57 (Baʾliraʾsi), <a href='https://www.geonames.org/294885/rosh-hanikra.html' target='_blank'>Geonames: Rosh Hanikra</a>, <a href='https://www.geonames.org/7648643/rosh-hanikra.html' target='_blank'>Geonames: Rosh Hanikra</a>, <a href='https://www.geonames.org/294579/mount-carmel.html' target='_blank'>Geonames: Mount Carmel</a>, <a href='https://gaialab.terrawatchers.org/DAAHL/Home.php' target='_blank'>DAAHL: Rashbaʿl</a>, <a href='http://oracc.museum.upenn.edu/riao/cbd/qpn-x-places/onebigfile.html' target='_blank'>RIAo Glossary: Places (Baʾali-raʾasi [Mount Baʾali-raʾasi])</a>"
2025-12-03-(20-41-13),edited,360,Gilʾad,"Gilʿad, Galʿadi, Galʾada, Galʾadda, Galʾaza, Gilead, Gilad, Gilʿad, גִּלְעָד, Jalaad, جلعاد, Ramōt Gilʿād (?), רָמֹת גִּלְעָד, Miṣpeh Gilʿād (?), Galaaditis (?), Galaditis (?), Ḫirbat Ğalʿad, Khirbet Galʿad, Tall al-Ḥiṣn (?), Tall al Ḩişn (?), Tall al Hisn (?), تل الحصن, Ḫirbat al-Hēdamūs (?), Khirbat Umm al Haydamūs (?), Khirbat Umm al Haydamus (?), خربة ام الهيدموس, Tall ar-Rāmīṯ (?), Tell Ramith (?), ar-Rāšūnī (?), Khirbat ar Rāshūnī (?), Khirbat ar Rashuni (?), Rashuni (?)",1,32.0954515,35.7908645,"URU.ga-al-ʾa-a-di, 𒌷𒂵𒀠𒀪𒀀𒁲, גִּלְעָד","town, territory","Bīt-Ḫazaʾil, Jordan",7 D4,"Bagg RGTC 7 1: 68–69 (Galʾadi), Helsinki Atlas: 9 (map 7 D4), Parpola Toponyms: 128 (Galʾaza), <a href='https://pleiades.stoa.org/places/889522883' target='_blank'>Pleiades: Gal'adi</a>, <a href='https://www.geonames.org/249086/tall-al-hisn.html' target='_blank'>Geonames: Tall al Ḩişn</a>, <a href='https://www.geonames.org/12141860/khirbat-umm-al-haydamus.html' target='_blank'>Geonames: Khirbat Umm al Haydamūs</a>, <a href='https://gaialab.terrawatchers.org/DAAHL/Home.php' target='_blank'>DAAHL: Tell Ramith</a>, <a href='https://www.geonames.org/247365/khirbat-ar-rashuni.html' target='_blank'>Geonames: Khirbat ar Rāshūnī</a>, <a href='https://gaialab.terrawatchers.org/DAAHL/Home.php' target='_blank'>DAAHL: Rashuni</a>, <a href='https://pleiades.stoa.org/places/678143' target='_blank'>Pleiades: Gala(a)ditis</a>, <a href='http://oracc.museum.upenn.edu/rinap/cbd/qpn-x-places/onebigfile.html' target='_blank'>RINAP Glossary: Places (Galʾadi [Gilead])</a>, <a href='http://oracc.museum.upenn.edu/riao/cbd/qpn-x-places/onebigfile.html' target='_blank'>RIAo Glossary: Places (Galʾadi [Gilead])</a>"
2025-12-03-(20-41-13),edited,368,Gīʾa,"Giʾ, Gīʾ, Gīʾa, Porphyreōn, Porphyreon Polis, Porphyreonpolis, Gīya, Jiyeh, Jieh, جيه, جية, al-Ğīya, الجية, Ḫān an-Nabī Yūnus, Khan an-Naʿi Yunus, Khan Nebi Yunas",1,33.663081,35.428727,"URU.gi-iʾ, 𒌷𒄀𒀪",town,"Phoenicia, Ṣīdūnu, Lebanon",8 A3,"Bagg RGTC 7 1: 75 (Giʾ), Helsinki Atlas: 9 (map 8 A3), Parpola Toponyms: 132 (Gīʾ), <a href='https://www.geonames.org/7839314/jiyeh.html' target='_blank'>Geonames: Jiyeh</a>, <a href='https://www.ancientportsantiques.com/the-catalogue/' target='_blank'>Ancient Ports: Porphyreonpolis</a>, <a href='https://gaialab.terrawatchers.org/DAAHL/Home.php' target='_blank'>DAAHL: Khan an-Na'i Yunus</a>, <a href='https://pleiades.stoa.org/places/678338' target='_blank'>Pleiades: Porphyreon Polis</a>, <a href='http://oracc.museum.upenn.edu/riao/cbd/qpn-x-places/onebigfile.html' target='_blank'>RIAo Glossary: Places (Giʾ)</a>, <a href='http://oracc.museum.upenn.edu/rinap/cbd/qpn-x-places/onebigfile.html' target='_blank'>RINAP Glossary: Places (Giʾ)</a>"
2025-12-03-(20-41-13),edited,1205,Mahanaim,"Mahanaim, Maḥanayīm, Maḥanayim, Maḫanaim, Tulul adh-Dhahab, Tall aḏ-Ḏahab al-Ġarbīya, Tall adh-Dhahab al-Gharbi, Tall adh Dhahab al Gharbī, Tall adh Dhahab al Gharbi, Tell edh Dhahab el Gharbī, Tell edh Dhahab el Gharbi, تل الذهب الغربي, Dhahab el Gharbiyeh, Dhahab el Gharbiyeh, Tall Ḥağğāğ (?), Tall Ḩajjāj (?), Tall Hajjaj (?), تل حجاج, Hajjaj (?)",–,32.18575,35.68667,מַּחֲנַיִם,"city, fortress","Bīt-Ḫumrî, Jordan",–,"Finkelstein – Ornan (2024): <i>An Israelite Residency at Mahanaim in Transjordan?</i> Tel Aviv 51. <a href='https://doi.org/10.1080/03344355.2024.2385148' target='_blank'>https://doi.org/10.1080/03344355.2024.2385148</a>, Bagg RGTC 7 1: 69 (under Galʾadi), <a href='https://www.geonames.org/249673/tall-adh-dhahab-al-gharbi.html' target='_blank'>Geonames: Tall adh Dhahab al Gharbī</a>, <a href='https://gaialab.terrawatchers.org/DAAHL/Home.php' target='_blank'>DAAHL: Dhahab el Gharbiyeh</a>, <a href='https://www.geonames.org/249322/tall-hajjaj.html' target='_blank'>Geonames: Tall Ḩajjāj</a>, <a href='https://gaialab.terrawatchers.org/DAAHL/Home.php' target='_blank'>DAAHL: Hajjaj</a>"
2025-12-03-(20-41-13),edited,1206,Penuel,"Penuel, Penūel, Tulul adh-Dhahab, Tall adh-Dhahab ash-Sharqi, Tall adh Dhahab ash Sharqī, Tall adh Dhahab ash Sharqi, Tell edh Dhahab esh Sharqī, Tell edh Dhahab esh Sharqi, تل الذهب الشرقي, Dhahab el Sharqiyeh",–,32.1856,35.6926,פְּנוּאֵל,"capital, city","Bīt-Ḫumrî, Jordan",–,"Finkelstein – Ornan (2024): <i>An Israelite Residency at Mahanaim in Transjordan?</i> Tel Aviv 51. <a href='https://doi.org/10.1080/03344355.2024.2385148' target='_blank'>https://doi.org/10.1080/03344355.2024.2385148</a>, <a href='https://gaialab.terrawatchers.org/DAAHL/Home.php' target='_blank'>DAAHL: Dhahab el Sharqiyeh</a>, <a href='https://www.geonames.org/249672/tall-adh-dhahab-ash-sharqi.html' target='_blank'>Geonames: Tall adh Dhahab ash Sharqī</a>"
2025-12-03-(20-44-06),edited,194,Bikni,"Bikni, Biknu, Bitnik (?), Ququ, Kūh-e Qūqū, Kuh-e Ququ, کوه قوقو, Damāvand (?), دَماوَند, Kūh-e Damāvand (?), كوه دماوند, Demavend Kuh (?), Boneh Kuh (?), Kūh-e Boneh (?), Kuh-e Boneh (?), کوه بنه, Kūh-e Alvand (?), Kūh-i Alwand (?), Kūh-i-Alwand (?), کوه الوند, Badaḫšān (?), Badakhshan (?), بدخشان",2,34.2071,51.031,"KUR.bi-ik-ni, 𒆳𒁉𒅅𒉌, KUR.bi-ik-nu, 𒆳𒁉𒅅𒉡",mountain,"Mādāja, Iran",6 D5,"Bagg RGTC 7 3/1: 105–106, Helsinki Atlas: 7 (map 6 D5), Parpola Toponyms: 72–73, Barrington Atlas: 1353 (Bikni/Bitnik), <a href='https://pleiades.stoa.org/places/944509' target='_blank'>Pleiades: Bikni/Bitnik</a>, <a href='https://www.geonames.org/6860302/kuh-e-ququ.html' target='_blank'>Geonames: Kūh-e Qūqū</a>, <a href='https://www.geonames.org/138041/kuh-e-damavand.html' target='_blank'>Geonames: Kūh-e Damāvand</a>, <a href='https://www.geonames.org/11047860/kuh-e-boneh.html' target='_blank'>Geonames: Kūh-e Boneh</a>, <a href='https://www.geonames.org/143744/kuh-e-alvand.html' target='_blank'>Geonames: Kūh-e Alvand</a>, <a href='https://www.openstreetmap.org/relation/1674535' target='_blank'>OpenStreetMap: Badachšán</a>, <a href='http://oracc.museum.upenn.edu/riao/cbd/qpn-x-places/onebigfile.html' target='_blank'>RIAo Glossary: Places (Bikni [Mount Bikni])</a>, <a href='http://oracc.museum.upenn.edu/rinap/cbd/qpn-x-places/onebigfile.html' target='_blank'>RINAP Glossary: Places (Bikni [Mount Bikni])</a>"
2025-12-03-(20-54-01),edited,195,Bīrāti,"Bīrāti, Birāti, Birati, Birāte, Birate, Birtu, Ḫarutu (?), Ḫararāti (?), Ḫararātu (?), Ḥadīṯa, Hadithah, Ḩadīthah, Haditha, حديثة, al-Ḥadīṯa, Al Hadithah, Al Ḩadīthah",3,34.132833,42.382643,"KUR.bi-ra-a-te, 𒆳𒁉𒊏𒀀𒋼, URU.bi-rat, 𒌷𒁉𒋥, KUR.bi-ra-ta-a-a, 𒆳𒁉𒊏𒋫𒀀𒀀, KUR.bi-rat-a-a, 𒆳𒁉𒋥𒀀𒀀, URU.ḪAL.ṢU-a-a, 𒌷𒄬𒍮𒀀𒀀",city,"Babylonia, Assyria, Iraq",10 B2,"Bagg RGTC 7 3/1: 106–107 (Birāte 1), Helsinki Atlas: 7 (map 10 B2; Bīrāti (2)), Parpola Toponyms: 73 (Birāti), <a href='https://books.openedition.org/cdf/4487' target='_blank'>MTT I/3: Ḥadīṯa/Mulḫan (HIGEOMES Nr. 727)</a>, <a href='https://www.geonames.org/96309/hadithah.html' target='_blank'>Geonames: Ḩadīthah</a>, <a href='http://oracc.museum.upenn.edu/saao/knpp/peoplegodsplaces/index.html' target='_blank'>Knowledge and Power: Birati</a>, <a href='https://www.ucl.ac.uk/sargon/peoplegodsplaces' target='_blank'>Assyrian empire builders: Birati</a>, <a href='http://oracc.museum.upenn.edu/saao/cbd/qpn-x-ethnic/onebigfile.html' target='_blank'>SAAo Glossary: Ethnic Names (Birataya [Biratean])</a>, <a href='http://oracc.museum.upenn.edu/atae/cbd/qpn-x-ethnic/onebigfile.html' target='_blank'>ATAE Glossary: Ethnic Names (Birataya [of Birate 1])</a>, <a href='http://oracc.museum.upenn.edu/saao/cbd/qpn-x-ethnic/onebigfile.html' target='_blank'>SAAo Glossary: Ethnic Names (Birataya [of Birate 1])</a>, <a href='http://oracc.museum.upenn.edu/saao/cbd/qpn-x-places/onebigfile.html' target='_blank'>SAAo Glossary: Places (Birate [1] (SN))</a>, <a href='http://oracc.museum.upenn.edu/saao/cbd/qpn-x-places/onebigfile.html' target='_blank'>SAAo Glossary: Places (Birate [1] (GN))</a>, <a href='http://oracc.museum.upenn.edu/atae/cbd/qpn-x-places/onebigfile.html' target='_blank'>ATAE Glossary: Places (Birate [1] (SN))</a>"
2025-12-03-(20-54-01),edited,197,Birgiʾ,"Birgiʾ, Barğā, Barja, Barjā, Bardzha, برجا, Ṭabarğā (?), Tabardza (?), Tabarja (?), طبرجا",–,33.64972,35.44278,"URU.bi-ir-gi-iʾ, 𒌷𒁉𒅕𒄀𒀪",town,"Phoenicia, Ṣīdūnu, Lebanon",–,"Bagg RGTC 7 1: 42–43, Parpola Toponyms: 74, <a href='https://www.geonames.org/276965/barja.html' target='_blank'>Geonames: Barja</a>, <a href='https://www.geonames.org/266969/tabarja.html' target='_blank'>Geonames: Tabarja</a>, <a href='http://oracc.museum.upenn.edu/rinap/cbd/qpn-x-places/onebigfile.html' target='_blank'>RINAP Glossary: Places (Birgiʾ [1])</a>, <a href='http://oracc.museum.upenn.edu/riao/cbd/qpn-x-places/onebigfile.html' target='_blank'>RIAo Glossary: Places (Birgiʾ [1])</a>"
2025-12-03-(20-54-01),edited,200,Birtu-ša-Adad-rēmanni,"Birtu-ša-Adad-rēmanni, Birtu-ša-Adad-remanni, Birat-ša-Adad-rēmanni, Birat-ša-Adad-remanni, Fort Adad-rēmanni, Panğvīn, بينجوين, پنجوین",–,35.62054,45.94908,"URU.bir-tu-ša-<sup>m</sup>10-rém-a-ni, 𒌷𒄵𒌅𒊭𒁹𒌋𒀖𒀀𒉌, URU.ḪAL.ṢU-<sup>md</sup>IM-rém-a-ni, 𒌷𒄬𒍮𒁹𒀭𒅎𒀖𒀀𒉌, URU.ḪAL.ṢU-<sup>md</sup>IŠKUR-rém-a-ni, 𒌷𒄬𒍮𒁹𒀭𒅎𒀖𒀀𒉌, URU.ḪAL.ṢU-ša-<sup>md</sup>10-rém-a-ni, 𒌷𒄬𒍮𒊭𒁹𒀭𒌋𒀖𒀀𒉌","town, fortress","Māzamua, Mannāja, Iraq",–,"Bagg RGTC 7 3/1: 110, <a href='https://www.geonames.org/98012/baynjiwayn.html' target='_blank'>Geonames: Baynjiwayn</a>, <a href='http://oracc.museum.upenn.edu/riao/cbd/qpn-x-places/onebigfile.html' target='_blank'>RIAo Glossary: Places (Birtu-ša-Adad-remanni)</a>, <a href='http://oracc.museum.upenn.edu/rinap/cbd/qpn-x-places/onebigfile.html' target='_blank'>RINAP Glossary: Places (Birtu-ša-Adad-remanni)</a>"
2025-12-03-(21-01-51),edited,207,Bīt-Adini,"Bīt-Adini, Bêt-eden, bytʿdn",3,–,–,–,territory,–,3 B4,Helsinki Atlas: 7 (map 3 B4)
2025-12-03-(21-01-51),edited,211,Bīt-Bagāia,"Bīt-Bagāia, Kār-Issār, Bīt-Gabāia, Bīt-Gabia",–,–,–,–,fortress,Iran,–,"Radner (2018): <i>The “Lost Tribes of Israel” in the Context of the Resettlement Programme of the Assyrian Empire</i>: 110, Parpola Toponyms: 78"
2025-12-03-(21-01-51),edited,409,Ḫarḫār,"Ḫarḫār, Ḫarḫar, Kār-Šarrukīn, Malayer, Tepe Giyan",4,34.18139,48.24361,–,"prov. capital, city",–,12 A2,"Helsinki Atlas: 9 (map 12 A2), Radner (2018): <i>The “Lost Tribes of Israel” in the Context of the Resettlement Programme of the Assyrian Empire</i>: 110."
2025-12-03-(21-01-51),edited,570,Kindāu,"Kindāu, Qindau, Kār-Sîn",–,–,–,–,fortress,Iran,–,Radner (2018): <i>The “Lost Tribes of Israel” in the Context of the Resettlement Programme of the Assyrian Empire</i>: 110
2025-12-03-(21-01-51),edited,570,Kindāu,"Qindau, Kindāu, Qindau, Kār-Sîn",–,–,–,–,fortress,Iran,–,Radner (2018): <i>The “Lost Tribes of Israel” in the Context of the Resettlement Programme of the Assyrian Empire</i>: 110
2025-12-03-(21-01-51),edited,580,Kišēsim,"Kišēsim, Kišessim, Kār-Nergal, Najafabad, Najafābād, Nağafābād, نجف‌آباد",3,34.6527, 47.9761,–,city,–,11 B2,"Helsinki Atlas: 11 (map 11 B2), <a href='https://pleiades.stoa.org/places/811827554' target='_blank'>Pleiades: Najafabad</a>, <a href='https://zenodo.org/record/5217600' target='_blank'>CIGS: Najafābād</a>, Radner (2018): <i>The “Lost Tribes of Israel” in the Context of the Resettlement Programme of the Assyrian Empire</i>: 110."
2025-12-03-(21-01-51),edited,581,Kišešlu,"Kišešlu, Kār-Nabû",–,–,–,–,fortress,Iran,–,Radner (2018): <i>The “Lost Tribes of Israel” in the Context of the Resettlement Programme of the Assyrian Empire</i>: 110.
2025-12-03-(21-13-29),edited,215,Bīt-Daganna,"Bīt-Daganna, Bit-Daganna, Bīt-Dagan, Bīt-Dagān, Bit-Dagan, Bēt Daǧan, Bejt Dagan, Bēt Dağan, בית דגן, Beit Dagon, Beth Dagon, Beth-dagon, בֵּית־דָּגוֹן, Beit Dajan, Caphar Dagon",–,32.00191,34.82977,"URU.É-da-gan, 𒌷𒂍𒁕𒃶, URU.É-da-gan-na, 𒌷𒂍𒁕𒃶𒈾, בֵּית־דָּגוֹן",town,"Pilistu, Isqalūna, Palestine, Israel",–,"Bagg RGTC 7 1: 48, Parpola Toponyms: 80 (Bīt-Dagān), <a href='https://www.geonames.org/295475/bet-dagan.html' target='_blank'>Geonames: Bet Dagan</a>, <a href='https://pleiades.stoa.org/places/687852' target='_blank'>Pleiades: Beth Dagon</a>, <a href='http://oracc.museum.upenn.edu/atae/cbd/qpn-x-places/onebigfile.html' target='_blank'>ATAE Glossary: Places (Bit-Dagan)</a>, <a href='http://oracc.museum.upenn.edu/saao/cbd/qpn-x-places/onebigfile.html' target='_blank'>SAAo Glossary: Places (Bit-Dagan)</a>, <a href='http://oracc.museum.upenn.edu/riao/cbd/qpn-x-places/onebigfile.html' target='_blank'>RIAo Glossary: Places (Bit-Daganna)</a>, <a href='http://oracc.museum.upenn.edu/rinap/cbd/qpn-x-places/onebigfile.html' target='_blank'>RINAP Glossary: Places (Bit-Daganna)</a>"
2025-12-03-(21-15-19),edited,222,Bīt-Ḫazaʾil,"Bīt-Ḫazaʾil, Bīt-Ḫazāʾil, Bīt-Ḫazaʾili, Bit-Haza-il, Ša-imērīšu, Ša-emārīšu, Ša-imerišu, Dimašqa, Dimmašqa, Aram, אֲרָם, ארם, Damascus",1,–,–,"É-<sup>m</sup>ḫa-za-aʾ-i-li, 𒂍𒁹𒄩𒍝𒀪𒄿𒇷, ša-KUR.ANŠE-šu, 𒊭𒆳𒀲𒋗, ša-KUR.ANŠE-šú, 𒊭𒆳𒀲𒋙, šá-KUR.ANŠE-šu, 𒃻𒆳𒀲𒋗, šá-KUR.ANŠE-šú, 𒃻𒆳𒀲𒋙, šá-i-ma-ri-šú, 𒃻𒄿𒈠𒊑𒋙, šá-i-me-ri-šú, 𒃻𒄿𒈨𒊑𒋙, KUR.ANŠE-šú, 𒆳𒀲𒋙, KUR.i-me-ri, 𒆳𒄿𒈨𒊑, KUR.šá-ANŠE-šú, 𒆳𒃻𒀲𒋙, KUR.šá-ANŠE.NÍTA-šu, 𒆳𒃻𒀲𒀴𒋗, KUR.šá-ANŠE.NÍTA-šú, 𒆳𒃻𒀲𒀴𒋙, KUR.ANŠE-šú-a-a, 𒆳𒀲𒋙𒀀𒀀, KUR.šá-ANŠE.NÍTA-šu-a-a, 𒆳𒃻𒀲𒀴𒋗𒀀𒀀, KUR.šá-ANŠE.NÍTA-šú-a-a, 𒆳𒃻𒀲𒀴𒋙𒀀𒀀, KUR.šá-ANŠE.NÍTA.MEŠ-šu-a-a, 𒆳𒃻𒀲𒀴𒈨𒌍𒋗𒀀𒀀, LÚ.si-me-ri-šu-a-a, 𒇽𒋛𒈨𒊑𒋗𒀀𒀀, KUR.di-maš-qa, 𒆳𒁲𒈦𒋡, KUR.dim-maš-qa, 𒆳𒁴𒈦𒋡, אֲרָם, ארם","country, province","Syria, Jordan",8 B3,"Helsinki Atlas: 7 (map 8 B3), Bagg RGTC 7 1: 49 (Bīt-Ḫazāʾil), Bagg RGTC 7 1: 238–239 (Ša-imērīšu), Bagg RGTC 7 1: 60–62 (Dimašqa), Parpola Toponyms: 328 (Ša-emārīšu), Parpola Toponyms: 103–104 (Dimašqa), <a href='https://www.ucl.ac.uk/sargon/peoplegodsplaces' target='_blank'>Assyrian empire builders: Damascus</a>, <a href='http://oracc.museum.upenn.edu/riao/cbd/qpn-x-places/onebigfile.html' target='_blank'>RIAo Glossary: Places (Bit-Haza-il [ARAM])</a>, <a href='http://oracc.museum.upenn.edu/rinap/cbd/qpn-x-places/onebigfile.html' target='_blank'>RINAP Glossary: Places (Bit-Haza-il [ARAM])</a>, <a href='http://oracc.museum.upenn.edu/riao/cbd/qpn-x-places/onebigfile.html' target='_blank'>RIAo Glossary: Places (Ša-imerišu [DAMASCUS])</a>, <a href='http://oracc.museum.upenn.edu/rinap/cbd/qpn-x-places/onebigfile.html' target='_blank'>RINAP Glossary: Places (Ša-imerišu [DAMASCUS])</a>, <a href='http://oracc.museum.upenn.edu/riao/cbd/qpn-x-ethnic/onebigfile.html' target='_blank'>RIAo Glossary: Ethnic (Ša-imerišuayu [OF DAMASCUS])</a>, <a href='http://oracc.museum.upenn.edu/rinap/cbd/qpn-x-ethnic/onebigfile.html' target='_blank'>RINAP Glossary: Ethnic (Ša-imerišuayu [OF DAMASCUS])</a>, <a href='http://oracc.museum.upenn.edu/saao/cbd/qpn-x-places/onebigfile.html' target='_blank'>SAAo Glossary: Places (Dimašqa [DAMASCUS])</a>, <a href='http://oracc.museum.upenn.edu/riao/cbd/qpn-x-places/onebigfile.html' target='_blank'>RIAo Glossary: Places (Dimašqa [DAMASCUS])</a>, <a href='http://oracc.museum.upenn.edu/saao/cbd/qpn-x-places/onebigfile.html' target='_blank'>SAAo Glossary: Places (Dimmašqa [DAMASCUS]), <a href='http://oracc.museum.upenn.edu/saao/knpp/peoplegodsplaces/index.html' target='_blank'>Knowledge and Power: Aram</a>, <a href='https://www.ucl.ac.uk/sargon/peoplegodsplaces' target='_blank'>Assyrian empire builders: Aram</a>"
2025-12-03-(21-19-43),edited,1122,Bīt-Ibâ,"Bīt-Ibâ, Bit-Ibâ, Bīt-Ibā",–,–,–,"É-<sup>m</sup>i-ba-a, 𒂍𒁹𒄿𒁀𒀀, É-<sup>m</sup>i-ba-a-a, 𒂍𒁹𒄿𒁀𒀀𒀀",town,"Babylonia, Bīt-Amukkāni",–,Bagg RGTC 7 3/1: 131
2025-12-03-(21-19-43),edited,226,Bīt-Imbî,"Bīt-Imbi, Bīt-Imbî, Bit-Imbi, Bīt-Imbīja, Bit-Imbija, Bit-Imbiya",–,–,–,"É-<sup>m</sup>im-bi-i, 𒂍𒁹𒅎𒁉𒄿, É-<sup>m</sup>im-bi-ia, 𒂍𒁹𒅎𒁉𒅀, URU.É-im-bi-i, 𒌷𒂍𒅎𒁉𒄿, URU.É-im-bi-ia, 𒌷𒂍𒅎𒁉𒅀, URU.É-im-bi-ía, 𒌷𒂍𒅎𒁉𒐊, URU.É-<sup>md</sup>im-bi-i, 𒌷𒂍𒁹𒀭𒅎𒁉𒄿, URU.É-<sup>m</sup>im-bi-i, 𒌷𒂍𒁹𒅎𒁉𒄿, URU.É-<sup>m</sup>im-bi-ia, 𒌷𒂍𒁹𒅎𒁉𒅀, URU.É-<sup>m</sup>im-bi-ía, 𒌷𒂍𒁹𒅎𒁉𒐊","fortress, city","Elam, Rāši, Iran",–,"Bagg RGTC 7 3/1: 133–134 (Bīt-Imbīja), Parpola Toponyms: 83–84 (Bīt-Imbî), <a href='http://oracc.museum.upenn.edu/saao/knpp/peoplegodsplaces/index.html' target='_blank'>Knowledge and Power: Bit-Imbi</a>, <a href='https://www.ucl.ac.uk/sargon/peoplegodsplaces' target='_blank'>Assyrian empire builders: Bit-Imbi</a>, <a href='http://oracc.museum.upenn.edu/atae/cbd/qpn-x-places/onebigfile.html' target='_blank'>ATAE Glossary: Places (Bit-Imbi)</a>, <a href='http://oracc.museum.upenn.edu/saao/cbd/qpn-x-places/onebigfile.html' target='_blank'>SAAo Glossary: Places (Bit-Imbi)</a>, <a href='http://oracc.museum.upenn.edu/riao/cbd/qpn-x-places/onebigfile.html' target='_blank'>RIAo Glossary: Places (Bit-Imbi)</a>, <a href='http://oracc.museum.upenn.edu/rinap/cbd/qpn-x-places/onebigfile.html' target='_blank'>RINAP Glossary: Places (Bit-Imbi)</a>, <a href='http://oracc.museum.upenn.edu/atae/cbd/qpn-x-places/onebigfile.html' target='_blank'>ATAE Glossary: Places (Bit-Imbiya)</a>, <a href='http://oracc.museum.upenn.edu/saao/cbd/qpn-x-places/onebigfile.html' target='_blank'>SAAo Glossary: Places (Bit-Imbiya)</a>"
2025-12-03-(21-27-20),edited,1060,Bīt-Ištar,"Bīt-Ištar, Bit-Ištar, Bīt-Issār, Bit-Issar, Ravānsar, Rawānsīr, روانسر",–,34.7153,46.6533,"KUR.É-<sup>d</sup>15, 𒆳𒂍𒀭𒌋𒐊, URU.É-15, 𒌷𒂍𒌋𒐊, URU.É-<sup>d</sup>15, 𒌷𒂍𒀭𒌋𒐊, URU.É-<sup>d</sup>INNIN, 𒌷𒂍𒀭𒈹, URU.É-<sup>d</sup>INANNA, 𒌷𒂍𒀭𒈹",town,"Parsua (?), Mādāja (?), Iran",–,"Bagg RGTC 7 3/1: 134, <a href='https://www.geonames.org/118705/ravansar.html' target='_blank'>Geonames: Ravānsar</a>, <a href='http://oracc.museum.upenn.edu/riao/cbd/qpn-x-places/onebigfile.html' target='_blank'>RIAo Glossary: Places (Bit-Ištar)</a>, <a href='http://oracc.museum.upenn.edu/rinap/cbd/qpn-x-places/onebigfile.html' target='_blank'>RINAP Glossary: Places (Bit-Ištar)</a>"
2025-12-03-(21-27-20),edited,1132,Bīt-kāri,"Bīt-kāri, Bit-kari, Bēt-kāri, Bet-kari, Bīt-karrāja, Bīt-karrāia, Bīt-karraya, Bit-karraya, Bēt-karrāja, Bēt-karrāia, Bet-karraya",–,–,–,"É-ka-a-ri, 𒂍𒅗𒀀𒊑, É-ka-ri, 𒂍𒅗𒊑, KUR.É-ka-a-ri, 𒆳𒂍𒅗𒀀𒊑, KUR.É-KAR / URU.É-KAR, 𒆳𒂍𒋼𒀀 / 𒌷𒂍𒋼𒀀, KUR.É-ka-ar-ra-a-a, 𒆳𒂍𒅗𒅈𒊏𒀀𒀀","territory (?), province (?)","Mādāja (?), Iran",–,"Bagg RGTC 7 3/1: 138–139, <a href='https://publikationen.badw.de/de/rla/index#9737' target='_blank'>Radner: RlA 11. p. 65 (no. 78)</a>, <a href='https://www.ucl.ac.uk/sargon/peoplegodsplaces' target='_blank'>Assyrian empire builders: Bit-kari</a>, <a href='http://oracc.museum.upenn.edu/saao/knpp/peoplegodsplaces/index.html' target='_blank'>Knowledge and Power: Bet-kari</a>, <a href='http://oracc.museum.upenn.edu/atae/cbd/qpn-x-places/onebigfile.html' target='_blank'>ATAE Glossary: Places (Bit-kari)</a>, <a href='http://oracc.museum.upenn.edu/saao/cbd/qpn-x-places/onebigfile.html' target='_blank'>SAAo Glossary: Places (Bit-kari)</a>"
2025-12-03-(23-19-01),edited,229,Bīt-Ramannu,Bīt-Ramannu,–,–,–,–,town,"Central Assyria, East Ğazīra",–,Bagg RGTC 7 2/1: 117
2025-12-03-(23-19-01),edited,230,Bīt-Ruḫūbu,"Bīt-Ruḫūbu, Bīt-Ramannu, Beth Rehov",1,–,–,–,country,–,8 A3,Helsinki Atlas: 7 (map 8 A3)
2025-12-03-(23-19-01),edited,231,Bīt-Sagbat,"Bīt-Sagbat, Ecbatana, Ekbatana, Hamadan, Ḫamadān, Teppe-ye Hekmatana",3,34.80522537438698,48.51695701845878,–,city,"Mādāja, Iran",11 D2,"Helsinki Atlas: 7 (map 11 D2), <a href='https://zenodo.org/record/6384045' target='_blank'>Pedersén ANE: Hamadan / Ecbatana (Teppe-ye Hekmatana)</a>"
2025-12-03-(23-19-01),edited,232,Bīt-Ṣupūri,"Bīt-Ṣupūri, Bīt-Ṣupuri, Bit-Ṣupuri, bt ṣpr, 𐤁𐤕 𐤑𐤐𐤓‎, Ornithopolis, Ormithōnpolis, Ornithon Polis, Ὀρνίθων πόλις, Ṣfārīya (?), Ṣfaray (?), Bṣfaray (?), صفاراي (?), Tell Burāq (?), Tall al-Burāq (?), ʿAdlūn (?), عدلون (?), ʿAin Ṣaufar (?), عين صوفر (?), Mazraʿat Bṣaffūr (?), مزرعة بصفّور (?)",4,33.55528,35.49389,"URU.É-ṣu-pu-ri, 𒌷𒂍𒍮𒁍𒊑, URU.É-<sup>m</sup>ṣu-pu-ri, 𒌷𒂍𒁹𒍮𒁍𒊑, bt ṣpr, 𐤁𐤕 𐤑𐤐𐤓‎",town,"Phoenicia, Ṣīdūnu, Lebanon",8 A3,"Helsinki Atlas: 7 (map 8 A3), Bagg RGTC 7 1: 53–54, Parpola Toponyms: 89, <a href='https://www.geonames.org/267946/sfaray.html' target='_blank'>Geonames: Sfâray</a>, <a href='https://pleiades.stoa.org/places/678000' target='_blank'>Pleiades: ‘Ad Nonum’/Ornithon Polis?</a>, <a href='https://zenodo.org/record/6384045' target='_blank'>Pedersén ANE: (Tell el-Burak)</a>, <a href='https://www.geonames.org/280696/aadloun.html' target='_blank'>Geonames: Aadloûn</a>, <a href='https://www.geonames.org/277414/ain-saoufar.html' target='_blank'>Geonames: Aïn Saoufar</a>, <a href='https://www.geonames.org/270620/mazraat-bsaffour.html' target='_blank'>Geonames: Mazraat Bsaffoûr</a>, <a href='http://oracc.museum.upenn.edu/riao/cbd/qpn-x-places/onebigfile.html' target='_blank'>RIAo Glossary: Places (Bit-Ṣupuri)</a>, <a href='http://oracc.museum.upenn.edu/rinap/cbd/qpn-x-places/onebigfile.html' target='_blank'>RINAP Glossary: Places (Bit-Ṣupuri)</a>"
2025-12-03-(23-19-01),edited,236,Bīt-Tābti,"Bīt-Tābti, Dašt-e Kavīr",2,–,–,–,region,–,off map,Helsinki Atlas: 7 (off map)
2025-12-03-(23-33-58),edited,246,Bumame,"Bumame, Bumami, Tall Māmū, Tall Mamū, Tall Mamu, تل مامو ",–,35.93126,37.02406,"URU.bu-ma-me, 𒌷𒁍𒈠𒈨",town,"Ḫamāt, Syria",–,"Bagg RGTC 7 1: 55, Parpola Toponyms: 94 (Bumami), <a href='https://www.geonames.org/163502/tall-mamu.html' target='_blank'>Geonames: Tall Māmū</a>, <a href='http://oracc.museum.upenn.edu/riao/cbd/qpn-x-places/onebigfile.html' target='_blank'>RIAo Glossary: Places (Bumame [1])</a>, <a href='http://oracc.museum.upenn.edu/rinap/cbd/qpn-x-places/onebigfile.html' target='_blank'>RINAP Glossary: Places (Bumame [1])</a>"
2025-12-03-(23-39-30),edited,249,Būrāte,"Būrāte, Būrāti, Burāti, Burate, Burati",–,–,–,"URU.bu-ra-a-te, 𒌷𒁍𒊏𒀀𒋼",town,"Ḫābūr triangle, Syria",–,"Bagg RGTC 7 1: 127 (Būrāte 1), Zadok 1995: 237 (3.6.4.5)"
2025-12-03-(23-54-50),edited,260,Dābigu,"Dābigu, Dabigu, Dābiq, Adabiq, Adabig, Dabekon, Dabekov, Tell Dabiq, Tall Dābiq, تل دابق",1,36.53975772825272,37.26848559026516,"URU.da-bi-gi, 𒌷𒁕𒁉𒄀, URU.da-bi-gu, 𒌷𒁕𒁉𒄖","town, fortified city","Bīt-Adini, Syria",2 D4,"Helsinki Atlas: 8 (map 2 D4), Bagg RGTC 7 1: 57 (Dabigu), <a href='https://zenodo.org/record/6384045' target='_blank'>Pedersén ANE: Dabigu / Dabekov (Tell Dabiq)</a>, <a href='https://pleiades.stoa.org/places/727743778' target='_blank'>Pleiades: Dabigu</a>"
2025-12-03-(23-54-50),edited,274,Dabinu,"Dabinu, Diban, Dibon, Dībōn, דִּיבוֹן, Diʾbān, Dhiban, ذيبان",–,31.50182193575066,35.77646120526224,"KUR.da-ab-i-na-a-a (?), 𒆳𒁕𒀊𒄿𒈾𒀀𒀀 (?), djbn, 𐤃𐤉𐤁𐤍, דִּיבוֹן","capital, city","Māʾab, Jordan",–,"Bagg RGTC 7 1: 263 (Ṭābilu), <a href='https://zenodo.org/record/6384045' target='_blank'>Pedersén ANE: Diban</a>, <a href='https://pleiades.stoa.org/places/697654' target='_blank'>Pleiades: Dibon</a>, <a href='https://www.ucl.ac.uk/sargon/peoplegodsplaces' target='_blank'>Assyrian empire builders: Dabinu</a>, <a href='http://oracc.museum.upenn.edu/saao/cbd/qpn-x-ethnic/onebigfile.html' target='_blank'>SAAo Glossary: Ethnic (Dabinaya [DIBONITE])</a>"
2025-12-03-(23-58-15),edited,262,Daduni,"Daduni, Dadunu",–,–,–,"KUR.da-du-ni, 𒆳𒁕𒁺𒉌","mountain (?), territory (?)","Zabban, Iraq",–,"Bagg RGTC 7 2/1: 131, Parpola Toponyms: 96, <a href='https://www.ucl.ac.uk/sargon/peoplegodsplaces' target='_blank'>Assyrian empire builders: Dadunu</a>, <a href='http://oracc.museum.upenn.edu/atae/cbd/qpn-x-places/onebigfile.html' target='_blank'>ATAE Glossary: Places (Dadunu)</a>, <a href='http://oracc.museum.upenn.edu/saao/cbd/qpn-x-places/onebigfile.html' target='_blank'>SAAo Glossary: Places (Dadunu)</a>"
2025-12-04-(00-11-53),edited,268,Danabu,"Danabu, Dababu, Din<sup>e</sup>hābâ, Dinehābâ, Dinhabah, דִּנְהָבָה, Danaba, Abila Dekapoleos, Seleukeia, Tall Ābil, Quwailibī, Ḏunaiba, ذنيبّة, دنيبة, Danova (?), Ṣaidnāyā (?), صيدنايا",3,32.68241,35.8689,"KUR.da-na-bi, 𒆳𒁕𒈾𒁉, URU.da-an-a-bi, 𒌷𒁕𒀭𒀀𒁉, URU.da-na-bi, 𒌷𒁕𒈾𒁉, URU.da-na-bu, 𒌷𒁕𒈾𒁍, URU.da-na-pa-a-a, 𒌷𒁕𒈾𒉺𒀀𒀀","town, fortified city","Dimašqa, Syria (?), Jordan (?)",8 A3,"Helsinki Atlas: 8 (map 8 A3), Bagg RGTC 7 1: 59–60, Parpola Toponyms: 98, <a href='https://pleiades.stoa.org/places/668236' target='_blank'>Pleiades: ‘Danova’</a>, <a href='https://pleiades.stoa.org/places/677992' target='_blank'>Pleiades: Abila Dekapoleos/Seleukeia</a>, <a href='https://www.ucl.ac.uk/sargon/peoplegodsplaces' target='_blank'>Assyrian empire builders: Danabu</a>, <a href='http://oracc.museum.upenn.edu/saao/cbd/qpn-x-ethnic/onebigfile.html' target='_blank'>SAAo Glossary: Ethnic (Danabaya)</a>, <a href='http://oracc.museum.upenn.edu/atae/cbd/qpn-x-places/onebigfile.html' target='_blank'>ATAE Glossary: Places (Danabi)</a>, <a href='http://oracc.museum.upenn.edu/saao/cbd/qpn-x-places/onebigfile.html' target='_blank'>SAAo Glossary: Places (Danabi)</a>, <a href='http://oracc.museum.upenn.edu/atae/cbd/qpn-x-places/onebigfile.html' target='_blank'>ATAE Glossary: Places (Danabu)</a>, <a href='http://oracc.museum.upenn.edu/saao/cbd/qpn-x-places/onebigfile.html' target='_blank'>SAAo Glossary: Places (Danabu)</a>, <a href='http://oracc.museum.upenn.edu/riao/cbd/qpn-x-places/onebigfile.html' target='_blank'>RIAo Glossary: Places (Danabu)</a>"
2025-12-04-(00-24-03),edited,272,Dēru,"Dēru, Dēr, Der, Dîr, Bīt-Dērāja (?), Bīt-Dērāia (?), Beth Daraya (?), Tell ʿAgar, Tall ‘Aqār, Tell Aqar, Tall al-ʿAqar, تل عقار, Badra, بدرة",1,33.12349225590192,45.93197073930094,"BÀD.KI, 𒂦𒆠, BÀD.AN.KI, 𒂦𒀭𒆠, de-e-ri, 𒁲𒂊𒊑, de-ri, 𒁲𒊑, KUR.de-e-ri, 𒆳𒁲𒂊𒊑, URU.BÀD, 𒌷𒂦, URU.BÀD.AN.KI, 𒌷𒂦𒀭𒆠, URU.de-e-ri, 𒌷𒁲𒂊𒊑, URU.de-eʾ-ri, 𒌷𒁲𒀪𒊑, URU.de-ri, 𒌷𒁲𒊑, URU.de-ru, 𒌷𒁲𒊒","prov. capital, city, province","Dēru, Jamutbalu, Iraq",11 A3,"Bagg RGTC 7 2/1: 138–140, Helsinki Atlas: 8 (map 11 A3), Parpola Toponyms: 100–101 (Dēr), <a href='https://zenodo.org/record/6384045' target='_blank'>Pedersén ANE: Der (Tell Aqar)</a>, <a href='https://zenodo.org/record/5217600' target='_blank'>CIGS: Der/Tall ‘Aqār</a>, <a href='https://pleiades.stoa.org/places/903013' target='_blank'>Pleiades: Deru/Beth Daraya/Badra</a>, <a href='http://oracc.museum.upenn.edu/saao/knpp/peoplegodsplaces/index.html' target='_blank'>Knowledge and Power: Der</a>, <a href='https://www.ucl.ac.uk/sargon/peoplegodsplaces' target='_blank'>Assyrian empire builders: Der</a>, <a href='http://oracc.museum.upenn.edu/riao/cbd/qpn-x-places/onebigfile.html' target='_blank'>RIAo Glossary: Places (Deri)</a>, <a href='http://oracc.museum.upenn.edu/rinap/cbd/qpn-x-places/onebigfile.html' target='_blank'>RINAP Glossary: Places (Deri)</a>, <a href='http://oracc.museum.upenn.edu/riao/cbd/qpn-x-places/onebigfile.html' target='_blank'>RIAo Glossary: Places (Deru)</a>, <a href='http://oracc.museum.upenn.edu/rinap/cbd/qpn-x-places/onebigfile.html' target='_blank'>RINAP Glossary: Places (Deru)</a>, <a href='http://oracc.museum.upenn.edu/atae/cbd/qpn-x-places/onebigfile.html' target='_blank'>ATAE Glossary: Places (Deru [DER])</a>, <a href='http://oracc.museum.upenn.edu/riao/cbd/qpn-x-places/onebigfile.html' target='_blank'>RIAo Glossary: Places (Deru [DER])</a>, <a href='http://oracc.museum.upenn.edu/saao/cbd/qpn-x-places/onebigfile.html' target='_blank'>SAAo Glossary: Places (Deru [DER])</a>, <a href='http://oracc.museum.upenn.edu/riao/cbd/qpn-x-places/onebigfile.html' target='_blank'>RIAo Glossary: Places (Deru [DER])</a>, <a href='http://oracc.museum.upenn.edu/saao/cbd/qpn-x-ethnic/onebigfile.html' target='_blank'>SAAo Glossary: Ethnic (Deraya [FROM DER])</a>"
2025-12-04-(00-34-18),deleted,275,Dibar (mountain),"Dibar, Ğabal ʿAbd al-ʿAzīz",2,–,–,–,mountain,–,3 D4,Helsinki Atlas: 8 (map 3 D4)
2025-12-04-(00-34-18),new,275,Dibar,"Dibar, Ğabal ʿAbd al-ʿAzīz",2,–,–,–,mountain,–,3 D4,Helsinki Atlas: 8 (map 3 D4)
2025-12-04-(00-41-49),edited,280,Dimašqa,"Dimašqa, Dimmašqa, Dimašqu, Dammaśq, dmšq, dmśq, 𐡃𐡌𐡔𐡒, Dammeśeq, דמשק, דַּמֶּשֶׂק, Darmeśeq, דַרְמֶשֶׂק‎, דרמשק, Demetrias, Damaskos, Δαμασκὸς, Damascus, Dimašq, دمشق, aš-Šām, الشَّام",1,33.51012387661223,36.30920594609906,"URU.di-ma-áš-qi, 𒌷𒁲𒈠𒀾𒆥, URU.di-maš-qa, 𒌷𒁲𒈦𒋡, URU.di-maš-qi, 𒌷𒁲𒈦𒆥, URU.di-maš-qí, 𒌷𒁲𒈦𒆠, URU.di-maš-qu, 𒌷𒁲𒈦𒄣, URU.dim-maš-qa, 𒌷𒁴𒈦𒋡, URU.di-maš-qa-a-a, 𒌷𒁲𒈦𒋡𒀀𒀀, dmšq, דַּמֶּשֶׂק, דמשק, drmšq, דַרְמֶשֶׂק, דרמשק, dmśq, 𐡃𐡌𐡔𐡒","city, capital, prov. capital","Bīt-Ḫazaʾil, Syria",8 B3,"Helsinki Atlas: 8 (map 8 B3), Bagg RGTC 7 1: 60–62, Parpola Toponyms: 103–104, <a href='https://zenodo.org/record/6384045' target='_blank'>Pedersén ANE: Damaskus</a>, <a href='https://pleiades.stoa.org/places/678106' target='_blank'>Pleiades: Damascus</a>, <a href='http://oracc.museum.upenn.edu/saao/knpp/peoplegodsplaces/index.html' target='_blank'>Knowledge and Power: Damascus</a>, <a href='https://www.ucl.ac.uk/sargon/peoplegodsplaces' target='_blank'>Assyrian empire builders: Damascus</a>, <a href='http://oracc.museum.upenn.edu/atae/cbd/qpn-x-places/onebigfile.html' target='_blank'>ATAE Glossary: Places (Dimašqa [DAMASCUS])</a>, <a href='http://oracc.museum.upenn.edu/saao/cbd/qpn-x-places/onebigfile.html' target='_blank'>SAAo Glossary: Places (Dimašqa [DAMASCUS])</a>, <a href='http://oracc.museum.upenn.edu/riao/cbd/qpn-x-places/onebigfile.html' target='_blank'>RIAo Glossary: Places (Dimašqa [DAMASCUS])</a>, <a href='http://oracc.museum.upenn.edu/rinap/cbd/qpn-x-places/onebigfile.html' target='_blank'>RINAP Glossary: Places (Dimašqa [DAMASCUS])</a>, <a href='http://oracc.museum.upenn.edu/saao/cbd/qpn-x-ethnic/onebigfile.html' target='_blank'>SAAo Glossary: Ethnic (Dimašqaya [DAMASCENE])</a>, <a href='http://oracc.museum.upenn.edu/saao/cbd/qpn-x-places/onebigfile.html' target='_blank'>SAAo Glossary: Places (Dimmašqa [DAMASCUS])</a>"
2025-12-04-(01-17-55),edited,1103,Dūr-Adad-nērārī,"Dūr-Adad-nērārī, Dūr-Adad-nārārī, Bīt-Kapan (?), Tall Fidēn, Tell Fidēn, Tell Fiden, الفيدن",4,35.36333340366294,40.56285443246396,"URU.BÀD-<sup>m</sup>10-ERÍN-TÁḪ, URU.BÀD-<sup>m</sup>10-ERIM-TÁḪ, 𒌷𒂦𒁹𒌋𒂟𒃮",town,"Lāqê, Syria",–,"Bagg RGTC 7 2/1: 147, <a href='https://zenodo.org/record/6384045' target='_blank'>Pedersén ANE: (Tell Fiden)</a>, <a href='https://books.openedition.org/cdf/4513' target='_blank'>MTT I/3: Tall Fiden (aB Bīt-Kapan)</a>"
2025-12-04-(01-19-23),edited,894,Suru,"Suru, Sūru, Sūrâ, Sūrāia, Bīt-Kapan (?), Tell Fidēn, Tall Fidēn, Tell Fiden, الفيدن, Buṣaira (?), Buseire (?), البصيرة (?), Tell Suwwar (?), Tall Ṣuwār (?)",1,35.36333340366294,40.56285443246396,"URU.su-ú-ri, 𒌷𒋢𒌑𒊑, URU.su-ru, 𒌷𒋢𒊒",town,"Bīt-Ḫalupê, Lāqê, Syria",9 C1,"Bagg RGTC 7 2: 546 (Sūru 1), Helsinki Atlas: 16 (Sūru 1; map 9 C1), Parpola Toponyms: 319, <a href='https://zenodo.org/record/6384045' target='_blank'>Pedersén ANE: (Tell Fiden)</a>, <a href='https://books.openedition.org/cdf/4513' target='_blank'>MTT I/3: Tall Fiden (aB Bīt-Kapan)</a>, <a href='https://zenodo.org/record/6384045' target='_blank'>Pedersén ANE: Circesium (Buseire)</a>, <a href='https://zenodo.org/record/6384045' target='_blank'>Pedersén ANE: (Tell Suwwar)</a>, <a href='https://books.openedition.org/cdf/4487' target='_blank'>MTT I/3: Tall Suwwar (HIGEOMES Nr. 156)</a>, <a href='http://oracc.museum.upenn.edu/riao/cbd/qpn-x-places/onebigfile.html' target='_blank'>RIAo Glossary: Places (Suru)</a>"
2025-12-04-(01-26-27),edited,1103,Dūr-Adad-nērārī,"Dūr-Adad-nērārī, Dur-Adad-nerari, Dūr-Adad-nārārī, Dur-Adad-narari, Bīt-Kapan (?), Tall Fidēn, Tell Fidēn, Tell Fiden, الفيدن",4,35.36333340366294,40.56285443246396,"URU.BÀD-<sup>m</sup>10-ERÍN-TÁḪ, URU.BÀD-<sup>m</sup>10-ERIM-TÁḪ, 𒌷𒂦𒁹𒌋𒂟𒃮",town,"Lāqê, Syria",–,"Bagg RGTC 7 2/1: 147, <a href='https://zenodo.org/record/6384045' target='_blank'>Pedersén ANE: (Tell Fiden)</a>, <a href='https://books.openedition.org/cdf/4513' target='_blank'>MTT I/3: Tall Fiden (aB Bīt-Kapan)</a>, <a href='http://oracc.museum.upenn.edu/riao/cbd/qpn-x-places/onebigfile.html' target='_blank'>RIAo Glossary: Places (Dur-Adad-nerari [1])</a>"
2025-12-04-(01-41-03),edited,289,Dūr-Aššur,"Dūr-Aššur, Dūr-Aššūr, Dur-Aššur, Atlila, Bakr Āwā, Bakr Awa, بکراوه, بەکراوە,  قرية بكراوه, Yasim Tepe (?), Tepe Yāsīn (?), Yasin Teppe (?)",4,35.22150098124557,45.94018329849395,"URU.at-li-la, 𒌷𒀜𒇷𒆷, URU.BÀD-aš-šur, 𒌷𒂦𒀸𒋩","prov. capital, city","Māzamua, Iraq, Kurdistan",11 A1,"Bagg RGTC 7 3/1: 74–75 (Atlila), Bagg RGTC 7 3/1: 186 (Dūr-Aššūr 2), Helsinki Atlas: 8 (map 11 A1), Parpola Toponyms: 55 (Atlila), Parpola Toponyms: 108 (Dūr-Aššūr), <a href='https://zenodo.org/record/6384045' target='_blank'>Pedersén ANE: Dur-Aššur? (Bakr Awa)</a>, <a href='https://zenodo.org/record/5217600' target='_blank'>CIGS: Bakr Āwā</a>, <a href='http://oracc.museum.upenn.edu/atae/cbd/qpn-x-places/onebigfile.html' target='_blank'>ATAE Glossary: Places (Dur-Aššur)</a>, <a href='http://oracc.museum.upenn.edu/saao/cbd/qpn-x-places/onebigfile.html' target='_blank'>SAAo Glossary: Places (Dur-Aššur)</a>, <a href='http://oracc.museum.upenn.edu/riao/cbd/qpn-x-places/onebigfile.html' target='_blank'>RIAo Glossary: Places (Dur-Aššur)</a>, <a href='http://oracc.museum.upenn.edu/rinap/cbd/qpn-x-places/onebigfile.html' target='_blank'>RINAP Glossary: Places (Dur-Aššur)</a>, <a href='http://oracc.museum.upenn.edu/riao/cbd/qpn-x-places/onebigfile.html' target='_blank'>RIAo Glossary: Places (Atlila)</a>"
2025-12-04-(01-41-03),edited,290,Dūr-Aššūr,"Dūr-Aššūr, Dūr-Aššur, Dur-Aššur",–,–,–,"URU.BÀD-aš-šur, 𒌷𒂦𒀸𒋩",town,"Iraq, Ğazīra",–,Bagg RGTC 7 2/1: 148 (Dūr-Aššur 1)
2025-12-04-(02-21-53),deleted,291,Dūr-Aššur-ketti-lēṣir,"Dūr-Aššūr-ketti-lēṣir, Dūr-Aššur-ketti-lēṣir, Dur-Aššur-ketti-lešer, Dūr-Aššur-ketti-lēšir, Dūr-Aššur-ketti-lēšer, Dūr-Aššur-ketta-lēšir, Tell Bdēri, Tall Bdēri, Tell Bderi, Tall Budayrī",1,36.38755279815428,40.8136865551638,–,town,–,3 D4,"Helsinki Atlas: 8 (map 3 D4), <a href='https://zenodo.org/record/6384045' target='_blank'>Pedersén ANE: Dur-Aššur-ketti-lešer (Tell Bderi)</a>, <a href='https://zenodo.org/record/5217600' target='_blank'>CIGS: Dur-Aššur-ketti-lešer/Tall Budayrī, <a href='https://books.openedition.org/cdf/4439' target='_blank'>MTT I/2: Dūr-Aššur-ketta-lēšir/Tall Bdēri (HIGEOMES Nr. 30)</a>"
2025-12-04-(02-24-42),new,291,Dūr-Aššur-ketti-lēšir,"Dūr-Aššur-ketti-lēšir, Dur-Aššur-ketti-lešir, Dūr-Aššur-ketti-lēšer, Dur-Aššur-ketti-lešer, Dūr-Aššur-ketta-lēšir, Dūr-Aššur-ketti-lēṣir, Dūr-Aššūr-ketti-lēṣir, Tall Bdēri, Tell Bdēri, Tell Bderi, Tall Budayrī, Tall Budayri, Tell Budayri, تل بديري",1,36.38755279815428,40.8136865551638,–,town,"Syria, Mari",3 D4,"Helsinki Atlas: 8 (map 3 D4), <a href='https://zenodo.org/record/6384045' target='_blank'>Pedersén ANE: Dur-Aššur-ketti-lešer (Tell Bderi)</a>, <a href='https://zenodo.org/record/5217600' target='_blank'>CIGS: Dur-Aššur-ketti-lešer/Tall Budayrī</a>, <a href='https://books.openedition.org/cdf/4439' target='_blank'>MTT I/2: Dūr-Aššur-ketta-lēšir/Tall Bdēri (HIGEOMES Nr. 30)</a>"
2025-12-04-(18-59-05),edited,294,Dūr-Balīḫāia,"Dūr-Balīḫāia, Dūr-Balīḫāja, Dūr-Baliḫāya, Dūr-Bilīḫi, Dūr-Bilīḫāja, Dur-Bilihai, Dur-Balihayu, Dur-Balihaya, Dūr-ša-Balīḫāja, Dur-ša-Balihaya, Dūr-Illatāja",4,32.33101,45.60197,"BÀD-šá-<sup>md</sup>KASKAL.KUR-a-a, 𒂦𒃻𒁹𒀭𒆜𒆳𒀀𒀀, URU.BÀD-bi-li-ḫa-a-a, 𒌷𒂦𒁉𒇷𒄩𒀀𒀀, URU.BÀD-KASKAL.KUR-a-a, 𒌷𒂦𒆜𒆳𒀀𒀀, URU.BÀD-<sup>d</sup>KASKAL.KUR-a-a, 𒌷𒂦𒀭𒆜𒆳𒀀𒀀, URU.BÀD-šá-<sup>md</sup>KASKAL.KUR-a-a, 𒌷𒂦𒃻𒁹𒀭𒆜𒆳𒀀𒀀",city,"Bīt-Saʾalli, Southern Babylonia, Iraq",11 A4,"Bagg RGTC 7 3/1: 187, Helsinki Atlas: 8 (map 11 A4; approximate location), Parpola Toponyms: 109 (Dūr-Bilīḫi) 110 (Dūr-Illatāja), <a href='https://www.ucl.ac.uk/sargon/peoplegodsplaces' target='_blank'>Assyrian empire builders: Dur-Balihaya</a>"
2025-12-04-(19-09-32),edited,294,Dūr-Balīḫāia,"Dūr-Balīḫāia, Dūr-Balīḫāja, Dūr-Baliḫāya, Dūr-Bilīḫi, Dūr-Bilīḫāja, Dur-Bilihai, Dur-Balihayu, Dur-Balihaya, Dūr-ša-Balīḫāja, Dur-ša-Balihaya, Dūr-Illatāja",4,32.33101,45.60197,"BÀD-šá-<sup>md</sup>KASKAL.KUR-a-a, 𒂦𒃻𒁹𒀭𒆜𒆳𒀀𒀀, URU.BÀD-bi-li-ḫa-a-a, 𒌷𒂦𒁉𒇷𒄩𒀀𒀀, URU.BÀD-KASKAL.KUR-a-a, 𒌷𒂦𒆜𒆳𒀀𒀀, URU.BÀD-<sup>d</sup>KASKAL.KUR-a-a, 𒌷𒂦𒀭𒆜𒆳𒀀𒀀, URU.BÀD-šá-<sup>md</sup>KASKAL.KUR-a-a, 𒌷𒂦𒃻𒁹𒀭𒆜𒆳𒀀𒀀",city,"Bīt-Saʾalli, Southern Babylonia, Iraq",11 A4,"Bagg RGTC 7 3/1: 187, Helsinki Atlas: 8 (map 11 A4; approximate location), Parpola Toponyms: 109 (Dūr-Bilīḫi), Parpola Toponyms:  110 (Dūr-Illatāja), <a href='https://www.ucl.ac.uk/sargon/peoplegodsplaces' target='_blank'>Assyrian empire builders: Dur-Balihaya</a>"
2025-12-04-(19-09-32),edited,297,Dūr-Iakīn,"Dūr-Iakīn, Dur-Iakin, Dūr-Jakīn, Dur-Jakin, Dur-Yakin, Tall Abū Ṣālabīkh, Tall Abū Salābīḫ, Tell Abu Salabikh, تل أبو صلابيخ, Tall Abū Şabīḩ, Tall Abu Sabih, تل ابو صبيح, Aginis (?), Ampē (?), Durine (?), Duragine (?), Tell el-Lahm (?), Tell al-Lahm (?), تل اللحم",4,30.7546,47.1341,"URU.BÀD-ia-ki-ni, 𒌷𒂦𒅀𒆠𒉌, URU.BÀD-ia-kin₇, URU.BÀD-ia-GIN, 𒌷𒂦𒅀𒁺, URU.BÀD-ša-<sup>m</sup>ia-kin₇, URU.BÀD-ša-<sup>m</sup>ia-GIN, 𒌷𒂦𒊭𒁹𒅀𒁺, URU.BÀD-<sup>m</sup>ia-ki-na, 𒌷𒂦𒁹𒅀𒆠𒈾, URU.BÀD-<sup>m</sup>ia-ki-ni, 𒌷𒂦𒁹𒅀𒆠𒉌, URU.BÀD-<sup>m</sup>ia-ki-in-ni, 𒌷𒂦𒁹𒅀𒆠𒅔𒉌, BÀD-šá-É-<sup>m</sup>ia-ki-ni, 𒂦𒃻𒂍𒁹𒅀𒆠𒉌, BÀD-šá-<sup>m</sup>ia-ki-na, 𒂦𒃻𒁹𒅀𒆠𒈾, BÀD-šá-<sup>m</sup>ia-ki-nu, 𒂦𒃻𒁹𒅀𒆠𒉡, URU.BÀD-ia-ki-na-a-a, 𒌷𒂦𒅀𒆠𒈾𒀀𒀀","capital, city","Babylonia, Bīt-Iakīn, Iraq",16 C2,"Bagg RGTC 7 3/1: 189–190 (Dūr-Jākīn), Helsinki Atlas: 8 (map 16 C2), Parpola Toponyms: 110–111 (Dūr-Jākīn), Roux (1960): <i><a href='https://hdl.handle.net/10079/digcoll/2846327' target='_blank'>Recently discovered ancient sites in the Hammar Lake district (Southern Iraq)</a></i>. Sumer 16: 24–27 and 31 (map), <a href='https://zenodo.org/record/5217600' target='_blank'>CIGS: Tall Abū Ṣālabīkh</a>, <a href='https://www.geonames.org/6763772/tall-abu-sabih.html' target='_blank'>Geonames: Tall Abū Şabīḩ</a>, <a href='https://zenodo.org/record/6384045' target='_blank'>Pedersén ANE: Dur-Jakin (Tell Abu Salabikh)</a>, <a href='https://pleiades.stoa.org/places/912953' target='_blank'>Pleiades: Tell al-Lahm</a>, <a href='https://www.ucl.ac.uk/sargon/peoplegodsplaces' target='_blank'>Assyrian empire builders: Dur-Yakin</a>, <a href='http://oracc.museum.upenn.edu/saao/cbd/qpn-x-places/onebigfile.html' target='_blank'>SAAo Glossary: Places (Dur-Yakin [1])</a>, <a href='http://oracc.museum.upenn.edu/rinap/cbd/qpn-x-places/onebigfile.html' target='_blank'>RINAP Glossary: Places (Dur-Yakin [1])</a>, <a href='http://oracc.museum.upenn.edu/riao/cbd/qpn-x-places/onebigfile.html' target='_blank'>RIAo Glossary: Places (Dur-Yakin [1])</a>, <a href='http://oracc.museum.upenn.edu/atae/cbd/qpn-x-places/onebigfile.html' target='_blank'>ATAE Glossary: Places (Dur-Yakin [1])</a>, <a href='http://oracc.museum.upenn.edu/saao/cbd/qpn-x-ethnic/onebigfile.html' target='_blank'>SAAo Glossary: Ethnic Names (Dur-Yakinaya [Dur-Yakinite])</a>, <a href='http://oracc.museum.upenn.edu/atae/cbd/qpn-x-ethnic/onebigfile.html' target='_blank'>ATAE Glossary: Ethnic Names (Dur-Yakinaya [of Dur-Yakin])</a>, <a href='http://oracc.museum.upenn.edu/saao/cbd/qpn-x-ethnic/onebigfile.html' target='_blank'>SAAo Glossary: Ethnic Names (Dur-Yakinaya [of Dur-Yakin])</a>, <a href='http://oracc.museum.upenn.edu/saao/cbd/qpn-x-places/onebigfile.html' target='_blank'>SAAo Glossary: Places (Duru-ša-Yakin [1])</a>"
2025-12-04-(19-16-48),edited,1099,Dūr-pariki,"Dūr-pariki, Dūr-pariqi, Dur-pariki, Dur-pariqi",–,–,–,"URU.BÀD-pa-ri-ki, URU.BÀD-pa-ri-qí, 𒌷𒂦𒉺𒊑𒆠",town,"Central Assyria (?), Iraq (?)",–,Bagg RGTC 7 2/1: 156
2025-12-04-(19-21-16),edited,305,Dūr-Sîn-aḫḫē-erība,"Dūr-Sîn-aḫḫē-erība, Dūr-Sîn-aḫḫē-erība-eššu, Dur-Sin-ahhe-eriba, Aliḫu, Alihu",–,–,–,"URU.BÀD-<sup>m</sup>30-PAB.MEŠ-SU, 𒌷𒂦𒁹𒌍𒉽𒈨𒌍𒋢, URU.BÀD-<sup>m</sup>30-PAB.MEŠ-SU GIBIL, 𒌷𒂦𒁹𒌍𒉽𒈨𒌍𒋢𒉋, URU.BÀD-<sup>md</sup>30-PAB.MEŠ-SU, 𒌷𒂦𒁹𒀭𒌍𒉽𒈨𒌍𒋢, URU.BÀD-<sup>m</sup>30-ŠEŠ.MEŠ-SU, 𒌷𒂦𒁹𒌍𒋀𒈨𒌍𒋢, BÀD-<sup>md</sup>30-ŠEŠ.MEŠ-SU, 𒂦𒁹𒀭𒌍𒋀𒈨𒌍𒋢, URU.a-li-ḫu, 𒌷𒀀𒇷𒄷, URU.a-li-ḫi, 𒌷𒀀𒇷𒄭","prov. capital, city",Assyria,–,"Bagg RGTC 7 3/1: 17 (Aliḫu), Bagg RGTC 7 3/1: 194–195 (Dūr-Sîn-aḫḫē-erība (eššu)), Parpola Toponyms: 12 (Aliḫu), Parpola Toponyms: 112 (Dūr-Sîn-aḫḫē-erība), Radner (2006): RlA 11: 64, <a href='http://oracc.museum.upenn.edu/atae/cbd/qpn-x-places/onebigfile.html' target='_blank'>ATAE Glossary: Places (Alihu)</a>, <a href='http://oracc.museum.upenn.edu/saao/cbd/qpn-x-places/onebigfile.html' target='_blank'>SAAo Glossary: Places (Alihu)</a>, <a href='http://oracc.museum.upenn.edu/atae/cbd/qpn-x-places/onebigfile.html' target='_blank'>ATAE Glossary: Places (Dur-Sin-ahhe-eriba)</a>, <a href='http://oracc.museum.upenn.edu/saao/cbd/qpn-x-places/onebigfile.html' target='_blank'>SAAo Glossary: Places (Dur-Sin-ahhe-eriba)</a>"
2025-12-04-(19-24-03),edited,309,Dūr-tālitte,"Dūr-tālitte, Dur-talitte, Dūr-Talīti, Dur-Taliti, Dūr-tāliti, Ğamğamāl, Ğamğamal, Jamjamāl, Chamchamāl, Chamchamal, Chemchemāl, Chemchemal, جمجمال",3,35.5366284747094,44.8350760048829,"URU.BÀD-ta-li-te, 𒌷𒂦𒋫𒇷𒋼, URU.BÀD-ta-li-ti, 𒌷𒂦𒋫𒇷𒋾, URU.BÀD-ta-li-tú, 𒌷𒂦𒋫𒇷𒌓, URU.BÀD-ta-lit, 𒌷𒂦𒋫𒀖",town,"Assyria, Arzūḫina province, Iraq",10 D1,"Bagg RGTC 7 2/1: 162–163, Bagg RGTC 7 2/2: 420, Helsinki Atlas: 8 (Dūr-Taliti; map 10 D1), Parpola Toponyms: 114–115 (Dūr-Talīti), Speiser (1926–1927): <i>Southern Kurdistan in the Annals of Ashurnasirpal and Today</i>. AASOR 8: 17 and map, <a href='https://zenodo.org/record/6384045' target='_blank'>Pedersén ANE: Chemchemal</a>, <a href='https://zenodo.org/record/5217600' target='_blank'>CIGS: Jamjamāl</a>, <a href='https://pleiades.stoa.org/places/955698086' target='_blank'>Pleiades: Jamjamāl</a>, <a href='https://www.geonames.org/97417/jamjamal.html' target='_blank'>Geonames: Jamjamāl</a>, <a href='https://www.ucl.ac.uk/sargon/peoplegodsplaces' target='_blank'>Assyrian empire builders: Dur-talitti</a>, <a href='http://oracc.museum.upenn.edu/atae/cbd/qpn-x-places/onebigfile.html' target='_blank'>ATAE Glossary: Places (Dur-Taliti)</a>, <a href='http://oracc.museum.upenn.edu/saao/cbd/qpn-x-places/onebigfile.html' target='_blank'>SAAo Glossary: Places (Dur-Taliti)</a>"
2025-12-04-(19-35-34),edited,312,Dūʾru,"Dūʾru, Duʾru, Dor, Dôr, דוֹר, Dora, Dōra, Dōros, Tel Dor, Tel Dōr, תל דור, Tall Dūr, تل دور, Khirbet el-Burj, خربة البرج",1,32.61630150880558,34.91627101227988,"URU.du-uʾ-ri, 𒌷𒁺𒀪𒊑, URU.du-uʾ-ru, 𒌷𒁺𒀪𒊒, MÍ.du-ra-a-a-te, 𒊩𒁺𒊏𒀀𒀀𒋼, דוֹר","prov. capital (?), city","Phoenicia, Israel",7 C4,"Helsinki Atlas: 8 (map 7 C4), Bagg RGTC 7 1: 63, Parpola Toponyms: 106, <a href='https://zenodo.org/record/6384045' target='_blank'>Pedersén ANE: Dor / Du'ru (Tel Dor / Khirbet el-Burj)</a>, <a href='https://pleiades.stoa.org/places/678121' target='_blank'>Pleiades: Dor(a)</a>, Anthony Tamberino (2018): <i><a href='https://sketchfab.com/3d-models/tel-dor-biblical-port-israel-223035f60f1a4787b49a0fe479f5692f' target='_blank'>Tel Dor (Biblical Port). Israel. 3D model</a></i>, <a href='http://oracc.museum.upenn.edu/saao/cbd/qpn-x-ethnic/onebigfile.html' target='_blank'>SAAo Glossary: Ethnic (Duʾraya [FROM DOR])</a>, <a href='http://oracc.museum.upenn.edu/saao/cbd/qpn-x-places/onebigfile.html' target='_blank'>SAAo Glossary: Places (Duʾru [DOR])</a>"
2025-12-04-(19-41-06),edited,314,Ebeḫ,"Ebeḫ, Ebeh, Ebiḫ, Ebih, Ğabal Ḥamrīn, Jabal Ḩamrīn, Jabal Hamrin, جبل حمرين, Jibāl Ḩamrīn, جبال حمرين, Hamrin Mountains",2,34.74841,44.1901,–,mountain,–,10 C2,"Helsinki Atlas: 8 (map 10 C2), <a href='https://www.geonames.org/96113/silsilat-jibal-hamrin.html' target='_blank'>Geonames: Silsilat Jibāl Ḩamrīn</a>, <a href='https://www.geonames.org/96111/jabal-hamrin.html' target='_blank'>Geonames: Jabal Ḩamrīn</a>, <a href='https://geohack.toolforge.org/geohack.php?pagename=Hamrin_Mountains&params=35.0325_N_43.6463889_E_region:IQ_type:mountain' target='_blank'>GeoHack: Hamrin Mountains</a>"
2025-12-04-(19-47-44),edited,318,Edimgalkalama,"Edimgalkalama\, House, Great Bond of the Land, bīt-Ištarān",–,33.10945,45.94789,"é-dim-gal-kalam-ma, 𒂍𒁴𒃲𒌦𒈠, É.DIM.GAL.KALAM.MA, 𒂍𒁴𒃲𒌦𒈠, É-AN.GAL, 𒂍𒀭𒃲",temple,"Dēru, Dēru province, Iraq",–,"George (1993): <i>House Most High</i>: 76, <a href='https://pleiades.stoa.org/places/667048536' target='_blank'>Pleiades: Edimgalkalama</a>, <a href='http://oracc.museum.upenn.edu/riao/cbd/qpn-x-temple/onebigfile.html' target='_blank'>RIAo Glossary: Temple (Edimgalkalama)</a>, <a href='http://oracc.museum.upenn.edu/rinap/cbd/qpn-x-temple/onebigfile.html' target='_blank'>RINAP Glossary: Temple (Edimgalkalama)</a>"
2025-12-04-(19-48-58),edited,318,Edimgalkalama,"Edimgalkalama, House Great Bond of the Land, bīt-Ištarān",–,33.10945,45.94789,"é-dim-gal-kalam-ma, 𒂍𒁴𒃲𒌦𒈠, É.DIM.GAL.KALAM.MA, 𒂍𒁴𒃲𒌦𒈠, É-AN.GAL, 𒂍𒀭𒃲",temple,"Dēru, Dēru province, Iraq",–,"George (1993): <i>House Most High</i>: 76, <a href='https://pleiades.stoa.org/places/667048536' target='_blank'>Pleiades: Edimgalkalama</a>, <a href='http://oracc.museum.upenn.edu/riao/cbd/qpn-x-temple/onebigfile.html' target='_blank'>RIAo Glossary: Temple (Edimgalkalama)</a>, <a href='http://oracc.museum.upenn.edu/rinap/cbd/qpn-x-temple/onebigfile.html' target='_blank'>RINAP Glossary: Temple (Edimgalkalama)</a>"
2025-12-04-(20-01-01),edited,320,Edurḫenunna,"Edurḫenunna, Edurhenunna, Adad Temple, House Abode of Plenty",–,–,–,"É.DÚR.ḪÉ.NUN.NA, 𒂍𒂉𒃶𒉣𒈾",temple,"Assyria, Aššur, Kurbail, Iraq",–,"George (1993): <i>House Most High</i>: 80–81, <a href='http://oracc.museum.upenn.edu/atae/cbd/qpn-x-temple/onebigfile.html' target='_blank'>ATAE Glossary: Temple (Edurhenunna)</a>, <a href='http://oracc.museum.upenn.edu/saao/cbd/qpn-x-temple/onebigfile.html' target='_blank'>SAAo Glossary: Temple (Edurhenunna)</a>"
2025-12-04-(20-01-02),deleted,321,Eǧil,"Eǧil, Eǧil, Egil",–,38.2564559364139,40.0796817157582,–,monument,Turkey,3 D2,"Helsinki Atlas: 8 (map 3 D2), <a href='https://www.geonames.org/315953/egil.html' target='_blank'>Geonames: Eğil</a>"
2025-12-04-(20-01-03),new,321,Eğil,"Eğil, Eǧil, Egil",–,38.2564559364139,40.0796817157582,–,monument,Turkey,3 D2,"Helsinki Atlas: 8 (map 3 D2), <a href='https://www.geonames.org/315953/egil.html' target='_blank'>Geonames: Eğil</a>"
2025-12-04-(20-23-01),edited,331,Ellišu,"Ellišu, Ullassa, Ulisum, Ullaza, Tripoli, Tripolis, Tall al-Ḫāna (?), Qalʾat al-Qūz (?), Tall Kastina (?), Bāniyās (?), بانياس, Bulunyās (?), Orthosia (?), Ὀρθωσία (?), Orthosias (?)",3,34.4373071828074,35.8383461810007,"URU.el-li-šú, 𒌷𒂖𒇷𒋙",town,"Phoenicia, Lebanon, Syria (?)",8 A2,"Bagg RGTC 7 1: 66, Helsinki Atlas: 8 (map 8 A2), <a href='https://zenodo.org/record/6384045' target='_blank'>Pedersén ANE: Tripolis</a>, <a href='https://www.geonames.org/171830/baniyas.html' target='_blank'>Geonames: Bāniyās</a>, <a href='https://pleiades.stoa.org/places/668325' target='_blank'>Pleiades: Orthosia</a>, <a href='https://www.ancientportsantiques.com/the-catalogue/levant/' target='_blank'>Ancient Ports – Levant: Orthosia/Ullaza</a>, <a href='https://gaialab.terrawatchers.org/DAAHL/SitesRecordView.php?SiteNo=353500049' target='_blank'>DAAHL: Qalʿat Quz</a>, <a href='http://oracc.museum.upenn.edu/riao/cbd/qpn-x-places/onebigfile.html' target='_blank'>RIAo Glossary: Places (Ellišu)</a>, <a href='http://oracc.museum.upenn.edu/rinap/cbd/qpn-x-places/onebigfile.html' target='_blank'>RINAP Glossary: Places (Ellišu)</a>"
2025-12-04-(20-23-01),edited,335,Emesa,"Emesa, Ἔμεσα, Émesa, Hemesa, Colonia Hemesa, Ḥomṣ, Ḥoms, Homs, Ḥimṣ, Hims, Ḥims, حمص, Qal‘at Usāmah Bin Zayd, قلعة أسامة بن زيد, Qal‘at Ḩimş, قلعة حمص",1,34.723504158829,36.7144372519902,–,city,Syria,–,"<a href='https://zenodo.org/record/6384045' target='_blank'>Pedersén ANE: Emesa (Hims)</a>, <a href='https://www.geonames.org/7637142/qal-at-usamah-bin-zayd.html' target='_blank'>Geonames: Qal‘at Usāmah Bin Zayd</a>, <a href='https://pleiades.stoa.org/places/668261' target='_blank'>Pleiades: (H)Emesa</a>"
2025-12-04-(20-23-01),edited,347,Gabbutūnu,"Gabbutūnu, Gabbutunu, Gabbutnu, Gibbetôn, Gabbathōnē, Tēl Malot, Tel Malot, תל מלוט, Tel Gibbeton, Tell Gibbeton, Tall Mālāt, Tell Melat, Tell Malot, Tell el Malat, Raʾs Abī Ḥamīd (?), Raʾs Abū Ḥamīd (?), Tel H̱amid (?), Tel Hamid (?), תל חמיד",1,31.8564,34.8653,"URU.gab-bu-tú-nu, 𒌷𒃮𒁍𒌓𒉡",town,"Pilistu, Levant, Israel",7 C5,"Bagg RGTC 7 1: 68 (Gabbutunu), Helsinki Atlas: 8 (map 7 C5), Parpola Toponyms: 127 (Gabbutnu), <a href='https://gaialab.terrawatchers.org/DAAHL/SitesRecordView.php?SiteNo=343100211' target='_blank'>DAAHL: Tell Melat</a>, <a href='https://www.geonames.org/293375/tel-malot.html' target='_blank'>Geonames: Tel Malot</a>, <a href='https://www.geonames.org/390268/tel-hamid.html' target='_blank'>Geonames: Tel H̱amid</a>, <a href='https://gaialab.terrawatchers.org/DAAHL/SitesDataView.php?SiteNo=343105618' target='_blank'>DAAHL: Tel Hamid</a>, <a href='https://pleiades.stoa.org/places/329386245' target='_blank'>Pleiades: Gabbutūnu</a>, <a href='http://oracc.museum.upenn.edu/riao/cbd/qpn-x-places/onebigfile.html' target='_blank'>RIAo Glossary: Places (Gabbutunu)</a>, <a href='http://oracc.museum.upenn.edu/rinap/cbd/qpn-x-places/onebigfile.html' target='_blank'>RINAP Glossary: Places (Gabbutunu)</a>"
2025-12-04-(20-23-01),edited,1139,Eḫursaggalkurkurra,"Eḫursaggalkurkurra, Ehursaggalkurkurra, Eḫursagkurkurra, Ehursagkurkurra, “House the Great Mountain of the Lands”",1,35.46111,43.26276,"é-ḫur-sag-kur-kur-ra, 𒂍𒄯𒊕𒆳𒆳𒊏, é-ḫur-sag-gal-kur-kur-ra, 𒂍𒄯𒊕𒃲𒆳𒆳𒊏, é-ḫur-sal-gal-kur-kur-ra, 𒂍𒄯𒊩𒃲𒆳𒆳𒊏",temple,"Assyria, Aššur province, Iraq",–,"George 1993: House Most High: 100, <a href='https://pleiades.stoa.org/places/457530554' target='_blank'>Pleiades: Temple of Aššur at Assur</a>, <a href='http://oracc.museum.upenn.edu/saao/knpp/peoplegodsplaces/index.html' target='_blank'>Knowledge and Power: Ehursaggalkurkurra</a>, <a href='http://oracc.museum.upenn.edu/atae/cbd/qpn-x-temple/onebigfile.html' target='_blank'>ATAE Glossary: Temple (Ehursaggalkurkurra [CHAPEL OF AššUR IN EšARRA])</a>, <a href='http://oracc.museum.upenn.edu/saao/cbd/qpn-x-temple/onebigfile.html' target='_blank'>SAAo Glossary: Temple (Ehursaggalkurkurra [CHAPEL OF AššUR IN EšARRA])</a>, <a href='http://oracc.museum.upenn.edu/rinap/cbd/qpn-x-temple/onebigfile.html' target='_blank'>RINAP Glossary: Temple (Ehursaggalkurkurra)</a>, <a href='http://oracc.museum.upenn.edu/riao/cbd/qpn-x-temple/onebigfile.html' target='_blank'>RIAo Glossary: Temple (Ehursaggalkurkurra)</a>, <a href='http://oracc.museum.upenn.edu/atae/cbd/qpn-x-temple/onebigfile.html' target='_blank'>ATAE Glossary: Temple (Ehursagkurkurra)</a>, <a href='http://oracc.museum.upenn.edu/riao/cbd/qpn-x-temple/onebigfile.html' target='_blank'>RIAo Glossary: Temple (Ehursagkurkurra)</a>, <a href='http://oracc.museum.upenn.edu/rinap/cbd/qpn-x-temple/onebigfile.html' target='_blank'>RINAP Glossary: Temple (Ehursagkurkurra)</a>, <a href='http://oracc.museum.upenn.edu/saao/cbd/qpn-x-temple/onebigfile.html' target='_blank'>SAAo Glossary: Temple (Ehursagkurkurra)</a>"
2025-12-04-(20-25-46),edited,337,Enzite,"Alzi, Ilzi, Alši, Alze, Alzu, Enzi, Enzite, Enzata, Enzatu, Ḫinzuta, Anzitēnē, Handziṭ, Elâsiğ",2,38.67431,39.22321,"KUR.al-zi, 𒆳𒀠𒍣, KUR.en-zi, 𒆳𒂗𒍣, KUR.en-zi-te, 𒆳𒂗𒍣𒋼, KUR.en-zi-i-te, 𒆳𒂗𒍣𒄿𒋼","region, territory","Urarṭu, Turkey",3 B2,"Helsinki Atlas: 8 (map 3 B2), Bagg RGTC 7 2/1: 40–41 (Alzi), Bagg RGTC 7 2/1: 170–171 (Enzi), Parpola Toponyms: 13–14 (Alzi), Parpola Toponyms: 125 (Enzi; Enzite), Parpola Toponyms: 173 (Ilzi), <a href='https://www.geonames.org/315808/elazig.html' target='_blank'>Geonames: Elazığ</a>, <a href='https://pleiades.stoa.org/places/874328' target='_blank'>Pleiades: Anzitene</a>, <a href='https://www.ucl.ac.uk/sargon/peoplegodsplaces' target='_blank'>Assyrian empire builders: Alzi</a>, <a href='http://oracc.museum.upenn.edu/atae/cbd/qpn-x-places/onebigfile.html' target='_blank'>ATAE Glossary: Places (Alzi)</a>, <a href='http://oracc.museum.upenn.edu/saao/cbd/qpn-x-places/onebigfile.html' target='_blank'>SAAo Glossary: Places (Alzi)</a>, <a href='http://oracc.museum.upenn.edu/riao/cbd/qpn-x-places/onebigfile.html' target='_blank'>RIAo Glossary: Places (Alzu)</a>, <a href='http://oracc.museum.upenn.edu/riao/cbd/qpn-x-places/onebigfile.html' target='_blank'>RIAo Glossary: Places (Enzi)</a>, <a href='http://oracc.museum.upenn.edu/rinap/cbd/qpn-x-places/onebigfile.html' target='_blank'>RINAP Glossary: Places (Enzi)</a>, <a href='http://oracc.museum.upenn.edu/riao/cbd/qpn-x-places/onebigfile.html' target='_blank'>RIAo Glossary: Places (Enzite)</a>"
2025-12-04-(20-25-46),edited,339,Eridu,"Eridu, Eridug, Abū Šaḥrain, Tell Abu Shahrain",1,30.81686971277664,45.99672447851623,–,city,"Babylonia, Iraq",16 B3,"Helsinki Atlas: 8 (map 16 B3), <a href='https://zenodo.org/record/6384045' target='_blank'>Pedersén ANE: Eridu (Tell Abu Shahrain)</a>"
2025-12-04-(20-50-58),edited,1207,Eṣjōn-gever,"Eṣjōn-gever, Esjōn-geber, ʿEṣyōn Gevēr, ʿEṣyon Geber, ʿEṣyon Gever, Ezion Geber, Ezion-geber, Ezion-Geber, עֶצְיֹן גֶּבֶר, עֶצְיֹון גָּבֶר, Gasion Gabel (?), Tell al-Khulayfa, Tall al Khulayfah, Tell el-Kheleifeh, Tall al Khalifah, Tall al Khalīfah, Tell el-Chulefi, تل الخليفة, Gezîra Fara‘ûn (?), Jazīrat Fir‘awn (?), Jazirat Firawn (?), Geziret Fara'un (?), جزيرة فرعون, Pharaoh's island (?), Jazīrat al Qaryah (?), Geziret el Qreiya (?), جزيرة القرية, Coral island (?)",–,29.5472,34.9803,"עֶצְיֹן גֶּבֶר, עֶצְיֹון גָּבֶר","city, seaport, fortress","Udūmu, Iaʾūdu, Jordan, Egypt (?)",–,"1 Kings 9:26, 2 Chronicles 8:17, <a href='https://www.ancientportsantiques.com/the-catalogue/' target='_blank'>Ancient Ports: Ezion Geber?/Gasion Gabel? (Tell al-Khulayfa)</a>, <a href='https://zenodo.org/record/6384045' target='_blank'>Pedersén ANE: (Tell el-Kheleifeh)?</a>, <a href='https://gaialab.terrawatchers.org/DAAHL/Home.php' target='_blank'>DAAHL: Tall al Khulayfah</a>, <a href='https://www.geonames.org/246603/tall-al-khulayfah.html' target='_blank'>Geonames: Tall al Khulayfah</a>, <a href='https://pleiades.stoa.org/places/746700' target='_blank'>Pleiades: Aelana/Aila</a>, <a href='https://www.ancientportsantiques.com/the-catalogue/' target='_blank'>Ancient Ports: Ezion Geber?/Gasion Gabel? (Geziret Fara'un)</a>, <a href='https://www.geonames.org/356853/jazirat-al-qaryah.html' target='_blank'>Geonames: Jazīrat al Qaryah/Jazīrat Fira‘wn</a>"
2025-12-04-(20-50-58),edited,340,Eritīa,"Eritīa, Ertīa",3,–,–,–,mountain,–,4 D3,Helsinki Atlas: 8 (map 4 D3)
2025-12-04-(20-50-58),edited,502,Išua,"Išua, Isua, Išuwa, Alzi, Enzi, Enzite",2,–,–,"KUR.i-su-a, 𒆳𒄿𒋢𒀀, KUR.i-šu-a, 𒆳𒄿𒋗𒀀",territory,"Urarṭu, Turkey",3 B3,"Bagg RGTC 7 2/1: 258, Helsinki Atlas: 11 (map 3 B3), Parpola Toponyms: 179, <a href='https://books.openedition.org/cdf/4439' target='_blank'>MTT I/2: Išua (HIGEOMES Nr. –)</a>, <a href='http://oracc.museum.upenn.edu/riao/cbd/qpn-x-places/onebigfile.html' target='_blank'>RIAo Glossary: Places (Išua [1])</a>"
2025-12-04-(20-58-39),edited,346,Gabbāru-ibni,"Āl-Gabbāru-ibni, āl Gabbāru-ibni, Āl-gabbāri-bānî, Gabbāru-ibni, Gabbāri-ibni, Gabbari-ibni, Gabbāri-bānî, Sūr Ğurʿa, Sur Jur'eh, Sūr Jarʿā, Sur Jureh, Sūr Jureh, Ğurʿa",3,34.30691535249198,42.19385797397695,"URU-gab-ba-ri-DÙ, 𒌷𒃮𒁀𒊑𒆕",town,"Sūḫu, Iraq",10 B2,"Helsinki Atlas: 8 (map 10 B2), <a href='https://zenodo.org/record/6384045' target='_blank'>Pedersén ANE: Gabbari-ibni (Sur Jur'eh)</a>, <a href='https://pleiades.stoa.org/places/413309738' target='_blank'>Pleiades: Sur Jureh</a>, <a href='https://books.openedition.org/cdf/4487' target='_blank'>MTT I/3: Sur Jureh / Sūr Jureh / Ğurʿa (HIGEOMES Nr. 198)</a>"
2025-12-04-(21-21-22),edited,357,Gibʿat Šaul,"Gibeah, Gibea, גִּבְעָה, Gibeah of Benjamin, Gibʿat Šaul, Gibeah of Shaul, Gibʿat Shaul, Givat Shaul, Givat Šaul, Tell el-Fūl, Tell el-Ful, تلّ الفول",–,31.82221455679701,35.23102508749753,–,"capital, city",Israel,–,<a href='https://zenodo.org/record/6384045' target='_blank'>Pedersén ANE: Gib'at Shaul (Tell el-Ful)</a>
2025-12-04-(21-37-48),edited,360,Gilʾad,"Gilʾad, Galʾadi, Galʾada, Galʾadda, Galʾaza, Gilead, Gilad, Gilʿad, גִּלְעָד, Jalaad, جلعاد, Ramōt Gilʿād (?), רָמֹת גִּלְעָד, Miṣpeh Gilʿād (?), Galaaditis (?), Galaditis (?), Ḫirbat Ğalʿad, Khirbet Galʿad, Tall al-Ḥiṣn (?), Tall al Ḩişn (?), Tall al Hisn (?), تل الحصن, Ḫirbat al-Hēdamūs (?), Khirbat Umm al Haydamūs (?), Khirbat Umm al Haydamus (?), خربة ام الهيدموس, Tall ar-Rāmīṯ (?), Tell Ramith (?), ar-Rāšūnī (?), Khirbat ar Rāshūnī (?), Khirbat ar Rashuni (?), Rashuni (?)",1,32.0954515,35.7908645,"URU.ga-al-ʾa-a-di, 𒌷𒂵𒀠𒀪𒀀𒁲, גִּלְעָד","town, territory","Bīt-Ḫazaʾil, Jordan",7 D4,"Bagg RGTC 7 1: 68–69 (Galʾadi), Helsinki Atlas: 9 (map 7 D4), Parpola Toponyms: 128 (Galʾaza), <a href='https://pleiades.stoa.org/places/889522883' target='_blank'>Pleiades: Gal'adi</a>, <a href='https://www.geonames.org/249086/tall-al-hisn.html' target='_blank'>Geonames: Tall al Ḩişn</a>, <a href='https://www.geonames.org/12141860/khirbat-umm-al-haydamus.html' target='_blank'>Geonames: Khirbat Umm al Haydamūs</a>, <a href='https://gaialab.terrawatchers.org/DAAHL/Home.php' target='_blank'>DAAHL: Tell Ramith</a>, <a href='https://www.geonames.org/247365/khirbat-ar-rashuni.html' target='_blank'>Geonames: Khirbat ar Rāshūnī</a>, <a href='https://gaialab.terrawatchers.org/DAAHL/Home.php' target='_blank'>DAAHL: Rashuni</a>, <a href='https://pleiades.stoa.org/places/678143' target='_blank'>Pleiades: Gala(a)ditis</a>, <a href='http://oracc.museum.upenn.edu/rinap/cbd/qpn-x-places/onebigfile.html' target='_blank'>RINAP Glossary: Places (Galʾadi [Gilead])</a>, <a href='http://oracc.museum.upenn.edu/riao/cbd/qpn-x-places/onebigfile.html' target='_blank'>RIAo Glossary: Places (Galʾadi [Gilead])</a>"
2025-12-04-(21-37-48),edited,373,Gurēte,"Gurēte, Gurētu, Gurete, Guretu, Kurdā (?), Kurda (?), Tall Aswād, Tell Aswad, تل اسود",3,36.58434225861848,40.89691717338182,"URU.gu-re-e-te, 𒌷𒄖𒊑𒂊𒋼",town,"Ḫābūr area, Syria",3 D4,"Bagg RGTC 7 2/1: 185, Helsinki Atlas: 9 (map 3 D4), <a href='https://zenodo.org/record/6384045' target='_blank'>Pedersén ANE: (Tell el-Aswad)</a>, <a href='https://www.geonames.org/172388/tall-al-aswad.html' target='_blank'>Geonames: Tall al Aswad</a>, <a href='http://oracc.museum.upenn.edu/riao/cbd/qpn-x-places/onebigfile.html' target='_blank'>RIAo Glossary: Places (Guretu)</a>"
2025-12-04-(23-51-19),edited,1247,Ḫadattâ,"Ḫadattâ, Hadatta, al-Ğaida, al-Ğdeide, الجديدة, Waḑḩah al Jadīdah, Wadhah al Jadidah, وضحة الجديدة, Waḑḩah Wa Judaydah, Wadhah Wa Judaydah, Ouadha et Jdaide, Ouâdha et Jdaïdé, Waḑḩah Judaydah, Wadhah Judaydah, Ouadha, Wadhah, وضحة, Waẓḥa, Adada (?), Qaṣr al-Ḥair aš-Šarqī (?), Qasr al-Hayr al-Sharqi (?), قصر الحير الشرقي",4,36.03286,38.02381,"URU.ḫa-da-at-ta-a, 𒌷𒄩𒁕𒀜𒋫𒀀",town,Syria,–,"Bagg RGTC 7 1: 82, Parpola Toponyms: 141 (under Ḫadattu), Musil (1927): <i>Arabia Deserta: A Topographical Itinerary</i>: 487 (al-Ğdeide), Musil (1928): <i>Palmyrena: A Topographical Itinerary</i>: 189 (al-Ğdeide/Waẓḥa), <a href='https://www.geonames.org/162699/wadhah-al-jadidah.html' target='_blank'>Geonames: Waḑḩah al Jadīdah</a>, <a href='https://pleiades.stoa.org/places/894070' target='_blank'>Pleiades: Qasr al-Hayr al-Sharqi/Adada?</a>, <a href='http://oracc.museum.upenn.edu/rinap/cbd/qpn-x-places/onebigfile.html' target='_blank'>RINAP Glossary: Places (Hadatta [1])</a>, <a href='http://oracc.museum.upenn.edu/riao/cbd/qpn-x-places/onebigfile.html' target='_blank'>RIAo Glossary: Places (Hadatta [1])</a>"
2025-12-04-(23-51-19),edited,381,Ḫabḫu ša bētāni (2),Ḫabḫu ša bētāni,2,–,–,–,mountain,–,4 D5,Helsinki Atlas: 9 (map 4 D5)
2025-12-04-(23-59-20),edited,391,Ḫalmān,"Ḫalmān, Ḫalman, Halman, Armān, Arman, Ḫalman-niribuni, Alman, Ḫalmanni, Ḫalmanniwe, Ḥolwa, Ḥulwān, Hulwan, Albania, Beth Lashpar, Chala, Chalonitis, Valashfarr, Sar-e Pol-e Zahab, Sar-e Pol-e Ẕahāb, Sar-i Pol-i Zohāb, Sar-e Pol-e Z̄ahāb, Sar-ī-Pūl Zūhāb, Sarpol-e Z̄ahāb, سر پل زهاب, Pol-e Z̄ahāb",1,34.465,45.855,"URU.ar-ma-an, 𒌷𒅈𒈠𒀭, URU.ar-man, 𒌷𒅈𒌋𒌋, URU.ḫal-man, 𒌷𒄬𒌋𒌋, KUR.ḫal-ma-an, 𒆳𒄬𒈠𒀭, LÚ.ḫal-man-a-a, 𒇽𒄬𒌋𒌋𒀀𒀀, URU.ḫal-man-a-a, 𒌷𒄬𒌋𒌋𒀀𒀀",city,"Jasubu, Iran",11 A2,"Bagg RGTC 7 2/1: 198–199 (Ḫalman 2), Helsinki Atlas: 9 (map 11 A2), Parpola Toponyms: 30 (Arman), Parpola Toponyms: 143 (Ḫalman), <a href='https://zenodo.org/record/6384045' target='_blank'>Pedersén ANE: (Sar-e Pol-e Zahab)</a>, <a href='https://zenodo.org/record/5217600' target='_blank'>CIGS: Sar-i Pol-i Zohāb</a>, <a href='https://pleiades.stoa.org/places/903043' target='_blank'>Pleiades: [Hulwan]/Valashfarr/Beth Lashpar/Chala/Albania</a>, <a href='https://www.geonames.org/120931/sarpol-e-zahab.html' target='_blank'>Geonames: Sarpol-e Z̄ahāb</a>, <a href='http://oracc.museum.upenn.edu/saao/knpp/peoplegodsplaces/index.html' target='_blank'>Knowledge and Power: Halman</a>, <a href='http://oracc.museum.upenn.edu/riao/cbd/qpn-x-places/onebigfile.html' target='_blank'>RIAo Glossary: Places (Arman)</a>, <a href='http://oracc.museum.upenn.edu/riao/cbd/qpn-x-places/onebigfile.html' target='_blank'>RIAo Glossary: Places (Halman [ALEPPO])</a>, <a href='http://oracc.museum.upenn.edu/saao/cbd/qpn-x-ethnic/onebigfile.html' target='_blank'>SAAo Glossary: Ethnic (Halmanaya [FROM HALMANU])</a>, <a href='http://oracc.museum.upenn.edu/atae/cbd/qpn-x-ethnic/onebigfile.html' target='_blank'>ATAE Glossary: Ethnic (Halmanaya [OF HALMAN 2]</a>, <a href='http://oracc.museum.upenn.edu/riao/cbd/qpn-x-places/onebigfile.html' target='_blank'>RIAo Glossary: Places (Halman)</a>"
2025-12-04-(23-59-20),edited,394,Ḫalzi-atbāri,Ḫalzi-atbāri,2,–,–,–,province,–,4 B4,"Bagg RGTC 7 2/1: 201–202, Helsinki Atlas: 9 (map 4 B4)"
2025-12-04-(23-59-20),edited,395,Ḫalziluḫa,"Ḫalziluḫa, Halziluha, Eluḫat (?)",–,–,–,"URU.ḫal-zi-lu-ḫa, 𒌷𒄬𒍣𒇻𒄩",town,"Āmidu province (?), Turkey",–,"Bagg RGTC 7 2/1: 202, Parpola Toponyms: 144–145, <a href='https://books.openedition.org/cdf/4487' target='_blank'>MTT I/3: Üç Tepe / Eluḫat (HIGEOMES Nr. 127)</a>, <a href='http://oracc.museum.upenn.edu/riao/cbd/qpn-x-places/onebigfile.html' target='_blank'>RIAo Glossary: Places (Halziluha [1])</a>"
2025-12-05-(00-01-48),edited,401,Ḫamūru,Ḫamūru,–,–,–,–,"tribe in Babylonia, living near Borsippa",–,–,"Vera Chamaza (2002): <i>Die Omnipotenz Aššurs</i>. AOAT 295: 30–31, PNA 2/2, 256; PNA 2/2, 728; PNA 3/2, 1283"
2025-12-05-(00-04-23),edited,401,Ḫamūru,Ḫamūru,–,–,–,–,"tribe in Babylonia, living near Borsippa",–,–,"Vera Chamaza (2002): <i>Die Omnipotenz Aššurs</i>. AOAT 295: 30–31, PNA 2/2: 256, PNA 2/2: 728, PNA 3/2: 1283"
2025-12-05-(00-04-23),edited,402,Ḫanigalbat,Ḫanigalbat,2,–,–,–,"territory, Middle Assyrian province","Kāšijēri mountains, Turkey, Syria",3 D4,"Bagg RGTC 7 2/1: 206, Helsinki Atlas: 9 (map 3 D4)"
2025-12-05-(00-11-50),edited,406,Ḫāradu,"Ḫāradu, Ḫarādu, Ḫaradu, Ḫarada, Haradu, Ḫarad, Ḫarrādu, Ḫaridu, Ḫaradum, Ḫarrâdum, Ḫirbat ad-Dīnīya, Ḫirbat ad-Dīnīyah, Khirbet ed-Diniye, Khirbat al-Diniyah, Khirbit ed-Diniye, خربة الدينية",1 (3 in Helsinki Atlas),34.4611154744609,41.586344597931,"URU.ḫa-ra-da, 𒌷𒄩𒊏𒁕, URU.ḫa-ri-di, 𒌷𒄩𒊑𒁲, URU.ḫa-ru-du, 𒌷𒄩𒊒𒁺",town,"Sūḫu, Iraq",9 D2,"Bagg RGTC 7 2/1: 208–209, Helsinki Atlas: 10 (map 9 D2), Parpola Toponyms: 149 (Ḫarad), <a href='https://zenodo.org/record/6384045' target='_blank'>Pedersén ANE: Haradu (Khirbet ed-Diniye)</a>, <a href='https://zenodo.org/record/5217600' target='_blank'>CIGS: Haradum / Khirbat al-Diniyah</a>, <a href='https://books.openedition.org/cdf/4487' target='_blank'>MTT I/3: Khirbat ed-Diniye / ḪARRĀDU (HIGEOMES Nr. 203)</a>, <a href='https://pleiades.stoa.org/places/894003' target='_blank'>Pleiades: Haradu</a>, <a href='http://oracc.museum.upenn.edu/riao/cbd/qpn-x-places/onebigfile.html' target='_blank'>RIAo Glossary: Places (Harada)</a>, <a href='http://oracc.museum.upenn.edu/riao/cbd/qpn-x-places/onebigfile.html' target='_blank'>RIAo Glossary: Places (Haridu)</a>"
2025-12-05-(00-13-45),edited,409,Ḫarḫār,"Ḫarḫār, Ḫarḫar, Kār-Šarrukīn, Malayer, Tepe Giyan",4,34.18139,48.24361,–,"prov. capital, city",–,12 A2,"Helsinki Atlas: 9 (map 12 A2), Radner (2018): <i>The “Lost Tribes of Israel” in the Context of the Resettlement Programme of the Assyrian Empire</i>: 110"
2025-12-05-(00-17-19),edited,413,Ḫarmiš,"Ḫarmiš, Harmiš, Marirtu, Mygdonius, Μυγδόνιος, Ḥirmās, Harmās, Ğaġğāġ, Ǧaġǧaġ, Wādī Ğaġğāġ, Nahr al-Jaghjagh, Nahr Jaghjagh, نهر جقجق, Nahr Jaqjaq, نهر الجغجغ, Çağ-çağ Deresi",2,–,–,"ÍD.ḫar-miš, 𒀀𒇉𒄯𒈩",river,"Turkey, Syria",3 E4,"Helsinki Atlas: 9 (map 3 E4), Bagg RGTC 7 2/2: 677, <a href='http://oracc.museum.upenn.edu/riao/cbd/qpn-x-waters/onebigfile.html' target='_blank'>RIAo Glossary: Waters (Harmiš)</a>"
2025-12-05-(00-17-19),edited,415,Ḫarrānu,"Ḫarrānu, Ḫarrān, Harran, Ḥarrān, Carrhae",1,36.86626455357698,39.03154981361516,–,"prov. capital, city",Turkey,3 C4,"Helsinki Atlas: 9 (map 3 C4), <a href='https://zenodo.org/record/6384045' target='_blank'>Pedersén ANE: Harran</a>"
2025-12-05-(00-24-45),edited,414,Ḫarrānia,"Ḫarrānia, Harrania, Harraniya, Rāniya, Ṟaniye, Rania, Rānia, Raniya, Rāniyah, Rānīyah, رانية",3,36.25511,44.88239,"URU.har-ra-a-ni-a, 𒌷𒄯𒊏𒀀𒉌𒀀, URU.har-ra-ni-a, 𒌷𒄯𒊏𒉌𒀀, KUR.har-ra-na-a-a, 𒆳𒄯𒊏𒈾𒀀𒀀",town,"Māt-nāgir-ekalli, Iraq",4 D5,"Bagg RGTC 7 3/1: 263–264, Helsinki Atlas: 9 (map 4 D5), Parpola Toponyms: 153, <a href='https://www.geonames.org/92052/raniye.html' target='_blank'>Geonames: Ṟaniye</a>, <a href='http://oracc.museum.upenn.edu/saao/knpp/peoplegodsplaces/index.html' target='_blank'>Knowledge and Power: Harraniya</a>, <a href='https://www.ucl.ac.uk/sargon/peoplegodsplaces' target='_blank'>Assyrian empire builders: Harraniya</a>, <a href='http://oracc.museum.upenn.edu/riao/cbd/qpn-x-ethnic/onebigfile.html' target='_blank'>RIAo Glossary: Ethnic Names (Harranayu [of Harrania])</a>, <a href='http://oracc.museum.upenn.edu/saao/cbd/qpn-x-places/onebigfile.html' target='_blank'>SAAo Glossary: Places (Harrania [1])</a>, <a href='http://oracc.museum.upenn.edu/atae/cbd/qpn-x-places/onebigfile.html' target='_blank'>ATAE Glossary: Places (Harrania [1])</a>"
2025-12-05-(00-24-45),edited,417,Ḫaṣōr,"Ḫaṣōr, Hazor, Chatsôr, חצור, Hasōr, Άσώρ, Tel Hazor, Tel H̱aẕor, Tel H̱atsor, תל חצור",1,33.01753991833248,35.56823823668658,חצור,"city, country","Canaan, Israel",–,"<a href='https://zenodo.org/record/6384045' target='_blank'>Pedersén ANE: Hazor</a>, <a href='https://pleiades.stoa.org/places/779967430' target='_blank'>Pleiades: Tel Hazor</a>, <a href='https://www.geonames.org/293365/tel-hazor.html' target='_blank'>Geonames: Tel H̱aẕor</a>"
2025-12-05-(00-26-36),edited,420,Ḫatallu,"Hadallu,Ḫatallu, Hatallu, Ḫaṭallu, Ḫadallu, Hadallu, Ḫutallim, Hutallim",–,–,–,"KUR.ḫa-da-lu, 𒆳𒄩𒁕𒇻, KUR.ḫa-dal-li, KUR.ḫa-tal-li, 𒆳𒄩𒊑𒇷, KUR.ḫa-ta-li, 𒆳𒄩𒋫𒇷, KUR.ḫa-ta-lim, 𒆳𒄩𒋫𒅆, KUR.ḫa-ṭal-la-a-a, 𒆳𒄩𒊑𒆷𒀀𒀀, URU.ḫa-tal-lim, 𒌷𒄩𒊑𒅆, LÚ.ḫa-tal-la-a-a, 𒇽𒄩𒊑𒆷𒀀𒀀, LÚ.ḫa-tal-a-a, 𒇽𒄩𒊑𒀀𒀀, LÚ.ḫa-tal-la, 𒇽𒄩𒊑𒆷, LÚ.ḫa-tal-li, 𒇽𒄩𒊑𒇷, LÚ.ḫa-tal-lu, 𒇽𒄩𒊑𒇻, LÚ.ḫa-tal-lum, 𒇽𒄩𒊑𒈝, <sup>m</sup>ḫa-tal-la-a-a, 𒁹𒄩𒊑𒆷𒀀𒀀","Aramean tribe, territory, province, city","Babylonia, Assyria, Raṣappa province, Ḫatallu province, Iraq",–,"Bagg RGTC 7 2/1: 220–221, Parpola Toponyms: 140–141 (Ḫadallu), <a href='https://publikationen.badw.de/de/rla/index' target='_blank'>Radner RlA 11: 50 and 64 (Provinz)</a>, <a href='https://www.ucl.ac.uk/sargon/peoplegodsplaces' target='_blank'>Assyrian empire builders: Hatallu</a>, <a href='http://oracc.museum.upenn.edu/saao/cbd/qpn-x-places/onebigfile.html' target='_blank'>SAAo Glossary: Places (Hatalla [1])</a>, <a href='http://oracc.museum.upenn.edu/saao/cbd/qpn-x-ethnic/onebigfile.html' target='_blank'>SAAo Glossary: Ethnic Names (Hatallaya [1])</a>, <a href='http://oracc.museum.upenn.edu/rinap/cbd/qpn-x-ethnic/onebigfile.html' target='_blank'>RINAP Glossary: Ethnic Names (Hatallu [1])</a>, <a href='http://oracc.museum.upenn.edu/saao/cbd/qpn-x-ethnic/onebigfile.html' target='_blank'>SAAo Glossary: Ethnic Names (Hatallu [1])</a>, <a href='http://oracc.museum.upenn.edu/atae/cbd/qpn-x-ethnic/onebigfile.html' target='_blank'>ATAE Glossary: Ethnic Names (Hatallu [1])</a>, <a href='http://oracc.museum.upenn.edu/riao/cbd/qpn-x-ethnic/onebigfile.html' target='_blank'>RIAo Glossary: Ethnic Names (Hatallu [1])</a>, <a href='http://oracc.museum.upenn.edu/riao/cbd/qpn-x-places/onebigfile.html' target='_blank'>RIAo Glossary: Places (Hatallu [1])</a>, <a href='http://oracc.museum.upenn.edu/atae/cbd/qpn-x-places/onebigfile.html' target='_blank'>ATAE Glossary: Places (Hatallu [1] (GN))</a>, <a href='http://oracc.museum.upenn.edu/atae/cbd/qpn-x-places/onebigfile.html' target='_blank'>ATAE Glossary: Places (Hatallu [1] (SN))</a>"
2025-12-05-(00-31-32),edited,422,Hatra,"Hatra, el-Hadhar",1,35.58702654572084,42.71855218530546,–,–,Iraq,–,<a href='https://zenodo.org/record/6384045' target='_blank'>Pedersén ANE: Hatra (el-Hadhar)</a>
2025-12-05-(00-38-39),edited,432,Ḫēsa,"Ḫēsa, Hesa, Ḫazi (?), Hasya, Ḥisya, Hisya, Hassye, Ḩasyah, Hasyah, Ḩisyah, Hisyah, Ḫasīya, Hasiya, Hassiye, Hassia, Hassie, Ḩisīyah, Hisiyah, حسية, Ḩisyā, حسيا, Ḩisyā’, Hisya', حسياء, Tall Ḥizzīn (?), Tell Hizzîne (?), Tell Hizzine (?), Tall Ḩizzīn (?), Tall Hizzin (?), Tell Hizzin (?)",3,34.41197,36.75867,"URU.ḫe-e-sa, 𒌷𒄭𒂊𒊓","town, station","Ṣūpat, Syria, Lebanon (?)",8 B2,"Bagg RGTC 7 1: 104–105, Helsinki Atlas: 10 (map 8 B2), Parpola Toponyms: 160, <a href='https://www.geonames.org/169557/hisya.html' target='_blank'>Geonames: Ḩisyā’</a>, <a href='https://zenodo.org/record/6384045' target='_blank'>Pedersén ANE: Hazi? (Tell Hizzin)</a>, <a href='https://www.geonames.org/266883/tell-hizzine.html' target='_blank'>Geonames: Tell Hizzîne</a>, <a href='http://oracc.museum.upenn.edu/saao/cbd/qpn-x-places/onebigfile.html' target='_blank'>SAAo Glossary: Places (Hesa [1])</a>, <a href='http://oracc.museum.upenn.edu/atae/cbd/qpn-x-places/onebigfile.html' target='_blank'>ATAE Glossary: Places (Hesa [1])</a>"
2025-12-05-(00-38-39),edited,433,Ḫešbōn,"Ḫešbōn, Heshbon, חשבון, حشبون, Esbous, Ἔσβους, Ἐσβούς, Esebon, Ἐσεβών, Essebon, Ἐσσεβών, Esebus, Tell Hesban, Tell Hisban, Tell Ḥesbān, تل حسبان",–,31.80055602820764,35.80902629376263,–,city,"Bīt-Ammān, Jordan",–,"<a href='https://zenodo.org/record/6384045' target='_blank'>Pedersén ANE: Heshbon (Tell Hesban)</a>, <a href='https://pleiades.stoa.org/places/697662' target='_blank'>Pleiades: Esbous</a>"
2025-12-05-(00-41-35),edited,438,Ḫindānu,"Ḫindānu, Hindanu, Ḫindāni, Hindani, Ḫiddan, Giddan, 'Eddana, Eddana, al-Ğābirīya, Ǧābirīja, الجابرية, Al Karābilah, Karable, Karābla, الكرابلة, Aš-Šeḥ Gabir, aš-Šēḫ Ǧābir, Tāma",2,34.38272234024895,41.06436479103434,"ḫi-da-na, 𒄭𒁕𒈾, ḫi-in-dan, 𒄭𒅔𒆗, KUR.ḫe-en-da-nu, 𒆳𒄭𒂗𒁕𒉡, KUR.ḫi-in-da-nu, 𒆳𒄭𒅔𒁕𒉡, KUR.ḫi-in-da-ni, 𒆳𒄭𒅔𒁕𒉌, KUR.ḫi-in-dan, 𒆳𒄭𒅔𒆗, URU.ḫe-en-da-nu, 𒌷𒄭𒂗𒁕𒉡, URU.ḫi-in-da-a-na, 𒌷𒄭𒅔𒁕𒀀𒈾, URU.ḫi-in-da-a-ni, 𒌷𒄭𒅔𒁕𒀀𒉌, URU.ḫi-in-da-a-nu, 𒌷𒄭𒅔𒁕𒀀𒉡, URU.ḫi-in-da-na, 𒌷𒄭𒅔𒁕𒈾, URU.ḫi-in-da-ni, 𒌷𒄭𒅔𒁕𒉌, URU.ḫi-in-da-nu, 𒌷𒄭𒅔𒁕𒉡, URU.ḫi-in-dà-na, 𒌷𒄭𒅔𒆕𒈾, URU.ḫi-in-dan, 𒌷𒄭𒅔𒆗, URU.ḫi-in-dan-a, 𒌷𒄭𒅔𒆗𒀀, KUR.ḫi-in-da-a-a, 𒆳𒄭𒅔𒁕𒀀𒀀, KUR.ḫi-in-da-na-a-a, 𒆳𒄭𒅔𒁕𒈾𒀀𒀀, KUR.ḫi-in-da-na-ia, 𒆳𒄭𒅔𒁕𒈾𒅀, KUR.ḫi-in<sub>4</sub>-da-na-a-a, 𒆳𒄭𒂗𒁕𒈾𒀀𒀀, LÚ.ḫi-in-da-na-a-a, 𒇽𒄭𒅔𒁕𒈾𒀀𒀀, URU.ḫi-in-da-na-a-a, 𒌷𒄭𒅔𒁕𒈾𒀀𒀀","city, country, province","Ḫindānu, Iraq",9 D2,"Bagg RGTC 7 2/1: 227–230, Helsinki Atlas: 10 (map 9 D2), <a href='https://zenodo.org/record/6384045' target='_blank'>Pedersén ANE: Hindanu (Karable)</a>, <a href='https://books.openedition.org/cdf/4487' target='_blank'>MTT I/3: Karable/ḪINDĀNU (HIGEOMES Nr. 725)</a>, <a href='https://pleiades.stoa.org/places/894006' target='_blank'>Pleiades: Hindanu/Eddana</a>, <a href='https://www.geonames.org/95377/wadi-al-jabiriyah.html' target='_blank'>Geonames: Wādī al Jābirīyah</a>, <a href='https://www.geonames.org/99180/al-karabilah.html' target='_blank'>Geonames: Al Karābilah</a>, <a href='http://oracc.museum.upenn.edu/saao/knpp/peoplegodsplaces/index.html' target='_blank'>Knowledge and Power: Hindanu</a>, <a href='https://www.ucl.ac.uk/sargon/peoplegodsplaces' target='_blank'>Assyrian empire builders: Hindanu</a>, <a href='http://oracc.museum.upenn.edu/saao/cbd/qpn-x-ethnic/onebigfile.html' target='_blank'>SAAo Glossary: Ethnic (Hindanaya)</a>, <a href='http://oracc.museum.upenn.edu/riao/cbd/qpn-x-ethnic/onebigfile.html' target='_blank'>RIAo Glossary: Ethnic (Hindanayu)</a>, <a href='http://oracc.museum.upenn.edu/atae/cbd/qpn-x-places/onebigfile.html' target='_blank'>ATAE Glossary: Places (Hindanu)</a>, <a href='http://oracc.museum.upenn.edu/riao/cbd/qpn-x-places/onebigfile.html' target='_blank'>RIAo Glossary: Places (Hindanu)</a>, <a href='http://oracc.museum.upenn.edu/saao/cbd/qpn-x-places/onebigfile.html' target='_blank'>SAAo Glossary: Places (Hindanu)</a>, <a href='http://oracc.museum.upenn.edu/rinap/cbd/qpn-x-places/onebigfile.html' target='_blank'>RINAP Glossary: Places (Hindanu)</a>"
2025-12-09-(22-50-23),edited,1344,Ḥorvat Tevet,"Ḥorvat Tevet, Horvat Tevet, H̱orbat Tevet, Horbat Tevet, Khirbet Tevet, חורבת טבת",1,32.63780311319145,35.33381074954284,–,town,"Bīt-Ḫumrî, Israel",–,"<a href='https://doi.org/10.1080/03344355.2025.2550116' target='_blank'>Peleg et al. (2025): <i>A Unique Assemblage of Cremation Burial from Ḥorvat Tevet and Assyrian Imperial Rule in the Jezreel Valley</i>. Tel Aviv 52: 217–255. https://doi.org/10.1080/03344355.2025.2550116</a>, <a href='https://zenodo.org/record/6384045' target='_blank'>Pedersén ANE: (Horbat Tevet)</a>, <a href='https://www.geonames.org/293321/horbat-tevet.html' target='_blank'>Geonames: H̱orbat Tevet</a>"
2025-12-09-(22-50-23),edited,439,Ḫindaru,"Ḫindaru, Ḫindiru",–,–,–,–,Aramean tribe,Babylonia,–,–
2025-12-09-(22-50-23),edited,441,Ḫinnis Monuments,"Ḫinnis Monuments, Kharusa Monuments, Hinnis Monuments, Bavian Monuments, Khinis Monuments, Bawian Monuments, Khinnis Monuments",–,36.76156,43.41999,–,monument,"Assyria, Iraq",4 C5,"Helsinki Atlas: 10 (map 4 C5), <a href='http://www.terradininive.com/visita-virtuale-di-faida/?lang=en' target='_blank'>Virtual tour of the Faida canal & rock-reliefs</a>"
2025-12-09-(22-50-23),edited,443,Ḫirītu,Ḫirītu,–,–,–,–,river,"Babylonia, Gambūlu",–,–
2025-12-09-(22-50-23),edited,445,Ḫubišna,"Ḫubišna, Ḫupišna, Ḫubušna, Ḫubušnu, Hubišna, Hupišna, Hubušnu, Kybistra, Cybistra, Karahüyük, 'Eregli",1,37.66235731565359,34.22690890424559,–,city,Turkey,1 D3,"Helsinki Atlas: 10 (map 1 D3), <a href='https://zenodo.org/record/6384045' target='_blank'>Pedersén ANE: Hupišna / Hubušnu / Kybistra (Karahüyük)</a>"
2025-12-09-(23-02-14),edited,447,Ḫudubili,"Ḫudubili, Ḫudubilu, Hudubilu, as-Slejmijje (near/behind)",5,34.24972,42.34750,"URU.ḫu-du-bi-li, 𒌷𒄷𒁺𒁉𒇷",town,"Sūḫu, Iraq",–,"Bagg RGTC 7 2/1: 236, Parpola Toponyms: 168, Musil (1927): <i>The Middle Euphrates: A Topographical Itinerary</i>: 203 and map d7, <a href='https://www.geonames.org/95402/islamiyah.html' target='_blank'>Geonames: Islāmīyah</a>, <a href='http://oracc.museum.upenn.edu/riao/cbd/qpn-x-places/onebigfile.html' target='_blank'>RIAo Glossary: Places (Hudubilu)</a>"
2025-12-09-(23-02-14),edited,453,Ḫuri-ṣubuʾi,"Ḫuri-ṣubuʾi, Huri-ṣubuʾi, Huri-ṣubu'i, Khraṣbo (?)",–,35.61418771815032,35.87285278541339,–,–,Syria,–,<a href='https://zenodo.org/record/6384045' target='_blank'>Pedersén ANE: Huri-ṣubu'i (Khraṣbo)?</a>
2025-12-11-(22-19-16),edited,459,Ḫuzirina,"Ḫuzirīna, Ḫuzirina, Ḫuzīrīna, Huzirina, Ḫaziri, Ḫuzīrānu, Tall ʿĀmūdā, Tall ʻĀmūdā, Tell 'Amuda, تل عامودا, ʿĀmūdā, ‘Āmūdā, Amuda, Amude, Amouda, Aâmoûda, ‘Āmūdah, عامودا, عامودة",3,37.1041324876591,40.9299736280198,"URU.ḫu-zi-ri-na, 𒌷𒄷𒍣𒊑𒈾",town,"Ḫanigalbat, Syria",3 D3,"Bagg RGTC 7 2/1: 238–239 (Ḫuzīrīna), Helsinki Atlas: 10 (map 3 D3; Ḫuzīrīna (2)), Postgate RlA 4: 535–536, <a href='https://zenodo.org/record/6384045' target='_blank'>Pedersén ANE: (Tell 'Amuda)</a>, <a href='https://zenodo.org/record/5217600' target='_blank'>CIGS: Tall ʻĀmūdā</a>, <a href='https://www.geonames.org/173230/-amuda.html' target='_blank'>Geonames: ‘Āmūdā</a>"
2025-12-11-(22-19-16),edited,462,Iadaʾî,"Iadaʾî, Jadaʾî, Yadaʾî",–,–,–,–,town,Izalla,–,"Bagg RGTC 7 2/1: 267, Zadok, The Ethno-Linguistic character of the Jezireh and adjancent regions in the 9th–7th centuries, in Liverani (1995): 271 (6.3.6), Kessler (1980): <i>Unterzchungen zur historischen Topografie Nordmesopotamiens nach keilschriftlichen Quellen des 1. Jahrtausends v Chr.</i> TAVO Beih; B 26: 47 Anm. 205"
2025-12-11-(22-19-16),edited,461,Iabrūdu,"Iabrūdu, Jabrūdu, Jabrudu, Iabrudu, Yabrūd, Yabrud",1,33.96665465390497,36.65995647556744,–,town,Syria,8 B3,Helsinki Atlas: 10 (map 8 B3)
2026-01-09-(09-02-31),edited,468,Iappû,"Iappû, Iappu, Jappû, Jappu, Yappû, Yappu, Yappū, Yapu, jpj, ypy, 𐤉𐤐𐤉, Yȧfo, Yafo, יפו, יָפוֹ, Iapha, Iope, Ἰόπη, Ioppē, Ioppe, Ἰόππη, Flavia Ioppa, Japhe, Joppe, Joppa, Yāfā, Yafa, يافا, يَافَا, Jaffa, Jafa, Giaffa, Yafah, Yafo ha-‘Attiqa, Yafo Ha‘Attiqa, יפו העתיקה, Old Yafo, Tel Yafo",1,32.05405549541103,34.75264313322741,"URU.ia-ap-pu-u, 𒌷𒅀𒀊𒁍𒌋, URU.ia-ap-pu-ú, 𒌷𒅀𒀊𒁍𒌑, URU.ia-ap-pu, 𒌷𒅀𒀊𒁍, URU.ia-pu-u, 𒌷𒅀𒁍𒌋, jpj, ypy, 𐤉𐤐𐤉, jpv, ypv, יפו","seaport, city","Canaan, Isqalūna, Pilistu, Israel",7 C4,"Bagg RGTC 7 1: 124–125 (Jappû), Helsinki Atlas: 10 (map 7 C4), Parpola Toponyms: 184 (Jappû), <a href='http://jaffa.nelc.ucla.edu/' target='_blank'>The Jaffa Cultural Heritage Project (JCHP)</a>, <a href='https://zenodo.org/record/6384045' target='_blank'>Pedersén ANE: Jappû / Ioppe (Yafa)</a>, <a href='https://www.geonames.org/11594748/yafo-ha-attiqa.html' target='_blank'>Geonames: Yafo Ha‘Attiqa</a>, <a href='https://www.ancientportsantiques.com/the-catalogue/' target='_blank'>Ancient Ports: Joppe</a>, <a href='https://pleiades.stoa.org/places/687931' target='_blank'>Pleiades: Ioppe</a>, <a href='https://www.geonames.org/293253/jaffa.html' target='_blank'>Geonames: Jaffa</a>, <a href='http://oracc.museum.upenn.edu/rinap/cbd/qpn-x-places/onebigfile.html' target='_blank'>RINAP Glossary: Places (Yappu [Joppa])</a>, <a href='http://oracc.museum.upenn.edu/riao/cbd/qpn-x-places/onebigfile.html' target='_blank'>RIAo Glossary: Places (Yappu [Joppa])</a>"
2026-01-09-(09-11-01),edited,475,Idu,"Idu, Īdu, Ida, Satu Qala, Tall Sātu Qala, Sātū Qalā, ساتو قلا",1,35.874,44.6965,"URU.i-du, 𒌷𒄿𒁺, KUR.i-da-a-a, 𒆳𒄿𒁕𒀀𒀀, URU.i-da-a-a, 𒌷𒄿𒁕𒀀𒀀","town, fortress, region, country","Māzamua, Iraq",11 B1 (obsolete),"Bagg RGTC 7 2/1: 242, Bagg RGTC 7 3/2: 620 (Zamua), Parpola Toponyms: 72 (Ida; Idu), Helsinki Atlas: 10 (map 11 B1; Idu  (region)), <a href='https://zenodo.org/record/6384045' target='_blank'>Pedersén ANE: Idu (Satu Qala)</a>, <a href='https://zenodo.org/record/5217600' target='_blank'>CIGS: Idu / Sātū Qalā</a>, <a href='http://oracc.museum.upenn.edu/riao/cbd/qpn-x-places/onebigfile.html' target='_blank'>RIAo Glossary: Places (Idu)</a>, <a href='http://oracc.museum.upenn.edu/riao/cbd/qpn-x-ethnic/onebigfile.html' target='_blank'>RIAo Glossary: Ethnic (Idayu)</a>"
2026-01-09-(09-15-22),edited,478,Ilan-ṣura,"Ilan-ṣura, Ilan-ṣur, Ilan-ṣurra, Ilanṣura, Ilansura, Ilanṣurā, Ilanzura, Tall Farfarā, Tall Farfara, Tell Farfara, تل فرفرة, Tall Sharisi (?), Tall Šarīšī (?), تل شرشي",4,36.82263255254318,41.33237455299481,–,"city, country",Syria,–,"<a href='https://zenodo.org/record/6384045' target='_blank'>Pedersén ANE: Ilansura? (Tell Farfara)</a>, <a href='https://books.openedition.org/cdf/4393' target='_blank'>MTT I/1: ILAN-ṢURA (HIGEOMES Nr. 283 or HIGEOMES Nr. 284)</a>, <a href='https://books.openedition.org/cdf/4487' target='_blank'>MTT I/3: Sharisi, Tall (HIGEOMES Nr. 283)</a>, <a href='https://books.openedition.org/cdf/4487' target='_blank'>MTT I/3: Farfara, Tall (HIGEOMES Nr. 284)</a>, <a href='https://publikationen.badw.de/de/rla/index' target='_blank'> RlA 5: 49 (Ilanṣurā/Ilanzura)</a>"
2026-01-09-(16-53-51),edited,487,Inimme,"Inimme, Leontōnpolis, Leontonpolis, an-Nāʿama, en-Nāʿima, Naameh, ناعمة",1,33.747951456342,35.451357135522,"URU.in-im-me, 𒌷𒅔𒅎𒈨",town,"Phoenicia, Sīdūnu, Lebanon",8 A3,"Bagg RGTC 7 1: 115–116, Helsinki Atlas: 11 (map 8 A3), Parpola Toponyms: 175, <a href='https://www.geonames.org/7839998/naameh.html' target='_blank'>Geonames: Naameh</a>, <a href='https://www.ancientportsantiques.com/the-catalogue/' target='_blank'>Ancient Ports: Leontonpolis</a>, <a href='http://oracc.museum.upenn.edu/rinap/cbd/qpn-x-places/onebigfile.html' target='_blank'>RINAP Glossary: Places (Inimme [1])</a>, <a href='http://oracc.museum.upenn.edu/riao/cbd/qpn-x-places/onebigfile.html' target='_blank'>RIAo Glossary: Places (Inimme [1])</a>"
2026-01-09-(16-55-29),edited,490,Irgilli,"Irgilli, Irkilli, Tell Irjil, Arjul, Ardjel, Arjel, ارجل",4,35.84845969912327,37.22539086454103,–,town,Syria,–,"<a href='https://zenodo.org/record/6384045' target='_blank'>Pedersén ANE: Irgilli? (Tell Irjil)</a>, <a href='https://www.geonames.org/172991/arjul.html' target='_blank'>Geonames: Arjul</a>"
2026-01-09-(16-57-19),edited,1242,Isītāti,"Isītāti, Isitati",–,–,–,"URU.i-si-ta-a-ti, 𒌷𒄿𒋛𒋫𒀀𒋾",town,"Assyria, Iraq",–,"Bagg RGTC 7 2/1: 252–253, Parpola Toponyms: 177, <a href='http://oracc.museum.upenn.edu/atae/cbd/qpn-x-places/onebigfile.html' target='_blank'>ATAE Glossary: Places (Isitati [1])</a>, <a href='http://oracc.museum.upenn.edu/saao/cbd/qpn-x-places/onebigfile.html' target='_blank'>SAAo Glossary: Places (Isitati [1])</a>"
2026-01-09-(16-58-45),edited,494,Ispallurê,"Ispallurê, Išpallurê, Ispallure, Išpaluri, Isphrium, Siphrios, Siphrius, Rabat Kalesi, Rebet Kalesi, Rebat Kalesi, Rebat Fortress",–,37.404324,40.198654,"URU.is-pal-lu-re-e, 𒌷𒄑𒁄𒇻𒊑𒂊, URU.iš-pa-lu-ri, 𒌷𒅖𒉺𒇻𒊑, URU.is-pal-lu-ra-a-a, 𒌷𒄑𒁄𒇻𒊏𒀀𒀀",town,"Izalla, Turkey",–,"Bagg RGTC 7 2/1: 253, Parpola Toponyms: 177, <a href='https://vici.org/vici/30421/' target='_blank'>Vici.org: Rebat Fortress (Siphrios)</a>, <a href='https://pleiades.stoa.org/places/874701' target='_blank'>Pleiades: Siphrios</a>, <a href='http://imperium.ahlfeldt.se/places/41331.html' target='_blank'>DARE: Siphrios (Rabat Kalesi)</a>, <a href='http://oracc.museum.upenn.edu/saao/cbd/qpn-x-places/onebigfile.html' target='_blank'>SAAo Glossary: Places (Ispallure [1])</a>, <a href='http://oracc.museum.upenn.edu/atae/cbd/qpn-x-places/onebigfile.html' target='_blank'>ATAE Glossary: Places (Ispallure [1])</a>, <a href='http://oracc.museum.upenn.edu/atae/cbd/qpn-x-places/onebigfile.html' target='_blank'>ATAE Glossary: Places (Išpaluri [1])</a>"
2026-01-10-(12-51-37),edited,495,Isqalūna,"Isqalūna, Isqaluna, Isqalluna, Isqallūna, Išqallūnu, Ašqalūna, Ašqaluna, Asqalūna, Asqaluna, Ašqulūna, Ašquluna, ʾśqln, ʾšqlnj, Ashqelon, Ashkelon, Ashcalon, Askalōn, Askalon, Ἀσκάλων, Ascalon, ʿAsqalān, Ašqelôn, ʾašq<sup>e</sup>lôn, אַשְׁקְלוֹן, ʿAsqalān, عسقلان, Dioklētianoupolis, Peleia, Sariphaia, Migdal Gȧd, Ḫirbat Miǧdalit, Tēl Ašq<sup>e</sup>lon",1,31.66425692863421,34.54732370196898,"URU.is-qa-al-lu-na, 𒌷𒄑𒋡𒀠𒇻𒈾, URU.is-qà-al-lu-na, 𒌷𒄑𒀠𒇻𒈾, URU.is-qa-lu-na, 𒌷𒄑𒋡𒇻𒈾, URU.iš-qa-lu-ni, 𒌷𒅖𒋡𒇻𒉌, URU.iš-qa-lu-ú-ni, 𒌷𒅖𒋡𒇻𒌑𒉌, KUR.as-qa-lu-na-a-a, 𒆳𒊍𒋡𒇻𒈾𒀀𒀀, KUR.is-qa-lu-na-a-a, 𒆳𒄑𒋡𒇻𒈾𒀀𒀀, אַשְׁקְלוֹן, 𐤀𐤎𐤒𐤋𐤍‎, 𐤔𐤒𐤋𐤍𐤉‎𐤀","capital, seaport","Pilistu, Palestine, Israel",7 C5,"Bagg RGTC 7 1: 117–118, Helsinki Atlas: 11 (map 7 C5), Parpola Toponyms: 177, <a href='https://zenodo.org/record/6384045' target='_blank'>Pedersén ANE: Ašqaluna / Isqaluna / Ashqelon</a>, <a href='https://zenodo.org/record/5217600' target='_blank'>CIGS: Isqalluna / Ashqelon / Isqalluna (mod. Ashkelon)</a>, <a href='https://pleiades.stoa.org/places/687839' target='_blank'>Pleiades: Ashqelon / Ascalon</a>, <a href='http://oracc.museum.upenn.edu/saao/knpp/peoplegodsplaces/index.html' target='_blank'>Knowledge and Power: Ashkelon</a>, <a href='http://oracc.museum.upenn.edu/atae/cbd/qpn-x-places/onebigfile.html' target='_blank'>ATAE Glossary: Places</a>, <a href='http://oracc.museum.upenn.edu/saao/cbd/qpn-x-places/onebigfile.html' target='_blank'>SAAo Glossary: Places</a>, <a href='http://oracc.museum.upenn.edu/riao/cbd/qpn-x-places/onebigfile.html' target='_blank'>RIAo Glossary: Places</a>, <a href='http://oracc.museum.upenn.edu/rinap/cbd/qpn-x-places/onebigfile.html' target='_blank'>RINAP Glossary: Places</a>, <a href='http://oracc.museum.upenn.edu/riao/cbd/qpn-x-ethnic/onebigfile.html' target='_blank'>RIAo Glossary: Ethnic</a>, <a href='http://oracc.museum.upenn.edu/rinap/cbd/qpn-x-ethnic/onebigfile.html' target='_blank'>RINAP Glossary: Ethnic</a>"
2026-01-10-(13-05-47),edited,503,Ītu,"Ītu, Īdu, Idu, Ida, Is, Idi, Ituʾu, Itu'u, Dakira, Diacira, Hit, Hīt, هيت",1,33.64392371391763,42.82332279559433,"URU.i-te, 𒌷𒄿𒋼, URU.itu5, URU.ÍD, 𒌷𒀀𒇉, URU.i-du, 𒌷𒄿𒁺",town,"Sūḫu, Iraq",10 B3,"Bagg RGTC 7 2/1: 259, Helsinki Atlas: 10 (map 10 B3; Īdu), Parpola Toponyms: 179, <a href='https://zenodo.org/record/6384045' target='_blank'>Pedersén ANE: Itu'u (Hit)</a>, <a href='https://books.openedition.org/cdf/4487' target='_blank'>MTT I/3: Hit/IDA (HIGEOMES Nr. 167)</a>, <a href='https://pleiades.stoa.org/places/894008' target='_blank'>Pleiades: Idu/Diacira/Hit</a>, <a href='http://oracc.museum.upenn.edu/saao/knpp/peoplegodsplaces/index.html' target='_blank'>Knowledge and Power: Ituʾu</a>, <a href='https://www.ucl.ac.uk/sargon/peoplegodsplaces' target='_blank'>Assyrian empire builders: Ituʾu</a>, <a href='http://oracc.museum.upenn.edu/riao/cbd/qpn-x-places/onebigfile.html' target='_blank'>RIAo Glossary: Places (Idu)</a>"
2026-01-10-(13-05-47),edited,505,Izalla,"Izalla, Azalla, Azallu, Zalla, Zallu, Izallu, Azalzi, Išalā, byt ṣll, 𐡁𐡉𐡕 𐡑𐡋𐡋‎, ʾÛzāl, אוּזָל, Aṣalli, Iṣalla, Kanni, Nini, Ninili, Ṭūrā ḏIzalā, Izalā, Izala mons, Ṭūro d-Malbash, Melabas, Dibek Daği",1,37.20698,41.47005,"i-za-al, 𒄿𒍝𒀠, ì-zal, 𒉌𒉌, KUR.a-za-al-li, 𒆳𒀀𒍝𒀠𒇷, KUR.a-zal-li, 𒆳𒀀𒉌𒇷, KUR.i-za-la, 𒆳𒄿𒍝𒆷, KUR.i-za-li, 𒆳𒄿𒍝𒇷, KUR.i-zal, 𒆳𒄿𒉌, KUR.i-zal-li, 𒆳𒄿𒉌𒇷, KUR.i-zal-lu, 𒆳𒄿𒉌𒇻, KUR.ì-zal, 𒆳𒉌𒉌, KUR.ì-zal-la, 𒆳𒉌𒉌𒆷, KUR.ì-zal-li, 𒆳𒉌𒉌𒇷, KUR.za-al-lu, 𒆳𒍝𒀠𒇻, KUR.a-za-la-a-a, 𒆳𒀀𒍝𒆷𒀀𒀀, KUR.zal-la-a-a, 𒆳𒉌𒆷𒀀𒀀, KUR.zal-la-a-ia, 𒆳𒉌𒆷𒀀𒅀, byt ṣll, 𐡁𐡉𐡕 𐡑𐡋𐡋‎, אוּזָל","territory, mountains","Ğazīra, Turkey","3 C4 (territory), 3 D3 (mountain)","Helsinki Atlas: 7 (Azalla; territory; map 3 C4), Helsinki Atlas: 11 (Izalla; mountain; map 3 D3), Bagg RGTC 7 2/1: 263–265 (Izalla), Parpola Toponyms: 40 (Aṣalli), Parpola Toponyms: 177 (Iṣalli), Parpola Toponyms: 194 (Kanni), Parpola Toponyms: 162 (Nini; Ninili), <a href='https://www.geonames.org/316762/dibek-dagi.html' target='_blank'>Geonames: Dibek Dağı</a>, <a href='https://www.ucl.ac.uk/sargon/peoplegodsplaces' target='_blank'>Assyrian empire builders: Izalla</a>, <a href='http://oracc.museum.upenn.edu/riao/cbd/qpn-x-places/onebigfile.html' target='_blank'>RIAo Glossary: Places (Azalla)</a>, <a href='http://oracc.museum.upenn.edu/rinap/cbd/qpn-x-places/onebigfile.html' target='_blank'>RINAP Glossary: Places (Azalla)</a>, <a href='http://oracc.museum.upenn.edu/saao/cbd/qpn-x-ethnic/onebigfile.html' target='_blank'>SAAo Glossary: Ethnic (Azallaya)</a>, <a href='http://oracc.museum.upenn.edu/riao/cbd/qpn-x-ethnic/onebigfile.html' target='_blank'>RIAo Glossary: Ethnic (Azallayu)</a>, <a href='http://oracc.museum.upenn.edu/riao/cbd/qpn-x-places/onebigfile.html' target='_blank'>RIAo Glossary: Places (Azallu)</a>, <a href='http://oracc.museum.upenn.edu/atae/cbd/qpn-x-places/onebigfile.html' target='_blank'>ATAE Glossary: Places (Izalla)</a>, <a href='http://oracc.museum.upenn.edu/riao/cbd/qpn-x-places/onebigfile.html' target='_blank'>RIAo Glossary: Places (Izalla)</a>, <a href='http://oracc.museum.upenn.edu/saao/cbd/qpn-x-places/onebigfile.html' target='_blank'>SAAo Glossary: Places (Izalla)</a>, <a href='http://oracc.museum.upenn.edu/riao/cbd/qpn-x-places/onebigfile.html' target='_blank'>RIAo Glossary: Places (Zallu)</a>"
2026-01-10-(13-07-08),edited,1279,Izuzi,"Izuzi, Izuzu",–,–,–,"URU.i-zu-zi, 𒌷𒄿𒍪𒍣",town,"Kār-Šarrukīn, Iran",–,"Bagg RGTC 7 3/1: 305, <a href='https://www.ucl.ac.uk/sargon/peoplegodsplaces' target='_blank'>Assyrian empire builders: Izuzi</a>, <a href='http://oracc.museum.upenn.edu/atae/cbd/qpn-x-places/onebigfile.html' target='_blank'>ATAE Glossary: Places (Izuzi [1])</a>, <a href='http://oracc.museum.upenn.edu/saao/cbd/qpn-x-places/onebigfile.html' target='_blank'>SAAo Glossary: Places (Izuzi [1])</a>, <a href='http://oracc.museum.upenn.edu/saao/cbd/qpn-x-places/onebigfile.html' target='_blank'>SAAo Glossary: Places (Izuzu [1])</a>"
2026-01-10-(13-13-32),edited,519,Kafar Nahum,"Kafar Nahum, כְּפַר נַחוּם, Kapharnaoúm, Kαφαρναούμ, Kepharnōkón, Κεφαρνωκόν, Kapernaoúm, Kαπερναούμ, Capharnaum, Capernaum, كفر ناحوم",–,32.88092518553389,35.575431599974,כְּפַר נַחוּם,village,Israel,–,<a href='https://zenodo.org/record/6384045' target='_blank'>Pedersén ANE: Kafar Nahum (Capharnaum)</a>
2026-01-10-(13-31-27),edited,528,Kannuʾ,"Kannuʾ, Kannēh, Kanneh, כַנֵּה, Baḫrenuf, Baxirnîf, Bakhurnif, باخورنيف, Bākh Nīf, باخ نيف, Bāgh Nīf, باغ نيف",4,36.93319,42.97783,"URU.ka-an-nu-uʾ, 𒌷𒅗𒀭𒉡𒀪, URU.kan-nu-uʾ, 𒌷𒃶𒉡𒀪, LÚ.kan-nu-uʾ-a-a, 𒇽𒃶𒉡𒀪𒀀𒀀, URU.kan-nu-a-a, 𒌷𒃶𒉡𒀀𒀀, URU.kan-nu-uʾ-a-a, 𒌷𒃶𒉡𒀪𒀀𒀀, knh, כַנֵּה",city,"Assyria, Iraq",–,"Bagg RGTC 7 2/1: 287–288, <a href='https://www.geonames.org/384982/bagh-nif.html' target='_blank'>Geonames: Bāgh Nīf</a>, <a href='https://www.ucl.ac.uk/sargon/peoplegodsplaces' target='_blank'>Assyrian empire builders: Kannuʾ</a>, <a href='http://oracc.museum.upenn.edu/atae/cbd/qpn-x-places/onebigfile.html' target='_blank'>ATAE Glossary: Places (Kannuʾ)</a>, <a href='http://oracc.museum.upenn.edu/saao/cbd/qpn-x-places/onebigfile.html' target='_blank'>SAAo Glossary: Places (Kannuʾ)</a>, <a href='http://oracc.museum.upenn.edu/saao/cbd/qpn-x-ethnic/onebigfile.html' target='_blank'>SAAo Glossary: Ethnic (Kannuʾaya)</a>"
2026-01-10-(13-38-45),edited,545,Kār-Aššur-aḫu-iddina,"Kār-Aššur-aḫu-iddina, Kār-Aššūr-aḫu-iddina, Kār-Aššur-aḫḫa-iddina, Kār-Esarhaddon, Ṣīdūnu-ṣeḫru (?), Tall al-Burāq, Tell el-Burak, Brak et Tall, براك التل, Palaityros (?), Tall ar-Rašīdīya (?), Tell ar-Rašīdīya (?), تل الرشيديّة",–,33.4821125229799, 35.32244653037357,"URU.KAR-<sup>m</sup>aš-šur-PAB-AŠ, 𒌷𒋼𒀀𒁹𒀸𒋩𒉽𒀸, URU.KAR-<sup>md</sup>aš-šur-PAB-AŠ, 𒌷𒋼𒀀𒁹𒀭𒀸𒋩𒉽𒀸, URU.KAR-<sup>md</sup>aš-šur-ŠEŠ-AŠ, 𒌷𒋼𒀀𒁹𒀭𒀸𒋩𒋀𒀸, URU.KAR-<sup>m</sup>aš-šur-ŠEŠ-SUM-na, 𒌷𒋼𒀀𒁹𒀸𒋩𒋀𒋧𒈾, URU.KAR-<sup>md</sup>aš-šur-ŠEŠ-SUM-na, 𒌷𒋼𒀀𒁹𒀭𒀸𒋩𒋀𒋧𒈾",city,"Ṣīdūnu, Lebanon",–,"Bagg RGTC 7 2/1: 135–136, Parpola Toponyms: 196, <a href='https://zenodo.org/record/6384045' target='_blank'>Pedersén ANE: (Tell el-Burak)</a>, <a href='https://www.geonames.org/11806645/brak-et-tall.html' target='_blank'>Geonames: Brak et Tall</a>"
2026-01-10-(13-42-02),edited,545,Kār-Aššur-aḫu-iddina,"Kār-Aššur-aḫu-iddina, Kār-Aššūr-aḫu-iddina, Kār-Aššur-aḫḫa-iddina, Kār-Esarhaddon, Ṣīdūnu-ṣeḫru (?), Tall al-Burāq, Tell el-Burak, Brak et Tall, براك التل, Palaityros (?), Tall ar-Rašīdīya (?), Tell ar-Rašīdīya (?), تل الرشيديّة",–,33.4821125229799,35.32244653037357,"URU.KAR-<sup>m</sup>aš-šur-PAB-AŠ, 𒌷𒋼𒀀𒁹𒀸𒋩𒉽𒀸, URU.KAR-<sup>md</sup>aš-šur-PAB-AŠ, 𒌷𒋼𒀀𒁹𒀭𒀸𒋩𒉽𒀸, URU.KAR-<sup>md</sup>aš-šur-ŠEŠ-AŠ, 𒌷𒋼𒀀𒁹𒀭𒀸𒋩𒋀𒀸, URU.KAR-<sup>m</sup>aš-šur-ŠEŠ-SUM-na, 𒌷𒋼𒀀𒁹𒀸𒋩𒋀𒋧𒈾, URU.KAR-<sup>md</sup>aš-šur-ŠEŠ-SUM-na, 𒌷𒋼𒀀𒁹𒀭𒀸𒋩𒋀𒋧𒈾",city,"Ṣīdūnu, Lebanon",–,"Bagg RGTC 7 2/1: 135–136, Parpola Toponyms: 196, <a href='https://zenodo.org/record/6384045' target='_blank'>Pedersén ANE: (Tell el-Burak)</a>, <a href='https://www.geonames.org/11806645/brak-et-tall.html' target='_blank'>Geonames: Brak et Tall</a>"
2026-01-14-(20-38-38),edited,555,Karabur,"Karabur, Karsanbey, Çatbaşı",–,36.02,36.19,–,monument,Turkey,2 C4,"Helsinki Atlas: 26 (map 2 C4), O. Aytuğ Taşyürek: <i>Some New Assyrian Rock-Reliefs in Turkey</i>: 174–176 and 177 Fig. 10"
2026-01-14-(20-38-38),edited,556,Karalla,"Karalla, Uramanat",2,–,–,"KUR.kar-al-la, 𒆳𒋼𒀀𒀠𒆷, KUR.kar-al-li, 𒆳𒋼𒀀𒀠𒇷, KUR.kar-al-li-a, 𒆳𒋼𒀀𒀠𒇷𒀀, KUR.kar-al-lu, 𒆳𒋼𒀀𒀠𒇻, KUR.kar-al-lu₄, KUR.kar-al-lum, 𒆳𒋼𒀀𒀠𒈝, KUR.kar-la, 𒆳𒋼𒀀𒆷, KUR.kar-la-a-a, 𒆳𒋼𒀀𒆷𒀀𒀀, KUR.kar-al-la-a-a, 𒆳𒋼𒀀𒀠𒆷𒀀𒀀, URU.kar-al-la, 𒌷𒋼𒀀𒀠𒆷, URU.kar-al-lu, 𒌷𒋼𒀀𒀠𒇻, URU.kar-al-la-a-a, 𒌷𒋼𒀀𒀠𒆷𒀀𒀀","territory, country",Iran,11 B2,"Bagg RGTC 7 3/1: 321–322, Helsinki Atlas: 11 (map 11 B2), Parpola Toponyms: 199–200, <a href='https://www.ucl.ac.uk/sargon/peoplegodsplaces' target='_blank'>Assyrian empire builders: Karalla</a>, <a href='http://oracc.museum.upenn.edu/atae/cbd/qpn-x-places/onebigfile.html' target='_blank'>ATAE Glossary: Places (Karalla)</a>, <a href='http://oracc.museum.upenn.edu/saao/cbd/qpn-x-places/onebigfile.html' target='_blank'>SAAo Glossary: Places (Karalla)</a>, <a href='http://oracc.museum.upenn.edu/riao/cbd/qpn-x-places/onebigfile.html' target='_blank'>RIAo Glossary: Places (Karalla)</a>, <a href='http://oracc.museum.upenn.edu/rinap/cbd/qpn-x-places/onebigfile.html' target='_blank'>RINAP Glossary: Places (Karalla)</a>, <a href='http://oracc.museum.upenn.edu/saao/cbd/qpn-x-ethnic/onebigfile.html' target='_blank'>SAAo Glossary: Ethnic (Karallaya)</a>, <a href='http://oracc.museum.upenn.edu/riao/cbd/qpn-x-ethnic/onebigfile.html' target='_blank'>RIAo Glossary: Ethnic (Karallayu [OF KARALLA])</a>, <a href='http://oracc.museum.upenn.edu/rinap/cbd/qpn-x-ethnic/onebigfile.html' target='_blank'>RINAP Glossary: Ethnic (Karallayu [OF KARALLA])</a>"
2026-01-14-(20-40-02),edited,557,Karduniaš,"Karduniaš, Babylonia, Sumer and Akkad",2,–,–,–,country,–,10 D3,Helsinki Atlas: 11 (map 10 D3)
2026-01-14-(20-41-22),edited,558,Karkara,"Karkara, Tell Jidr U004 (?)",4,31.82422351994132,45.70485877242397,–,city,"Babylonia, Iraq",–,<a href='https://zenodo.org/record/6384045' target='_blank'>Pedersén ANE: Karkara? (Tell Jidr U004)</a>
2026-01-14-(20-42-47),edited,1300,Kasku,"Kasku, Kaska, Kaski, Kiski, Kaskāja, Kaskaya, Kaskaiya, Kaška",–,–,–,"KUR.ka-as-ku, 𒆳𒅗𒊍𒆪, KUR.kas-ki, 𒆳𒆜𒆠, KUR.kas-ku, 𒆳𒆜𒆪, KUR.ki-is-ki, 𒆳𒆠𒄑𒆠, KUR.kás-ka-a-a, 𒆳𒁉𒅗𒀀𒀀, URU.kas-ka-a-a, 𒌷𒆜𒅗𒀀𒀀, KUR.kas-ka-ia.MEŠ, 𒆳𒆜𒅗𒅀𒈨𒌍","territory, country",Turkey,–,"Bagg RGTC 7 1: 137–138, Parpola Toponyms: 203, <a href='http://oracc.museum.upenn.edu/atae/cbd/qpn-x-places/onebigfile.html' target='_blank'>ATAE Glossary: Places (Kasku [1])</a>, <a href='http://oracc.museum.upenn.edu/riao/cbd/qpn-x-places/onebigfile.html' target='_blank'>RIAo Glossary: Places (Kasku [1])</a>, <a href='http://oracc.museum.upenn.edu/saao/cbd/qpn-x-places/onebigfile.html' target='_blank'>SAAo Glossary: Places (Kasku [1])</a>, <a href='http://oracc.museum.upenn.edu/rinap/cbd/qpn-x-places/onebigfile.html' target='_blank'>RINAP Glossary: Places (Kasku [1])</a>, <a href='http://oracc.museum.upenn.edu/rinap/cbd/qpn-x-ethnic/onebigfile.html' target='_blank'>RINAP Glossary: Ethnic Names (Kaskayu [of Kaska])</a>, <a href='http://oracc.museum.upenn.edu/riao/cbd/qpn-x-ethnic/onebigfile.html' target='_blank'>RIAo Glossary: Ethnic Names (Kaskayu [of Kaska])</a>"
2026-01-14-(20-46-19),edited,563,Kazallu,Kazallu,–,–,–,"ka-za-lu.KI, 𒅗𒍝𒇻𒆠, ka-zal-lu.KI, 𒅗𒉌𒇻𒆠",city,"Babylonia, Iraq",–,Groneberg RGTC 3: 136–237
2026-01-14-(20-52-56),edited,568,Kilīzi,"Kilīzi, Kilizu, Kilizi, Kalīzi, Kilīzu, Kalzu, Kalzi, Qaṣr Šamāmūk, Qasr Shamamok EPAS 2",1,36.10508032303698,43.75205944067397,"kàl-zi, 𒆕𒍣, URU.kàl-zi, 𒌷𒆕𒍣, URU.kàl-zu, 𒌷𒆕𒍪, URU.ki-li-zi, 𒌷𒆠𒇷𒍣, URU.kàl-zi-a-a, 𒌷𒆕𒍣𒀀𒀀","prov. capital, city","Assyria, Iraq",4 C5,"Bagg RGTC 7 2/1: 284–285 (Kalzu), Helsinki Atlas: 11 (map 4 C5), <a href='https://zenodo.org/record/6384045' target='_blank'>Pedersén ANE: Kilizu (Qasr Shamamok EPAS 2)</a>, <a href='https://scholar.harvard.edu/jasonur/pages/erbil' target='_blank'>Erbil Plain Archaeological Survey</a>, <a href='https://sketchfab.com/3d-models/site-2-qasr-shemamok-d658c28b789c460998697a621ca7fd4b' target='_blank'>3D model</a>"
2026-01-14-(21-09-16),edited,571,Kipšūna,"Kipšūna, Kipšuna, Kipšūnu, Kipšunu, Kipšuni, Kibšūna, al-ʿAmādiya, Al ‘Amādīyah, Al Amadiya, العمادية, Amādia, ‘Amādīya, Amādīyeh, عمادية, Amedi, Amêdî, Amēdī, Gefše (?)",3,37.09214,43.48769,"URU.kip-šu-na, 𒌷𒄒𒋗𒈾, URU.kip-šu-u-ni, 𒌷𒄒𒋗𒌋𒉌, URU.kip-šu₂-na, 𒌷𒄒𒋙𒈾, URU.kip-šu-ni, 𒌷𒄒𒋗𒉌, URU.kip-šu₂-ni, 𒌷𒄒𒋙𒉌","prov. capital, city","Qumēni, Māt-masenni, Iraq",4 B4,"Bagg RGTC 7 2/1: 343–344, Helsinki Atlas: 11 (map 4 B4), Parpola Toponyms: 208, Yamada (2018): <i>Ulluba and its Surroundings: Tiglath-pileser III’s Province Organization Facing the Urartian Border</i>. SAAS 28: 34, <a href='https://www.geonames.org/99611/al-amadiyah.html' target='_blank'>Geonames: Al ‘Amādīyah</a>, <a href='https://www.ucl.ac.uk/sargon/peoplegodsplaces' target='_blank'>Assyrian empire builders: Kipšuna</a>, <a href='https://www.ucl.ac.uk/sargon/peoplegodsplaces' target='_blank'>Assyrian empire builders: Land of the Treasurer</a>, <a href='http://oracc.museum.upenn.edu/saao/cbd/qpn-x-places/onebigfile.html' target='_blank'>SAAo Glossary: Places (Kipšuna [1])</a>, <a href='http://oracc.museum.upenn.edu/atae/cbd/qpn-x-places/onebigfile.html' target='_blank'>ATAE Glossary: Places (Kipšuna [1])</a>, <a href='http://oracc.museum.upenn.edu/atae/cbd/qpn-x-places/onebigfile.html' target='_blank'>ATAE Glossary: Places (Kipšunu [1])</a>, <a href='http://oracc.museum.upenn.edu/saao/cbd/qpn-x-places/onebigfile.html' target='_blank'>SAAo Glossary: Places (Kipšunu [1])</a>, <a href='http://oracc.museum.upenn.edu/riao/cbd/qpn-x-places/onebigfile.html' target='_blank'>RIAo Glossary: Places (Kipšunu [1])</a>"
2026-01-14-(21-09-16),edited,1201,Kinneret,"Kinneret, Kinnereth, Kinrot, Kinnerot, Chinnereth, כִנָּֽרֶת, Tel Kinrot, Tel Kinnerot, תל כנרות, Tell el-ʽOrēme, Tell el-'Oreimeh",–,32.86931566059242,35.53972345407124,"כנרת, כִנָּֽרֶת",city,Israel,–,"<a href='https://zenodo.org/record/6384045' target='_blank'>Pedersén ANE: (Tel Kinnerot / Tell el-'Oreimeh)</a>, <a href='https://www.geonames.org/8140293/tel-kinrot.html' target='_blank'>Geonames: Tel Kinrot</a>, <a href='https://kinneret-excavations.org/tel-kinrot' target='_blank'>Kinneret Regional Project: Tel Kinrot</a>"
2026-01-14-(21-24-00),edited,575,Kisiru,"Kisiru, Kisiri, Tell Inṯa, Tell Intha, Tall ʿAin Ṭelṯameh, Tell Thameh, Tlemtha",3,36.4953304147864,43.16657620644602,"URU.ki-si-ri, 𒌷𒆠𒋛𒊑",village,"Assyria, Nineveh province (?), Iraq",4 C5,"Bagg RGTC 7 2/1: 345–346 (Kisiri 2), Helsinki Atlas: 12 (Kisiri; map 4 C5), Parpola Toponyms: 209 (Kisiri), <a href='https://zenodo.org/record/6384045' target='_blank'>Pedersén ANE: (Tell Thameh)</a>, <a href='https://www.geonames.org/92086/qaryat-baybukhat.html' target='_blank'>Geonames: Qaryat Bāybūkhat</a>, <a href='http://oracc.museum.upenn.edu/atae/cbd/qpn-x-places/onebigfile.html' target='_blank'>ATAE Glossary: Places (Kisiri)</a>, <a href='http://oracc.museum.upenn.edu/saao/cbd/qpn-x-places/onebigfile.html' target='_blank'>SAAo Glossary: Places (Kisiri)</a>, <a href='http://oracc.museum.upenn.edu/rinap/cbd/qpn-x-places/onebigfile.html' target='_blank'>RINAP Glossary: Places (Kisiri)</a>"
2026-01-14-(21-31-16),edited,580,Kišēsim,"Kišēsim, Kišessim, Kār-Nergal, Najafabad, Najafābād, Nağafābād, نجف‌آباد",3,34.6527,47.9761,–,city,–,11 B2,"Helsinki Atlas: 11 (map 11 B2), <a href='https://pleiades.stoa.org/places/811827554' target='_blank'>Pleiades: Najafabad</a>, <a href='https://zenodo.org/record/5217600' target='_blank'>CIGS: Najafābād</a>, Radner (2018): <i>The “Lost Tribes of Israel” in the Context of the Resettlement Programme of the Assyrian Empire</i>: 110"
2026-01-14-(21-31-16),edited,581,Kišešlu,"Kišešlu, Kār-Nabû",–,–,–,–,fortress,Iran,–,Radner (2018): <i>The “Lost Tribes of Israel” in the Context of the Resettlement Programme of the Assyrian Empire</i>: 110
2026-01-14-(21-45-29),edited,595,Kummanni,"Kummanni, Kummiya, Comana Cappadociae (?), Comana (?), Κόμανα (?), Chryse (?), Hierapolis (?), Sirkeli Höyük, Sirkeli Höyüğü, Sirkeli, Şar (?), Şarköy (?)",4,37.00308785005986,35.74341210633926,–,city,"Hittites, Kissuwatna, Quwê, Cilicia, Turkey",–,"<a href='https://doi.org/10.13173/9783447122849' target='_blank'>Novák – Yaşin eds. (2025): <i>Königsbilder Libationskuhlen und Steinbau. Der hethitischen Kultkomplex und die Felsreliefs in Sirkeli Höyük</i></a>, <a href='https://zenodo.org/record/6384045' target='_blank'>Pedersén ANE: (Sirkeli Höyük)</a>, <a href='https://www.openstreetmap.org/way/183186313' target='_blank'>OpenStreetMap: Sirkeli Höyük</a>, <a href='https://zenodo.org/record/6384045' target='_blank'>Pedersén ANE: Kummanni? / Comana Cappadociae (Şar)</a>, <a href='https://pleiades.stoa.org/places/628959' target='_blank'>Pleiades: Comana/Hierapolis/Chryse</a>, <a href='https://www.geonames.org/301874/sarkoey.html' target='_blank'>Geonames: Şarköy</a>"
2026-01-14-(21-45-29),edited,1325,Kitpat,"Kitpat, Kitipata, Kitpattia, Kitpataya, Qazvīn (not), Qazvin (not), قزوين, Qasvīn (not), Kazwin (not), Kazvin (not), Kuazvin (not), Kazvinas (not)",–,–,–,"URU.ki-it-pa-at-ti-a, 𒌷𒆠𒀉𒉺𒀜𒋾𒀀, URU.ki-it-pat, 𒌷𒆠𒀉𒉻, URU.ki-ti-pa-ta, 𒌷𒆠𒋾𒉺𒋫, URU.ki-it-pat-a-a, 𒌷𒆠𒀉𒉻𒀀𒀀","city, country","Bīt-Abdadāni, Gizilbunda, Parsua, Iran",–,"Bagg RGTC 7 3/1: 351–352, Parpola Toponyms: 211 (Kitpattia), <a href='https://publikationen.badw.de/de/rla/index' target='_blank'>Röllig RlA 5: 625–626 (Kitpattia)</a>, <a href='https://www.geonames.org/119505/qazvin.html' target='_blank'>Geonames: Qazvin</a>, <a href='http://oracc.museum.upenn.edu/saao/cbd/qpn-x-places/onebigfile.html' target='_blank'>SAAo Glossary: Places (Kitipat [1])</a>, <a href='http://oracc.museum.upenn.edu/atae/cbd/qpn-x-places/onebigfile.html' target='_blank'>ATAE Glossary: Places (Kitipat [1])</a>, <a href='http://oracc.museum.upenn.edu/riao/cbd/qpn-x-places/onebigfile.html' target='_blank'>RIAo Glossary: Places (Kitpat [1])</a>, <a href='http://oracc.museum.upenn.edu/rinap/cbd/qpn-x-places/onebigfile.html' target='_blank'>RINAP Glossary: Places (Kitpat [1])</a>, <a href='http://oracc.museum.upenn.edu/rinap/cbd/qpn-x-ethnic/onebigfile.html' target='_blank'>RINAP Glossary: Ethnic Names (Kitpatayu [of Kitpat])</a>, <a href='http://oracc.museum.upenn.edu/riao/cbd/qpn-x-ethnic/onebigfile.html' target='_blank'>RIAo Glossary: Ethnic Names (Kitpatayu [of Kitpat])</a>"
2026-01-14-(21-48-31),edited,602,Kūsu,"Kūsu, Kusu, Kāšu, Kush, Cush, Kuš, Meluḫḫa, Meluhha, Meluḫḫu, Meluhhu, Melaḫḫa, Melahha, Emeluḫḫa, Emeluhha, Aethiopia, Nubia",1,–,–,"ku-sa-a, 𒆪𒊓𒀀, ku-sa-a-a, 𒆪𒊓𒀀𒀀, ku-sa-a-a-te, 𒆪𒊓𒀀𒀀𒋼, KUR.ku-si, 𒆳𒆪𒋛, KUR.ku-su, 𒆳𒆪𒋢, KUR.ku-ši, 𒆳𒆪𒅆, KUR.ku-u-si, 𒆳𒆪𒌋𒋛, KUR.ku-u-su, 𒆳𒆪𒌋𒋢, KUR.ku-ú-si, 𒆳𒆪𒌑𒋛, KUR.ku-ú-su, 𒆳𒆪𒌑𒋢, KUR.ku-ú-ši, 𒆳𒆪𒌑𒅆, KUR.ku-ú-šú, 𒆳𒆪𒌑𒋙, KUR.ku-sa-a-a, 𒆳𒆪𒊓𒀀𒀀, KUR.ku-sa-a-e , 𒆳𒆪𒊓𒀀𒂊, URU.ku-ú-si, 𒌷𒆪𒌑𒋛","territory, country","Nubia, Egypt, Sudan",–,"Bagg RGTC 7 2/1: 356–358, <a href='https://pleiades.stoa.org/places/827790769' target='_blank'>Pleiades: Kush (kingdom)</a>, <a href='http://oracc.museum.upenn.edu/saao/knpp/peoplegodsplaces/index.html' target='_blank'>Knowledge and Power: Cush/Kush</a>, <a href='https://www.ucl.ac.uk/sargon/peoplegodsplaces' target='_blank'>Assyrian empire builders: Cush/Kush</a>, <a href='http://oracc.museum.upenn.edu/atae/cbd/qpn-x-places/onebigfile.html' target='_blank'>ATAE Glossary: Places (Kusu [KUSH; NUBIA])</a>, <a href='http://oracc.museum.upenn.edu/saao/cbd/qpn-x-places/onebigfile.html' target='_blank'>SAAo Glossary: Places (Kusu [KUSH; NUBIA])</a>, <a href='http://oracc.museum.upenn.edu/riao/cbd/qpn-x-places/onebigfile.html' target='_blank'>RIAo Glossary: Places (Kusu [KUSH])</a>, <a href='http://oracc.museum.upenn.edu/rinap/cbd/qpn-x-places/onebigfile.html' target='_blank'>RINAP Glossary: Places (Kusu [KUSH])</a>"
2026-01-14-(21-50-09),edited,603,Kutalla,"Kutalla, Kutallu, Kutuli, Kutli, Tall Sifr, Tell Sifr, تل سفر, Tall al-Sifr, تل السفر, Tell Ṣifir",1,31.29483036191871,45.96715646701886,"URU.ku-UD-li, URU.ku-tú-li, 𒌷𒆪𒌓𒇷, URU.ku-tal, 𒌷𒆪𒊑",town,"Babylonia, Dēru (?), Jamutbalu (?), Iraq",16 B2,"Bagg RGTC 7 2/1: 358–359 (Kutuli/Kutli), Helsinki Atlas: 12 (map 16 B2), Parpola Toponyms: 119–220 (*Kutallu), Parpola Toponyms: 404 (*Kutallu), <a href='https://zenodo.org/record/6384045' target='_blank'>Pedersén ANE: Kutallu (Tell Ṣifir)</a>, <a href='https://zenodo.org/record/5217600' target='_blank'>CIGS: Kutalla/Tall al-Sifr</a>"
2026-01-14-(21-51-16),edited,605,Labāʾu,"Labāʾu, Laba'u, Labaʾu, Lebo, Labwa, Lebô, Tell Qasr Labwa",1,34.19973260362815,36.34378640705631,–,city,Lebanon,8 B2,"Helsinki Atlas: 12 (map 8 B2), <a href='https://zenodo.org/record/6384045' target='_blank'>Pedersén ANE: Laba'u / Lebo (Tell Qasr Labwa)</a>"
2026-01-14-(21-57-13),edited,608,Labnāna,"Labnāna, Labnana, Labʾān, Labnāni, Labnānu, Lablana, Niplani, Líbanos, Libanos, Λίβανος, Libanus mons, Lubnān, L<sup>e</sup>bānôn, לבנון, Lebānôn, Lebanon, Jabal Lubnān, جَبَل لُبْنَان, Gibāl Lubnān al-Ġarbīya, Jebel el Gharbi, Silsilat Jabāl Lubnān al Gharbīyah",1,34.3,36.116667,"KUR.lab-na-na, 𒆳𒆗𒈾𒈾, KUR.lab-na-ni, 𒆳𒆗𒈾𒉌, KUR.lab-na-nu, 𒆳𒆗𒈾𒉡, KUR.lab-na-a-ni, 𒆳𒆗𒈾𒀀𒉌, KUR.la-ab-na-an (?), 𒆳𒆷𒀊𒈾𒀭, lab-na-ni, 𒆗𒈾𒉌, lab-na-a-ni, 𒆗𒈾𒀀𒉌, URU.lab-na-na, 𒌷𒆗𒈾𒈾, l<sup>e</sup>bānôn, לבנון, lbnn, 𐡋𐡁𐡍𐡍, 𐤋𐤁𐤍𐤍, lbnt, 𐤋𐤁𐤍𐤕","mountains, mountain",Lebanon,8 A3,"Bagg RGTC 7 1: 152–153, Helsinki Atlas: 12 (map 8 A3), Parpola Toponyms: 221–222, <a href='https://www.geonames.org/272077/lebanon-mountains.html' target='_blank'>Geonames: Lebanon Mountains</a>, <a href='https://pleiades.stoa.org/places/678267' target='_blank'>Pleiades: Libanus M.</a>, <a href='https://www.ucl.ac.uk/sargon/peoplegodsplaces' target='_blank'>Assyrian empire builders: Lebanon/Labnana</a>, <a href='http://oracc.museum.upenn.edu/rinap/cbd/qpn-x-places/onebigfile.html' target='_blank'>RINAP Glossary: Places (Labnana [Mount Lebanon])</a>, <a href='http://oracc.museum.upenn.edu/atae/cbd/qpn-x-places/onebigfile.html' target='_blank'>ATAE Glossary: Places (Labnana [Mount Lebanon])</a>, <a href='http://oracc.museum.upenn.edu/riao/cbd/qpn-x-places/onebigfile.html' target='_blank'>RIAo Glossary: Places (Labnana [Mount Lebanon])</a>, <a href='http://oracc.museum.upenn.edu/saao/cbd/qpn-x-places/onebigfile.html' target='_blank'>SAAo Glossary: Places (Labnana [Mount Lebanon])</a>"
2026-01-14-(22-00-19),edited,612,Laglāgu,"Laglāgu, Tagalāgu, Tagalagi, Lagalaga, Laggalaga, Laggalagi, ʿUlūw Būlāq, ‘Ulūbalāgh, Ulubulagh",–,35.6,45.08333,"URU.la-ag-ga-la-gi, 𒌷𒆷𒀝𒂵𒆷𒄀, URU.la-ag-la-gi, 𒌷𒆷𒀝𒆷𒄀, URU.la-ga-la-ga, 𒌷𒆷𒂵𒆷𒂵, URU.ta-ga-la-gi, 𒌷𒋫𒂵𒆷𒄀",town,"Māzamua, Dagara, Iraq",10 E1,"Bagg RGTC 7 3/1: 365–366 (Lagalaga), Helsinki Atlas: 12 (map 10 E1), Parpola Toponyms: 222 (Lagalaga), Parpola Toponyms: 344 (Talagagi), <a href='https://www.geonames.org/89981/-uluw-bulaq.html' target='_blank'>Geonames: ‘Ulūw Būlāq</a>, <a href='https://www.ucl.ac.uk/sargon/peoplegodsplaces' target='_blank'>Assyrian empire builders: Tagalagi</a>, <a href='http://oracc.museum.upenn.edu/riao/cbd/qpn-x-places/onebigfile.html' target='_blank'>RIAo Glossary: Places (Lagalaga)</a>, <a href='http://oracc.museum.upenn.edu/atae/cbd/qpn-x-places/onebigfile.html' target='_blank'>ATAE Glossary: Places (Laggalagi)</a>, <a href='http://oracc.museum.upenn.edu/saao/cbd/qpn-x-places/onebigfile.html' target='_blank'>SAAo Glossary: Places (Laggalagi)</a>, <a href='http://oracc.museum.upenn.edu/atae/cbd/qpn-x-places/onebigfile.html' target='_blank'>ATAE Glossary: Places (Tagalagi)</a>, <a href='http://oracc.museum.upenn.edu/saao/cbd/qpn-x-places/onebigfile.html' target='_blank'>SAAo Glossary: Places (Tagalagi)</a>"
2026-01-14-(22-03-15),edited,1096,Laḫīra,"Laḫīru, Laḫīra, Laḫīri, Kuwait",4,32.42967,47.17667,–,"prov. capital, city",–,11 C4,Helsinki Atlas: 12 (map 11 C4; Laḫīru (2))
2026-01-14-(22-05-24),edited,614,Lakīsu,"Lakīsu, Lakīšu, Lakišu, Lakisu, Lākîš, Lachish, Tell al-Duweir, Tell ed-Duwer",1,31.56522177639388,34.84906710455829,–,"city, admin. center","Iaʾūdu, Israel",7 C5,"Helsinki Atlas: 12 (map 7 C5), <a href='https://zenodo.org/record/6384045' target='_blank'>Pedersén ANE: Lakišu / Lakisu / Lachish (Tell ed-Duwer)</a>, <a href='https://sketchfab.com/3d-models/tel-lachish-2018-993a67a2138d4e6782e71ad3275ead8c' target='_blank'>3D model</a>"
2026-01-14-(22-22-40),edited,622,Latiḫu,"Latiḫu, Latiḫi, Latiḫum, Tell Baḥza, Tall Bahza, Aš-Šaddāda (?), Al-Šaddāda (?), الشدادة, Tall Šaddāda (?), Tall Šaḏḏāda (?), Tall Shaddada (?), Tell Shaddada (?)",4,36.081037,40.707036,"URU.la-ti-ḫi, 𒌷𒆷𒋾𒄭",town,"Šadikanni, Syria",3 D4,"Helsinki Atlas: 12 (map 3 D4), Bagg RGTC 7 2/1: 366, <a href='https://books.openedition.org/cdf/4487' target='_blank'>MTT I/3: Tall Bahza (HIGEOMES Nr. 779)</a>, <a href='https://zenodo.org/record/6384045' target='_blank'>Pedersén ANE: (Tell Shaddada)</a>, <a href='https://books.openedition.org/cdf/4487' target='_blank'>MTT I/3: Tall Shaddada (HIGEOMES Nr. 149)</a>, <a href='http://oracc.museum.upenn.edu/riao/cbd/qpn-x-places/onebigfile.html' target='_blank'>RIAo Glossary: Places (Latihu)</a>"
2026-01-14-(22-24-18),edited,622,Latiḫu,"Latiḫu, Latiḫi, Latiḫum, Tell Baḥza, Tall Bahza, Aš-Šaddāda (?), Al-Šaddāda (?), الشدادة, Tall Šaddāda (?), Tall Šaḏḏāda (?), Tall Shaddada (?), Tell Shaddada (?)",4,36.081037,40.707036,"URU.la-ti-ḫi, 𒌷𒆷𒋾𒄭",town,"Šadikanni, Syria",3 D4,"Bagg RGTC 7 2/1: 366, Helsinki Atlas: 12 (map 3 D4), <a href='https://books.openedition.org/cdf/4487' target='_blank'>MTT I/3: Tall Bahza (HIGEOMES Nr. 779)</a>, <a href='https://zenodo.org/record/6384045' target='_blank'>Pedersén ANE: (Tell Shaddada)</a>, <a href='https://books.openedition.org/cdf/4487' target='_blank'>MTT I/3: Tall Shaddada (HIGEOMES Nr. 149)</a>, <a href='http://oracc.museum.upenn.edu/riao/cbd/qpn-x-places/onebigfile.html' target='_blank'>RIAo Glossary: Places (Latihu)</a>"
2026-01-14-(22-28-14),edited,629,Lūsanda,"Lūsanda, Lusanda, Lawasantia, Lawazantia, Lawazantija, Lawazantiya, Luḫuzatia, Luḫuzattia, Luḫuzantiya, Luhuzantiya, Lawasanda, Laḫuwasantia, Laḫuwazantija, Lahuwazantiya, Lauwanzantiya, Lahuzzandiya, Lwsnd, Tatarlı Höyük, Tatarli Höyük, Karahöyük (?), Karahuyuk (?), Karahüyük (?), Karahoyuk (?), Elbistan (?), Minareli Hüyük (?)",4,37.1228868,36.0510041,"URU.lu-sa-an-da, 𒌷𒇻𒊓𒀭𒁕","city, fortified city","Hittites, Kissuwatna, Quwê, Cilicia, Turkey",2 D2,"Bagg RGTC 7 1: 159–160 (Lusanda), Helsinki Atlas: 12 (map 2 D2), Parpola Toponyms: 229 (Lusanda), <a href='https://doi.org/10.13173/9783447122849' target='_blank'>Novák – Yaşin eds. (2025): <i>Königsbilder Libationskuhlen und Steinbau. Der hethitischen Kultkomplex und die Felsreliefs in Sirkeli Höyük</i>: 1–2 and 11 (map)</a>, <a href='https://publikationen.badw.de/de/rla/index' target='_blank'>Hirsch RlA 6: 433–435 (La(ḫu)wazantija/Luḫuzattia. A. Nach altass. Quellen)</a>, <a href='https://publikationen.badw.de/de/rla/index' target='_blank'>Wegner RlA 6: 435–436 (La(ḫu)wazantija/Luḫuzattia. B. Nach heth. Quellen)</a>, <a href='https://www.openstreetmap.org/way/137805500' target='_blank'>OpenStreetMap: Tatarlı Höyük</a>, <a href='https://www.geonames.org/7649277/tatarli.html' target='_blank'>Geonames: Tatarlı</a>, <a href='https://zenodo.org/record/6384045' target='_blank'>Pedersén ANE: (Karahöyük Elbistan)</a>, <a href='https://www.geonames.org/309773/karahueyuek.html' target='_blank'>Geonames: Karahüyük</a>, <a href='http://oracc.museum.upenn.edu/riao/cbd/qpn-x-places/onebigfile.html' target='_blank'>RIAo Glossary: Places (Lusanda [1])</a>"
2026-01-14-(22-36-09),edited,638,Magrīsu,"Magrīsu, Magrisu, Magarisu, Magrisi, Magarisi, Makrisu, Makrisā, Magrisa, Magrus, Tell Haṣaka, Tell Hasaka, Tell Abū-Bakr (?), Tell Abu Bakr (?), Tall Abu Bakr (?), أبو بكر (?), Tall Aswād (?), Tell el-Aswad (?), Tall Bēzari (?), Tell Bazari (?), Tall Tnenir (?), Tall Tunainir (?), Tall Tnēnīr (?), Tell Tnenir (?), تينيز (?)",3,36.49933165023837,40.75107557780148,"URU.ma-ag-ri-su, 𒌷𒈠𒀝𒊑𒋢, URU.ma-ga-ri-si, 𒌷𒈠𒂵𒊑𒋛, URU.ma-ga-ri-su, 𒌷𒈠𒂵𒊑𒋢",city,"Ḫābūr area, Syria",3 D4,"Helsinki Atlas: 13 (map 3 D4), Bagg RGTC 7 2/2: 381, <a href='https://zenodo.org/record/6384045' target='_blank'>Pedersén ANE: Magrisu (Tell Hasaka)?</a>, <a href='https://books.openedition.org/cdf/4487' target='_blank'>MTT I/3: Magrisa/Tall Tnenir (HIGEOMES Nr. 137)</a>, <a href='https://zenodo.org/record/6384045' target='_blank'>Pedersén ANE: (Tell Tnenir)</a>, <a href='https://books.openedition.org/cdf/4487' target='_blank'>MTT I/3: Tall Abu Bakr (HIGEOMES Nr. 134)</a>, <a href='https://zenodo.org/record/6384045' target='_blank'>Pedersén ANE: (Tell Abu Bakr)</a>, <a href='https://zenodo.org/record/6384045' target='_blank'>Pedersén ANE: (Tell el-Aswad)</a>, <a href='https://zenodo.org/record/6384045' target='_blank'>Pedersén ANE: (Tell Bazari)</a>, <a href='http://oracc.museum.upenn.edu/riao/cbd/qpn-x-places/onebigfile.html' target='_blank'>RIAo Glossary: Places (Magarisu)</a>, <a href='http://oracc.museum.upenn.edu/atae/cbd/qpn-x-places/onebigfile.html' target='_blank'>ATAE Glossary: Places (Magrisu)</a>, <a href='http://oracc.museum.upenn.edu/saao/cbd/qpn-x-places/onebigfile.html' target='_blank'>SAAo Glossary: Places (Magrisu)</a>, <a href='http://oracc.museum.upenn.edu/riao/cbd/qpn-x-places/onebigfile.html' target='_blank'>RIAo Glossary: Places (Magrisu)</a>"
2026-01-14-(22-41-19),edited,1205,Mahanaim,"Mahanaim, Maḥanayīm, Maḥanayim, Maḫanaim, Tulul adh-Dhahab, Tall aḏ-Ḏahab al-Ġarbīya, Tall adh-Dhahab al-Gharbi, Tall adh Dhahab al Gharbī, Tall adh Dhahab al Gharbi, Tell edh Dhahab el Gharbī, Tell edh Dhahab el Gharbi, تل الذهب الغربي, Dhahab el Gharbiyeh, Tall Ḥağğāğ (?), Tall Ḩajjāj (?), Tall Hajjaj (?), تل حجاج, Hajjaj (?)",–,32.18575,35.68667,מַּחֲנַיִם,"city, fortress","Bīt-Ḫumrî, Jordan",–,"Finkelstein – Ornan (2024): <i>An Israelite Residency at Mahanaim in Transjordan?</i> Tel Aviv 51. <a href='https://doi.org/10.1080/03344355.2024.2385148' target='_blank'>https://doi.org/10.1080/03344355.2024.2385148</a>, Bagg RGTC 7 1: 69 (under Galʾadi), <a href='https://www.geonames.org/249673/tall-adh-dhahab-al-gharbi.html' target='_blank'>Geonames: Tall adh Dhahab al Gharbī</a>, <a href='https://gaialab.terrawatchers.org/DAAHL/Home.php' target='_blank'>DAAHL: Dhahab el Gharbiyeh</a>, <a href='https://www.geonames.org/249322/tall-hajjaj.html' target='_blank'>Geonames: Tall Ḩajjāj</a>, <a href='https://gaialab.terrawatchers.org/DAAHL/Home.php' target='_blank'>DAAHL: Hajjaj</a>"
2026-01-14-(22-56-14),edited,644,Maltai,Maltai,–,36.84055104045721,42.94502528609934,–,monument,"Assyria, Iraq",4 B5,"Helsinki Atlas: 27 (map 4 B5), <a href='https://zenodo.org/record/6384045' target='_blank'>Pedersén ANE: (Maltai relief)</a>, <a href='https://zenodo.org/record/6384045' target='_blank'>Pedersén ANE: (Maltai)?</a>, <a href='http://www.terradininive.com/visita-virtuale-di-faida/?lang=en' target='_blank'>Virtual tour of the Faida canal & rock-reliefs</a>"
2026-01-14-(22-56-14),edited,646,Manisa,"Manisa, Manisaya",–,–,–,"KUR.ma-ni-sa-a-a, 𒆳𒈠𒉌𒊓𒀀𒀀, KUR.ma-ni-sa-a-a-u, 𒆳𒈠𒉌𒊓𒀀𒀀𒌋","territory, land","Babylonia (?), Iraq (?), Iran (?)",–,"Bagg RGTC 7 3/1: 389, Parpola Toponyms: 236, <a href='http://oracc.museum.upenn.edu/saao/cbd/qpn-x-ethnic/onebigfile.html' target='_blank'>SAAo Glossary: Ethnic (Manisaya)</a>, <a href='http://oracc.museum.upenn.edu/atae/cbd/qpn-x-ethnic/onebigfile.html' target='_blank'>ATAE Glossary: Ethnic (Manisaya)</a>, <a href='http://oracc.museum.upenn.edu/atae/cbd/qpn-x-ethnic/onebigfile.html' target='_blank'>ATAE Glossary: Ethnic (Manisaya [OF MANISA])</a>"
2026-01-15-(16-30-48),edited,648,Manṣuāti,"Manṣuāti, Manṣuati, Manṣuāte, Manṣuate, Manṣuati, Manṣuātu, Manṣuatu, Maṣyāf, Masyaf, Maṣyāt, Maṣyāṭ, Maṣyād, Mnḏt",2,35.06586371340886,36.34311724379263,–,"prov. capital, city",Syria,8 B1,"Helsinki Atlas: 13 (map 8 B1), <a href='https://zenodo.org/record/6384045' target='_blank'>Pedersén ANE: Manṣuate? (Masyaf)</a>"
2026-01-15-(16-32-06),edited,648,Manṣuāti,"Manṣuāti, Manṣuati, Manṣuāte, Manṣuate, Manṣuātu, Manṣuatu, Maṣyāf, Masyaf, Maṣyāt, Maṣyāṭ, Maṣyād, Mnḏt",2,35.06586371340886,36.34311724379263,–,"prov. capital, city",Syria,8 B1,"Helsinki Atlas: 13 (map 8 B1), <a href='https://zenodo.org/record/6384045' target='_blank'>Pedersén ANE: Manṣuate? (Masyaf)</a>"
2026-01-15-(16-54-14),edited,652,Margu,"Margu, Alexandria, Ἀλεξάνδρεια, Antiokia Margiana, Ἀντιόχεια ἡ ἐν τῇ Μαργιανῇ, Antiócheia Énudros, Ἀντιόχεια Ἔνυδρος, Antiocheia, Antiochia, Ἀντιόχεια, Merv, Erk Kala, Gyaur Kala",–,37.66922438556556,62.192087137371,–,city,Iran,–,"<a href='https://zenodo.org/record/6384045' target='_blank'>Pedersén ANE: Margu / Antiokia Margiana (Merv / Erk Kala / Gyaur Kala)</a>, <a href='https://pleiades.stoa.org/places/961873' target='_blank'>Pleiades: Alexandria/Antiochia/Merv</a>"
2026-01-15-(16-56-56),edited,656,Marqāsa,"Gurgum, Marqāsa, Marqasi, Marqas, Germanikeia, Γερμανίκεια, Marʿāš, Maraş, Kahramanmaraş",1,37.58709466837328,36.92542835294774,–,"prov. capital, city","Gurgum, Marqāsa, Turkey",2 C3,"Helsinki Atlas: 13 (map 2 C3), <a href='https://zenodo.org/record/6384045' target='_blank'>Pedersén ANE: Marqas / Gurgum / Germanikeia (Kahramanmaraş)</a>"
2026-01-15-(17-05-17),edited,668,Mazani,Mazani,–,–,–,–,village,Assyria,–,Bagg RGTC 7 2/2: 420 (Mazani (?))
2026-01-15-(17-22-31),edited,672,Melīdi,"Melīdi, Melīde, Melitēnē, Melid, Meliddu, Kammānu, Kammanu, Kammanūja, Malataya Plain",1,–,–,"KUR.me-li-di, KUR.me-li-i-di, KUR.me-lid-di, KUR.me-lid-du, KUR.ma-li-da-a-a, KUR.me-li-da-a-a, KUR.me-lid-a-a, KUR.me-lid-da-a-a, KUR.mé-li-da-a-a, KUR.mi-li-da-a-a, KUR.mi-lid-da-a-a, LÚ.mi-li-da-a-a, KUR.kam-ma-ni, KUR.kam-ma-nu, KUR.kam-ma-nu-a-a","country, province","Kummuḫi, Pīḫat-Bīt-turtāni-šumēli, Province of turtānu šumēlu, Turkey",3 A2,"Bagg RGTC 7 1: 132 (Kammanu) and 172–174 (Meliddu), Helsinki Atlas: 13 (map 3 A2), <a href='https://pleiades.stoa.org/places/319432673' target='_blank'>Pleiades: Kammanu/Meliddu (kingdom)</a>"
2026-01-15-(17-29-54),edited,674,Mempi,"Mempi, Men-nefer, Memfis, Memphis, Μέμφις, مَنْف",1,29.85544341017299,31.25643621452586,"URU.me-em-pi, URU.me-im-pi, 𒌷𒈨𒅎𒉿, URU.me-in-pu, 𒌷𒈨𒅔𒁍, URU.mi-in-pu, 𒌷𒈪𒅔𒁍",city,"Muṣur, Egypt",–,"Bagg RGTC 7 2/2: 424–425, <a href='https://zenodo.org/record/6384045' target='_blank'>Pedersén ANE: Memphis</a>"
2026-01-15-(17-29-54),edited,1097,Melīdu,"Melīdu, Melīdi, Meliddu, Melidu, Malitija, Melid, Melide, Melitēna, Melitene, Melitēnē, Rhōmanopolis, Rōmanopolis, XII Fulminata garrison, Arslantepe, Eski Malatya",1,38.38189432571755,38.36103033161447,"URU.me-li-di, 𒌷𒈨𒇷𒁲, URU.me-li-du, 𒌷𒈨𒇷𒁺, URU.me-lid, 𒌷𒈨𒀖, URU.me-lid-di, 𒌷𒈨𒀖𒁲, URU.me-lid-du, 𒌷𒈨𒀖𒁺, URU.mi-li-di, 𒌷𒈪𒇷𒁲, URU.me-li-da-a-a, 𒌷𒈨𒇷𒁕𒀀𒀀, URU.me-lid-da-a-a, 𒌷𒈨𒀖𒁕𒀀𒀀, LÚ.mi-li-da-a-a, 𒇽𒈪𒇷𒁕𒀀𒀀","prov. capital, city","Melīdi, Anatolia, Kummuḫi, Province of turtānu šumēlu, Turkey",3 B2,"Helsinki Atlas: 13 (map 3 B2), Bagg RGTC 7/1: 172–174, <a href='https://zenodo.org/record/6384045' target='_blank'>Pedersén ANE: Melid (Arslantepe)</a>, <a href='https://pleiades.stoa.org/places/629040' target='_blank'>Pleiades: Melitene</a>"
2026-01-15-(17-37-17),edited,688,Muṣāṣir,"Muṣāṣir, Muṣaṣir, Muğesir, Muǧesir, Mujesir, Mudjesir, Mjesar, Mojaisir, Muceyisîr, موجەيسير, موجيسير, Mujaysīs, مجيسيس, Gund-i Topzawa (?), Ṭūbzāwah (?), Topzawe (?), Topzawa (?), Ţawbzāwah (?), Tōpzāwa (?), Ţōpzāwah (?), طوبزاوة, طوبزاوه, Mergasur (?), Mêrgasur (?), ميركسور, Rabat Tapah (?), Rabat Teppe (?), Rabat Tapeh (?), Rabat Tepe (?), ربت تپه, Shahrak-e Rabţ (?), شهرک ربط",1,36.80148,44.63367,"mu-ṣa-ṣir, 𒈬𒍝𒈲, KUR.mu-ṣa-ṣi-ra, 𒆳𒈬𒍝𒍢𒊏, KUR.mu-ṣa-ṣi-ri, 𒆳𒈬𒍝𒍢𒊑, KUR.mu-ṣa-ṣi-ru, 𒆳𒈬𒍝𒍢𒊒, KUR.mu-ṣa-ṣir, 𒆳𒈬𒍝𒈲, KUR.mu-uṣ-ṣa-ṣir, 𒆳𒈬𒊻𒍝𒈲, URU.mu-ṣa-ṣi-ri, 𒌷𒈬𒍝𒍢𒊑, URU.mu-ṣa-ṣi-ru, 𒌷𒈬𒍝𒍢𒊒, URU.mu-ṣa-ṣir, 𒌷𒈬𒍝𒈲, KUR.mu-ṣa-ṣi-ra-a-a, 𒆳𒈬𒍝𒍢𒊏𒀀𒀀, KUR.mu-ṣa-ṣir-a-a, 𒆳𒈬𒍝𒈲𒀀𒀀, URU.mu-ṣa-ṣi-ra-a-a, 𒌷𒈬𒍝𒍢𒊏𒀀𒀀, URU.mu-ṣa-ṣir-a-a, 𒌷𒈬𒍝𒈲𒀀𒀀","capital, city, country","Muṣāṣir, Iraq",4 D5,"Bagg RGTC 7 3/1: 415–417 (Muṣaṣir), Helsinki Atlas: 13 (map 4 D5), Parpola Toponyms: 250 (Muṣaṣir), <a href='https://www.geonames.org/7417021/mujaysis.html' target='_blank'>Geonames: Mujaysīs/Mojaisir</a>, <a href='https://zenodo.org/record/6384045' target='_blank'>Pedersén ANE: Muṣaṣir? (Muǧesir)</a>, <a href='https://zenodo.org/record/5217600' target='_blank'>CIGS: Ṭūbzāwah</a>, <a href='https://www.geonames.org/90109/topzawe.html' target='_blank'>Geonames: Topzawe</a>, <a href='https://pleiades.stoa.org/places/126728263' target='_blank'>Pleiades: Muṣaṣir</a>, <a href='https://www.geonames.org/93455/mergasur.html' target='_blank'>Geonames: Mêrgasur</a>, <a href='https://zenodo.org/record/6384045' target='_blank'>Pedersén ANE: (Rabat Teppe)</a>, <a href='https://zenodo.org/record/5217600' target='_blank'>CIGS: Rabat Tapah</a>, <a href='https://pleiades.stoa.org/places/418645876' target='_blank'>Pleiades: Rabat Tapah</a>, <a href='https://www.geonames.org/6686484/shahrak-e-rabt.html' target='_blank'>Geonames: Shahrak-e Rabţ</a>, <a href='https://www.ucl.ac.uk/sargon/peoplegodsplaces' target='_blank'>Assyrian empire builders: Muṣaṣir</a>, <a href='http://oracc.museum.upenn.edu/saao/cbd/qpn-x-places/onebigfile.html' target='_blank'>SAAo Glossary: Places (Muṣaṣir [1])</a>, <a href='http://oracc.museum.upenn.edu/riao/cbd/qpn-x-places/onebigfile.html' target='_blank'>RIAo Glossary: Places (Muṣaṣir [1])</a>, <a href='http://oracc.museum.upenn.edu/atae/cbd/qpn-x-places/onebigfile.html' target='_blank'>ATAE Glossary: Places (Muṣaṣir [1])</a>, <a href='http://oracc.museum.upenn.edu/rinap/cbd/qpn-x-places/onebigfile.html' target='_blank'>RINAP Glossary: Places (Muṣaṣir [1])</a>, <a href='http://oracc.museum.upenn.edu/saao/cbd/qpn-x-ethnic/onebigfile.html' target='_blank'>SAAo Glossary: Ethnic Names (Muṣaṣiraya [1])</a>, <a href='http://oracc.museum.upenn.edu/atae/cbd/qpn-x-ethnic/onebigfile.html' target='_blank'>ATAE Glossary: Ethnic Names (Muṣaṣiraya [1])</a>, <a href='http://oracc.museum.upenn.edu/atae/cbd/qpn-x-ethnic/onebigfile.html' target='_blank'>ATAE Glossary: Ethnic Names (Muṣaṣiraya [of Muṣaṣir])</a>, <a href='http://oracc.museum.upenn.edu/saao/cbd/qpn-x-ethnic/onebigfile.html' target='_blank'>SAAo Glossary: Ethnic Names (Muṣaṣiraya [of Muṣaṣir])</a>, <a href='http://oracc.museum.upenn.edu/riao/cbd/qpn-x-ethnic/onebigfile.html' target='_blank'>RIAo Glossary: Ethnic Names (Muṣaṣirayu [of Muṣaṣir])</a>, <a href='http://oracc.museum.upenn.edu/rinap/cbd/qpn-x-ethnic/onebigfile.html' target='_blank'>RINAP Glossary: Ethnic Names (Muṣaṣirayu [of Muṣaṣir])</a>"
2026-01-15-(17-37-17),edited,1117,Mouth of the Wadi Tharthar,"Mouth of the Wadi Tharthar, piāte ša Tartāra",4,34.237918,43.117905,"pi-a-te ša ÍD.tar-ta-ra, 𒉿𒀀𒋼 𒊭 𒀀𒇉𒋻𒋫𒊏, pi-a-te šá ÍD.tar-ta-ra, 𒉿𒀀𒋼 𒃻 𒀀𒇉𒋻𒋫𒊏",part of river,"Assyria, Iraq",–,"Tukulti-Ninurta II 05, ll. 46–47"
2026-01-15-(17-38-43),edited,1265,Mutianni,Mutianni,–,–,–,"URU.mu-ti-an-ni, 𒌷𒈬𒋾𒀭𒉌",town,"Assyria, Barḫalza province, Iraq",–,"Bagg RGTC 7 2/2: 438, Parpola Toponyms: 253, <a href='https://www.ucl.ac.uk/sargon/peoplegodsplaces' target='_blank'>Assyrian empire builders: Mutianni</a>, <a href='http://oracc.museum.upenn.edu/saao/cbd/qpn-x-places/onebigfile.html' target='_blank'>SAAo Glossary: Places (Mutianni [1])</a>, <a href='http://oracc.museum.upenn.edu/atae/cbd/qpn-x-places/onebigfile.html' target='_blank'>ATAE Glossary: Places (Mutianni [1])</a>"
2026-01-15-(17-40-59),edited,693,Mušku,"Mušku, Musku, Muški, Muski, Mešek, מֶ֖שֶׁךְ, Phrygia",–,–,–,"mu-us-ki, 𒈬𒊻𒆠, KUR.mu-us-ki, 𒆳𒈬𒊻𒆠, KUR.mu-uš-ki, 𒆳𒈬𒍑𒆠, KUR.mu-us-ku, 𒆳𒈬𒊻𒆪, KUR.mus-ki, KUR.muš-ki, 𒆳𒈲𒆠, KUR.muš-ku, 𒆳𒈲𒆪, KUR.mu-us-ka-a-a, 𒆳𒈬𒊻𒅗𒀀𒀀, KUR.muš-ka-a-a, 𒆳𒈲𒅗𒀀𒀀, mšk, מֶ֖שֶׁךְ","territory, country",Turkey,–,"Bagg RGTC 7 1: 178–179 (Musku 1), Parpola Toponyms: 252–253 (together with Bagg's Musku 2), <a href='https://www.ucl.ac.uk/sargon/peoplegodsplaces' target='_blank'>Assyrian empire builders: Phrygia/Muški</a>, <a href='http://oracc.museum.upenn.edu/saao/knpp/peoplegodsplaces/index.html' target='_blank'>Knowledge and Power: Phrygia</a>, <a href='http://oracc.museum.upenn.edu/riao/cbd/qpn-x-places/onebigfile.html' target='_blank'>RIAo Glossary: Places (Musku [PHRYGIA])</a>, <a href='http://oracc.museum.upenn.edu/rinap/cbd/qpn-x-places/onebigfile.html' target='_blank'>RINAP Glossary: Places (Musku [PHRYGIA])</a>, <a href='http://oracc.museum.upenn.edu/atae/cbd/qpn-x-places/onebigfile.html' target='_blank'>ATAE Glossary: Places (Musku [PHRYGIA])</a>, <a href='http://oracc.museum.upenn.edu/saao/cbd/qpn-x-places/onebigfile.html' target='_blank'>SAAo Glossary: Places (Musku [PHRYGIA])</a>"
2026-01-15-(19-12-12),edited,66,Anasarta,"Anasarta, Anasartha, Theodoroupolis, Khanasir, Khanāşir, Khanāṣir, Qunāsira, خناصر",–,35.77683926241579,37.49760205070697,–,town,Syria,–,"<a href='https://zenodo.org/record/6384045' target='_blank'>Pedersén ANE: Anasarta (Khanasir)</a>, <a href='https://www.geonames.org/168351/khanasir.html' target='_blank'>Geonames: Khanāşir</a>, <a href='https://pleiades.stoa.org/places/668187' target='_blank'>Pleiades: Anasartha/Theodoroupolis</a>"
2026-01-15-(19-16-57),edited,696,Nabajāti,"Nabajāti, Nabâtu, Nebaʾāti, Nabayataya, Nabayatuwa, Nabayatean, Nabayatu, Nabayati, nbyt, n<sup>e</sup>bāyôt, נְבָיוֹת, nbyh, 𐡍𐡁𐡉𐡄",–,–,–,"KUR.na-ba-a-a-te, 𒆳𒈾𒁀𒀀𒀀𒋼, KUR.na-ba-a-a-ti, 𒆳𒈾𒁀𒀀𒀀𒋾, LÚ.na-ba-a-a-ti, 𒇽𒈾𒁀𒀀𒀀𒋾, URU.na-ba-a-a-ti, 𒌷𒈾𒁀𒀀𒀀𒋾, KUR.na-ba-a-a-ta-a-a, 𒆳𒈾𒁀𒀀𒀀𒋫𒀀𒀀, KUR.na-ba-a-a-ti-a-a, 𒆳𒈾𒁀𒀀𒀀𒋾𒀀𒀀, LÚ.na-ba-a-a-ta-a-a, 𒇽𒈾𒁀𒀀𒀀𒋫𒀀𒀀, LÚ.né-ba-ʾa-a-ti, 𒇽𒉌𒁀𒀪𒀀𒋾, LÚ.na-ba-a-tu-ú-a, 𒇽𒈾𒁀𒀀𒌅𒌑𒀀, נְבָיוֹת, nbyh, 𐡍𐡁𐡉𐡄","Arabic tribe, territory",Arabian Peninsula,–,"Bagg RGTC 7 2/2: 439–440, Parpola Toponyms: 254, <a href='http://oracc.museum.upenn.edu/saao/cbd/qpn-x-ethnic/onebigfile.html' target='_blank'>SAAo Glossary: Ethnic (Nabayataya [NABAYATEAN])</a>, <a href='http://oracc.museum.upenn.edu/saao/cbd/qpn-x-ethnic/onebigfile.html' target='_blank'>SAAo Glossary: Ethnic (Nabayati [NABATAEAN])</a>, <a href='http://oracc.museum.upenn.edu/riao/cbd/qpn-x-ethnic/onebigfile.html' target='_blank'>RIAo Glossary: Ethnic (Nabayatu [NABAYATEAN])</a>, <a href='http://oracc.museum.upenn.edu/rinap/cbd/qpn-x-ethnic/onebigfile.html' target='_blank'>RINAP Glossary: Ethnic (Nabayatu [NABAYATEAN])</a>, <a href='http://oracc.museum.upenn.edu/saao/cbd/qpn-x-ethnic/onebigfile.html' target='_blank'>SAAo Glossary: Ethnic (Nabayatuwa)</a>"
2026-01-15-(19-20-00),edited,697,Nabû Temple of Kalḫu,"Ezida, Bīt-Nabû, Bit-Nabû, Bit-Nabu, Bēt-Nabû, Bet-Nabû, Bet-Nabu, Nabû Temple of Kalḫu",–,36.0970655912,43.3303415509,"É.ZI.DA, 𒂍𒍣𒁕, É-<sup>d</sup>AG, 𒂍𒀭𒀝, É-<sup>d</sup>PA, 𒂍𒀭𒉺",temple,"Assyria, Kalḫu, Iraq",–,"George (1993): <i>House Most High</i>: 160, <a href='https://pleiades.stoa.org/places/242008148' target='_blank'>Pleiades: Ezida (Kalhu)</a>, <a href='http://oracc.museum.upenn.edu/saao/knpp/peoplegodsplaces/index.html' target='_blank'>Knowledge and Power: Ezida</a>, <a href='https://www.ucl.ac.uk/sargon/peoplegodsplaces' target='_blank'>Assyrian empire builders: Ezida</a>, <a href='http://oracc.museum.upenn.edu/atae/cbd/qpn-x-temple/onebigfile.html' target='_blank'>ATAE Glossary: Temple (Ezida [TEMPLE OF NABU])</a>, <a href='http://oracc.museum.upenn.edu/saao/cbd/qpn-x-temple/onebigfile.html' target='_blank'>SAAo Glossary: Temple (Ezida [TEMPLE OF NABU])</a>, <a href='http://oracc.museum.upenn.edu/riao/cbd/qpn-x-temple/onebigfile.html' target='_blank'>RIAo Glossary: Temple (Ezida)</a>, <a href='http://oracc.museum.upenn.edu/rinap/cbd/qpn-x-temple/onebigfile.html' target='_blank'>RINAP Glossary: Temple (Ezida)</a>, <a href='http://oracc.museum.upenn.edu/atae/cbd/qpn-x-temple/onebigfile.html' target='_blank'>ATAE Glossary: Temple (Bit-Nabu [TEMPLE OF NABU])</a>, <a href='http://oracc.museum.upenn.edu/saao/cbd/qpn-x-temple/onebigfile.html' target='_blank'>SAAo Glossary: Temple (Bit-Nabu [TEMPLE OF NABU])</a>"
2026-01-15-(19-20-00),edited,1139,Eḫursaggalkurkurra,"Eḫursaggalkurkurra, Ehursaggalkurkurra, Eḫursagkurkurra, Ehursagkurkurra, “House the Great Mountain of the Lands”",1,35.46111,43.26276,"é-ḫur-sag-kur-kur-ra, 𒂍𒄯𒊕𒆳𒆳𒊏, é-ḫur-sag-gal-kur-kur-ra, 𒂍𒄯𒊕𒃲𒆳𒆳𒊏, é-ḫur-sal-gal-kur-kur-ra, 𒂍𒄯𒊩𒃲𒆳𒆳𒊏",temple,"Assyria, Aššur province, Iraq",–,"George (1993): <i>House Most High</i>: 100, <a href='https://pleiades.stoa.org/places/457530554' target='_blank'>Pleiades: Temple of Aššur at Assur</a>, <a href='http://oracc.museum.upenn.edu/saao/knpp/peoplegodsplaces/index.html' target='_blank'>Knowledge and Power: Ehursaggalkurkurra</a>, <a href='http://oracc.museum.upenn.edu/atae/cbd/qpn-x-temple/onebigfile.html' target='_blank'>ATAE Glossary: Temple (Ehursaggalkurkurra [CHAPEL OF AššUR IN EšARRA])</a>, <a href='http://oracc.museum.upenn.edu/saao/cbd/qpn-x-temple/onebigfile.html' target='_blank'>SAAo Glossary: Temple (Ehursaggalkurkurra [CHAPEL OF AššUR IN EšARRA])</a>, <a href='http://oracc.museum.upenn.edu/rinap/cbd/qpn-x-temple/onebigfile.html' target='_blank'>RINAP Glossary: Temple (Ehursaggalkurkurra)</a>, <a href='http://oracc.museum.upenn.edu/riao/cbd/qpn-x-temple/onebigfile.html' target='_blank'>RIAo Glossary: Temple (Ehursaggalkurkurra)</a>, <a href='http://oracc.museum.upenn.edu/atae/cbd/qpn-x-temple/onebigfile.html' target='_blank'>ATAE Glossary: Temple (Ehursagkurkurra)</a>, <a href='http://oracc.museum.upenn.edu/riao/cbd/qpn-x-temple/onebigfile.html' target='_blank'>RIAo Glossary: Temple (Ehursagkurkurra)</a>, <a href='http://oracc.museum.upenn.edu/rinap/cbd/qpn-x-temple/onebigfile.html' target='_blank'>RINAP Glossary: Temple (Ehursagkurkurra)</a>, <a href='http://oracc.museum.upenn.edu/saao/cbd/qpn-x-temple/onebigfile.html' target='_blank'>SAAo Glossary: Temple (Ehursagkurkurra)</a>"
2026-01-15-(19-26-58),edited,703,Naḫal-Muṣur,"Naḫal-Muṣur, Naḫal Muṣur, Nahal Muṣur, Naḥal Mizraim, נהל מצרים, נחר מצרים, River of Egypt, Brook of Egypt, Wādī al-ʿArīš, وادي العريش, Naḥal Beśor (?), Naḥal B<sup>e</sup>śor (?), Wādī Ġazza (?)",2,31.14541,33.80714,"na-ḫal KUR.mu-ṣur, 𒈾𒄬𒆳𒈬𒀫, na-ḫal KUR.mu-uṣ-ri, 𒈾𒄬𒆳𒈬𒊻𒊑, na-ḫal KUR.mu-ṣur-ri, 𒈾𒄬𒆳𒈬𒀫𒊑, נחל מצרים, נהר מצרים","river, valley","Egypt, Sinai",13 C3,"Bagg RGTC 7 1: 291, Helsinki Atlas: 14 (map 13 C3), Parpola Toponyms: 256, <a href='https://www.geonames.org/360180/wadi-al-arish.html' target='_blank'>Geonames: Wādī al ‘Arīsh</a>, <a href='http://oracc.museum.upenn.edu/riao/cbd/qpn-x-waters/onebigfile.html' target='_blank'>RIAo Glossary: Waters (Nahal Muṣur [BROOK OF EGYPT])</a>, <a href='http://oracc.museum.upenn.edu/rinap/cbd/qpn-x-waters/onebigfile.html' target='_blank'>RINAP Glossary: Waters (Nahal Muṣur [BROOK OF EGYPT])</a>"
2026-01-15-(19-39-56),deleted,807,Rapâ (town),Rapâ,–,–,–,–,town,"Central Assyria, Kalḫu province",–,RGTC 7 2/2: 503
2026-01-15-(19-39-56),new,807,Rapâ,Rapâ,–,–,–,–,town,"Assyria, Kalḫu, Iraq",–,RGTC 7 2/2: 503
2026-01-15-(19-44-51),edited,712,Napisu,"Napisu, Napissu, Napišu",–,–,–,"URU.na-pi-su, 𒌷𒈾𒉿𒋢, na-pi-šá-a-a, 𒈾𒉿𒃻𒀀𒀀, KUR.na-pi-sa-a-a, 𒆳𒈾𒉿𒊓𒀀𒀀",town,"Assyria, Laḫīru, Iraq",–,"Bagg RGTC 7 2/2: 447, <a href='http://oracc.museum.upenn.edu/saao/cbd/qpn-x-places/onebigfile.html' target='_blank'>SAAo Glossary: Places (Napisu [1])</a>, <a href='http://oracc.museum.upenn.edu/atae/cbd/qpn-x-places/onebigfile.html' target='_blank'>ATAE Glossary: Places (Napisu [1])</a>, <a href='http://oracc.museum.upenn.edu/atae/cbd/qpn-x-ethnic/onebigfile.html' target='_blank'>ATAE Glossary: Ethnic Names (Napisaya [1])</a>, <a href='http://oracc.museum.upenn.edu/saao/cbd/qpn-x-ethnic/onebigfile.html' target='_blank'>SAAo Glossary: Ethnic Names (Napisaya [1])</a>, <a href='http://oracc.museum.upenn.edu/saao/cbd/qpn-x-ethnic/onebigfile.html' target='_blank'>SAAo Glossary: Ethnic Names (Napisaya [of Napisu])</a>, <a href='http://oracc.museum.upenn.edu/atae/cbd/qpn-x-ethnic/onebigfile.html' target='_blank'>ATAE Glossary: Ethnic Names (Napisaya [of Napisu])</a>"
2026-01-15-(19-44-51),edited,713,Nār Šarri,"Nār Šarri, Nār-šarri, Nār-Šarri, Nahar Malkā",2,–,–,–,canal,–,10 D3,"Helsinki Atlas: 13 (map 10 D3), John MacGinnis (2018): <i>Construction and operation of canals in Neo-Assyrian and Neo-Babylonian sources</i>: 45, 49"
2026-01-15-(19-44-51),edited,717,Nāru ša Bīt-Dērāia,"Nāru ša Bīt-Dērāia, Nāru-ša-Bīt-Dērāia, Nāru-ša-Bīt-Dērāja, Galāl Badra",2,–,–,–,river,Bīt-Dērāja,11 A3,Helsinki Atlas: 14 (map 11 A3)
2026-01-15-(19-49-31),edited,719,Natḫu,"Natḫu, Natḫû, Nathû, Nathō, Leontōn Polis, Leontopolis, Tall al-Muqdām, Tell el-Moqdam",–,30.67955267607982,31.35798643371009,"URU.na-at-ḫu-ú, 𒌷𒈾𒀜𒄷𒌑",city,"Muṣur, Egypt",–,"Bagg RGTC 7 2/2: 451 (Natḫû 2), <a href='https://zenodo.org/record/6384045' target='_blank'>Pedersén ANE: Leontopolis (Tell el-Moqdam)</a>, <a href='https://pleiades.stoa.org/places/727147' target='_blank'>Pleiades: Leontopolis</a>"
2026-01-15-(19-49-31),edited,720,Natḫû,"Natḫû, Natḫu, Nathû, Nathō, Leontōn Polis, Leontopolis, Tall al-Yahūdīya, Tell el-Yahudiya",–,30.29210010433319,31.33083796695469,"URU.na-at-ḫu-ú, 𒌷𒈾𒀜𒄷𒌑",city,"Muṣur, Egypt",–,"Bagg RGTC 7 2/2: 451 (Natḫû 1), <a href='https://zenodo.org/record/6384045' target='_blank'>Pedersén ANE: Nathû / Lentopolis (Tell el-Yahudiya)</a>, <a href='https://pleiades.stoa.org/places/727146' target='_blank'>Pleiades: Leontopolis</a>"
2026-01-15-(19-55-58),edited,723,Nēmed-Issār,"Nēmed-Issār, Nemed-Issar, Nēmed-Ištar, Nemed-Ištar, Tall ʿAfar, Tell ʿAfar, Tall Afar, عفر",4,36.37435007120078,42.45413455538184,"URU.ne-med-<sup>d</sup>15, 𒌷𒉈𒁁𒀭𒌋𒐊, URU.né-med-15, 𒌷𒉌𒁁𒌋𒐊, URU.né-med-<sup>d</sup>15, 𒌷𒉌𒁁𒀭𒌋𒐊, URU.né-med-<sup>d</sup>INANNA, URU.né-med-<sup>d</sup>INNIN, 𒌷𒉌𒁁𒀭𒈹, URU.né-med-<sup>d</sup>15-a-a, 𒌷𒉌𒁁𒀭𒌋𒐊𒀀𒀀",city,"Assyria, North Ğazīra, Raṣappa, Iraq",4 B5,"Bagg RGTC 7 2/2: 452–453, Helsinki Atlas: 14 (map 4 B5), Parpola Toponyms: 260, <a href='https://zenodo.org/record/6384045' target='_blank'>Pedersén ANE: (Tell 'Afar)</a>, <a href='https://books.openedition.org/cdf/4487' target='_blank'>MTT I/3: Tall Afar / Karana (HIGEOMES Nr. 724)</a>, <a href='https://www.ucl.ac.uk/sargon/peoplegodsplaces' target='_blank'>Assyrian empire builders: Nemed-Issar, Nemed-Ištar</a>, <a href='http://oracc.museum.upenn.edu/saao/cbd/qpn-x-ethnic/onebigfile.html' target='_blank'>SAAo Glossary: Ethnic (Nemed-Issaraya [FROM NEMED-IšTAR])</a>, <a href='http://oracc.museum.upenn.edu/atae/cbd/qpn-x-ethnic/onebigfile.html' target='_blank'>ATAE Glossary: Ethnic (Nemed-Ištaraya [OF NEMED-IšTAR]</a>, <a href='http://oracc.museum.upenn.edu/saao/cbd/qpn-x-places/onebigfile.html' target='_blank'>SAAo Glossary: Places (Nemed-Ištar)</a>, <a href='http://oracc.museum.upenn.edu/atae/cbd/qpn-x-places/onebigfile.html' target='_blank'>ATAE Glossary: Places (Nemed-Ištar)</a>, <a href='http://oracc.museum.upenn.edu/riao/cbd/qpn-x-places/onebigfile.html' target='_blank'>RIAo Glossary: Places (Nemed-Ištar)</a>"
2026-01-15-(19-57-43),edited,725,Nērab,"Nērab, Nīrabu, Nereb, Nayrab, Neirab",1,36.17750173733462,37.22707984654323,–,city,"Arpadda province, Syria",2 D4,"Bagg RGTC 7 1: 178, Helsinki Atlas: 14 (map 2 D4), <a href='https://zenodo.org/record/6384045' target='_blank'>Pedersén ANE: Nereb (Neirab)?</a>"
2026-01-15-(19-59-30),edited,1320,Nēmetti-šarri,"Nēmetti-šarri, Nemetti-šarri, Nimitti-šarri, Nibu..., Aḫ-Sāna (?), Bīt-rēdûti (?)",–,–,–,"URU.né-mat-ti-MAN, 𒌷𒉌𒆳𒋾𒌋𒌋, URU.né-met-ti-MAN, 𒌷𒉌𒋾𒌋𒌋",city,"Babylonia, Iraq",–,"Bagg RGTC 7 2/2: 453–454, Parpola Toponyms: 262 (Nimitti-šarri), Parpola Toponyms: 261 (Nibu...), <a href='http://oracc.museum.upenn.edu/saao/knpp/peoplegodsplaces/index.html' target='_blank'>Knowledge and Power: Nemetti-šarri</a>, <a href='http://oracc.museum.upenn.edu/atae/cbd/qpn-x-places/onebigfile.html' target='_blank'>ATAE Glossary: Places (Nemetti-šarri [1])</a>, <a href='http://oracc.museum.upenn.edu/saao/cbd/qpn-x-places/onebigfile.html' target='_blank'>SAAo Glossary: Places (Nemetti-šarri [1])</a>, <a href='http://oracc.museum.upenn.edu/riao/cbd/qpn-x-places/onebigfile.html' target='_blank'>RIAo Glossary: Places (Nemetti-šarri [1])</a>"
2026-01-15-(20-05-26),edited,729,Nilibši,"Nilibši, Nilabšini, Nagar, Nawar, Tall Brāk, Tall Brak, Tell Brāk, Tell Brak, تل براك",2,36.6671,41.0585,–,town,"Hurrians, Syria",3 E4,"Helsinki Atlas: 14 (map 3 E4), <a href='https://zenodo.org/record/5217600' target='_blank'>CIGS: Nagar (Tall Brāk)</a>, <a href='https://zenodo.org/record/6384045' target='_blank'>Pedersén ANE: Nagar (Tell Brak)</a>"
2026-01-15-(20-11-52),edited,1141,Nispi,"Nispi, Nišpi, Qandīl Dāġ, Silsilat Jibāl Qandīl, سلسلة جبال قنديل, Jabal Qandīl, جبل قنديل, Kūh-e Avromān (?), Jibāl Hawrāmān (?), Awroman (?), Azroman Dagh (?), Kūh-e Takht-e Ūrāmān (?), Kūh-e Owrāmān (?), Kūh-e Ūrāmān (?), جبال هورامان, کوه تخت اورامان",–,36.51709,45.01986,"KUR.ni-is-pi, 𒆳𒉌𒄑𒉿, KUR.ni-iš-pi, KUR.ni-ís-pi, 𒆳𒉌𒅖𒉿",mountains,"Māzamua, Iraq, Iran",–,"Bagg RGTC 7 3/1: 439, Parpola Toponyms: 269 (Nišpi), <a href='https://www.geonames.org/6779211/silsilat-jibal-qandil.html' target='_blank'>Geonames: Silsilat Jibāl Qandīl</a>, <a href='https://www.geonames.org/95878/silsilat-jibal-hawraman.html' target='_blank'>Geonames: Silsilat Jibāl Hawrāmān</a>, <a href='http://oracc.museum.upenn.edu/riao/cbd/qpn-x-places/onebigfile.html' target='_blank'>RIAo Glossary: Places (Nispi)</a>"
2026-01-15-(20-13-47),edited,740,Nulia,"Nulia, Niara, Lulia (?), Niyara, Niyārah, نيارة, Ǧabal Semʿan (?), جبل سمعان, Ǧabal Barakat (?), Šeiḫ Bereket (?), شيخ بركات",–,36.60792,37.11071,"URU.nu-li-a, 𒌷𒉡𒇷𒀀",town,"Pattinu, Syria",–,"Bagg RGTC 7 1: 183, Parpola Toponyms: 270, <a href='https://www.geonames.org/166335/niyarah.html' target='_blank'>Geonames: Niyārah</a>, <a href='https://www.geonames.org/172740/shaykh-barakat.html' target='_blank'>Geonames: Shaykh Barakāt</a>, <a href='https://www.geonames.org/164110/jabal-sim-an.html' target='_blank'>Geonames: Jabal Sim‘ān</a>, <a href='https://pleiades.stoa.org/places/658546' target='_blank'>Pleiades: Niara</a>, <a href='http://oracc.museum.upenn.edu/riao/cbd/qpn-x-places/onebigfile.html' target='_blank'>RIAo Glossary: Places (Nulia)</a>"
2026-01-15-(20-16-53),edited,746,Palgu ša Ḫabūr,"Palgu ša Ḫabūr, Palgu-ša-Ḫabūr, Dawwarīn Canal",2,–,–,–,canal,–,9 C1,Helsinki Atlas: 14 (map 9 C1)
2026-01-15-(20-18-33),edited,752,Paritakka,"Paritakka, Partakka, Parētakēnē, Isfāhān",2,–,–,–,territory,–,12 A3,Helsinki Atlas: 14 (map 12 A3)
2026-01-15-(20-21-36),edited,753,Parsua,"Parsua, Parsumaš, Parsuaš, Paršuā, Parsuaya, Parsuayu",2,–,–,"par-su-a, 𒌓𒋢𒀀, KUR.pa-ar-su-a, 𒆳𒉺𒅈𒋢𒀀, KUR.par-su-a, 𒆳𒌓𒋢𒀀, KUR.par-su-áš, 𒆳𒌓𒋢𒀾, KUR.par-su-maš, 𒆳𒌓𒋢𒈦, KUR.par-su-u-a, 𒆳𒌓𒋢𒌋𒀀, KUR.par-zu-a, 𒆳𒌓𒍪𒀀, KUR.pár-su-a, 𒆳𒁇𒋢𒀀, URU.par-su-a, 𒌷𒌓𒋢𒀀, URU.pár-su-a, 𒌷𒁇𒋢𒀀, KUR.par-su-u-a-a, 𒆳𒌓𒋢𒌋𒀀𒀀, KUR.pár-su-a-a, 𒆳𒁇𒋢𒀀𒀀","country, province, city","Parsua, Iran",11 B2,"Bagg RGTC 7 3/2: 452–454, Bagg RGTC 7 3/2: 454 (Parsuaš 1), Bagg RGTC 7 3/2: 454 (Parsumaš 1), Helsinki Atlas: 14 (map 11 B2), Parpola Toponyms: 274–275, Parpola Toponyms: 275 (Parsumaš), <a href='http://oracc.museum.upenn.edu/saao/knpp/peoplegodsplaces/index.html' target='_blank'>Knowledge and Power: Parsua</a>, <a href='https://www.ucl.ac.uk/sargon/peoplegodsplaces' target='_blank'>Assyrian empire builders: Parsua</a>, <a href='http://oracc.museum.upenn.edu/tsae/cbd/qpn-x-places/onebigfile.html' target='_blank'>TSAE Glossary: Places (Parsua [1])</a>, <a href='http://oracc.museum.upenn.edu/tsae/cbd/qpn-x-ethnic/onebigfile.html' target='_blank'>TSAE Glossary: Ethnic Names (Parsuaya [of Parsua])</a>, <a href='http://oracc.museum.upenn.edu/tsae/cbd/qpn-x-ethnic/onebigfile.html' target='_blank'>TSAE Glossary: Ethnic Names (Parsuayu [of Parsua])</a>"
2026-01-15-(20-24-09),edited,761,Penzâ,"Penzâ, Genç",–,38.75056,40.55417,"URU.pe-en-za-a, 𒌷𒉿𒂗𒍝𒀀",city,"Šubria, Turkey",3 D2,"Helsinki Atlas: 14 (map 3 D2), Bagg RGTC 7 2/2: 477, <a href='https://www.geonames.org/314649/genc.html' target='_blank'>Geonames: Genç</a>"
2026-01-15-(20-33-14),edited,773,Qablit,"Qablit, Qablitu",–,–,–,"URU.qab-lit, 𒌷𒃮𒀖",town,"Izalla, Ğazīra, Turkey",–,"Bagg RGTC 7 2/2: 484, Parpola Toponyms: 282 (Qablitu), <a href='http://oracc.museum.upenn.edu/atae/cbd/qpn-x-places/onebigfile.html' target='_blank'>ATAE Glossary: Places (Qablit)</a>, <a href='http://oracc.museum.upenn.edu/saao/cbd/qpn-x-places/onebigfile.html' target='_blank'>SAAo Glossary: Places (Qablit)</a>"
2026-01-15-(20-40-45),edited,1135,Qarkasia,"Qarkasia, Karkasia, Kār-kaššî (?), Kar-kašši (?)",–,–,–,"KUR.qar-ka-si-a, KUR.kàr-ka-si-a, 𒆳𒃼𒅗𒋛𒀀, URU.qar-ka-si-a, URU.kàr-ka-si-a, 𒌷𒃼𒅗𒋛𒀀","city, territory, country","Mādāja, Iran",–,"Bagg RGTC 7 3/2: 470, Parpola Toponyms: 284, <a href='http://oracc.museum.upenn.edu/riao/cbd/qpn-x-places/onebigfile.html' target='_blank'>RIAo Glossary: Places (Qarkasia)</a>, <a href='http://oracc.museum.upenn.edu/rinap/cbd/qpn-x-places/onebigfile.html' target='_blank'>RINAP Glossary: Places (Qarkasia)</a>"
2026-01-15-(20-40-45),edited,778,Qallania,"Qallania, Berdesur çay, Bardesūr Čāy, Berdesur Chai, بَردِهسور چای, Rūdkhāneh-ye Bardehsūr, Rudkhaneh-ye Bardehsur, رودخانه برده سور, Rūd-e Bardehsūr, Rud-e Bardehsur, رودِ بَردِهسور, Rūd-e Jermī, Rud-e Jermi, رودِ جِرمی",–,37.4988,45,"ÍD.qa-al-la-ni-a, 𒀀𒇉𒋡𒀠𒆷𒉌𒀀",river,"Urarṭu, Iran, West Azerbaijan",4 E4,"Bagg RGTC 7 3/2: 757 (Qallania 2), Helsinki Atlas: 14 (map 4 E4), Parpola Toponyms: 283, <a href='https://www.geonames.org/141359/rudkhaneh-ye-bardehsur.html' target='_blank'>Geonames: Rūdkhāneh-ye Bardehsūr</a>, <a href='http://oracc.museum.upenn.edu/rinap/cbd/qpn-x-waters/onebigfile.html' target='_blank'>RINAP Glossary: Watercourses (Qallania [1])</a>, <a href='http://oracc.museum.upenn.edu/riao/cbd/qpn-x-waters/onebigfile.html' target='_blank'>RIAo Glossary: Watercourses (Qallania [1])</a>"
2026-01-15-(20-43-04),edited,784,Qarti-ḫadasti,"Qarti-ḫadasti, Qarti-hadasti, Qartiḫadasti, Qartihadasti, Qart Hadasht, Kition, Κίτιον, Kitim, Kittim, Chittim, Citium, Kepos, Lárnaka, Larnaca, Larnaka, Λάρνακα, Amathous (?), Amathus (?), Amatus (?), Amathoúnda (?), Amathounda (?), Amathonte (?), Cinyria (?)",1,34.92021112196967,33.63274525614838,"KUR.qar-ti-ha-da-as-ti, 𒆳𒃼𒋾𒄩𒁕𒊍𒋾, URU.qar-ti-ha-da-as-ti, 𒌷𒃼𒋾𒄩𒁕𒊍𒋾, qrt ḥdšt, 𐤒𐤓𐤕𐤇𐤃𐤔𐤕","city, capital, seaport, country","Jadnana, Cyprus",7 B2,"Bagg RGTC 7 1: 195–196 (Qartiḫadasti), Helsinki Atlas: 14 (map 7 B2), Parpola Toponyms: 285 (Qartiḫadasti), <a href='https://zenodo.org/record/6384045' target='_blank'>Pedersén ANE: Kition (Larnaca)</a>, <a href='https://zenodo.org/record/5217600' target='_blank'>CIGS: Kition</a>, <a href='https://pleiades.stoa.org/places/707534' target='_blank'>Pleiades: Kition</a>, <a href='https://www.geonames.org/11919539/kition-bamboula.html' target='_blank'>Geonames: Kition - Bamboula</a>, <a href='https://www.ancientportsantiques.com/the-catalogue/' target='_blank'>Ancient Ports: Kition</a>, <a href='https://pleiades.stoa.org/places/707556' target='_blank'>Pleiades: Larnaka</a>, <a href='https://www.geonames.org/146400/larnaca.html' target='_blank'>Geonames: Larnaca</a>, <a href='http://oracc.museum.upenn.edu/riao/cbd/qpn-x-places/onebigfile.html' target='_blank'>RIAo Glossary: Places (Qartihadasti [1])</a>, <a href='http://oracc.museum.upenn.edu/rinap/cbd/qpn-x-places/onebigfile.html' target='_blank'>RINAP Glossary: Places (Qartihadasti [1])</a>"
2026-01-15-(20-45-23),edited,788,Qaṭna,"Qaṭna, Qatna, قطنة, Qaṭnа̄, قطنا, Tell Mishrifeh, Tall Mašrafa, Tell al-Mishrifeh, تل المشرفة",–,34.83447684354523,36.8660854081367,–,city,"Ḫamāt, North Levant, Syria",–,"Bagg RGTC 7 2: 490 (under Qatna / Tall Ašamšānī), <a href='https://zenodo.org/record/6384045' target='_blank'>Pedersén ANE: Qatna (Tell Mishrifeh)</a>, <a href='https://pleiades.stoa.org/places/412342122' target='_blank'>Pleiades: Qatna</a>, <a href='http://www.qatna.org/en-index.html' target='_blank'>Qatna / Tell Mishrifeh Website</a>"
2026-01-15-(20-45-23),edited,790,Qidru,"Qidru, Qēdār, Qedar, Cedrei",3,–,–,–,country,–,15 D3,Helsinki Atlas: 14 (map 15 D3)
2026-01-15-(21-04-30),edited,1214,Qurumat,Qurumat,–,–,–,"KUR.qu-ru-mat-a-a, 𒆳𒄣𒊒𒆳𒀀𒀀",town,"Ḫābūr region (?), Balīḫ basin (?), Syria, Turkey (?)",–,"Bagg RGTC 7 2/2: 500 (*Qurumat), <a href='http://oracc.museum.upenn.edu/atae/cbd/qpn-x-ethnic/onebigfile.html' target='_blank'>ATAE Glossary: Ethnic Names (Qurumataya [1])</a>"
2026-01-15-(21-05-15),edited,794,Qirbit,"Qirbit, Qirbutu, Qirbītu, Kirbit, Īlām (?), Ilām (?), Ilam (?), اِلام, ایلام, يلام",4,33.63497,46.41528,"URU.qir-bi-it, 𒌷𒄫𒁉𒀉, URU.qir-bi-ti, 𒌷𒄫𒁉𒋾, URU.qir-bit, 𒌷𒄫𒂍, URU.qir-bít, 𒌷𒄫, URU.qir-bu-tu, 𒌷𒄫𒁍𒌅","city, fortified city","Babylonia, Ḫalēḫasta, Iran",11 B3,"Bagg RGTC 7 2/2: 494–495, Helsinki Atlas: 15 (map 11 B3), Parpola Toponyms: 286 (Kirbit), Parpola Toponyms: 286 (Qirbutu), <a href='https://www.geonames.org/130802/ilam.html' target='_blank'>Geonames: Īlām</a>, <a href='https://www.ucl.ac.uk/sargon/peoplegodsplaces' target='_blank'>Assyrian empire builders: Qirbit</a>, <a href='http://oracc.museum.upenn.edu/riao/cbd/qpn-x-places/onebigfile.html' target='_blank'>RIAo Glossary: Places (Qirbit)</a>, <a href='http://oracc.museum.upenn.edu/rinap/cbd/qpn-x-places/onebigfile.html' target='_blank'>RINAP Glossary: Places (Qirbit)</a>, <a href='http://oracc.museum.upenn.edu/atae/cbd/qpn-x-places/onebigfile.html' target='_blank'>ATAE Glossary: Places (Qirbit)</a>, <a href='http://oracc.museum.upenn.edu/saao/cbd/qpn-x-places/onebigfile.html' target='_blank'>SAAo Glossary: Places (Qirbit)</a>"
2026-01-15-(21-06-30),deleted,802,Quwê (capital),"Quwê, Que, Adana, Coa",4,36.99333,35.34233,–,"prov. capital, city",–,2 B4,Helsinki Atlas: 15 (map 2 B4)
2026-01-15-(21-06-30),new,802,Quwê,"Quwê, Que, Adana, Coa",4,36.99333,35.34233,–,"prov. capital, city",–,2 B4,Helsinki Atlas: 15 (map 2 B4)
2026-01-15-(21-12-43),edited,803,Quwê (country),"Quwê, Que, Coa, Qewē",2,–,–,–,"country, province",–,2 B4,Helsinki Atlas: 15 (map 2 B4)
2026-01-15-(21-14-31),edited,805,Radānu,"Radānu, Physkos, Nahr al-ʿUzaim",2,–,–,–,river,–,10 D2,Helsinki Atlas: 15 (map 10 D2)
2026-01-15-(21-16-00),deleted,804,Rablā,"Rablâ, Rabla, Rablê, Rable, Riblāh, Riblah, Ribleh, Ribla, רִבְלָה, ربلة, Tall Zirāʿa, Tall Ziraʿāt, Tell Zira'at, تل زراعة",1,34.45957216202334,36.57248007565533,"URU.rab-la-a, 𒌷𒊐𒆷𒀀, URU.ra-ab-le-e, 𒌷𒊏𒀊𒇷𒂊, rblh, רִבְלָה",city,"Ṣūpat, Syria",8 B2,"Bagg RGTC 7 1: 202 (Rablê), Helsinki Atlas: 15 (map 8 B2), Parpola Toponyms: 290 (Rablê), <a href='https://zenodo.org/record/6384045' target='_blank'>Pedersén ANE: Rablê (Tell Zira'at / Ribla)</a>, <a href='https://pleiades.stoa.org/places/431124909' target='_blank'>Pleiades: Rablê</a>, <a href='https://www.ucl.ac.uk/sargon/peoplegodsplaces' target='_blank'>Assyrian empire builders: Rabla</a>, <a href='http://oracc.museum.upenn.edu/saao/cbd/qpn-x-places/onebigfile.html' target='_blank'>SAAo Glossary: Places (Rabla [Riblah])</a>, <a href='http://oracc.museum.upenn.edu/saao/cbd/qpn-x-places/onebigfile.html' target='_blank'>SAAo Glossary: Places (Rable [Riblah])</a>, <a href='http://oracc.museum.upenn.edu/atae/cbd/qpn-x-places/onebigfile.html' target='_blank'>ATAE Glossary: Places (Rable [Riblah])</a>"
2026-01-15-(21-16-00),new,804,Rablâ,"Rablâ, Rabla, Rablê, Rable, Riblāh, Riblah, Ribleh, Ribla, רִבְלָה, ربلة, Tall Zirāʿa, Tall Ziraʿāt, Tell Zira'at, تل زراعة",1,34.45957216202334,36.57248007565533,"URU.rab-la-a, 𒌷𒊐𒆷𒀀, URU.ra-ab-le-e, 𒌷𒊏𒀊𒇷𒂊, rblh, רִבְלָה",city,"Ṣūpat, Syria",8 B2,"Bagg RGTC 7 1: 202 (Rablê), Helsinki Atlas: 15 (map 8 B2), Parpola Toponyms: 290 (Rablê), <a href='https://zenodo.org/record/6384045' target='_blank'>Pedersén ANE: Rablê (Tell Zira'at / Ribla)</a>, <a href='https://pleiades.stoa.org/places/431124909' target='_blank'>Pleiades: Rablê</a>, <a href='https://www.ucl.ac.uk/sargon/peoplegodsplaces' target='_blank'>Assyrian empire builders: Rabla</a>, <a href='http://oracc.museum.upenn.edu/saao/cbd/qpn-x-places/onebigfile.html' target='_blank'>SAAo Glossary: Places (Rabla [Riblah])</a>, <a href='http://oracc.museum.upenn.edu/saao/cbd/qpn-x-places/onebigfile.html' target='_blank'>SAAo Glossary: Places (Rable [Riblah])</a>, <a href='http://oracc.museum.upenn.edu/atae/cbd/qpn-x-places/onebigfile.html' target='_blank'>ATAE Glossary: Places (Rable [Riblah])</a>"
2026-01-15-(21-23-35),edited,809,Rāpiqu,"Rāpiqu, Rapiqu, Rapiqum, Raphaka, Al-Anbār, الأنبار, Tell al-Anbār, ar-Ramādī (?), ar-Rumâdi (?)",2,33.37903197553895,43.71712628355161,"ra-pi-qu, 𒊏𒉿𒄣, KUR.ra-pi-qi, 𒆳𒊏𒉿𒆥, KUR.ra-pi-qu, 𒆳𒊏𒉿𒄣, URU.ra-pi-qi, 𒌷𒊏𒉿𒆥, URU.ra-pi-qí, 𒌷𒊏𒉿𒆠, URU.ra-pi-qu, 𒌷𒊏𒉿𒄣, URU.ra-pí-qi, 𒌷𒊏𒁉𒆥, LÚ.ra-pi-qi, 𒇽𒊏𒉿𒆥, LÚ.ra-pi-qu, 𒇽𒊏𒉿𒄣","town, Aramaic tribe (?)","Sūḫu, Iraq",10 C3,"Helsinki Atlas: 15 (map 10 C3), Bagg RGTC 7 2/2: 503–504 (Rapiqu), Parpola Toponyms: 291, Musil (1927): <i>The Middle Euphrates: A Topographical Itinerary</i>: 202, <a href='https://courses.washington.edu/otap/svoboda/public/musil/musil_na_map/musil_na_map.html' target='_blank'>Musil (1926): map of Northern Arabia: f18-19 (ar-Raḥâja) and f18 (ar-Rumâdi)</a>, <a href='https://zenodo.org/record/6384045' target='_blank'>Pedersén ANE: (Tell Anbar)</a>, <a href='https://books.openedition.org/cdf/4487' target='_blank'>MTT I/3: Tall Anbar / RĀPIQU (HIGEOMES Nr. 783)</a>, <a href='https://books.openedition.org/cdf/4487' target='_blank'>MTT I/3: Tall ar-Ramadi / MIŠLAN (HIGEOMES Nr. 100)</a>, <a href='http://oracc.museum.upenn.edu/atae/cbd/qpn-x-places/onebigfile.html' target='_blank'>ATAE Glossary: Places (Rapiqu)</a>, <a href='http://oracc.museum.upenn.edu/riao/cbd/qpn-x-places/onebigfile.html' target='_blank'>RIAo Glossary: Places (Rapiqu)</a>, <a href='http://oracc.museum.upenn.edu/rinap/cbd/qpn-x-places/onebigfile.html' target='_blank'>RINAP Glossary: Places (Rapiqu)</a>, <a href='http://oracc.museum.upenn.edu/rinap/cbd/qpn-x-ethnic/onebigfile.html' target='_blank'>RINAP Glossary: Ethnic (Rapiqu [OF RAPIQU])</a>"
2026-01-15-(21-28-29),edited,811,Raṣappa,"Raṣappa, Ruṣapu, Reṣep, Rezef, רֶ֥צֶף, Tall al-Huḏail, Tall Hadhail, Tall Huḏail, Tell Hadhail, Tall Ḥaẓaīl, Tall al Hazil, Tall al Ḩuz̧ayl, Tall al Ḩaz̧īl, Tall al Huzayl, تل الحظيل, Sergiopolis (?), Rhesapha (?), Resafa (?), ar-Ruṣāfa (?), al-Ruṣāfa (?), Ruṣāfa (?), الرصافة",4,36.14979234688989,42.0544477400985,"ra-ṣa-pa, 𒊏𒍝𒉺, ra-ṣap, 𒊏𒂟, ra-ṣap-pa, 𒊏𒂟𒉺, KUR.ra-ṣa-pa, 𒆳𒊏𒍝𒉺, KUR.ra-ṣa-pi, 𒆳𒊏𒍝𒉿, KUR.ra-ṣap-pa, 𒆳𒊏𒂟𒉺, KUR.ru-ṣa-pa, 𒆳𒊒𒍝𒉺, KUR.ru-ṣa-pi, 𒆳𒊒𒍝𒉿, KUR.ra-ṣa-a-pa, 𒆳𒊏𒍝𒀀𒉺, URU.ra-ṣa-a-pa, 𒌷𒊏𒍝𒀀𒉺, URU.ra-ṣa-ap-pa, 𒌷𒊏𒍝𒀊𒉺, URU.ra-ṣa-pa, 𒌷𒊏𒍝𒉺, URU.ra-ṣa-pi, 𒌷𒊏𒍝𒉿, URU.ra-ṣap-pa, 𒌷𒊏𒂟𒉺, KUR.ra-ṣa-pa-a-a, 𒆳𒊏𒍝𒉺𒀀𒀀, KUR.ra-ṣap-pa-a-a, 𒆳𒊏𒂟𒉺𒀀𒀀, URU.ra-ṣa-pa-a-a, 𒌷𒊏𒍝𒉺𒀀𒀀, URU.ra-ṣap-pa-a-a, 𒌷𒊏𒂟𒉺𒀀𒀀, LÚ.ru-ṣa-pi, 𒇽𒊒𒍝𒉿, rṣp, רֶ֥צֶף","prov. capital, city","Raṣappa province, Iraq, Syria (?)",3 B5,"Bagg RGTC 7 2/2: 506–509, Helsinki Atlas: 15 (map 3 B5), Parpola Toponyms: 296 (Ruṣapu), <a href='https://zenodo.org/record/6384045' target='_blank'>Pedersén ANE: (Tell Hadhail)</a>, <a href='https://books.openedition.org/cdf/4487' target='_blank'>MTT I/3: Tall Hadhail / Allahad (HIGEOMES Nr. 716)</a>, <a href='https://www.geonames.org/6786722/tall-al-hazil.html' target='_blank'>Geonames: Tall al Ḩaz̧īl</a>, <a href='https://pleiades.stoa.org/places/427568541' target='_blank'>Pleiades: Raṣappa (province)</a>, <a href='https://zenodo.org/record/6384045' target='_blank'>Pedersén ANE: Sergiopolis (Resafa)</a>, <a href='https://www.geonames.org/172909/ar-rusafah.html' target='_blank'>Geonames: Ar Ruşāfah</a>, <a href='http://oracc.museum.upenn.edu/saao/knpp/peoplegodsplaces/index.html' target='_blank'>Knowledge and Power: Raṣappa</a>, <a href='https://www.ucl.ac.uk/sargon/peoplegodsplaces' target='_blank'>Assyrian empire builders: Raṣappa</a>, <a href='http://oracc.museum.upenn.edu/atae/cbd/qpn-x-places/onebigfile.html' target='_blank'>ATAE Glossary: Places (Raṣappa [1])</a>, <a href='http://oracc.museum.upenn.edu/riao/cbd/qpn-x-places/onebigfile.html' target='_blank'>RIAo Glossary: Places (Raṣappa [1])</a>, <a href='http://oracc.museum.upenn.edu/saao/cbd/qpn-x-places/onebigfile.html' target='_blank'>SAAo Glossary: Places (Raṣappa [1])</a>, <a href='http://oracc.museum.upenn.edu/saao/cbd/qpn-x-ethnic/onebigfile.html' target='_blank'>SAAo Glossary: Ethnic Names (Raṣappaya [from Raṣappa])</a>, <a href='http://oracc.museum.upenn.edu/atae/cbd/qpn-x-ethnic/onebigfile.html' target='_blank'>ATAE Glossary: Ethnic Names (Raṣappaya [from Raṣappa])</a>, <a href='http://oracc.museum.upenn.edu/saao/cbd/qpn-x-ethnic/onebigfile.html' target='_blank'>SAAo Glossary: Ethnic Names (Raṣappaya [of Raṣappa])</a>, <a href='http://oracc.museum.upenn.edu/atae/cbd/qpn-x-ethnic/onebigfile.html' target='_blank'>ATAE Glossary: Ethnic Names (Raṣappaya [of Raṣappa])</a>, <a href='http://oracc.museum.upenn.edu/atae/cbd/qpn-x-ethnic/onebigfile.html' target='_blank'>ATAE Glossary: Ethnic Names (Raṣappayu [of Raṣappa])</a>"
2026-01-15-(21-33-41),edited,814,Rummunidu,"Rummunidu, Rummunina, Buṣaira, Buseire, البصيرة, Circesium, Tall Dibān 3 (?), Dhībān (?), ديبان, ذيبان, Tell Mašīḥ (?), Al Ma‘āshīq (?), المعاشيق",4,35.15668372776226,40.42791005907640,"URU.ru-um-mu-ni-na, 𒌷𒊒𒌝𒈬𒉌𒈾",town,"Lāqê, Syria",9 Cl,"Helsinki Atlas: 15 (Tell Mašīḥ; map 9 C1), Bagg RGTC 7 2: 511, <a href='https://zenodo.org/record/6384045' target='_blank'>Pedersén ANE: Circesium (Buseire)</a>, <a href='https://www.geonames.org/173927/al-busayrah.html' target='_blank'>Geonames: Al Buşayrah</a>, <a href='https://www.geonames.org/170691/dhiban.html' target='_blank'>Geonames: Dhībān</a>, <a href='https://www.geonames.org/8276377/al-ma-ashiq.html' target='_blank'>Geonames: Al Ma‘āshīq</a>, <a href='http://oracc.museum.upenn.edu/riao/cbd/qpn-x-places/onebigfile.html' target='_blank'>RIAo Glossary: Places (Rummunina)</a>"
2026-01-15-(21-37-06),edited,815,Rusaḫinili Eidurukai,"Rusaḫinili Eidurukai, Rusahinili Eidurukai, Ayanıs, Ayanis, Ayanis Kalesi, Ağartı, Ağartı Kalesi",1,38.70834832781242,43.21125486304965,–,"fortress, city","Urarṭu, Turkey",4 C3,"Helsinki Atlas: 15 (map 4 C3), <a href='https://zenodo.org/record/6384045' target='_blank'>Pedersén ANE: Rusahinili Eidurukai (Ayanis / Ağartı)</a>, <a href='https://pleiades.stoa.org/places/722596019' target='_blank'>Pleiades: Ayanis</a>"
2026-01-15-(21-45-18),edited,834,Samʾalla,"Samʾalla, Samʾal, Sam'al, šmʿl, Zencirli, Zincirli, Zinçirli",1,37.10310101061934,36.67788141695827,–,"prov. capital, city","Samʾalla, Bīt-Gabbāri, Turkey",2 C3,"Helsinki Atlas: 15 (map 2 C3), <a href='https://zenodo.org/record/6384045' target='_blank'>Pedersén ANE: Sam'al (Zincirli)</a>, <a href='https://zincirli.uchicago.edu' target='_blank'>Zincirli Höyük</a>"
2026-01-15-(21-45-18),edited,1058,Samānu,"Samānu, Samanu",–,–,–,"URU.sa-ma-na, 𒌷𒊓𒈠𒈾, URU.sa-ma-ni, 𒌷𒊓𒈠𒉌, URU.sa-ma-nu, 𒌷𒊓𒈠𒉡, URU.sa-am-ma-na-a-a, 𒌷𒊓𒄠𒈠𒈾𒀀𒀀, URU.sa-ma-na-a-a, 𒌷𒊓𒈠𒈾𒀀𒀀",town,"Assyria, Iraq",–,"Bagg RGTC 7/2–2: 521, Parpola Toponyms: 300–301, <a href='http://oracc.museum.upenn.edu/atae/cbd/qpn-x-ethnic/onebigfile.html' target='_blank'>ATAE Glossary: Ethnic (Samanaya [FROM SAMANU]</a>, <a href='http://oracc.museum.upenn.edu/atae/cbd/qpn-x-ethnic/onebigfile.html' target='_blank'>ATAE Glossary: Ethnic (Samanaya [OF SAMANU]</a>, <a href='http://oracc.museum.upenn.edu/saao/cbd/qpn-x-ethnic/onebigfile.html' target='_blank'>SAAo Glossary: Ethnic (Samanaya [SAMANEAN])</a>, <a href='http://oracc.museum.upenn.edu/atae/cbd/qpn-x-places/onebigfile.html' target='_blank'>ATAE Glossary: Places (Samanu)</a>, <a href='http://oracc.museum.upenn.edu/saao/cbd/qpn-x-places/onebigfile.html' target='_blank'>SAAo Glossary: Places (Samanu)</a>"
2026-01-15-(22-00-49),edited,1137,Sangibūtu,"Sangibūtu, Sangibutu, Bīt-Sangibuti, Bīt-Sangibūti, Plain of Ḫoy, Plain of Khoy, Khowy, Ḫōy, خوی",2,38.5503,44.9521,"KUR.É-sa-an-gi-bu-ti, 𒆳𒂍𒊓𒀭𒄀𒁍𒋾, KUR.sa-an-gi-bu-te, 𒆳𒊓𒀭𒄀𒁍𒋼, KUR.sa-an-gi-bu-ti, 𒆳𒊓𒀭𒄀𒁍𒋾","district, Urarṭian province","Urarṭu, Iran, West Azerbaijan",4 D3,"Bagg RGTC 7 3/1: 149 (Bīt-Sangibūti 2), Helsinki Atlas: 16 and 29 (Sangibūtu (1); map 4 D3), Parpola Toponyms: 88 (Bīt-Sangibūti), Parpola Toponyms: 303 (Sangibutu), Zimansky (1990): <i>Urartian Geography and Sargon's Eighth Campaign</i>. JANES 49/1: 15, <a href='https://www.geonames.org/126972/khowy.html' target='_blank'>Geonames: Khowy</a>, <a href='http://oracc.museum.upenn.edu/riao/cbd/qpn-x-places/onebigfile.html' target='_blank'>RIAo Glossary: Places (Bit-Sangibuti)</a>, <a href='http://oracc.museum.upenn.edu/rinap/cbd/qpn-x-places/onebigfile.html' target='_blank'>RINAP Glossary: Places (Bit-Sangibuti)</a>"
2026-01-15-(22-13-19),edited,839,Sapirrutu,"Sapirrutu, Sapirrite, Saburutu, Sabiritu, Sabirete, Sabirutu, Sapiratu, Sapirata, Sapiratum, Sapîratum, Ğazīrat Bēğān, Bīǧān, Bijan",3,34.30253680080997,42.12548942428816,"URU.sa-bi-re-te, URU.sa-bi-ri-te, 𒌷𒊓𒁉𒊑𒋼, URU.sa-bi-ru-tu, 𒌷𒊓𒁉𒊒𒌅, URU.sa-pi-ri-te, 𒌷𒊓𒉿𒊑𒋼, URU.sa-pi-rit, 𒌷𒊓𒉿𒈩, URU.sa-pi-ra-ta, 𒌷𒊓𒉿𒊏𒋫","town, island","Sūḫu, Iraq",10 B2,"Bagg RGTC 7 2/2: 516, Helsinki Atlas: 16 (map 10 B2), Parpola Toponyms: 297, <a href='https://zenodo.org/record/6384045' target='_blank'>Pedersén ANE: Sapiratum (Bijan)</a>, <a href='https://books.openedition.org/cdf/4487' target='_blank'>MTT I/3: Bijan/SAPIRATUM (HIGEOMES Nr. 195)</a>, <a href='https://www.ucl.ac.uk/sargon/peoplegodsplaces' target='_blank'>Assyrian empire builders: Sapirrutu</a>, <a href='http://oracc.museum.upenn.edu/riao/cbd/qpn-x-places/onebigfile.html' target='_blank'>RIAo Glossary: Places (Sabiritu)</a>, <a href='http://oracc.museum.upenn.edu/riao/cbd/qpn-x-places/onebigfile.html' target='_blank'>RIAo Glossary: Places (Sapiratu)</a>, <a href='http://oracc.museum.upenn.edu/saao/cbd/qpn-x-places/onebigfile.html' target='_blank'>SAAo Glossary: Places (Sapirrutu)</a>"
2026-01-15-(22-16-48),edited,852,Saʾarru,"Saʾarru, Saʾarri, Šēru, Seir, śēʿîr, שֵׂעִיר, Saeira, Šaʿāra, Sha‘ārah, Sha‘arah, Shaara, Châara, Chaara, شعارة",1,33.1095863663956,36.345868087335,"URU.sa-ʾa-ar-ri, 𒌷𒊓𒀪𒅈𒊑, śēʿîr, שֵׂעִיר","town, territory",Syria,8 B3,"Bagg RGTC 7 1: 205 (Saʾarri), Helsinki Atlas: 16 (map 8 B3), Parpola Toponyms: 297 (Saʾarri), <a href='https://zenodo.org/record/6384045' target='_blank'>Pedersén ANE: (Shaaara)</a>, <a href='https://www.geonames.org/164659/sha-arah.html' target='_blank'>Geonames: Sha‘ārah</a>, <a href='http://oracc.museum.upenn.edu/saao/cbd/qpn-x-places/onebigfile.html' target='_blank'>SAAo Glossary: Places (Saʾarri [1])</a>, <a href='http://oracc.museum.upenn.edu/atae/cbd/qpn-x-places/onebigfile.html' target='_blank'>ATAE Glossary: Places (Saʾarri [1])</a>, <a href='http://oracc.museum.upenn.edu/rinap/cbd/qpn-x-places/onebigfile.html' target='_blank'>RINAP Glossary: Places (Saʾarri [Seir])</a>, <a href='http://oracc.museum.upenn.edu/riao/cbd/qpn-x-places/onebigfile.html' target='_blank'>RIAo Glossary: Places (Saʾarri [Seir])</a>"
2026-01-15-(22-20-24),edited,1252,Ṣiniunak,Ṣiniunak,–,–,–,"URU.ṣi-ni-ú-nak, 𒌷𒍢𒉌𒌑𒅘","city, fortified city","Urarṭu, Armarijalî, Iran, West Azerbaijan",–,"Bagg RGTC 7 3/2: 357, Parpola Toponyms: 324, <a href='http://oracc.museum.upenn.edu/rinap/cbd/qpn-x-places/onebigfile.html' target='_blank'>RINAP Glossary: Places (Ṣiniunak [1])</a>, <a href='http://oracc.museum.upenn.edu/riao/cbd/qpn-x-places/onebigfile.html' target='_blank'>RIAo Glossary: Places (Ṣiniunak [1])</a>"
2026-01-15-(22-25-01),edited,870,Sinnu,"Sinnu, Sinni, Sinu, as-Sinn, Sinn, Shajara, Shjara, Shajarah, شجرة, Shajārah, Ash Shajarah, الشجرة, Qaryat ash Shajarah, قرية الشجرة",3,35.225212,43.419369,"URU.si-ni, 𒌷𒋛𒉌, URU.si-in-ni, 𒌷𒋛𒅔𒉌, LU₂.si-na-a-a, 𒇽𒋛𒈾𒀀𒀀, LU₂.DUMU-si-na-a-a, 𒇽𒌉𒋛𒈾𒀀𒀀",town,"Assyria, Iraq",10 C1,"Bagg RGTC 7 2/2: 533–534, Helsinki Atlas: 16 (map 10 C1), Parpola Toponyms: 311 (Sinu), Ibrahim (1986): <i>Pre-Islamic Settlement in Jazirah</i>: 57–58 (maps Pl. 7 and 10), <a href='https://www.geonames.org/91171/qaryat-ash-shajarah.html' target='_blank'>Geonames: Qaryat ash Shajarah</a>, <a href='http://oracc.museum.upenn.edu/saao/knpp/peoplegodsplaces/index.html' target='_blank'>Knowledge and Power: Sinnu</a>, <a href='https://www.ucl.ac.uk/sargon/peoplegodsplaces' target='_blank'>Assyrian empire builders: Sinnu</a>, <a href='http://oracc.museum.upenn.edu/saao/cbd/qpn-x-ethnic/onebigfile.html' target='_blank'>SAAo Glossary: Ethnic Names (Mar Sinnaya [citizen of Sinnu])</a>, <a href='http://oracc.museum.upenn.edu/saao/cbd/qpn-x-ethnic/onebigfile.html' target='_blank'>SAAo Glossary: Ethnic Names (mar-Sinnaya [Sinnean])</a>, <a href='http://oracc.museum.upenn.edu/saao/cbd/qpn-x-ethnic/onebigfile.html' target='_blank'>SAAo Glossary: Ethnic Names (Sinnaya [of Sinnu])</a>, <a href='http://oracc.museum.upenn.edu/saao/cbd/qpn-x-places/onebigfile.html' target='_blank'>SAAo Glossary: Places (Sinnu [1])</a>, <a href='http://oracc.museum.upenn.edu/atae/cbd/qpn-x-ethnic/onebigfile.html' target='_blank'>ATAE Glossary: Ethnic Names (Mar Sinnaya [citizen of Sinnu])</a>, <a href='http://oracc.museum.upenn.edu/atae/cbd/qpn-x-ethnic/onebigfile.html' target='_blank'>ATAE Glossary: Ethnic Names (Sinnaya [of Sinnu])</a>, <a href='http://oracc.museum.upenn.edu/atae/cbd/qpn-x-places/onebigfile.html' target='_blank'>ATAE Glossary: Places (Sinnu [1])</a>"
2026-01-15-(22-31-16),edited,872,Sippar,"Sippar, Zimbir, Sippar-ṣērim, Sippar-Yahrurum, Sippar-ša-Šamaš, Sippar-of-Šamaš, Tall Abū Ḥabbah, Tell Abū Ḥabba, Tell Abu Habbah, تل أبو حبة, Abu Habba, أبو حبة",1,33.05999989523148,44.25466261222468,–,"prov. capital, city","Babylonia, Iraq",10 D3,"Helsinki Atlas: 16 (map 10 D3), <a href='https://zenodo.org/record/6384045' target='_blank'>Pedersén ANE: Sippar-ṣērim (Abu Habba)</a>, <a href='https://zenodo.org/record/5217600' target='_blank'>CIGS: Sippar/Tall Abū Ḥabbah</a>, <a href='https://pleiades.stoa.org/places/894089' target='_blank'>Pleiades: Sippar</a>"
2026-01-15-(22-34-25),edited,878,Siʾimmê,"Siʾimmê, Siʾimme, Siʾme, Simme, Tell Ğilāga (NOT), Tall Ğilāġa (NOT)",4,36.9808177807648,41.8253407941766,"si-iʾ-me-e, 𒋛𒀪𒈨𒂊, si-im-me-e, 𒋛𒅎𒈨𒂊, si-me-e, 𒋛𒈨𒂊, KUR.si-ʾi-me-e, 𒆳𒋛𒀪𒈨𒂊, KUR.si-me-e, 𒆳𒋛𒈨𒂊, URU.si-iʾ-me-e, URU.si-ʾi-me-e, 𒌷𒋛𒀪𒈨𒂊, URU.si-im-me-e, 𒌷𒋛𒅎𒈨𒂊, URU.si-me-e, 𒌷𒋛𒈨𒂊","prov. capital, city, province","Assyria, Siʾimmê province, Iraq",4 A5,"Bagg RGTC 7 2/2: 528–529, Helsinki Atlas: 16 (map 4 A5), Parpola Toponyms: 308 (Siʾme), Parpola Toponyms: 314 (Si(..)e), <a href='https://www.google.com/maps/d/u/0/viewer?mid=1XWivnuuHzEfy0BJ6nMOdRbkLojLzahA&ll target='_blank'>Maija Holappa's map</a>, <a href='http://oracc.museum.upenn.edu/saao/knpp/peoplegodsplaces/index.html' target='_blank'>Knowledge and Power: Siʾimme</a>, <a href='https://www.ucl.ac.uk/sargon/peoplegodsplaces' target='_blank'>Assyrian empire builders: Siʾimme</a>, <a href='http://oracc.museum.upenn.edu/atae/cbd/qpn-x-places/onebigfile.html' target='_blank'>ATAE Glossary: Places (Siʾimme [1])</a>, <a href='http://oracc.museum.upenn.edu/saao/cbd/qpn-x-places/onebigfile.html' target='_blank'>SAAo Glossary: Places (Siʾimme [1])</a>, <a href='http://oracc.museum.upenn.edu/tsae/cbd/qpn-x-places/onebigfile.html' target='_blank'>TSAE Glossary: Places (Siʾme [1])</a>"
2026-01-15-(22-42-16),edited,886,Ṣūpat,"Ṣūpat, Ṣupat, Ṣubat, Zobah, Ṣôbā, Ḥoms",4,34.7205,36.717,–,"prov. capital, city",–,8 B2,"Bagg RGTC 7 1: 233–234, Helsinki Atlas: 15 (map 8 B2)"
2026-01-15-(22-44-15),edited,888,Ṣupru,"Ṣupria, Ṣupru, Ṣupri, Ṣuprum, Tall Abū Ḥasan, Tell Abu Hasan, تل أبو حسن, Tall Ḥawmat Hajin (?), aṣ-Ṣafaʾ (?), Tall aṣ-Ṣafaʾ (?), Tell es-Sufa (?)",4,34.65439698306979,40.88514412470767,"URU.ṣu-up-ri, 𒌷𒍮𒌒𒊑, URU.ṣu-up-ri-a, 𒌷𒍮𒌒𒊑𒀀, URU.ṣu-up-ra-a-a, 𒌷𒍮𒌒𒊏𒀀𒀀",town,Syria,–,"Bagg RGTC 7 2/2: 553–554, <a href='https://zenodo.org/record/6384045' target='_blank'>Pedersén ANE: Ṣupru? (Tell Abu Hasan)</a>, <a href='https://books.openedition.org/cdf/4487' target='_blank'>MTT I/3: Ṣupru/Tall Abū Ḥasan (HIGEOMES Nr. 275)</a>, <a href='https://zenodo.org/record/6384045' target='_blank'>Pedersén ANE: Arbatu? (Tell Khaumat Hajin)</a>, Musil (1927): <i>The Middle Euphrates: A Topographical Itinerary</i>: 204 and map c4 (aṣ-Ṣafaʾ), <a href='https://books.openedition.org/cdf/4487' target='_blank'>MTT I/3: Tall Sufa (HIGEOMES Nr. 1042)</a>, <a href='http://oracc.museum.upenn.edu/riao/cbd/qpn-x-places/onebigfile.html' target='_blank'>RIAo Glossary: Places (Ṣupru)</a>"
2026-01-15-(22-56-35),edited,894,Suru,"Suru, Sūru, Sūrâ, Sūrāia, Bīt-Kapan (?), Tell Fidēn, Tall Fidēn, Tell Fiden, الفيدن, Buṣaira (?), Buseire (?), البصيرة (?), Tell Suwwar (?), Tall Ṣuwār (?)",1,35.36333340366294,40.56285443246396,"URU.su-ú-ri, 𒌷𒋢𒌑𒊑, URU.su-ru, 𒌷𒋢𒊒",town,"Bīt-Ḫalupê, Lāqê, Syria",9 C1,"Bagg RGTC 7 2/2: 546 (Sūru 1), Helsinki Atlas: 16 (Sūru 1; map 9 C1), Parpola Toponyms: 319, <a href='https://zenodo.org/record/6384045' target='_blank'>Pedersén ANE: (Tell Fiden)</a>, <a href='https://books.openedition.org/cdf/4513' target='_blank'>MTT I/3: Tall Fiden (aB Bīt-Kapan)</a>, <a href='https://zenodo.org/record/6384045' target='_blank'>Pedersén ANE: Circesium (Buseire)</a>, <a href='https://zenodo.org/record/6384045' target='_blank'>Pedersén ANE: (Tell Suwwar)</a>, <a href='https://books.openedition.org/cdf/4487' target='_blank'>MTT I/3: Tall Suwwar (HIGEOMES Nr. 156)</a>, <a href='http://oracc.museum.upenn.edu/riao/cbd/qpn-x-places/onebigfile.html' target='_blank'>RIAo Glossary: Places (Suru)</a>"
2026-01-15-(22-56-35),edited,895,Sūru,"Sūru, Suru, Sūr, Sur Telbis, Sūr Telbīs, Sūr Talbīs",3,34.37549087167321,42.04609933757666,"URU.su-ru, 𒌷𒋢𒊒, URU.su-ú-ru, 𒌷𒋢𒌑𒊒, URU.su-ú-ri, 𒌷𒋢𒌑𒊑",town,"Sūḫu, Iraq",–,"Bagg RGTC 7 2/2: 547 (Sūru 2), Helsinki Atlas: 16 (map 10 B2; Sūru 2), Parpola Toponyms: 319, <a href='https://zenodo.org/record/6384045' target='_blank'>Pedersén ANE: Suru? (Sur Telbis)</a>, <a href='https://books.openedition.org/cdf/4487' target='_blank'>MTT I/3: Sur Telbis / Sūr Talbīs (HIGEOMES Nr. 202)</a>, <a href='https://www.ucl.ac.uk/sargon/peoplegodsplaces' target='_blank'>Assyrian empire builders: Suru</a>, <a href='http://oracc.museum.upenn.edu/riao/cbd/qpn-x-places/onebigfile.html' target='_blank'>RIAo Glossary: Places (Suru)</a>, <a href='http://oracc.museum.upenn.edu/saao/cbd/qpn-x-places/onebigfile.html' target='_blank'>SAAo Glossary: Places (Suru)</a>"
2026-01-15-(22-57-44),edited,898,Šabuqu,"Šabuqu, Šabuqa",–,–,–,"KUR.šá-bu-qa-a-a, 𒆳𒃻𒁍𒋡𒀀𒀀, LÚ.šá-bu-qa-a-a, 𒇽𒃻𒁍𒋡𒀀𒀀","territory (?), tribe (?)",–,–,"Bagg RGTC 7 3/1: 539 (Šabuqa), Parpola Toponyms: 329 (Šabuqa), <a href='http://oracc.museum.upenn.edu/saao/knpp/peoplegodsplaces/index.html' target='_blank'>Knowledge and Power: Šabuqu</a>, <a href='http://oracc.museum.upenn.edu/atae/cbd/qpn-x-ethnic/onebigfile.html' target='_blank'>ATAE Glossary: Ethnic Names (Šabuqaya [of Šabuqa])</a>, <a href='http://oracc.museum.upenn.edu/saao/cbd/qpn-x-ethnic/onebigfile.html' target='_blank'>SAAo Glossary: Ethnic Names (Šabuqaya [of Šabuqa])</a>"
2026-01-15-(23-02-28),edited,899,Šadikanni,"Šadikanni, Šadikannu, Shadikanni, Shaddikanni, Šuwadikani, Dikanni, ʿArbān, Arban, Araban, Arabana, Castellum Arabum, Horaba, Oraba, Tall ‘Ajājah, Tall Ajaja, Tall ʿAǧāǧa, Tell ʿAğāğa, Tell 'Ajaja, Tall Hajaja, Tall Agaga, تل عجاجة",1,36.20810142372741,40.72067006242501,"šá-URU.di-kan-ni, 𒃻𒌷𒁲𒃶𒉌, URU.šá-di-kan-ni, 𒌷𒃻𒁲𒃶𒉌, di-ka-ni-a, 𒁲𒅗𒉌𒀀, KUR.di-ka-na-a-ia, 𒆳𒁲𒅗𒈾𒀀𒅀, URU.di-kan-a-a, 𒌷𒁲𒃶𒀀𒀀, URU.šá-di-kan-a-a, 𒌷𒃻𒁲𒃶𒀀𒀀, URU.še-di-kan-a-a, 𒌷𒊺𒁲𒃶𒀀𒀀","city, region","Šadikanni, Ḫābūr area, Syria",3 D4,"Bagg RGTC 7 2/2: 559, Helsinki Atlas: 15 (map 3 D4), <a href='https://zenodo.org/record/6384045' target='_blank'>Pedersén ANE: Šadikanni (Tell 'Ajaja)</a>, <a href='https://zenodo.org/record/5217600' target='_blank'>CIGS: Shaddikanni/Tall ‘Ajājah</a>, <a href='https://books.openedition.org/cdf/4487' target='_blank'>MTT I/3: Šadikanni/Tall Ajaja (HIGEOMES Nr. 7)</a>, <a href='https://pleiades.stoa.org/places/874688' target='_blank'>Pleiades: Shadikanni/Ar(a)ban/(H)Oraba?/*Castellum Arabum</a>, <a href='http://oracc.museum.upenn.edu/saao/cbd/qpn-x-ethnic/onebigfile.html' target='_blank'>SAAo Glossary: Ethnic (Šadikannaya [FROM ŠADIKANNI])</a>, <a href='http://oracc.museum.upenn.edu/atae/cbd/qpn-x-places/onebigfile.html' target='_blank'>ATAE Glossary: Places (Šadikanni)</a>, <a href='http://oracc.museum.upenn.edu/saao/cbd/qpn-x-places/onebigfile.html' target='_blank'>SAAo Glossary: Places (Šadikanni)</a>, <a href='http://oracc.museum.upenn.edu/riao/cbd/qpn-x-places/onebigfile.html' target='_blank'>RIAo Glossary: Places (Šadikannu)</a>"
2026-01-15-(23-06-50),edited,1129,Šamuḫa,"Šamuḫa, Šamuha, Samuha, Kayalıpınar Höyük, Kayalıpınar",1,39.6198325452017,36.5282829804623,–,city,"Hittites, Turkey",–,"<a href='https://zenodo.org/record/6384045' target='_blank'>Pedersén ANE: Samuha (Kayalıpınar)</a>, <a href='https://zenodo.org/record/5217600' target='_blank'>CIGS: Šamuḫa/Kayalıpınar</a>, <a href='https://pleiades.stoa.org/places/819123409' target='_blank'>Pleiades: Šamuḫa</a>"
2026-01-15-(23-08-36),edited,1321,Šānu,"Šānu, Sānu, Nahr ar-Rūz, Nahr ar Rūz, نهر الروز, Nahr Rūz, Nahr Ruz, نهر روز",4,33.99611,45.03417,"ÍD.šá-a-ni, 𒀀𒇉𒃻𒀀𒉌, ÍD.šá-a-nu, 𒀀𒇉𒃻𒀀𒉡",river,"Assyria, Babylonia, Iraq",–,"Bagg RGTC 7 2/2: 453–454 (Nēmetti-šarri), Bagg RGTC 7 2/2: 691 (Turna), Bagg RGTC 7 2/1: 11 (Aḫ-Sāna), CT 29 pl. 48, <a href='https://www.ebl.lmu.de/library/K.19484' target='_blank'>eBL: K.19484+Rm.155: 20</a>, <a href='https://cdli.earth/artifacts/365974' target='_blank'>CDLI: P365974</a>, <a href='https://www.geonames.org/91877/nahr-ar-ruz.html' target='_blank'>Geonames: Nahr ar Rūz</a>, <a href='https://www.geonames.org/417437/nahr-ar-ruz.html' target='_blank'>Geonames: Nahr ar Rūz</a>"
2026-01-15-(23-09-45),edited,1253,Šarnî,"Šarnî, Šarni",–,–,–,"URU.šar-ni-i, 𒌷𒊬𒉌𒄿","city, fortified city","Urarṭu, Armarijalî, Iran, West Azerbaijan",–,"Bagg RGTC 7 3/2: 543, Parpola Toponyms: 332, <a href='http://oracc.museum.upenn.edu/riao/cbd/qpn-x-places/onebigfile.html' target='_blank'>RIAo Glossary: Places (Šarni [1])</a>, <a href='http://oracc.museum.upenn.edu/rinap/cbd/qpn-x-places/onebigfile.html' target='_blank'>RINAP Glossary: Places (Šarni [1])</a>"
2026-01-15-(23-12-07),edited,911,Šīmu,"Šīmu, Šimu, Šima, Šime, Šimi",–,–,–,"URU.ši-i-me, 𒌷𒅆𒄿𒈨, URU.ši-i-mu, 𒌷𒅆𒄿𒈬, URU.ši-ma, 𒌷𒅆𒈠, URU.ši-mu, 𒌷𒅆𒈬","prov. capital, city, province","Assyria, Šīmu province, Iraq",–,"Bagg RGTC 7 2/2: 569–570, Parpola Toponyms: 336, <a href='https://www.ucl.ac.uk/sargon/peoplegodsplaces' target='_blank'>Assyrian empire builders: Šimu</a>, <a href='http://oracc.museum.upenn.edu/saao/cbd/qpn-x-places/onebigfile.html' target='_blank'>SAAo Glossary: Places (Šimu [1] (GN))</a>, <a href='http://oracc.museum.upenn.edu/saao/cbd/qpn-x-places/onebigfile.html' target='_blank'>SAAo Glossary: Places (Šimu [1] (SN))</a>, <a href='http://oracc.museum.upenn.edu/riao/cbd/qpn-x-places/onebigfile.html' target='_blank'>RIAo Glossary: Places (Šimu [1])</a>, <a href='http://oracc.museum.upenn.edu/atae/cbd/qpn-x-places/onebigfile.html' target='_blank'>ATAE Glossary: Places (Šimu [1])</a>"
2026-01-15-(23-55-24),edited,919,Šubat-Enlil,"Šubat-Enlil, Shubat-Enlil, Šeḫna, Šehna, Shehna, Tell Leilan, Tell Laylan, Tall Laiylān, تل ليلان",1,36.9585300465899,41.5062658743722,–,city,Syria,–,<a href='https://zenodo.org/record/6384045' target='_blank'>Pedersén ANE: Šehna / Šubat-Enlil (Tell Leilan)</a>
2026-01-15-(23-58-02),edited,918,Šubarû,"Šubarû, Šubaru, Šubarûm, Šubartum, Subarû, Subaru, Subartu, Subartum, Subir",–,–,–,"šu-ba-ri-i, 𒋗𒁀𒊑𒄿, KUR.šu-ba-re-e, 𒆳𒋗𒁀𒊑𒂊, KUR.šu-ba-ri-i, 𒆳𒋗𒁀𒊑𒄿, KUR.šu-pa-re-e, 𒆳𒋗𒉺𒊑𒂊",territory,Iraq,–,"Bagg RGTC 7 2/2: 573, Parpola Toponyms: 337 (together with Šubria), <a href='http://oracc.museum.upenn.edu/riao/cbd/qpn-x-places/onebigfile.html' target='_blank'>RIAo Glossary: Places (Šubaru [1])</a>, <a href='http://oracc.museum.upenn.edu/riao/cbd/qpn-x-ethnic/onebigfile.html' target='_blank'>RIAo Glossary: Ethnic Names (Šubaru [of Subartu])</a>, <a href='http://oracc.museum.upenn.edu/riao/cbd/qpn-x-ethnic/onebigfile.html' target='_blank'>RIAo Glossary: Ethnic Names (Šubaru [of Šubaru])</a>"
2026-01-16-(00-00-56),edited,928,Ṭābēte,"Ṭābēte, Ṭabēte, Ṭābātu, Ṭābetu, Ṭābete, Ṭābētu, Ṭabatu, Ṭabatum, Ṭabitu, Tabite, Ṭabatun, Ṭābatāja, Ṭābātāju, Thebeta, Thebetha, Tall Ṭābān, تل طابان, Tall Tābān, Tell Tābān, Tell Ta'ban, Tell Taban, تل تابان",2,36.33621486308149,40.78773416178436,"URU.DÙG.GA-e-te, 𒌷𒄭𒂵𒂊𒋼, URU.DÙG.GA-ta-ia, 𒌷𒄭𒂵𒋫𒅀, URU.ṭa-bé-te, 𒌷𒁕𒁉𒋼",city,"Syria, Ḫābūr area",3 D4,"Bagg RGTC 7 2/2: 617, Helsinki Atlas: 17 (map 3 D4), <a href='https://zenodo.org/record/6384045' target='_blank'>Pedersén ANE: Ṭabatu (Tell Ta'ban)</a>, <a href='https://pleiades.stoa.org/places/874754' target='_blank'>Pleiades: Tell Taban/[Tabite]/Thebet(h)a?</a>, <a href='https://zenodo.org/record/5217600' target='_blank'>CIGS: Ṭābetu</a>, <a href='https://books.openedition.org/cdf/4487' target='_blank'>MTT I/3: Ṭabatum/Tall Taban (HIGEOMES Nr. 140)</a>, <a href='http://oracc.museum.upenn.edu/atae/cbd/qpn-x-places/onebigfile.html' target='_blank'>ATAE Glossary: Places (Ṭabete)</a>, <a href='http://oracc.museum.upenn.edu/saao/cbd/qpn-x-places/onebigfile.html' target='_blank'>SAAo Glossary: Places (Ṭabete)</a>"
2026-01-16-(00-15-10),edited,932,Taḫazimuna,"Taḫazimuna, Tahazimuna, Dazimon, Dazimonitis, Tokat, Tocat",4,40.31741073055277,36.5490100595584,–,city,Turkey,–,"<a href='https://zenodo.org/record/6384045' target='_blank'>Pedersén ANE: Tahazimuna? / Dazimon (Tokat)</a>, <a href='https://pleiades.stoa.org/places/857105' target='_blank'>Pleiades: Dazimon</a>, <a href='https://www.geonames.org/738743/tokat.html' target='_blank'>Geonames: Tokat</a>"
2026-01-16-(00-21-13),edited,935,Tagrītiānu,"Tagrītiānu, Tagaritejāni, Tagariteni, Takrītain, Tagritajn, Takritain, Šitullum, Šitula, Birta, Birtha, Ṭrīhān, Takrīt, Takrit, Tekrīt, Tikrit, Tikrīt, تكريت",1,34.6032310527314,43.69230755720257,"URU.ta-ga-ri-te-ia-ni, 𒌷𒋫𒂵𒊑𒋼𒅀𒉌, URU.ta-ga-ri-te-ni, 𒌷𒋫𒂵𒊑𒋼𒉌, URU.ta-gi-ri-te-ni, 𒌷𒋫𒄀𒊑𒋼𒉌, URU.tak-ri-i-ta-in, 𒌷𒋳𒊑𒄿𒋫𒅔",town,Iraq,10 C2,"Helsinki Atlas: 16 (map 10 C2; Tagrītiānu), Bagg RGTC 7 2/2: 582 (Tagaritejāni), Parpola Toponyms: 355 (Takrītain), <a href='https://zenodo.org/record/6384045' target='_blank'>Pedersén ANE: Takritain (Tikrit)?</a>, <a href='https://books.openedition.org/cdf/4718' target='_blank'>MTT I/1 (Šitullum; HIGEOMES Nr. 777)</a>, <a href='https://pleiades.stoa.org/places/894099' target='_blank'>Pleiades: Takrit/Birta</a>"
2026-01-16-(00-25-55),edited,934,Tajâ,"Tajâ, Taiâ, Tāya, Taya, Kəfar Ṭai, Kefr Tai, Kafr Tāyā, Kafr Taya, كفر تايا, Kafr Nāyā, Kafr Naya, Kafer Nâya, Kafer Naya, Kafrnāyā, Kafrnaya, كفر نايا, Ṭaṭaya (?), Tatiyah (?), Ţāţīyah (?), Tatiye (?), طاطية",–,36.4201,37.07461,"URU.ta-ia-a, 𒌷𒋫𒅀𒀀",city,"Pattinu, Bīt-Agūsi (?), Syria",–,"Bagg RGTC 7 1: 247, Parpola Toponyms: 343, Astour (1963): <i>Place-Names from the Kingdom of Alalaḫ...</i> JNES 22: 237 (no. 153), <a href='https://www.geonames.org/168652/kafr-naya.html' target='_blank'>Geonames: Kafr Nāyā</a>, <a href='https://www.geonames.org/163328/tatiyah.html' target='_blank'>Geonames: Ţāţīyah</a>, <a href='http://oracc.museum.upenn.edu/riao/cbd/qpn-x-places/onebigfile.html' target='_blank'>RIAo Glossary: Places (Taya [1])</a>"
2026-01-16-(00-28-12),edited,936,Talbiš,"Talbiš, Talmiš, Thilabous, Olabous, Thiloutha (?), Thilutha (?), Ğazīrat Talbīs, Talbīs, Telbis",1,34.37496,42.03796,"KUR.tal-meš, 𒆳𒊑𒈨𒌍, URU.tal-bi-iš, 𒌷𒊑𒁉𒅖, URU.tal-miš, 𒌷𒊑𒈩, URU.tal-mì-iš, 𒌷𒊑𒈨𒅖","town, island","Sūḫu, Iraq",10 B2,"Bagg RGTC 7 2/2: 583, Helsinki Atlas: 17 (map 10 B2), Parpola Toponyms: 344, <i>Excavations in Iraq, 1979-80</i>, Iraq 43/2 (1981): 193, <a href='https://books.openedition.org/cdf/4487' target='_blank'>MTT I/3: Telbis/Talbīs (HIGEOMES Nr. 197)</a>, <a href='https://pleiades.stoa.org/places/894103' target='_blank'>Pleiades: Telbis</a>, <a href='http://oracc.museum.upenn.edu/riao/cbd/qpn-x-places/onebigfile.html' target='_blank'>RIAo Glossary: Places (Talmiš)</a>"
2026-01-16-(09-10-32),edited,942,Tamnūna,"Tamnūna, Tamnuna, Tamnūnu, Tamnunu, Tamnunna, Tamanuni, Parnuna, Parḫaḫa, Tall Ǧikān, Tell Ǧikān, Tall Jīkān, Tall Jikan, Tell Jikan, تل جيكان, Ḫirbat Ğikān",3,36.6545906947976,42.9027992549414,"tam-KU₆, 𒌓𒄩, tam-nun-nu, 𒌓𒉣𒉡, tam-nun-na, 𒌓𒉣𒈾, tam-nun, 𒌓𒉣, URU.ta-ma-nu-ni, 𒌷𒋫𒈠𒉡𒉌, URU.tam-KU₆, 𒌷𒌓𒄩, URU.tam-KU₆.KU₆, 𒌷𒌓𒄩𒄩, URU.tam-KU₆-na, 𒌷𒌓𒄩𒈾, URU.tam-nu-na, 𒌷𒌓𒉡𒈾, URU.tam-nu-nu, 𒌷𒌓𒉡𒉡, URU.tam-nun-na, 𒌷𒌓𒉣𒈾, URU.tam-KU₆-a-a, 𒌷𒌓𒄩𒀀𒀀","prov. capital, city, province","Tamnūna province, Iraq",4 B5,"Bagg RGTC 7 2/2: 585–587 (Tamnūnu), Helsinki Atlas: 17 (map 4 B5), Parpola Toponyms: 273 (Parḫaḫa), Parpola Toponyms: 273 (Parnuna), Parpola Toponyms: 344(Tamanuni), <a href='https://zenodo.org/record/6384045' target='_blank'>Pedersén ANE: (Tell Jikan)</a>, <a href='https://books.openedition.org/cdf/4487' target='_blank'>MTT I/3: Tall Jikan (HIGEOMES Nr. 70)</a>, <a href='http://oracc.museum.upenn.edu/saao/knpp/peoplegodsplaces/index.html' target='_blank'>Knowledge and Power: Tamnuna</a>, <a href='https://www.ucl.ac.uk/sargon/peoplegodsplaces' target='_blank'>Assyrian empire builders: Tamnuna</a>, <a href='http://oracc.museum.upenn.edu/atae/cbd/qpn-x-places/onebigfile.html' target='_blank'>ATAE Glossary: Places (Tamnuna [1])</a>, <a href='http://oracc.museum.upenn.edu/atae/cbd/qpn-x-places/onebigfile.html' target='_blank'>ATAE Glossary: Places (Tamnunna [1])</a>, <a href='http://oracc.museum.upenn.edu/saao/cbd/qpn-x-places/onebigfile.html' target='_blank'>SAAo Glossary: Places (Tamnunu [1])</a>, <a href='http://oracc.museum.upenn.edu/riao/cbd/qpn-x-places/onebigfile.html' target='_blank'>RIAo Glossary: Places (Tamnunu [1])</a>, <a href='http://oracc.museum.upenn.edu/rinap/cbd/qpn-x-places/onebigfile.html' target='_blank'>RINAP Glossary: Places (Tamnunu [1])</a>, <a href='http://oracc.museum.upenn.edu/atae/cbd/qpn-x-places/onebigfile.html' target='_blank'>ATAE Glossary: Places (Tamnunu [1])</a>"
2026-01-16-(09-11-53),deleted,947,Tāmtu šaplītu ša Naʾiri,"Tâmtu šaplītu ša Naʾiri, Tâmtu-šaplītu-ša-Naʾiri, Tāmtu šaplītu ša Naʾiri, Tâmtu ša Naʾiri, Tâmtu-ša-Naʾiri, Tāmtu ša Naʾiri, Lake Urmia, Daryacheh-i Urumiyeh, Daryacheh-ye Orumiyeh, دَرياچِۀ اُروميِّه, دریاچه ارومیه, Daryacheh-i Rizaiyeh, Daryācheh-ye Rezā’īyeh, دَرياچِۀ رِضائيِّه, Daryacheh-i Shahi, Daryācheh-ye Shāhī, دَرياچِۀ شاهی",2,37.5903,45.43945,"tam-di KI.TA ša KUR.na-i-ri, 𒌓𒁲𒆠𒋫𒊭𒆳𒈾𒄿𒊑, tam-di KI.TA šá KUR.na-i-ri, 𒌓𒁲𒆠𒋫𒃻𒆳𒈾𒄿𒊑, A.AB.BA ša KUR.na-ʾi-ri, 𒀀𒀊𒁀𒊭𒆳𒈾𒀪𒊑, A.AB.BA ša KUR.na-i-ri, 𒀀𒀊𒁀𒊭𒆳𒈾𒄿𒊑, A.AB.BA šá KUR.na-ʾi-ri, 𒀀𒀊𒁀𒃻𒆳𒈾𒀪𒊑, A.AB.BA šá KUR.na-i-ri, 𒀀𒀊𒁀𒃻𒆳𒈾𒄿𒊑, tam-di ša KUR.KUR-na-ʾi-ri, 𒌓𒁲𒊭𒆳𒆳𒈾𒀪𒊑, tam-di ša KUR.KUR.na-i-ri, 𒌓𒁲𒊭𒆳𒆳𒈾𒄿𒊑, tam-di ša KUR.na-i-ri, 𒌓𒁲𒊭𒆳𒈾𒄿𒊑, tam-di šá KUR.na-i-ri, 𒌓𒁲𒃻𒆳𒈾𒄿𒊑, tam-di šà KUR.na-i-ri, 𒌓𒁲𒊮𒆳𒈾𒄿𒊑, tam-tim ša KUR.na-ʾi-i-ri, 𒌓𒁴𒊭𒆳𒈾𒀪𒄿𒊑",lake,"Urarṭu, Iran, West Azerbaijan, East Azerbaijan",5 A3,"Bagg RGTC 7 3/2: 765–766, Bagg RGTC 7 3/2: 761–762 (Tâmtu ša Naʾiri), Helsinki Atlas: 17 (map 5 A3; Tāmtu (šaplītu) ša Naʾiri), Parpola Toponyms: 346 (Tâmtu ša Naʾiri), Parpola Toponyms: 346–347 (under Tâmtu šaplītu), <a href='https://www.geonames.org/121800/lake-urmia.html' target='_blank'>Geonames: Lake Urmia</a>, <a href='http://oracc.museum.upenn.edu/riao/cbd/qpn-x-waters/onebigfile.html' target='_blank'>RIAo Glossary: Watercourses (Tamtu elitu u Tamtu šaplitu ša Naʾiri [Upper and Lower Seas of the Naʾiri Lands])</a>, <a href='http://oracc.museum.upenn.edu/rinap/cbd/qpn-x-waters/onebigfile.html' target='_blank'>RINAP Glossary: Watercourses (Tamtu ša Naʾiri [Sea of the Naʾiri Lands])</a>, <a href='http://oracc.museum.upenn.edu/riao/cbd/qpn-x-waters/onebigfile.html' target='_blank'>RIAo Glossary: Watercourses (Tamtu ša Naʾiri [Sea of the Naʾiri Lands])</a>"
2026-01-16-(09-11-53),new,947,Tâmtu šaplītu ša Naʾiri,"Tâmtu šaplītu ša Naʾiri, Tâmtu-šaplītu-ša-Naʾiri, Tāmtu šaplītu ša Naʾiri, Tâmtu ša Naʾiri, Tâmtu-ša-Naʾiri, Tāmtu ša Naʾiri, Lake Urmia, Daryacheh-i Urumiyeh, Daryacheh-ye Orumiyeh, دَرياچِۀ اُروميِّه, دریاچه ارومیه, Daryacheh-i Rizaiyeh, Daryācheh-ye Rezā’īyeh, دَرياچِۀ رِضائيِّه, Daryacheh-i Shahi, Daryācheh-ye Shāhī, دَرياچِۀ شاهی",2,37.5903,45.43945,"tam-di KI.TA ša KUR.na-i-ri, 𒌓𒁲𒆠𒋫𒊭𒆳𒈾𒄿𒊑, tam-di KI.TA šá KUR.na-i-ri, 𒌓𒁲𒆠𒋫𒃻𒆳𒈾𒄿𒊑, A.AB.BA ša KUR.na-ʾi-ri, 𒀀𒀊𒁀𒊭𒆳𒈾𒀪𒊑, A.AB.BA ša KUR.na-i-ri, 𒀀𒀊𒁀𒊭𒆳𒈾𒄿𒊑, A.AB.BA šá KUR.na-ʾi-ri, 𒀀𒀊𒁀𒃻𒆳𒈾𒀪𒊑, A.AB.BA šá KUR.na-i-ri, 𒀀𒀊𒁀𒃻𒆳𒈾𒄿𒊑, tam-di ša KUR.KUR-na-ʾi-ri, 𒌓𒁲𒊭𒆳𒆳𒈾𒀪𒊑, tam-di ša KUR.KUR.na-i-ri, 𒌓𒁲𒊭𒆳𒆳𒈾𒄿𒊑, tam-di ša KUR.na-i-ri, 𒌓𒁲𒊭𒆳𒈾𒄿𒊑, tam-di šá KUR.na-i-ri, 𒌓𒁲𒃻𒆳𒈾𒄿𒊑, tam-di šà KUR.na-i-ri, 𒌓𒁲𒊮𒆳𒈾𒄿𒊑, tam-tim ša KUR.na-ʾi-i-ri, 𒌓𒁴𒊭𒆳𒈾𒀪𒄿𒊑",lake,"Urarṭu, Iran, West Azerbaijan, East Azerbaijan",5 A3,"Bagg RGTC 7 3/2: 765–766, Bagg RGTC 7 3/2: 761–762 (Tâmtu ša Naʾiri), Helsinki Atlas: 17 (map 5 A3; Tāmtu (šaplītu) ša Naʾiri), Parpola Toponyms: 346 (Tâmtu ša Naʾiri), Parpola Toponyms: 346–347 (under Tâmtu šaplītu), <a href='https://www.geonames.org/121800/lake-urmia.html' target='_blank'>Geonames: Lake Urmia</a>, <a href='http://oracc.museum.upenn.edu/riao/cbd/qpn-x-waters/onebigfile.html' target='_blank'>RIAo Glossary: Watercourses (Tamtu elitu u Tamtu šaplitu ša Naʾiri [Upper and Lower Seas of the Naʾiri Lands])</a>, <a href='http://oracc.museum.upenn.edu/rinap/cbd/qpn-x-waters/onebigfile.html' target='_blank'>RINAP Glossary: Watercourses (Tamtu ša Naʾiri [Sea of the Naʾiri Lands])</a>, <a href='http://oracc.museum.upenn.edu/riao/cbd/qpn-x-waters/onebigfile.html' target='_blank'>RIAo Glossary: Watercourses (Tamtu ša Naʾiri [Sea of the Naʾiri Lands])</a>"
2026-01-16-(09-23-52),edited,952,Tarḫuntašša,"Tarḫuntašša, Tarhuntašša, Türkmen Karahüyük, Türkmen-Karahöyük, Türkmenkarahüyük, Karahüyük, Kızıl Dağ (?), Kızıldağ (?), Kizil Dag (?)",4,37.6223667656557,33.0289300021944,–,city,"Hittites, Turkey",–,"<a href='https://www.geonames.org/298780/tuerkmen-karahueyuek.html' target='_blank'>Geonames: Türkmen Karahüyük</a>, <a href='https://zenodo.org/record/6384045' target='_blank'>Pedersén ANE: Tarhuntašša? (Kızıldağ)?</a>, <a href='https://www.geonames.org/10637455/kizil-dag.html' target='_blank'>Geonames: Kızıl Dağ</a>"
2026-01-16-(09-27-37),edited,1295,Tarsisi,"Tarsisi, Tarsa, Tarša, Taršîš, Taršiš, Tarshish, תַּרְשִׁישׁ, tršš, 𐤕𐤓𐤔𐤔, Tharsis, Tarsis, Θαρσεῖς, Tharseis, Tarsos, Tarsus, Ṭarsus, Ṭarsūs, طرسوس, Tārsūs, تارسوس, Gözlü Kule, Gözlükule, Gozlukule, Tartessos (?), Karthago (?)",–,36.91242262888753,34.89592313714341,"KUR.tar-si-si, 𒆳𒋻𒋛𒋛, tršyš, תרשׁישׁ, tršš, 𐤕𐤓𐤔𐤔",city,"Quwê, Turkey",–,"Bagg RGTC 7 1: 251, Bagg RGTC 7 1: 251–252 (Tarzu), Helsinki Atlas: 17 (Tarzi; map 1 D4), Parpola Toponyms: 349 (Tarzi), <a href='https://zenodo.org/record/6384045' target='_blank'>Pedersén ANE: Tarsa / Tarsos (Gözlü Kule)</a>, <a href='https://zenodo.org/record/5217600' target='_blank'>CIGS: Gözlükule</a>, <a href='https://pleiades.stoa.org/places/648789' target='_blank'>Pleiades: Tarsus/Antiochia ad Cydnum</a>, <a href='https://www.geonames.org/10630870/goezluekule.html' target='_blank'>Geonames: Gözlükule</a>, <a href='https://www.geonames.org/299817/tarsus.html' target='_blank'>Geonames: Tarsus</a>, <a href='http://oracc.museum.upenn.edu/riao/cbd/qpn-x-places/onebigfile.html' target='_blank'>RIAo Glossary: Places (Tarsisi [1])</a>, <a href='http://oracc.museum.upenn.edu/rinap/cbd/qpn-x-places/onebigfile.html' target='_blank'>RINAP Glossary: Places (Tarsisi [1])</a>"
2026-01-16-(09-27-37),edited,956,Tarzi,"Tarzi, Tarzu, Tarsa, Tarša, trz, 𐡕𐡓𐡆, Tarsisi (?), Taršîš (?), Taršiš (?), Tarshish (?), תַּרְשִׁישׁ, tršš (?), 𐤕𐤓𐤔𐤔, Tharsis (?), Tarsis (?), Θαρσεῖς (?), Tharseis (?), Tarsos, Ταρσός, Antiocheia in Persis, Antiocheia pros Kydnō, Iouliopolis, Tarsus, Antiochia ad Cydnum, Ṭarsus, Ṭarsūs, طرسوس, Tārsūs, تارسوس, Gözlü Kule, Gözlükule, Gozlukule",1,36.91242262888753,34.89592313714341,"URU.ta-ar-zu, 𒌷𒋫𒅈𒍪, URU.tar-zi, 𒌷𒋻𒍣, trz, 𐡕𐡓𐡆, tršyš (?), תרשׁישׁ, tršš (?), 𐤕𐤓𐤔𐤔",city,"Quwê, Turkey",1 D4,"Bagg RGTC 7 1: 251–252 (Tarzu), Bagg RGTC 7 1: 251 (Tarsisi), Helsinki Atlas: 17 (map 1 D4), Parpola Toponyms: 349, <a href='https://zenodo.org/record/6384045' target='_blank'>Pedersén ANE: Tarsa / Tarsos (Gözlü Kule)</a>, <a href='https://zenodo.org/record/5217600' target='_blank'>CIGS: Gözlükule</a>, <a href='https://pleiades.stoa.org/places/648789' target='_blank'>Pleiades: Tarsus/Antiochia ad Cydnum</a>, <a href='https://www.geonames.org/10630870/goezluekule.html' target='_blank'>Geonames: Gözlükule</a>, <a href='https://www.geonames.org/299817/tarsus.html' target='_blank'>Geonames: Tarsus</a>, <a href='http://oracc.museum.upenn.edu/riao/cbd/qpn-x-places/onebigfile.html' target='_blank'>RIAo Glossary: Places (Tarzu [Tarsus])</a>, <a href='http://oracc.museum.upenn.edu/rinap/cbd/qpn-x-places/onebigfile.html' target='_blank'>RINAP Glossary: Places (Tarzu [Tarsus])</a>"
2026-01-16-(09-34-00),edited,1068,Tel Motza,"Tel Motza, Tel Moza, Khirbet Mizza, Motza, Mozah, Motsa, Moza, מֹּצָה, מוֹצָא‎, Ammaous, Kolonia, Qaluniya, قالونيا‎",–,31.79445,35.16378,"מֹּצָה, מוֹצָא","village, temple","Iaʾūdu, Israel",–,"Joshua 18:26, <a href='https://zenodo.org/record/6384045' target='_blank'>Pedersén ANE: Moza (Tel Moza)</a>, <a href='https://pleiades.stoa.org/places/687979' target='_blank'>Pleiades: Moza/Ammaous/Kolonia</a>, <a href='https://www.geonames.org/294148/moza.html' target='_blank'>Geonames: Moẕa</a>"
2026-01-16-(09-38-57),edited,969,Til-Barsib,"Til-Barsib, Til-Barsip, Tīl-Barsip, Tīl-Barsib, Tarbusībi, Kār-Salmānu-ašarēd, Kār-Salmaneser, Kār-Šulmānu-ašarēd, Kār Šulmānu-ašarēd, Mazuwati, Masuwari, Tell Aḥmar, Tell Ahmar",1,36.67442976010499,38.12095051439576,–,"prov. capital, city",Syria,3 B4,"Helsinki Atlas: 17 (map 3 B4), <a href='https://zenodo.org/record/6384045' target='_blank'>Pedersén ANE: Til-Barsip / Masuwari (Tell Ahmar)</a>, <a href='https://pleiades.stoa.org/places/658410' target='_blank'>Pleiades: Bersiba</a>"
2026-01-16-(09-39-40),edited,970,Til-Baserê,"Til-Bašerê, Til-Baserê, Tell Bašir, Tilbeşar",2,36.87277733486835,37.55931140177385,–,town,Turkey,2 D4,"Helsinki Atlas: 17 (map 2 D4), <a href='https://zenodo.org/record/6384045' target='_blank'>Pedersén ANE: Til-Bašerê? (Tilbeşar)</a>"
2026-01-16-(09-53-18),edited,979,Tillê,"Tillê, Tille, Tiluli, Tīl-uli, Tall Rumailān, Tell Rumailān, Tall Rumaylan, Tall Roumeilane, تل رميلان, Tall Rumaīlān Kabīr, Tall Rumaylān Kabīr, Tall Rumaylan Kabir, تل رميلان كبير, Tall Rumaylān al Kabīr, Tall Rumaylan al Kabir, Tell Roumelane Kebir, Rumaylan Tahtani, Tall Ğilāġa (?), Jīl Āghā (?), Jil Agha (?), جل أغا, Al Jawādīyah (?), Al Jawadiyah (?), الجوادية",4,36.9483767049872,41.96987719907926,"KUR.til-le-e, 𒆳𒌀𒇷𒂊, til-le-e, 𒌀𒇷𒂊, til-li₃-e, 𒌀𒅆𒂊, URU.DU₆-le-e, 𒌷𒇯𒇷𒂊, URU.til, 𒌷𒌀, URU.til-e, 𒌷𒌀𒂊, URU.til-le-e, 𒌷𒌀𒇷𒂊, URU.til-le-ia, 𒌷𒌀𒇷𒅀, URU.til-li₃-e, 𒌷𒌀𒅆𒂊, URU.til-la-a-a, 𒌷𒌀𒆷𒀀𒀀, URU.DU₆-u₂-li, 𒌷𒇯𒌑𒇷, URU.ti-lu-li, 𒌷𒋾𒇻𒇷","prov. capital, city, province","Katmuḫi, Tillê, Syria",4 A5,"Bagg RGTC 7 2/2: 600–601 (Tillê), Bagg RGTC 7 2/2: 609 (Tiluli (2)), Helsinki Atlas: 17 (map 4 A5), Parpola Toponyms: 356–357 (Tillê), Parpola Toponyms: 357 (Tiluli), <a href='https://zenodo.org/record/6384045' target='_blank'>Pedersén ANE: (Tell Rumaylan)</a>, <a href='https://books.openedition.org/cdf/4487' target='_blank'>MTT I/3: Tall Rumaylan (HIGEOMES Nr. 782)</a>, <a href='https://www.geonames.org/165217/tall-rumaylan-kabir.html' target='_blank'>Geonames: Tall Rumaylān Kabīr</a>, <a href='https://www.geonames.org/173711/al-jawadiyah.html' target='_blank'>Geonames: Al Jawādīyah / Jīl Āghā</a>, <a href='http://oracc.museum.upenn.edu/saao/knpp/peoplegodsplaces/index.html' target='_blank'>Knowledge and Power: Tille</a>, <a href='https://www.ucl.ac.uk/sargon/peoplegodsplaces' target='_blank'>Assyrian empire builders: Tille</a>, <a href='http://oracc.museum.upenn.edu/atae/cbd/qpn-x-places/onebigfile.html' target='_blank'>ATAE Glossary: Places (Tille [1])</a>, <a href='http://oracc.museum.upenn.edu/saao/cbd/qpn-x-places/onebigfile.html' target='_blank'>SAAo Glossary: Places (Tille [1])</a>, <a href='http://oracc.museum.upenn.edu/riao/cbd/qpn-x-places/onebigfile.html' target='_blank'>RIAo Glossary: Places (Tille [1])</a>, <a href='http://oracc.museum.upenn.edu/saao/cbd/qpn-x-ethnic/onebigfile.html' target='_blank'>SAAo Glossary: Ethnic Names (Tillaya [of Tille])</a>, <a href='http://oracc.museum.upenn.edu/atae/cbd/qpn-x-ethnic/onebigfile.html' target='_blank'>ATAE Glossary: Ethnic Names (Tillaya [of Tille])</a>, <a href='http://oracc.museum.upenn.edu/riao/cbd/qpn-x-places/onebigfile.html' target='_blank'>RIAo Glossary: Places (Tiluli [2])</a>, <a href='http://oracc.museum.upenn.edu/saao/cbd/qpn-x-places/onebigfile.html' target='_blank'>SAAo Glossary: Places (Tiluli [2])</a>, <a href='http://oracc.museum.upenn.edu/atae/cbd/qpn-x-places/onebigfile.html' target='_blank'>ATAE Glossary: Places (Tiluli [2])</a>"
2026-01-16-(10-07-44),edited,1000,Tutub,"Tutub, Khafaja",1,33.35566234452106,44.55556207376325,–,city,Iraq,–,<a href='https://zenodo.org/record/6384045' target='_blank'>Pedersén ANE: Tutub (Khafaja)</a>
2026-01-16-(10-08-38),edited,1002,Tūʾimmu,"Tūʾimmu, Tuʾimmu, Tuʾimme, Tu'ammu, Tuʾammu, Tayimu, Taimu, twʾm, Tuwwama, Tawwāmi, Tawʾama, Tawāmah, Taw’amah, Tawamah, توامة, al-Tawameh, Taʾum (?), Ţa‘ūm (?), Ţu‘ūm (?), طعوم, Tall Ṭaʿam (?), Tall Taim (?)",3,36.19351402699451,36.8109182544023,"URU.tu-ʾi-im-me, 𒌷𒌅𒀪𒅎𒈨, URU.tu-im-mu, 𒌷𒌅𒅎𒈬, URU.tu-ʾu-am-mu, URU.tu-ʾa-am-mu, 𒌷𒌅𒀪𒄠𒈬, URU.tú-ʾi-mu, 𒌷𒌓𒀪𒈬, URU.tú-im-me, 𒌷𒌓𒅎𒈨, URU.tú-im-mu, 𒌷𒌓𒅎𒈬, twʾm, 𐡕𐡅𐡀𐡌","prov. capital, city, province","Bīt-Agūsi, Tūʾimmu province, Syria",2 C5,"Bagg RGTC 7 1: 259–260, Helsinki Atlas: 17 (map 2 C5), Parpola Toponyms: 358, <a href='https://zenodo.org/record/6384045' target='_blank'>Pedersén ANE: Tu'ammu? (Tuwwama)</a>, <a href='https://www.geonames.org/163320/tawamah.html' target='_blank'>Geonames: Tawāmah</a>, <a href='https://www.geonames.org/4705/tu-um.html' target='_blank'>Geonames: Ţu‘ūm</a>, <a href='http://oracc.museum.upenn.edu/atae/cbd/qpn-x-places/onebigfile.html' target='_blank'>ATAE Glossary: Places (Tuʾimmu [1])</a>, <a href='http://oracc.museum.upenn.edu/riao/cbd/qpn-x-places/onebigfile.html' target='_blank'>RIAo Glossary: Places (Tuʾimmu [1])</a>, <a href='http://oracc.museum.upenn.edu/rinap/cbd/qpn-x-places/onebigfile.html' target='_blank'>RINAP Glossary: Places (Tuʾimmu [1])</a>"
2026-01-16-(10-12-17),edited,1248,Ubianda,Ubianda,–,–,–,"KUR.ú-bi-an-da, 𒆳𒌑𒁉𒀭𒁕","mountains, mountain","Urarṭu, Armarijalî, Iran, West Azerbaijan",–,"Bagg RGTC 7 3/2: 581, Parpola Toponyms: 364, <a href='http://oracc.museum.upenn.edu/riao/cbd/qpn-x-places/onebigfile.html' target='_blank'>RIAo Glossary: Places (Ubianda [Mount Ubianda])</a>, <a href='http://oracc.museum.upenn.edu/rinap/cbd/qpn-x-places/onebigfile.html' target='_blank'>RINAP Glossary: Places (Ubianda [Mount Ubianda])</a>"
2026-01-16-(10-12-17),edited,1008,Ūlāia,"Ūlāia,Ulai, Eulaios, Karḫe, Karkhe",2,–,–,–,river,–,17 A2,Helsinki Atlas: 17 (map 17 A2)
2026-01-16-(10-14-30),edited,1009,Ulluba,"Ulluba, Birtu, Plain of Zāḫū",–,–,–,–,"district, province",–,4 B4,"Bagg RGTC 7 2/1: 105–106 (Birtu 2), Helsinki Atlas: 17 (map 4 B4)"
2026-01-16-(10-15-02),edited,1011,Umma,"Umma, Tell Jokha",1,31.66743001625768,45.88767609164621,–,city,"Babylonia, Iraq",–,<a href='https://zenodo.org/record/6384045' target='_blank'>Pedersén ANE: Umma (Tell Jokha)</a>
2026-01-16-(10-21-32),edited,1015,Upî,"Upî, Ôpis, Opis, Tell al-Muǧailāt, Tulul Mujaili'",1,33.18405462323751,44.70127240121272,–,city,"Babylonia, Iraq",10 D3,"Helsinki Atlas: 18 (map 10 D3), <a href='https://zenodo.org/record/6384045' target='_blank'>Pedersén ANE: Upî? (Tulul Mujaili' D590)</a>"
2026-01-16-(10-27-32),edited,1025,Uruk,"Uruk, Unug, Unu, Uraka, ʾrk, Erech, ʾark<sup>e</sup>wāy, Orchoē, Orchoe, Orikut, Orcheni, Warkāʾ, Warka, وركاء, al-Warkāʾ, الوركاء, Tall al-Warkāʾ, تل الورکاء, Tulūl al-Warkāʾ",1,31.3243553908688,45.638784255587,"UNUG.KI, 𒀕𒆠, TE.UNUG.KI, 𒋼𒀕𒆠, URU.ú-ru-uk, 𒌷𒌑𒊒𒊌, unu.KI-ga-ta, 𒀕𒆠𒂵𒋫, UNUG.KI-a-a, 𒀕𒆠𒀀𒀀, UNUG.KI.MEŠ, 𒀕𒆠𒈨𒌍, LÚ.UNUG.KI-a-a, 𒇽𒀕𒆠𒀀𒀀, LÚ.UNUG.KI.MEŠ, 𒇽𒀕𒆠𒈨𒌍, LÚ.URU.UNUG.KI-a-a, 𒇽𒌷𒀕𒆠𒀀𒀀, URU.UNUG.KI-a-a, 𒌷𒀕𒆠𒀀𒀀, ʾrk, 𐡀𐡓𐡊, אֶרֶךְ‎, ארך, ʾark<sup>e</sup>wāy, אַרְכֳּוָיֵ֤א","prov. capital, city","Babylonia, Iraq",16 A2,"Bagg RGTC 7 3/2: 607–609, Helsinki Atlas: 18 (map 16 A2), Parpola Toponyms: 375–376, <a href='https://zenodo.org/record/6384045' target='_blank'>Pedersén ANE: Uruk (Warka)</a>, <a href='https://zenodo.org/record/5217600' target='_blank'>CIGS: Uruk</a>, <a href='https://pleiades.stoa.org/places/912986' target='_blank'>Pleiades: Uruk/Orchoe/Erech/Orikut</a>, <a href='https://www.geonames.org/90377/erech.html' target='_blank'>Geonames: Erech</a>, <a href='http://oracc.museum.upenn.edu/saao/knpp/peoplegodsplaces/index.html' target='_blank'>Knowledge and Power: Uruk</a>, <a href='https://www.ucl.ac.uk/sargon/peoplegodsplaces' target='_blank'>Assyrian empire builders: Uruk</a>, <a href='http://oracc.museum.upenn.edu/saao/cbd/qpn-x-places/onebigfile.html' target='_blank'>SAAo Glossary: Places (Uruk [1])</a>, <a href='http://oracc.museum.upenn.edu/rinap/cbd/qpn-x-places/onebigfile.html' target='_blank'>RINAP Glossary: Places (Uruk [1])</a>, <a href='http://oracc.museum.upenn.edu/atae/cbd/qpn-x-places/onebigfile.html' target='_blank'>ATAE Glossary: Places (Uruk [1])</a>, <a href='http://oracc.museum.upenn.edu/riao/cbd/qpn-x-places/onebigfile.html' target='_blank'>RIAo Glossary: Places (Uruk [1])</a>, <a href='http://oracc.museum.upenn.edu/saao/cbd/qpn-x-ethnic/onebigfile.html' target='_blank'>SAAo Glossary: Ethnic Names (Urukaya [Urukean])</a>, <a href='http://oracc.museum.upenn.edu/saao/cbd/qpn-x-ethnic/onebigfile.html' target='_blank'>SAAo Glossary: Ethnic Names (Urukaya [of Uruk])</a>, <a href='http://oracc.museum.upenn.edu/atae/cbd/qpn-x-ethnic/onebigfile.html' target='_blank'>ATAE Glossary: Ethnic Names (Urukaya [of Uruk])</a>"
2026-01-16-(10-27-32),edited,1028,Usalâ,"Usalâ, Tall Ṣuwwar, Tell Ṣuwwar, Tell Suwwar, Tall Ṣuwār, Tall Namlīya (?), Tall Namliya (?), Tell Namliya (?), نملية",3,35.50987316071441,40.66151507987354,"URU.ú-sa-la-a, 𒌷𒌑𒊓𒆷𒀀",town,"Lāqê, Syria",9 C1,"Helsinki Atlas: 18 (map 9 C1), Bagg RGTC 7 2: 635, <a href='https://zenodo.org/record/6384045' target='_blank'>Pedersén ANE: (Tell Suwwar)</a>, <a href='https://books.openedition.org/cdf/4487' target='_blank'>MTT I/3: Tall Suwwar (HIGEOMES Nr. 156)</a>, <a href='https://zenodo.org/record/6384045' target='_blank'>Pedersén ANE: (Tell Namliya)?</a>, <a href='https://books.openedition.org/cdf/4487' target='_blank'>MTT I/3: Tall Namliya (HIGEOMES Nr. 157)</a>, <a href='http://oracc.museum.upenn.edu/riao/cbd/qpn-x-places/onebigfile.html' target='_blank'>RIAo Glossary: Places (Usala)</a>"
2026-01-16-(10-30-46),edited,1039,Zāba elû,"Zāba-elû, Zāba elû, Upper Zab, az-Zāb al-aʿlā",1,–,–,–,river,–,4 C5,Helsinki Atlas: 18 (map 4 C5)
2026-01-16-(10-30-46),edited,1040,Zāba šaplû,"Zāba-šaplû, Zāba šaplû, az-Zāb al-asfal, Lower Zab",1,–,–,–,river,–,10 C1,Helsinki Atlas: 18 (map 10 C1)
2026-01-16-(10-32-01),edited,1041,Zabalam,"Zabalam, Zabala, Tulul Ibzaikh",1,31.74472924832169,45.87575461093311,–,city,"Babylonia, Iraq",–,<a href='https://zenodo.org/record/6384045' target='_blank'>Pedersén ANE: Zabalam (Tulul Ibzaikh)</a>
2026-01-16-(10-37-12),edited,1308,Zāmê,"Zāmê, Zamē, Zamê, Zame",–,–,–,"URU.za-a-me-e, 𒌷𒍝𒀀𒈨𒂊, KUR.za-a-me, 𒆳𒍝𒀀𒈨","fortified city, city, territory","Babylonia, Puqūdu, Gambūlu, Iraq",–,"Bagg RGTC 7 3/2: 616–617, Parpola Toponyms: 381, Zadok RGTC 8: 333 (Zamē), <a href='http://oracc.museum.upenn.edu/riao/cbd/qpn-x-places/onebigfile.html' target='_blank'>RIAo Glossary: Places (Zame [1])</a>, <a href='http://oracc.museum.upenn.edu/rinap/cbd/qpn-x-places/onebigfile.html' target='_blank'>RINAP Glossary: Places (Zame [1])</a>, <a href='http://oracc.museum.upenn.edu/atae/cbd/qpn-x-places/onebigfile.html' target='_blank'>ATAE Glossary: Places (Zame [1])</a>, <a href='http://oracc.museum.upenn.edu/saao/cbd/qpn-x-places/onebigfile.html' target='_blank'>SAAo Glossary: Places (Zame [1])</a>"
2026-01-16-(10-37-12),edited,1043,Zabban,"Zabban, Zaban, Qalʿat Širvāna, Qal‘at Shīrwānah, Qalat Shirwana, Qala Shirwana, قلعة شيروانة, قلعة شيروانه, Šamīrān (?), Shemêran (?), Shemīrān (?), Shamīrān (?), شميران, Qara Tappe (?), Qarah Tabah (?), Qara Tepe (?), قرة تبه",3,34.60689382891628,45.31339245237733,"za-ban, 𒍝𒉼, KUR.za-ban, 𒆳𒍝𒉼, KUR.za-ban<sup>an</sup>, 𒆳𒍝𒉼𒀭, KUR.zab-ban, 𒆳𒂟𒉼, URU.za-ban, 𒌷𒍝𒉼, URU.za-ban<sup>an</sup>, 𒌷𒍝𒉼𒀭, URU.zab-ban, 𒌷𒂟𒉼, KUR.URU.za-ban, 𒆳𒌷𒍝𒉼, URU.za-an-ban, 𒌷𒍝𒀭𒉼","city, territory","Diyala region, Iraq",10 D2,"Bagg RGTC 7 2/2: 639–640, Helsinki Atlas: 18 (map 10 D2), Parpola Toponyms: 379, <a href='https://zenodo.org/record/6384045' target='_blank'>Pedersén ANE: (Qala Shirwana SRP 1)</a>, <a href='https://www.geonames.org/92512/qal-at-shirwanah.html' target='_blank'>Geonames: Qal‘at Shīrwānah</a>, <a href='https://www.geonames.org/91119/shemeran.html' target='_blank'>Geonames: Shemêran</a>, <a href='https://www.geonames.org/92411/qarah-tabah.html' target='_blank'>Geonames: Qarah Tabah</a>, <a href='https://www.ucl.ac.uk/sargon/peoplegodsplaces' target='_blank'>Assyrian empire builders: Zabban</a>, <a href='http://oracc.museum.upenn.edu/atae/cbd/qpn-x-places/onebigfile.html' target='_blank'>ATAE Glossary: Places (Zabban [1])</a>, <a href='http://oracc.museum.upenn.edu/saao/cbd/qpn-x-places/onebigfile.html' target='_blank'>SAAo Glossary: Places (Zabban [1])</a>, <a href='http://oracc.museum.upenn.edu/riao/cbd/qpn-x-places/onebigfile.html' target='_blank'>RIAo Glossary: Places (Zabban [1])</a>"
2026-01-16-(10-38-57),edited,1047,Zanbāja,"Zanbāja, Zanbaya, Zanbayu, Zanba",–,–,–,"URU.za-an-ba-a-a, 𒌷𒍝𒀭𒁀𒀀𒀀",town,"Assyria, Nineveh province (?), Iraq",–,"Bagg RGTC 7 2/2: 643, <a href='http://oracc.museum.upenn.edu/atae/cbd/qpn-x-places/onebigfile.html' target='_blank'>ATAE Glossary: Places (Zanbaya [1])</a>, <a href='http://oracc.museum.upenn.edu/saao/cbd/qpn-x-places/onebigfile.html' target='_blank'>SAAo Glossary: Places (Zanbaya [1])</a>, <a href='http://oracc.museum.upenn.edu/saao/cbd/qpn-x-places/onebigfile.html' target='_blank'>SAAo Glossary: Places (Zanbayu [1])</a>"
2026-01-16-(10-39-24),edited,1050,Zawiyeh,"Zawiyeh, Zawiyyā, Zawiyah, Zāwiyah",–,34.29263,42.1725,–,–,"Sūḫu, Iraq",–,RIMB 2: 323
2026-01-16-(10-40-55),edited,1222,Zinbanu,"Zinbanu, Zinnabat",–,–,–,"URU.zi-in-ba-nu, 𒌷𒍣𒅔𒁀𒉡",town,"Assyria, Siʾimmê province, Iraq",–,"Bagg RGTC 7 2/2: 646, Parpola Toponyms: 384 (Zinnabat), <a href='http://oracc.museum.upenn.edu/saao/cbd/qpn-x-places/onebigfile.html' target='_blank'>SAAo Glossary: Places (Zinbanu [1])</a>, <a href='http://oracc.museum.upenn.edu/atae/cbd/qpn-x-places/onebigfile.html' target='_blank'>ATAE Glossary: Places (Zinbanu [1])</a>"
2026-01-16-(10-49-34),deleted,1055,ʾAtaroth,"ʾAtaroth, Ataroth, ʿAtaroth, ʿĀṭārôt, עֲטָרוֹת, Khirbat ʿAṭarūz, Khirbet 'Ataruz, Khirbat Ataruz, Khirbat ‘Aţarūz, خربة عطروز",4,31.57431436939063,35.66497129122921,עֲטָרוֹת,city,"Māʾab, Transjordania, Jordan",–,"<a href='https://zenodo.org/record/6384045' target='_blank'>Pedersén ANE: 'Ataroth (Khirbet 'Ataruz)</a>, <a href='https://www.geonames.org/12041561/khirbat-ataruz.html' target='_blank'>Geonames: Khirbat ‘Aţarūz</a>, <a href='http://www.ataruz.org/' target='_blank'>Khirbat Ataruz Project</a>, <a href='https://www.thetorah.com/article/ataroth-and-the-inscribed-altar-who-won-the-war-between-moab-and-israel' target='_blank'>Ataroth and the Inscribed Altar</a>"
2026-01-16-(10-49-34),new,1055,ʿAtaroth,"ʿAtaroth, Ataroth, ʿĀṭārôt, עֲטָרוֹת, Khirbat ʿAṭarūz, Khirbet 'Ataruz, Khirbat Ataruz, Khirbat ‘Aţarūz, خربة عطروز",4,31.57431436939063,35.66497129122921,עֲטָרוֹת,city,"Māʾab, Transjordania, Jordan",–,"<a href='https://zenodo.org/record/6384045' target='_blank'>Pedersén ANE: 'Ataroth (Khirbet 'Ataruz)</a>, <a href='https://www.geonames.org/12041561/khirbat-ataruz.html' target='_blank'>Geonames: Khirbat ‘Aţarūz</a>, <a href='http://www.ataruz.org/' target='_blank'>Khirbat Ataruz Project</a>, <a href='https://www.thetorah.com/article/ataroth-and-the-inscribed-altar-who-won-the-war-between-moab-and-israel' target='_blank'>Ataroth and the Inscribed Altar</a>"
2026-01-16-(10-53-28),edited,1054,Zuqarru,"Zuqarru, Zuqarri, Zeugma, Ζεῦγμα, Seleukeia pros to Euphrate, Belkis, Zoungour (?), Zūrunqul (?), زورنقل (?), Zunqul (?), Zūnqul (?), زونقل (?)",3,37.05516752824153,37.86948407371437,"URU.zu-qar-ri, 𒌷𒍪𒃼𒊑",town,"Bīt-Adini, Turkey, Syria (?)",3 A3,"Bagg RGTC 7 1: 276 (Zuqarri), Helsinki Atlas: 18 (map 3 A3), Parpola Toponyms: 384–385, <a href='https://zenodo.org/record/6384045' target='_blank'>Pedersén ANE: Seleukia / Zeugma</a>, <a href='https://pleiades.stoa.org/places/658636' target='_blank'>Pleiades: Zeugma</a>, <a href='https://www.geonames.org/162379/zurunqul.html' target='_blank'>Geonames: Zūrunqul</a>, Yamada (2000): <i>The Construction of the Assyrian Empire</i>: 185"
2026-01-22-(15-55-07),edited,319,Ediʾil,"Ediʾil, Edīl, Idalion, Idálion, Ιδάλιον, Idalium, Dali",1,35.01608965104055,33.4248168167272,"KUR.e-di-iʾ-li, 𒆳𒂊𒁲𒀪𒇷, URU.e-di-ʾi-il, URU.e-di-iʾ-il, 𒌷𒂊𒁲𒀪𒅋, URU.e-di-il, 𒌷𒂊𒁲𒅋","capital, city, country","Jadnana, Cyprus",7 B1,"Bagg RGTC 7 1: 64–65, Helsinki Atlas: 8 (map 7 B1), Parpola Toponyms: 116, <a href='https://zenodo.org/record/6384045' target='_blank'>Pedersén ANE: Idalion / Edi'il (Dali)</a>, Pamela Gaber (2017): <a href='https://opencontext.org/projects/df8e4efd-e06b-4b0b-a056-08b6fd199536' target='_blank'>Idalion</a>. Open Context. DOI: https://doi.org/10.6078/M7SJ1HQ1, <a href='https://pleiades.stoa.org/places/707519' target='_blank'>Pleiades: Idalion</a>, <a href='https://www.geonames.org/146589/idalion.html' target='_blank'>Geonames: Idálion</a>, <a href='http://oracc.museum.upenn.edu/riao/cbd/qpn-x-places/onebigfile.html' target='_blank'>RIAo Glossary: Places (Ediʾil [IDALION])</a>, <a href='http://oracc.museum.upenn.edu/rinap/cbd/qpn-x-places/onebigfile.html' target='_blank'>RINAP Glossary: Places (Ediʾil [IDALION])</a>"
2026-01-28-(21-52-32),new,1345,Oluz Höyük,"Oluz Höyük, OOluz Höyük, Oluz Moundluz Mound",1,40.5456566274,35.628510364,–,city,"Hittites, Phrygia, Persia, Turkey",–,"<a href='https://turkisharchaeonews.net/site/oluz-h%C3%B6y%C3%BCk' target='_blank'>Turkish Archaeological News: Oluz Höyük</a>, <a href='https://greekreporter.com/2026/01/23/lost-kubaba-temple-turkey-ancient-anatolian-worship/' target='_blank'>Lost Temple of Hittite Goddess Kubaba Discovered...</a>, <a href='https://pleiades.stoa.org/places/218742082' target='_blank'>Pleiades: Oluz Höyük</a>, <a href='https://vici.org/vici/55128/' target='_blank'>Vici.org: Oluz Höyük</a>, <a href='https://vici.org/vici/26084/' target='_blank'>Vici.org: Oluz Höyük - Oluz Mound</a>, <a href='https://www.geonames.org/738734/toklucak.html' target='_blank'>Geonames: Toklucak</a>"
2026-01-28-(21-54-51),edited,254,Burušḫanda,"Burušḫanda, Burušhanda, Burušhaddum, Burušḫattum, Purušḫanda, Purushanda, Puruskhanda, Purušḫattum, Purushhattum, Acemhöyük (?), Açemhöyük (?)",4,38.41158900602762,33.83548385023444,–,city,"Hittites, Turkey",–,"<a href='https://zenodo.org/record/6384045' target='_blank'>Pedersén ANE: Burušhanda? (Açemhöyük)</a>, <a href='https://zenodo.org/record/5217600' target='_blank'>CIGS: Acemhöyük</a>, <a href='https://pleiades.stoa.org/places/804216207' target='_blank'>Pleiades: Acemhöyük</a>"
2026-04-16-(15-29-53),edited,372,Gurasimmu,"Gurasimmu, Gursimmu, Gurasim",2,–,–,"LÚ.gu-ra-sim-mu, 𒇽𒄖𒊏𒉆𒈬, LÚ.gúr-a-sim, 𒇽𒃵𒀀𒉆, LÚ.gúr-a-sim-mu, 𒇽𒃵𒀀𒉆𒈬, gúr-sim-mu, 𒃵𒉆𒈬","tribe, Semitic tribe","Babylonia, Iraq",16 A3,"Bagg RGTC 7 3/1: 236–237, Helsinki Atlas: 9 (map 16 A3), Parpola Toponyms: 136, <a href='https://pleiades.stoa.org/places/885556763' target='_blank'>Pleiades: Gurasimmu</a>, <a href='http://oracc.museum.upenn.edu/atae/cbd/qpn-x-ethnic/onebigfile.html' target='_blank'>ATAE Glossary: Ethnic Names (Gurasimmu [1])</a>, <a href='http://oracc.museum.upenn.edu/rinap/cbd/qpn-x-ethnic/onebigfile.html' target='_blank'>RINAP Glossary: Ethnic Names (Gurasimmu [1])</a>, <a href='http://oracc.museum.upenn.edu/saao/cbd/qpn-x-ethnic/onebigfile.html' target='_blank'>SAAo Glossary: Ethnic Names (Gurasimmu [1])</a>, <a href='http://oracc.museum.upenn.edu/riao/cbd/qpn-x-ethnic/onebigfile.html' target='_blank'>RIAo Glossary: Ethnic Names (Gurasimmu [1])</a>"
2026-04-16-(17-48-14),new,1346,Gupna,"Gupna, Gubna",–,–,–,"URU.gu-up-na, URU.gu-ub-na, 𒌷𒄖𒌒𒈾",town,–,–,"Bagg RGTC 7 3/1: 236, Johns 1901: <i>Assyrian Deeds and Documents...</i> Volume II. Pl. 156"
2026-04-16-(17-59-11),edited,1346,Gupna,"Gupna, Gubna",–,–,–,"URU.gu-up-na, URU.gu-ub-na, 𒌷𒄖𒌒𒈾",town,–,–,"Bagg RGTC 7 3/1: 236, Parpola Toponyms: 125 (Gubla), Johns 1901: <i>Assyrian Deeds and Documents...</i> Volume II. Pl. 156"
2026-04-16-(17-59-11),edited,1086,Aduma,Aduma,–,–,–,"URU.a-du-ma, 𒌷𒀀𒁺𒈠",town,–,–,"Bagg RGTC 7 3/1: 6, Parpola Toponyms: 4 (Adummatu), Bagg RGTC 7 3/1: 236, Johns 1901: <i>Assyrian Deeds and Documents...</i> Volume II. Pl. 156"
2026-04-16-(18-10-17),new,1347,Kapar-Zunīra,"Kapar-Zunīra, Kapar-Zunira, Kapar-Zuḫīra, Kapar-Zuḫira",–,–,–,"URU.ŠE.zu-uḫ-i-ra, 𒌷𒊺𒍪𒄴𒄿𒊏, URU.ŠE.zu-nì-i-ra, 𒌷𒊺𒍪𒃻𒄿𒊏 ",town,–,–,"Bagg RGTC 7 3/1: 319, Johns 1901: <i>Assyrian Deeds and Documents...</i> Volume II. Pl. 156"
2026-04-16-(18-21-40),new,1348,Šanḫa,"Šanḫa, Šanha",–,–,–,"URU.šá-an-ḫa, 𒌷𒃻𒀭𒄩 ",town,–,–,"Bagg RGTC 7 3/2: 541, Parpola Toponyms: 331, Johns 1901: <i>Assyrian Deeds and Documents...</i> Volume II. Pl. 156"
2026-04-16-(20-59-10),edited,462,Iadaʾî,"Iadaʾî, Iadaʾi, Jadaʾî, Jadaʾi, Yadaʾî, Yadaʾi",–,–,–,"URU.ia-da-ʾi-i, 𒌷𒅀𒁕𒀪𒄿",town,"Izalla, Ğazīra, Turkey, Syria (?), Iraq (?)",–,"Bagg, RGTC 7 2/1: 267 (Jadaʾî), Parpola Toponyms: 182 (Jadaʾi), Zadok (1995): <i>The Ethno-Linguistic Character of the Jezireh and Adjacent Regions...</i>: 271 (6.3.6), <a href='http://oracc.museum.upenn.edu/saao/cbd/qpn-x-places/onebigfile.html' target='_blank'>SAAo Glossary: Places (Yadaʾi [1])</a>, <a href='http://oracc.museum.upenn.edu/atae/cbd/qpn-x-places/onebigfile.html' target='_blank'>ATAE Glossary: Places (Yadaʾi [1])</a>"
2026-04-16-(22-13-18),edited,349,Gannanāti,"Gannanāti, Gannanati, Gannanāte, Gannanate, Gananāte, Gananati, Gannana, Ganana, Ganata, Qaṣr-e Šīrīn, Qaşr-e Shīrīn, Qasr-e Shirin, Qasr-ī-Shīrīn, Qasr-i-Shirin, Qaşr Shīrīn, Qasr Shirin, قصر شيرين, Ghasr-shīrīn, Ghasr-shirin, Ghasr-ī-shīrīn, Ghasr-i-shirin",4,34.5156,45.5791,"KUR.gán-na-na-a-ti, 𒆳𒃷𒈾𒈾𒀀𒋾, KUR.gán-na-na-ti, 𒆳𒃷𒈾𒈾𒋾, URU.ga-na-na, 𒌷𒂵𒈾𒈾, URU.ga-na-na-a-te, 𒌷𒂵𒈾𒈾𒀀𒋼, URU.ga-na-na-a-ti, 𒌷𒂵𒈾𒈾𒀀𒋾, URU.ga-na-na-te, 𒌷𒂵𒈾𒈾𒋼, URU.ga-na-na-ti, 𒌷𒂵𒈾𒈾𒋾, URU.gan-na-a-ti, 𒌷𒃶𒈾𒀀𒋾, URU.gán-na-a-na, 𒌷𒃷𒈾𒀀𒈾, URU.gán-na-na-te, 𒌷𒃷𒈾𒈾𒋼, URU.gán-na-te, 𒌷𒃷𒈾𒋼",town,"Babylonia, Iran, Iraq (?)",11 A2,"Bagg RGTC 7 2/1: 179–180 (Gannanāte), Helsinki Atlas: 9 (map 11 A2), Parpola Toponyms: 129 (Gananāte), <a href='https://www.geonames.org/119586/qasr-e-shirin.html' target='_blank'>Geonames: Qaşr-e Shīrīn</a>, <a href='http://oracc.museum.upenn.edu/atae/cbd/qpn-x-places/onebigfile.html' target='_blank'>ATAE Glossary: Places (Gananati [1])</a>, <a href='http://oracc.museum.upenn.edu/atae/cbd/qpn-x-places/onebigfile.html' target='_blank'>ATAE Glossary: Places (Gannanate [1])</a>, <a href='http://oracc.museum.upenn.edu/saao/cbd/qpn-x-places/onebigfile.html' target='_blank'>SAAo Glossary: Places (Gannanate [1])</a>, <a href='http://oracc.museum.upenn.edu/riao/cbd/qpn-x-places/onebigfile.html' target='_blank'>RIAo Glossary: Places (Gannanate [1])</a>"
2026-04-17-(12-56-18),edited,1333,Izduja,"Izduja, Izduia, Izduya",–,–,–,"URU.iz-du-ia, 𒌷𒄑𒁺𒅀",town,"Babylonia, Iran, Iraq (?)",–,"Bagg RGTC 7 2/1: 265, Parpola Toponyms: 181, <a href='http://oracc.museum.upenn.edu/riao/cbd/qpn-x-places/onebigfile.html' target='_blank'>RIAo Glossary: Places (Izduya [1])</a>"
2026-04-17-(12-58-43),new,1349,Datēbir,"Datēbir, Datebir",–,–,–,"URU.da-te-e-bir, 𒌷𒁕𒋼𒂊𒄵",town,"Babylonia, Iran, Iraq (?)",–,"Bagg RGTC 7 2/1: 137, Parpola Toponyms: 100, <a href='http://oracc.museum.upenn.edu/riao/cbd/qpn-x-places/onebigfile.html' target='_blank'>RIAo Glossary: Places (Datebir [1])</a>"
2026-04-17-(13-41-15),edited,344,Ešnunna,"Ešnunna, Eshnunna, Išnunak, Išnun, Ašnuna, Ašnun, Ašnunnak, Išnūnah, إشنونة, Tell Asmar D244, Tall ʼAsmar, Tell Asmar, تل أسمر, Tall al Asmar, تل الاسمر",1,33.48423473616363,44.72803270837709,"ÈŠ.NUN.NA.KI, 𒀊𒉣𒈾𒆠, URU.iš-nu-na-ak, 𒌷𒅖𒉡𒈾𒀝",city,"Babylonia, Iraq",–,"Bagg RGTC 7 2/1: 172, Parpola Toponyms: 178 (Išnunak), <a href='https://zenodo.org/record/6384045' target='_blank'>Pedersén ANE: Ešnunna (Tell Asmar D244)</a>, <a href='https://zenodo.org/record/5217600' target='_blank'>CIGS: Tall ʼAsmar</a>, <a href='https://pleiades.stoa.org/places/90720956' target='_blank'>Pleiades: Eshnunna</a>, <a href='https://www.geonames.org/6806500/tall-al-asmar.html' target='_blank'>Geonames: Tall al Asmar</a>, <a href='http://oracc.museum.upenn.edu/saao/knpp/peoplegodsplaces/index.html' target='_blank'>Knowledge and Power: Ešnunna</a>, <a href='http://oracc.museum.upenn.edu/tsae/cbd/qpn-x-places/onebigfile.html' target='_blank'>TSAE Glossary: Places (Ešnunna [1])</a>, <a href='http://oracc.museum.upenn.edu/tsae/cbd/qpn-x-places/onebigfile.html' target='_blank'>TSAE Glossary: Places (Ešnunna [1])</a>, <a href='http://oracc.museum.upenn.edu/tsae/cbd/qpn-x-places/onebigfile.html' target='_blank'>TSAE Glossary: Places (Išnunak [Ešnunna])</a>"
2026-04-17-(14-27-35),edited,1342,Nūria,"Nūria, Nuria, Nuriya, Nūrê, Nure, Marión, Marion, Μαριών, Marionpolis, Arsinoe, Arsinoe Marion, Pólis-tis-Chrisochous, Polis tis Khrysokhou, Poli Chrysochous, Πόλη Χρυσοχούς, Dimos Poleos Chrysochous, Δήμος Πόλεως Χρυσοχούς, Pólis, Polis, Amathous (?), Amathus (?), Amatus (?), Amathoúnda (?), Amathounda (?), Amathonte (?), Cinyria (?)",–,35.03477,32.42706,"KUR.nu-re-e, 𒆳𒉡𒊑𒂊, URU.nu-ri-e, 𒌷𒉡𒊑𒂊, URU.nu-ri-ia, 𒌷𒉡𒊑𒅀, URU.nu-ri-iá, 𒌷𒉡𒊑𒐊, URU.ZÁLAG-ia, 𒌷𒂟𒅀","capital, city, seaport, country","Jadnana, Cyprus",–,"Bagg RGTC 7 1: 184, Parpola Toponyms: 271, <a href='https://www.geonames.org/19187/marion.html' target='_blank'>Geonames: Marión</a>, <a href='https://pleiades.stoa.org/places/707574' target='_blank'>Pleiades: Marion</a>, <a href='https://www.ancientportsantiques.com/the-catalogue/' target='_blank'>Ancient Ports: Marionpolis</a>, <a href='https://www.geonames.org/146137/polis.html' target='_blank'>Geonames: Pólis</a>, <a href='https://www.geonames.org/146822/amathus-city-site.html' target='_blank'>Geonames: Amathus City-Site</a>, <a href='https://pleiades.stoa.org/places/707462' target='_blank'>Pleiades: Amathous</a>, <a href='http://oracc.museum.upenn.edu/rinap/cbd/qpn-x-places/onebigfile.html' target='_blank'>RINAP Glossary: Places (Nuria [1])</a>, <a href='http://oracc.museum.upenn.edu/riao/cbd/qpn-x-places/onebigfile.html' target='_blank'>RIAo Glossary: Places (Nuria [1])</a>"
2026-04-17-(14-27-35),edited,55,Āmidu,"Āmidu, Amīdu, Amēdu, Amidu, Amidi, Amida, Amedu, Āmid, Adtygrem, Ad Tygrem, Edessa, Qara Āmid, Ḳara Amid, Qara Amid, Amed, ئامەد, Amid, امد, Diyār Bakr, Diyar Bakr, ديار بكر, Diyarbakır, Diyarbakir, Diyarbekir",1,37.91084757982514,40.23675541855323,"a-me-di, 𒀀𒈨𒁲, a-me-du, 𒀀𒈨𒁺, URU.a-me-di, 𒌷𒀀𒈨𒁲, URU.a-me-du, 𒌷𒀀𒈨𒁺, URU.a-mi-di, 𒌷𒀀𒈪𒁲, URU.a-med-a-a, 𒌷𒀀𒁁𒀀𒀀","capital, city, prov. capital, province","Bīt-Zamāni, Āmidu province, Turkey",3 D3,"Bagg RGTC 7 2/1: 43–44 (Amēdu), Bagg RGTC 7 2/1: 123 (Bīt-Zamāni), Helsinki Atlas: 5 (map 3 D3), Parpola Toponyms: 15 (Amedi), <a href='https://zenodo.org/record/6384045' target='_blank'>Pedersén ANE: Amida (Diyarbakir)</a>, <a href='https://www.geonames.org/316541/diyarbakir.html' target='_blank'>Geonames: Diyarbakır</a>, <a href='https://pleiades.stoa.org/places/874298' target='_blank'>Pleiades: Ad Tygrem/Amida</a>, <a href='https://www.ucl.ac.uk/sargon/peoplegodsplaces' target='_blank'>Assyrian empire builders: Amidi</a>, <a href='http://oracc.museum.upenn.edu/atae/cbd/qpn-x-places/onebigfile.html' target='_blank'>ATAE Glossary: Places (Amedu [1])</a>, <a href='http://oracc.museum.upenn.edu/riao/cbd/qpn-x-places/onebigfile.html' target='_blank'>RIAo Glossary: Places (Amedu [1])</a>, <a href='http://oracc.museum.upenn.edu/saao/cbd/qpn-x-places/onebigfile.html' target='_blank'>SAAo Glossary: Places (Amedu [1])</a>, <a href='http://oracc.museum.upenn.edu/saao/cbd/qpn-x-places/onebigfile.html' target='_blank'>SAAo Glossary: Places (Amidu [1])</a>, <a href='http://oracc.museum.upenn.edu/atae/cbd/qpn-x-places/onebigfile.html' target='_blank'>ATAE Glossary: Places (Amidu [1])</a>"
2026-04-17-(14-27-35),edited,280,Dimašqa,"Dimašqa, Dimmašqa, Dimašqu, Dammaśq, dmšq, dmśq, 𐡃𐡌𐡔𐡒, Dammeśeq, דמשק, דַּמֶּשֶׂק, Darmeśeq, דַרְמֶשֶׂק‎, דרמשק, Demetrias, Damaskos, Δαμασκὸς, Damascus, Dimašq, دمشق, aš-Šām, الشَّام",1,33.51012387661223,36.30920594609906,"URU.di-ma-áš-qi, 𒌷𒁲𒈠𒀾𒆥, URU.di-maš-qa, 𒌷𒁲𒈦𒋡, URU.di-maš-qi, 𒌷𒁲𒈦𒆥, URU.di-maš-qí, 𒌷𒁲𒈦𒆠, URU.di-maš-qu, 𒌷𒁲𒈦𒄣, URU.dim-maš-qa, 𒌷𒁴𒈦𒋡, URU.di-maš-qa-a-a, 𒌷𒁲𒈦𒋡𒀀𒀀, dmšq, דַּמֶּשֶׂק, דמשק, drmšq, דַרְמֶשֶׂק, דרמשק, dmśq, 𐡃𐡌𐡔𐡒","capital, city, prov. capital","Bīt-Ḫazaʾil, Syria",8 B3,"Helsinki Atlas: 8 (map 8 B3), Bagg RGTC 7 1: 60–62, Parpola Toponyms: 103–104, <a href='https://zenodo.org/record/6384045' target='_blank'>Pedersén ANE: Damaskus</a>, <a href='https://pleiades.stoa.org/places/678106' target='_blank'>Pleiades: Damascus</a>, <a href='http://oracc.museum.upenn.edu/saao/knpp/peoplegodsplaces/index.html' target='_blank'>Knowledge and Power: Damascus</a>, <a href='https://www.ucl.ac.uk/sargon/peoplegodsplaces' target='_blank'>Assyrian empire builders: Damascus</a>, <a href='http://oracc.museum.upenn.edu/atae/cbd/qpn-x-places/onebigfile.html' target='_blank'>ATAE Glossary: Places (Dimašqa [DAMASCUS])</a>, <a href='http://oracc.museum.upenn.edu/saao/cbd/qpn-x-places/onebigfile.html' target='_blank'>SAAo Glossary: Places (Dimašqa [DAMASCUS])</a>, <a href='http://oracc.museum.upenn.edu/riao/cbd/qpn-x-places/onebigfile.html' target='_blank'>RIAo Glossary: Places (Dimašqa [DAMASCUS])</a>, <a href='http://oracc.museum.upenn.edu/rinap/cbd/qpn-x-places/onebigfile.html' target='_blank'>RINAP Glossary: Places (Dimašqa [DAMASCUS])</a>, <a href='http://oracc.museum.upenn.edu/saao/cbd/qpn-x-ethnic/onebigfile.html' target='_blank'>SAAo Glossary: Ethnic (Dimašqaya [DAMASCENE])</a>, <a href='http://oracc.museum.upenn.edu/saao/cbd/qpn-x-places/onebigfile.html' target='_blank'>SAAo Glossary: Places (Dimmašqa [DAMASCUS])</a>"
2026-04-17-(14-27-35),edited,400,Ḫamāt,"Ḫamāt, Amattu, Amatu, Ḥamāt, Ḥamā, Hama, Hamath",1,35.13589896027996,36.74949783765234,–,"capital, city, country","Syria, Ḫamāt",8 B1,"Helsinki Atlas: 9 (map 8 B1), <a href='https://zenodo.org/record/6384045' target='_blank'>Pedersén ANE: Hama</a>"
2026-04-17-(14-27-35),edited,583,Kitrusu,"Kitrusu, Kitrusi, Khytroi, Chýtroi, Chythroi, Chytroi, Χύτροι, Khytri, Kythaireia, Kitreya, Kythraea, Kythrea, Kitrea, Kythréa, Κυθρέα, Degirmenlik, Değirmenlik",1,35.25161,33.49518,"KUR.ki-it-ru-si, 𒆳𒆠𒀉𒊒𒋛, URU.ki-it-ru-si, 𒌷𒆠𒀉𒊒𒋛","capital, city, country","Jadnana, Cyprus",7 B1,"Bagg RGTC 7 1: 141 (Kitrusi), Helsinki Atlas: 12 (map 7 B1), Parpola Toponyms: 211, <a href='https://www.geonames.org/20027/chytroi.html' target='_blank'>Geonames: Chýtroi</a>, <a href='https://pleiades.stoa.org/places/707496' target='_blank'>Pleiades: Chyt(h)roi</a>, <a href='https://www.geonames.org/146409/kythrea.html' target='_blank'>Geonames: Kythréa</a>, <a href='http://oracc.museum.upenn.edu/rinap/cbd/qpn-x-places/onebigfile.html' target='_blank'>RINAP Glossary: Places (Kitrusi [1])</a>, <a href='http://oracc.museum.upenn.edu/riao/cbd/qpn-x-places/onebigfile.html' target='_blank'>RIAo Glossary: Places (Kitrusi [1])</a>"
2026-04-17-(14-27-35),edited,601,Kurî,"Kurî, Kūrî, Kuri, kry, Kourion, Koúριov, Curias, Curium, Episkopí, Episkopi, Επισκοπή, Piskobu",1,34.67276897397688,32.86383915944204,"KUR.ku-ri-i, 𒆳𒆪𒊑𒄿, URU.ku-ri-i, 𒌷𒆪𒊑𒄿, kry, 𐤊𐤓𐤉‎","capital, city, seaport, country","Jadnana, Cyprus",7 A2,"Bagg RGTC 7 1: 148–149, Helsinki Atlas: 12 (map 7 A2), Parpola Toponyms: 218, <a href='https://zenodo.org/record/6384045' target='_blank'>Pedersén ANE: Kurî / Kourion (Episkopi)</a>, <a href='https://zenodo.org/record/5217600' target='_blank'>CIGS: Kourion</a>, <a href='https://pleiades.stoa.org/places/707549' target='_blank'>Pleiades: Kourion</a>, <a href='https://www.geonames.org/146633/episkopi.html' target='_blank'>Geonames: Episkopí</a>, <a href='http://oracc.museum.upenn.edu/rinap/cbd/qpn-x-places/onebigfile.html' target='_blank'>RINAP Glossary: Places (Kuri [Curium])</a>, <a href='http://oracc.museum.upenn.edu/riao/cbd/qpn-x-places/onebigfile.html' target='_blank'>RIAo Glossary: Places (Kuri [Curium])</a>"
2026-04-17-(14-27-35),edited,623,Lidir,"Lidir, Ledra, Λήδρα, Ledrae, Lédrai, Λέδραι, Ledroi, Λήδροι, Ledron, Λεδρῶν, Λῆδρον, Leuteon, Λευτεῶν, Leucon, Λευκῶν, Leucotheon, Λευκοθέον, Leucoi Theoi, Λευκοί Θεοί, Leuke ousia, λευκή οὐσία, Leucopolis, Λευκούπολις, Kallinikesis, Callinicesis, Καλλινικησις, Kallinekesis, Καλλινεικησις, Leucosia, Λευκουσία, Levkōsīa, Lefkosia, Λευκωσία, Lefḳoša, Lefkoşa, al-Afqūsīya, al-Afqusiya, الأفقوسية, Nicosia, Nikosia, Nikusiya",1,35.17284,33.35397,"KUR.li-di-ir, 𒆳𒇷𒁲𒅕, URU.li-di-ir, 𒌷𒇷𒁲𒅕","capital, city, country","Jadnana, Cyprus",7 B1,"Bagg RGTC 7 1: 157, Helsinki Atlas: 12 (map 7 B1), Parpola Toponyms: 226–227, <a href='https://en.wikipedia.org/wiki/Nicosia' target='_blank'>Wikipedia: Nicosia</a>, <a href='https://www.geonames.org/146268/nicosia.html' target='_blank'>Geonames: Nicosia</a>, <a href='https://pleiades.stoa.org/places/707558' target='_blank'>Pleiades: Ledroi/Leuke Ousia</a>, <a href='http://oracc.museum.upenn.edu/riao/cbd/qpn-x-places/onebigfile.html' target='_blank'>RIAo Glossary: Places (Lidir [1])</a>, <a href='http://oracc.museum.upenn.edu/rinap/cbd/qpn-x-places/onebigfile.html' target='_blank'>RINAP Glossary: Places (Lidir [1])</a>"
2026-04-17-(14-27-35),edited,749,Pappa,"Pappa, Palaiá Páfos, Palaia Pafos, Παλαιά Πάφος, Palea Paphos, Palæa Paphos, Palaipaphos, Paleapaphos, Palepafo, Paphos, Pāphos, Πάφος, Kouklia, Κούκλια, Eski Baf",1,34.70798037317133,32.57386155884813,"KUR.pa-ap-pa, 𒆳𒉺𒀊𒉺, URU.pa-ap-pa, 𒌷𒉺𒀊𒉺","capital, city, seaport, country","Jadnana, Cyprus",7 A2,"Bagg RGTC 7 1: 185–186 (Pappa 1), Helsinki Atlas: 14 (map 7 A2), Parpola Toponyms: 272 (together with Pāpa / Pappa 2), <a href='https://zenodo.org/record/6384045' target='_blank'>Pedersén ANE: Pappa / Paphos (Kouklia)</a>, <a href='https://www.geonames.org/146242/palaia-pafos.html' target='_blank'>Geonames: Palaiá Páfos</a>, <a href='https://www.geonames.org/146434/kouklia.html' target='_blank'>Geonames: Kouklia</a>, <a href='https://pleiades.stoa.org/places/707596' target='_blank'>Pleiades: (Palai)Paphos</a>, <a href='https://www.ancientportsantiques.com/the-catalogue/' target='_blank'>Ancient Ports: Palaipaphos</a>, <a href='http://oracc.museum.upenn.edu/rinap/cbd/qpn-x-places/onebigfile.html' target='_blank'>RINAP Glossary: Places (Pappa [Paphos])</a>, <a href='http://oracc.museum.upenn.edu/riao/cbd/qpn-x-places/onebigfile.html' target='_blank'>RIAo Glossary: Places (Pappa [Paphos])</a>"
2026-04-17-(14-27-35),edited,784,Qarti-ḫadasti,"Qarti-ḫadasti, Qarti-hadasti, Qartiḫadasti, Qartihadasti, Qart Hadasht, Kition, Κίτιον, Kitim, Kittim, Chittim, Citium, Kepos, Lárnaka, Larnaca, Larnaka, Λάρνακα, Amathous (?), Amathus (?), Amatus (?), Amathoúnda (?), Amathounda (?), Amathonte (?), Cinyria (?)",1,34.92021112196967,33.63274525614838,"KUR.qar-ti-ha-da-as-ti, 𒆳𒃼𒋾𒄩𒁕𒊍𒋾, URU.qar-ti-ha-da-as-ti, 𒌷𒃼𒋾𒄩𒁕𒊍𒋾, qrt ḥdšt, 𐤒𐤓𐤕𐤇𐤃𐤔𐤕","capital, city, seaport, country","Jadnana, Cyprus",7 B2,"Bagg RGTC 7 1: 195–196 (Qartiḫadasti), Helsinki Atlas: 14 (map 7 B2), Parpola Toponyms: 285 (Qartiḫadasti), <a href='https://zenodo.org/record/6384045' target='_blank'>Pedersén ANE: Kition (Larnaca)</a>, <a href='https://zenodo.org/record/5217600' target='_blank'>CIGS: Kition</a>, <a href='https://pleiades.stoa.org/places/707534' target='_blank'>Pleiades: Kition</a>, <a href='https://www.geonames.org/11919539/kition-bamboula.html' target='_blank'>Geonames: Kition - Bamboula</a>, <a href='https://www.ancientportsantiques.com/the-catalogue/' target='_blank'>Ancient Ports: Kition</a>, <a href='https://pleiades.stoa.org/places/707556' target='_blank'>Pleiades: Larnaka</a>, <a href='https://www.geonames.org/146400/larnaca.html' target='_blank'>Geonames: Larnaca</a>, <a href='http://oracc.museum.upenn.edu/riao/cbd/qpn-x-places/onebigfile.html' target='_blank'>RIAo Glossary: Places (Qartihadasti [1])</a>, <a href='http://oracc.museum.upenn.edu/rinap/cbd/qpn-x-places/onebigfile.html' target='_blank'>RINAP Glossary: Places (Qartihadasti [1])</a>"
2026-04-17-(14-27-35),edited,859,Sillu,"Sillu, Silli, Sóloi, Soloi, Σόλοι, Soli, Soloe, Solous, Solos, Aipeia",1,35.14009,32.81102,"KUR.si-il-lu, 𒆳𒋛𒅋𒇻, URU.si-il-li, 𒌷𒋛𒅋𒇷, URU.si-il-lu, 𒌷𒋛𒅋𒇻","capital, city, seaport, country","Jadnana, Cyprus",7 A1,"Bagg RGTC 7 1: 219, Helsinki Atlas: 16 (map 7 A1), Parpola Toponyms: 309, <a href='https://www.geonames.org/146071/soloi.html' target='_blank'>Geonames: Sóloi</a>, <a href='https://www.ancientportsantiques.com/the-catalogue/' target='_blank'>Ancient Ports: Soloi</a>, <a href='https://pleiades.stoa.org/places/707624' target='_blank'>Pleiades: Soloi/Aipeia?</a>, <a href='http://oracc.museum.upenn.edu/riao/cbd/qpn-x-places/onebigfile.html' target='_blank'>RIAo Glossary: Places (Sillu [Soloi])</a>, <a href='http://oracc.museum.upenn.edu/rinap/cbd/qpn-x-places/onebigfile.html' target='_blank'>RINAP Glossary: Places (Sillu [Soloi])</a>"
2026-04-17-(14-27-35),edited,860,Silluwa,"Silluwa, Sillua, Salamís, Salamis, Σαλαμίς, Salamis Harabeleri, Salamis Necropolis, Salamine of Cyprus, Salamine, Kōnstanteia, Konstanteia, Konstantia, Constantia",1,35.18558206858346,33.89933423453447,"KUR.si-lu-u-a, 𒆳𒋛𒇻𒌋𒀀, URU.si-il-lu-u-a, 𒌷𒋛𒅋𒇻𒌋𒀀, URU.si-il-lu-u₈-a, 𒌷𒋛𒅋𒇻𒇇𒀀, URU.si-il-lu-u₈-u-a, 𒌷𒋛𒅋𒇻𒇇𒌋𒀀, URU.si-lu-a, 𒌷𒋛𒇻𒀀","capital, city, seaport, country","Jadnana, Cyprus",7 B1,"Bagg RGTC 7 1: 219–220, Helsinki Atlas: 16 (map 7 B1), Parpola Toponyms: 319–310 (Sillua), <a href='https://zenodo.org/record/6384045' target='_blank'>Pedersén ANE: Silluwa? / Salamis (Konstanteia)</a>, <a href='https://pleiades.stoa.org/places/707617' target='_blank'>Pleiades: Salamis/Konstantia</a>, <a href='https://www.geonames.org/19042/salamis.html' target='_blank'>Geonames: Salamís</a>, <a href='https://www.ancientportsantiques.com/the-catalogue/' target='_blank'>Ancient Ports: Port of Salamis</a>, <a href='http://oracc.museum.upenn.edu/riao/cbd/qpn-x-places/onebigfile.html' target='_blank'>RIAo Glossary: Places (Silluwa [Salamis])</a>, <a href='http://oracc.museum.upenn.edu/rinap/cbd/qpn-x-places/onebigfile.html' target='_blank'>RINAP Glossary: Places (Silluwa [Salamis])</a>"
2026-04-17-(14-27-35),edited,940,Tamessu,"Tamessu, Tamesu, Tamesi, Temese, Tamassós, Tamassos, Ταμασσός, Tamasos, Politikóu, Politikou, Πολιτικόν, Politikó, Politiko, Πολιτικό, Politikón, Politikon",1,35.02935209404932,33.24632521688231,"KUR.ta-me-su, 𒆳𒋫𒈨𒋢, URU.ta-me-si, 𒌷𒋫𒈨𒋛, URU.ta-me-su, 𒌷𒋫𒈨𒋢","capital, city, country","Jadnana, Cyprus",7 B1,"Bagg RGTC 7 1: 247–248 (Tamesu), Helsinki Atlas: 17 (map 7 B1), Parpola Toponyms: 344–345 (Tamesu), <a href='https://zenodo.org/record/6384045' target='_blank'>Pedersén ANE: Tamesu / Tamassos (Politikou)?</a>, <a href='https://pleiades.stoa.org/places/707628' target='_blank'>Pleiades: Tamassos</a>, <a href='https://www.geonames.org/146136/politiko.html' target='_blank'>Geonames: Politikó</a>, <a href='https://www.geonames.org/16148/tamassos.html' target='_blank'>Geonames: Tamassós</a>, <a href='http://oracc.museum.upenn.edu/rinap/cbd/qpn-x-places/onebigfile.html' target='_blank'>RINAP Glossary: Places (Tamesu [Tamassos])</a>, <a href='http://oracc.museum.upenn.edu/riao/cbd/qpn-x-places/onebigfile.html' target='_blank'>RIAo Glossary: Places (Tamesu [Tamassos])</a>"
2026-04-29-(13-02-52),edited,351,Gasur,"Gasur, Nuzi, نوزي, Nuzu, Nuzis, Yūrghan Tapeh, Yūrghān Tapah, Yorghan Tepe, Yorgan Tepe, Yorgan Tepa, Yorgan Teppe, يورغان تبة, Yorgantepe",1,35.36956130794378,44.2548782342147,"ga-surₓ.KI, ga-SAG.KI, 𒂵𒊕𒆠",town,"Assyria, Iraq",–,"<a href='https://zenodo.org/record/6384045' target='_blank'>Pedersén ANE: Gasur / Nuzi (Yorgan Teppe)</a>, <a href='https://zenodo.org/record/5217600' target='_blank'>CIGS: Gasur / Yūrghan Tapeh</a>, <a href='https://pleiades.stoa.org/places/894054' target='_blank'>Pleiades: Nuzi</a>, <a href='https://www.geonames.org/89610/nuzi.html' target='_blank'>Geonames: Nuzi</a>, <a href='http://oracc.museum.upenn.edu/riao/cbd/qpn-x-places/onebigfile.html' target='_blank'>RIAo Glossary: Places (Gasur [Nuzi])</a>"
2026-04-29-(13-35-52),edited,333,Elumu,"Elumu, Eluma",–,–,–,"URU.e-lu-ma, 𒌷𒂊𒇻𒈠, URU.e-lu-mu, 𒌷𒂊𒇻𒈬",village,"Gargamīs, Syria",–,"Bagg RGTC 7 3/2: 921–922 (Elumu (?); add. to 7/1), Parpola Toponyms: 124 (Eluma), PNA 1/1: 4, <a href='http://oracc.museum.upenn.edu/saao/cbd/qpn-x-places/onebigfile.html' target='_blank'>SAAo Glossary: Places (Elumu [1])</a>, <a href='http://oracc.museum.upenn.edu/atae/cbd/qpn-x-places/onebigfile.html' target='_blank'>ATAE Glossary: Places (Elumu [1])</a>"
2026-04-29-(14-57-20),edited,330,Ellipi,"Ellipi, Ellipa, Ellibi, Illipi, Illipa, Bīt-Daltâ, Bit-Daltâ, House of Daltâ",1,–,–,"KUR.e-li-pi, 𒆳𒂊𒇷𒉿, KUR.el-li-bi, KUR.el-li-pí, 𒆳𒂖𒇷𒁉, KUR.el-li-pa, 𒆳𒂖𒇷𒉺, KUR.el-li-pi, 𒆳𒂖𒇷𒉿, KUR.il-li-pa, 𒆳𒅋𒇷𒉺, KUR.il-li-pi, 𒆳𒅋𒇷𒉿, KUR.e-li-pa-a-a, 𒆳𒂊𒇷𒉺𒀀𒀀, KUR.e-líp-a-a, 𒆳𒂊𒆗𒀀𒀀, KUR.el-li-ba-a-a, 𒆳𒂖𒇷𒁀𒀀𒀀, KUR.el-li-pa-a-a, 𒆳𒂖𒇷𒉺𒀀𒀀, KUR.el-líp-a-a, 𒆳𒂖𒆗𒀀𒀀, KUR.el-pa-a-a, 𒆳𒂖𒉺𒀀𒀀, KUR.il-li-pa-a-a, 𒆳𒅋𒇷𒉺𒀀𒀀, KUR.il-lip-a-a, 𒆳𒅋𒈜𒀀𒀀, LÚ.il-li-pa-a-a, 𒇽𒅋𒇷𒉺𒀀𒀀, É-<sup>m</sup>dal-ta-a, 𒂍𒁹𒊑𒋫𒀀, É-KUR.dal-ta-a, 𒂍𒆳𒊑𒋫𒀀",country,"Iran, Luristan",11 B3,"Bagg RGTC 7 3/1: 213–215 (Ellipi), Bagg RGTC 7 3/1: 127 (Bīt-Daltâ), Helsinki Atlas: 8 (map 11 B3), Parpola Toponyms: 123–124, Steiner (1991): <i>The Aramaic Text in Demotic Script</i> (JAOS 111/2): 363, <a href='http://oracc.museum.upenn.edu/saao/knpp/peoplegodsplaces/index.html' target='_blank'>Knowledge and Power: Ellipi</a>, <a href='https://www.ucl.ac.uk/sargon/peoplegodsplaces' target='_blank'>Assyrian empire builders: Ellipi</a>, <a href='http://oracc.museum.upenn.edu/saao/cbd/qpn-x-places/onebigfile.html' target='_blank'>SAAo Glossary: Places (Ellipi [1])</a>, <a href='http://oracc.museum.upenn.edu/atae/cbd/qpn-x-places/onebigfile.html' target='_blank'>ATAE Glossary: Places (Ellipi [1])</a>, <a href='http://oracc.museum.upenn.edu/rinap/cbd/qpn-x-places/onebigfile.html' target='_blank'>RINAP Glossary: Places (Ellipi [1])</a>, <a href='http://oracc.museum.upenn.edu/riao/cbd/qpn-x-places/onebigfile.html' target='_blank'>RIAo Glossary: Places (Ellipi [1])</a>, <a href='http://oracc.museum.upenn.edu/atae/cbd/qpn-x-ethnic/onebigfile.html' target='_blank'>ATAE Glossary: Ethnic Names (Ellipaya [of Ellipi])</a>, <a href='http://oracc.museum.upenn.edu/saao/cbd/qpn-x-ethnic/onebigfile.html' target='_blank'>SAAo Glossary: Ethnic Names (Ellipaya [of Ellipi])</a>, <a href='http://oracc.museum.upenn.edu/riao/cbd/qpn-x-ethnic/onebigfile.html' target='_blank'>RIAo Glossary: Ethnic Names (Ellipayu [of Ellipi])</a>, <a href='http://oracc.museum.upenn.edu/rinap/cbd/qpn-x-ethnic/onebigfile.html' target='_blank'>RINAP Glossary: Ethnic Names (Ellipayu [of Ellipi])</a>"
2026-04-29-(15-19-42),edited,330,Ellipi,"Ellipi, Ellipa, Ellipu, Ellibi, Illipi, Illipa, Bīt-Daltâ, Bit-Daltâ, House of Daltâ",1,–,–,"KUR.e-li-pi, 𒆳𒂊𒇷𒉿, KUR.el-li-bi, KUR.el-li-pí, 𒆳𒂖𒇷𒁉, KUR.el-li-pa, 𒆳𒂖𒇷𒉺, KUR.el-li-pi, 𒆳𒂖𒇷𒉿, KUR.il-li-pa, 𒆳𒅋𒇷𒉺, KUR.il-li-pi, 𒆳𒅋𒇷𒉿, KUR.e-li-pa-a-a, 𒆳𒂊𒇷𒉺𒀀𒀀, KUR.e-líp-a-a, 𒆳𒂊𒆗𒀀𒀀, KUR.el-li-ba-a-a, 𒆳𒂖𒇷𒁀𒀀𒀀, KUR.el-li-pa-a-a, 𒆳𒂖𒇷𒉺𒀀𒀀, KUR.el-líp-a-a, 𒆳𒂖𒆗𒀀𒀀, KUR.el-pa-a-a, 𒆳𒂖𒉺𒀀𒀀, KUR.il-li-pa-a-a, 𒆳𒅋𒇷𒉺𒀀𒀀, KUR.il-lip-a-a, 𒆳𒅋𒈜𒀀𒀀, LÚ.il-li-pa-a-a, 𒇽𒅋𒇷𒉺𒀀𒀀, É-<sup>m</sup>dal-ta-a, 𒂍𒁹𒊑𒋫𒀀, É-KUR.dal-ta-a, 𒂍𒆳𒊑𒋫𒀀",country,"Iran, Luristan",11 B3,"Bagg RGTC 7 3/1: 213–215 (Ellipi), Bagg RGTC 7 3/1: 127 (Bīt-Daltâ), Helsinki Atlas: 8 (map 11 B3), Parpola Toponyms: 123–124, Steiner (1991): <i>The Aramaic Text in Demotic Script</i> (JAOS 111/2): 363, <a href='http://oracc.museum.upenn.edu/saao/knpp/peoplegodsplaces/index.html' target='_blank'>Knowledge and Power: Ellipi</a>, <a href='https://www.ucl.ac.uk/sargon/peoplegodsplaces' target='_blank'>Assyrian empire builders: Ellipi</a>, <a href='http://oracc.museum.upenn.edu/saao/cbd/qpn-x-places/onebigfile.html' target='_blank'>SAAo Glossary: Places (Ellipi [1])</a>, <a href='http://oracc.museum.upenn.edu/atae/cbd/qpn-x-places/onebigfile.html' target='_blank'>ATAE Glossary: Places (Ellipi [1])</a>, <a href='http://oracc.museum.upenn.edu/rinap/cbd/qpn-x-places/onebigfile.html' target='_blank'>RINAP Glossary: Places (Ellipi [1])</a>, <a href='http://oracc.museum.upenn.edu/riao/cbd/qpn-x-places/onebigfile.html' target='_blank'>RIAo Glossary: Places (Ellipi [1])</a>, <a href='http://oracc.museum.upenn.edu/atae/cbd/qpn-x-ethnic/onebigfile.html' target='_blank'>ATAE Glossary: Ethnic Names (Ellipaya [of Ellipi])</a>, <a href='http://oracc.museum.upenn.edu/saao/cbd/qpn-x-ethnic/onebigfile.html' target='_blank'>SAAo Glossary: Ethnic Names (Ellipaya [of Ellipi])</a>, <a href='http://oracc.museum.upenn.edu/riao/cbd/qpn-x-ethnic/onebigfile.html' target='_blank'>RIAo Glossary: Ethnic Names (Ellipayu [of Ellipi])</a>, <a href='http://oracc.museum.upenn.edu/rinap/cbd/qpn-x-ethnic/onebigfile.html' target='_blank'>RINAP Glossary: Ethnic Names (Ellipayu [of Ellipi])</a>"
2026-04-29-(15-20-20),new,1350,Elipi,"Elipi, Ellipu, Ellipi",–,–,–,"URU.e-li-pi, 𒌷𒂊𒇷𒉿",city,"Ḫatti, Syria, Turkey (?)",–,"Bagg RGTC 7 1: 66 (El(l)ipi), <a href='http://oracc.museum.upenn.edu/riao/cbd/qpn-x-places/onebigfile.html' target='_blank'>RIAo Glossary: Places (Ellipi [1])</a>"
2026-04-29-(16-17-47),edited,658,Marubištu,"Marubištu, Marubišti, Marubissu, Murubissi, Marubisi, Šāpūrḫvāst, Shapur Khwast, Ḫorramābād, Khorramābād, Khorramabad, Khoramabad, Khurramabad, خرماباد, Ḫorram-Ābād, Ḫorram Ābād, Khorram Abad, خرم آباد, Khur Ramābād, Khur Ramabad",4,33.48778,48.35583,"URU.DUMU-ub-..., 𒌷𒌉𒌒..., URU.mar-ú-bi-si, 𒌷𒈥𒌑𒁉𒋛, URU.mar-ú-bi-iš-ti, 𒌷𒈥𒌑𒁉𒅖𒋾, URU.mar-ú-bi-iš-tu, 𒌷𒈥𒌑𒁉𒅖𒌅, URU.mar-ú-biš-ti, 𒌷𒈥𒌑𒄫𒋾, URU.mar-ú-biš-tu, 𒌷𒈥𒌑𒄫𒌅, URU.mu-ru-ú-bi-si, 𒌷𒈬𒊒𒌑𒁉𒋛","capital, city","Ellipi, Iran",11 D3,"Bagg RGTC 7 3/2: 395–396, Helsinki Atlas: 13 (map 11 D3), Parpola Toponyms: 241, <a href='https://www.geonames.org/127349/khorramabad.html' target='_blank'>Geonames: Khorramabad</a>, <a href='https://pleiades.stoa.org/places/903064' target='_blank'>Pleiades: Khurramabad/Shapur Khwast?</a>, <a href='https://www.ucl.ac.uk/sargon/peoplegodsplaces' target='_blank'>Assyrian empire builders: Marubištu</a>, <a href='http://oracc.museum.upenn.edu/saao/cbd/qpn-x-places/onebigfile.html' target='_blank'>SAAo Glossary: Places (Marubištu [1])</a>, <a href='http://oracc.museum.upenn.edu/rinap/cbd/qpn-x-places/onebigfile.html' target='_blank'>RINAP Glossary: Places (Marubištu [1])</a>, <a href='http://oracc.museum.upenn.edu/riao/cbd/qpn-x-places/onebigfile.html' target='_blank'>RIAo Glossary: Places (Marubištu [1])</a>, <a href='http://oracc.museum.upenn.edu/atae/cbd/qpn-x-places/onebigfile.html' target='_blank'>ATAE Glossary: Places (Marubištu [1])</a>"
2026-04-29-(16-52-47),new,1351,Ḫadalpa,"Ḫadalpa, Hadalpa",–,–,–,"URU.ḫa-dal-pa, 𒌷𒄩𒊑𒉺",town,"Ellipi, Iran",–,"Bagg RGTC 7 3/1: 245, Parpola Toponyms: 141, <a href='https://www.ucl.ac.uk/sargon/peoplegodsplaces' target='_blank'>Assyrian empire builders: Hadalpa</a>, <a href='http://oracc.museum.upenn.edu/saao/cbd/qpn-x-places/onebigfile.html' target='_blank'>SAAo Glossary: Places (Hadalpa [1])</a>, <a href='http://oracc.museum.upenn.edu/atae/cbd/qpn-x-places/onebigfile.html' target='_blank'>ATAE Glossary: Places (Hadalpa [1])</a>"
2026-04-29-(17-08-48),new,1352,Ḫubaḫna,"Ḫubaḫna, Hubahna",–,–,–,"URU.ḫu-ba-aḫ-na, 𒌷𒄷𒁀𒄴𒈾","city, fortified city","Ellipi, Iran",–,"Bagg RGTC 7 3/1: 280, Parpola Toponyms: 166, <a href='http://oracc.museum.upenn.edu/riao/cbd/qpn-x-places/onebigfile.html' target='_blank'>RIAo Glossary: Places (Hubahna [1])</a>, <a href='http://oracc.museum.upenn.edu/rinap/cbd/qpn-x-places/onebigfile.html' target='_blank'>RINAP Glossary: Places (Hubahna [1])</a>"
2026-04-29-(17-30-46),new,1353,Ḫaldiniše,"Ḫaldiniše, Haldiniše",–,–,–,"KUR.ḫal-di-ni-še, 𒆳𒄬𒁲𒉌𒊺","territory, district","Ellipi, Iran",–,"Bagg RGTC 7 3/1: 248, Parpola Toponyms: 142, <a href='http://oracc.museum.upenn.edu/rinap/cbd/qpn-x-places/onebigfile.html' target='_blank'>RINAP Glossary: Places (Haldiniše [1])</a>, <a href='http://oracc.museum.upenn.edu/riao/cbd/qpn-x-places/onebigfile.html' target='_blank'>RIAo Glossary: Places (Haldiniše [1])</a>"
2026-04-29-(17-33-34),edited,1304,Aqqar-ša-Kīna,"Aqqar-ša-Kīna, Aqqar-ša-Kina, Aqqar-ša-kīna, Aqqar-ša-kina, Aqqaršakina, Akamšakina",–,–,–,"URU.aq-qar-šá-ki-na, 𒌷𒀝𒃼𒃻𒆠𒈾","city, fortified city","Babylonia, Bīt-Amukkāni, Iraq",–,"Bagg RGTC 7 3/1: 47, Parpola Toponyms: 22 (Aqqaršakina), <a href='http://oracc.museum.upenn.edu/rinap/cbd/qpn-x-places/onebigfile.html' target='_blank'>RINAP Glossary: Places (Aqqar-ša-Kina [1])</a>, <a href='http://oracc.museum.upenn.edu/riao/cbd/qpn-x-places/onebigfile.html' target='_blank'>RIAo Glossary: Places (Aqqar-ša-Kina [1])</a>"
2026-04-29-(17-33-34),edited,1308,Zāmê,"Zāmê, Zamē, Zamê, Zame",–,–,–,"URU.za-a-me-e, 𒌷𒍝𒀀𒈨𒂊, KUR.za-a-me, 𒆳𒍝𒀀𒈨","city, fortified city, territory","Babylonia, Puqūdu, Gambūlu, Iraq",–,"Bagg RGTC 7 3/2: 616–617, Parpola Toponyms: 381, Zadok RGTC 8: 333 (Zamē), <a href='http://oracc.museum.upenn.edu/riao/cbd/qpn-x-places/onebigfile.html' target='_blank'>RIAo Glossary: Places (Zame [1])</a>, <a href='http://oracc.museum.upenn.edu/rinap/cbd/qpn-x-places/onebigfile.html' target='_blank'>RINAP Glossary: Places (Zame [1])</a>, <a href='http://oracc.museum.upenn.edu/atae/cbd/qpn-x-places/onebigfile.html' target='_blank'>ATAE Glossary: Places (Zame [1])</a>, <a href='http://oracc.museum.upenn.edu/saao/cbd/qpn-x-places/onebigfile.html' target='_blank'>SAAo Glossary: Places (Zame [1])</a>"
2026-04-29-(17-33-34),edited,1317,Ganguḫtu,"Ganguḫtu, Ganguhtu, Ganunguḫtu, Ganunguhtu, Ginḫuḫta, Kiguḫtu, Kiguhtu",–,–,–,"URU.ga-an-gu-uḫ-tu, 𒌷𒂵𒀭𒄖𒄴𒌅, URU.ga-nu-un-gu-uḫ-tu, 𒌷𒂵𒉡𒌦𒄖𒄴𒌅, URU.ki-gu-uḫ-tú, 𒌷𒆠𒄖𒄴𒌓, KUR.gi-in-ḫu-uḫ-ta-a-a, 𒆳𒄀𒅔𒄷𒄴𒋫𒀀𒀀","fortress, city, fortified city","Naʾiri, Niksamma, Parsua, Iran",–,"Bagg RGTC 7 3/1: 224–225, Parpola Toponyms: 129–130, Parpola Toponyms: 130 (Ganu...), Parpola Toponyms: 205 (*Kiguḫtu), <a href='https://www.ucl.ac.uk/sargon/peoplegodsplaces' target='_blank'>Assyrian empire builders: Kiguhtu</a>, <a href='http://oracc.museum.upenn.edu/riao/cbd/qpn-x-ethnic/onebigfile.html' target='_blank'>RIAo Glossary: Ethnic Names (Ganguhtayu [of Ganguhtu])</a>, <a href='http://oracc.museum.upenn.edu/rinap/cbd/qpn-x-places/onebigfile.html' target='_blank'>RINAP Glossary: Places (Ganguhtu [1])</a>, <a href='http://oracc.museum.upenn.edu/saao/cbd/qpn-x-places/onebigfile.html' target='_blank'>SAAo Glossary: Places (Ganguhtu [1])</a>, <a href='http://oracc.museum.upenn.edu/riao/cbd/qpn-x-places/onebigfile.html' target='_blank'>RIAo Glossary: Places (Ganguhtu [1])</a>, <a href='http://oracc.museum.upenn.edu/atae/cbd/qpn-x-places/onebigfile.html' target='_blank'>ATAE Glossary: Places (Ganguhtu [1])</a>, <a href='http://oracc.museum.upenn.edu/saao/cbd/qpn-x-places/onebigfile.html' target='_blank'>SAAo Glossary: Places (Kiguhtu [1])</a>"
2026-04-29-(17-33-34),edited,1318,Kizaḫasi,"Kizaḫasi, Kizahasi",–,–,–,"URU.ki-za-ha-si, 𒌷𒆠𒍝𒄩𒋛","fortress, city, fortified city","Parsua, Iran",–,"Bagg RGTC 7 3/1: 352, Parpola Toponyms: 212, <a href='https://www.ucl.ac.uk/sargon/peoplegodsplaces' target='_blank'>Assyrian empire builders: Kizahasi</a>, <a href='http://oracc.museum.upenn.edu/saao/cbd/qpn-x-places/onebigfile.html' target='_blank'>SAAo Glossary: Places (Kizahasi [1])</a>, <a href='http://oracc.museum.upenn.edu/atae/cbd/qpn-x-places/onebigfile.html' target='_blank'>ATAE Glossary: Places (Kizahasi [1])</a>"
2026-04-29-(17-33-34),edited,1319,Tizu,Tizu,–,–,–,"URU.ti-zu, 𒌷𒋾𒍪","fortress, city, fortified city","Parsua, Iran",–,"Bagg RGTC 7 3/2: 568 (Tizu (?)), <a href='https://www.ucl.ac.uk/sargon/peoplegodsplaces' target='_blank'>Assyrian empire builders: Tizu</a>, <a href='http://oracc.museum.upenn.edu/saao/cbd/qpn-x-places/onebigfile.html' target='_blank'>SAAo Glossary: Places (Tizu [1])</a>, <a href='http://oracc.museum.upenn.edu/atae/cbd/qpn-x-places/onebigfile.html' target='_blank'>ATAE Glossary: Places (Tizu [1])</a>"
2026-04-29-(17-33-34),edited,1326,Kiniḫamanu,"Kiniḫamanu, Kiniḫamānu, Kinihamanu, Kina...mannu",–,–,–,"URU.ki-ni-ha-ma-nu, 𒌷𒆠𒉌𒄩𒈠𒉡, URU.ki-ni-ḫa-man-nu, 𒌷𒆠𒉌𒄩𒌋𒌋𒉡","city, fortified city","Parsua, Iran",–,"Bagg RGTC 7 3/1: 342–343, Parpola Toponyms: 206 (Kina(.)mannu), <a href='http://oracc.museum.upenn.edu/riao/cbd/qpn-x-places/onebigfile.html' target='_blank'>RIAo Glossary: Places (Kiniḫamanu [1])</a>"
2026-04-29-(17-33-34),edited,1328,Šalaḫamanu,"Šalaḫamanu, Šalaḫamānu, Salaḫamānu, Salahamanu",–,–,–,"URU.šá-la-ḫa-ma-nu, 𒌷𒃻𒆷𒄩𒈠𒉡","city, fortified city","Parsua, Iran",–,"Bagg RGTC 7 3/2: 540, <a href='http://oracc.museum.upenn.edu/riao/cbd/qpn-x-places/onebigfile.html' target='_blank'>RIAo Glossary: Places (Šalahamanu [1])</a>"
2026-04-29-(17-33-34),edited,847,Sarragitu,"Sarragitu, Sarragiti, Sarragītu, Birtu-ša-Sarragītu",–,–,–,"URU.bir-tu-ša-sa-ar-ra-gi-ti, 𒌷𒄵𒌅𒊭𒊓𒅈𒊏𒄀𒋾, sa-ar-ra-gi-ti, 𒊓𒅈𒊏𒄀𒋾, URU.bir-tu-ša-sa-ra-gi-ti, 𒌷𒄵𒌅𒊭𒊓𒊏𒄀𒋾, sa-ra-gi-ti, 𒊓𒊏𒄀𒋾, URU.sa-ar-ra-gi-tu, 𒌷𒊓𒅈𒊏𒄀𒌅","city, fortified city","Babylonia, Iraq",–,"Bagg RGTC 7 3/2: 507–508 (Sarragītu), Parpola Toponyms: 306, <a href='http://oracc.museum.upenn.edu/riao/cbd/qpn-x-places/onebigfile.html' target='_blank'>RIAo Glossary: Places (Sarragitu)</a>, <a href='http://oracc.museum.upenn.edu/rinap/cbd/qpn-x-places/onebigfile.html' target='_blank'>RINAP Glossary: Places (Sarragitu)</a>"
2026-04-29-(17-33-34),edited,875,Sirdakka,"Sirdakka, Sirdakku, Zirdiakka",4,35.1,47.16666,"URU.si-ir-da-ak-ka, 𒌷𒋛𒅕𒁕𒀝𒅗, URU.zi-ir-di-ak-ka, 𒌷𒍣𒅕𒁲𒀝𒅗","fortress, city, fortified city","Mannāja, Missi, Iran",11 C1,"Bagg RGTC 7 3/2: 625, Helsinki Atlas: 16 (map 11 C1), Parpola Toponyms: 312 (Sirdakka), Parpola Toponyms: 384 (Zirdiakka), <a href='http://oracc.museum.upenn.edu/riao/cbd/qpn-x-places/onebigfile.html' target='_blank'>RIAo Glossary: Places (Zirdiakka [1])</a>, <a href='http://oracc.museum.upenn.edu/rinap/cbd/qpn-x-places/onebigfile.html' target='_blank'>RINAP Glossary: Places (Zirdiakka [1])</a>"
2026-04-29-(17-33-34),edited,896,Sūrunu,"Sūrunu, Surunu, Šurun, Sārīn, Sazgın, Şūrān (?), Şawrān (?), صوران, Soûrâne (?), Tell Ṣūrān (?), Šewirin (?)",3,36.94116868355517,37.46174756238214,"URU.su-u₂-ru-nu, 𒌷𒋢𒌑𒊒𒉡, šrn, 𐡔𐡓𐡍","city, fortified city, town (?)","Bīt-Adini, Turkey, Syria (?)",2 D4,"Bagg RGTC 7 1: 223–224, Helsinki Atlas: 16 (map 2 D4), Parpola Toponyms: 319, <a href='https://zenodo.org/record/6384045' target='_blank'>Pedersén ANE: (Sazgın)</a>, <a href='https://www.geonames.org/301398/sazgin.html' target='_blank'>Geonames: Sazgın</a>, <a href='https://www.geonames.org/163913/suran.html' target='_blank'>Geonames: Şūrān</a>, <a href='http://oracc.museum.upenn.edu/riao/cbd/qpn-x-places/onebigfile.html' target='_blank'>RIAo Glossary: Places (Surunu [1])</a>"
2026-04-29-(17-33-34),edited,1327,Puštu,"Puštu, Pustu",–,–,–,"URU.pu-uš-tu, 𒌷𒁍𒍑𒌅","city, fortified city","Parsua, Iran",–,"Bagg RGTC 7 3/2: 465–466, <a href='http://oracc.museum.upenn.edu/riao/cbd/qpn-x-places/onebigfile.html' target='_blank'>RIAo Glossary: Places (Puštu [1])</a>"
2026-04-29-(17-46-13),new,1354,Alīna,"Alīna, Alina",–,–,–,"URU.a-li-i-na, 𒌷𒀀𒇷𒄿𒈾","city, fortified city","Ellipi, Ḫaldiniše, Iran",–,"Bagg RGTC 7 3/1: 17, <a href='http://oracc.museum.upenn.edu/rinap/cbd/qpn-x-places/onebigfile.html' target='_blank'>RINAP Glossary: Places (Alina [1])</a>, <a href='http://oracc.museum.upenn.edu/riao/cbd/qpn-x-places/onebigfile.html' target='_blank'>RIAo Glossary: Places (Alina [1])</a>"
2026-04-29-(17-57-15),new,1355,Irtiāšu,"Irtiāšu, Irtiašu",–,–,–,"LÚ.ir-ti-a-šá-a-a, 𒇽𒅕𒋾𒀀𒃻𒀀𒀀",town,"Ellipi, Iran",–,"Bagg RGTC 7 3/1: 299 (*Irtiāšu), <a href='https://www.ucl.ac.uk/sargon/peoplegodsplaces' target='_blank'>Assyrian empire builders: Irtiašu</a>, <a href='http://oracc.museum.upenn.edu/saao/cbd/qpn-x-ethnic/onebigfile.html' target='_blank'>SAAo Glossary: Ethnic Names (Irtiašaya [Irtiašaean])</a>, <a href='http://oracc.museum.upenn.edu/atae/cbd/qpn-x-ethnic/onebigfile.html' target='_blank'>ATAE Glossary: Ethnic Names (Irtiašaya [of Irtiašu])</a>, <a href='http://oracc.museum.upenn.edu/saao/cbd/qpn-x-ethnic/onebigfile.html' target='_blank'>SAAo Glossary: Ethnic Names (Irtiašaya [of Irtiašu])</a>"
2026-04-30-(12-48-42),new,1356,Zabgaga,Zabgaga,–,–,–,"URU.zab-ga-ga, 𒌷𒂟𒂵𒂵, URU.za-ab-ga-ga, 𒌷𒍝𒀊𒂵𒂵, URU.zab-ga-ga-a-a, 𒌷𒂟𒂵𒂵𒀀𒀀",city,Iran,–,"Bagg RGTC 7 3/2: 614, Parpola Toponyms: 380, <a href='https://www.ucl.ac.uk/sargon/peoplegodsplaces' target='_blank'>Assyrian empire builders: Zabgaga</a>, <a href='http://oracc.museum.upenn.edu/saao/cbd/qpn-x-places/onebigfile.html' target='_blank'>SAAo Glossary: Places (Zabgaga [1])</a>, <a href='http://oracc.museum.upenn.edu/atae/cbd/qpn-x-places/onebigfile.html' target='_blank'>ATAE Glossary: Places (Zabgaga [1])</a>, <a href='http://oracc.museum.upenn.edu/saao/cbd/qpn-x-ethnic/onebigfile.html' target='_blank'>SAAo Glossary: Ethnic Names (Zabgagaya [Zabgagaean])</a>, <a href='http://oracc.museum.upenn.edu/saao/cbd/qpn-x-ethnic/onebigfile.html' target='_blank'>SAAo Glossary: Ethnic Names (Zabgagaya [of Zabgaga])</a>, <a href='http://oracc.museum.upenn.edu/atae/cbd/qpn-x-ethnic/onebigfile.html' target='_blank'>ATAE Glossary: Ethnic Names (Zabgagaya [of Zabgaga])</a>"
2026-04-30-(13-52-18),edited,593,Kulumān,"Kulumān, Kuluman, Kilmān, Kilman",–,–,–,"URU.ki-il-man, 𒌷𒆠𒅋𒌋𒌋, URU.ku-lu-man, 𒌷𒆪𒇻𒌋𒌋, URU.ku-lu-man-a-a, 𒌷𒆪𒇻𒌋𒌋𒀀𒀀, URU.ku-lum-man-a-a, 𒌷𒆪𒈝𒌋𒌋𒀀𒀀",town,"Mādāja, Ḫarḫār, Iran",–,"Bagg RGTC 7 3/1: 356–357 (Kuluman), Parpola Toponyms: 214 (Kuluman), <a href='http://oracc.museum.upenn.edu/saao/knpp/peoplegodsplaces/index.html' target='_blank'>Knowledge and Power: Kilman</a>, <a href='https://www.ucl.ac.uk/sargon/peoplegodsplaces' target='_blank'>Assyrian empire builders: Kuluman</a>, <a href='http://oracc.museum.upenn.edu/saao/cbd/qpn-x-places/onebigfile.html' target='_blank'>SAAo Glossary: Places (Kuluman [1])</a>, <a href='http://oracc.museum.upenn.edu/atae/cbd/qpn-x-places/onebigfile.html' target='_blank'>ATAE Glossary: Places (Kuluman [1])</a>, <a href='http://oracc.museum.upenn.edu/saao/cbd/qpn-x-ethnic/onebigfile.html' target='_blank'>SAAo Glossary: Ethnic Names (Kulumanaya [Kulumanean])</a>, <a href='http://oracc.museum.upenn.edu/atae/cbd/qpn-x-ethnic/onebigfile.html' target='_blank'>ATAE Glossary: Ethnic Names (Kulumanaya [of Kuluman])</a>, <a href='http://oracc.museum.upenn.edu/saao/cbd/qpn-x-ethnic/onebigfile.html' target='_blank'>SAAo Glossary: Ethnic Names (Kulumanaya [of Kuluman])</a>"
2026-04-30-(14-03-44),edited,1164,Urku...,Urku...,–,–,–,"URU.ur-ku..., 𒌷𒌨𒆪...",town,"Māzamua (?), Mādāja (?), Ḫarḫār (?), Iraq (?), Iran (?), Zagros",–,"Bagg RGTC 7 3/2: 606, SAA 15 104"
2026-04-30-(14-03-44),edited,1279,Izuzi,"Izuzi, Izuzu",–,–,–,"URU.i-zu-zi, 𒌷𒄿𒍪𒍣",town,"Mādāja, Ḫarḫār, Iran",–,"Bagg RGTC 7 3/1: 305, <a href='https://www.ucl.ac.uk/sargon/peoplegodsplaces' target='_blank'>Assyrian empire builders: Izuzi</a>, <a href='http://oracc.museum.upenn.edu/atae/cbd/qpn-x-places/onebigfile.html' target='_blank'>ATAE Glossary: Places (Izuzi [1])</a>, <a href='http://oracc.museum.upenn.edu/saao/cbd/qpn-x-places/onebigfile.html' target='_blank'>SAAo Glossary: Places (Izuzi [1])</a>, <a href='http://oracc.museum.upenn.edu/saao/cbd/qpn-x-places/onebigfile.html' target='_blank'>SAAo Glossary: Places (Izuzu [1])</a>"
2026-04-30-(14-03-44),edited,1280,Urumeqa,Urumeqa,–,–,–,"URU.ú-ru-me-qa, 𒌷𒌑𒊒𒈨𒋡",town,"Mādāja, Ḫarḫār, Iran",–,"Bagg RGTC 7 3/2: 609, <a href='https://www.ucl.ac.uk/sargon/peoplegodsplaces' target='_blank'>Assyrian empire builders: Urumeqa</a>, <a href='http://oracc.museum.upenn.edu/saao/cbd/qpn-x-places/onebigfile.html' target='_blank'>SAAo Glossary: Places (Urumeqa [1])</a>, <a href='http://oracc.museum.upenn.edu/atae/cbd/qpn-x-places/onebigfile.html' target='_blank'>ATAE Glossary: Places (Urumeqa [1])</a>"
2026-04-30-(14-03-44),edited,1281,Binši,"Binši, Bienši",–,–,–,"URU.bi-en-ši, 𒌷𒁉𒂗𒅆",town,"Mādāja, Ḫarḫār, Iran",–,"Bagg RGTC 7 3/1: 106 (Binši (?)), <a href='https://www.ucl.ac.uk/sargon/peoplegodsplaces' target='_blank'>Assyrian empire builders: Bienši</a>, <a href='http://oracc.museum.upenn.edu/saao/cbd/qpn-x-places/onebigfile.html' target='_blank'>SAAo Glossary: Places (Bienši [1])</a>, <a href='http://oracc.museum.upenn.edu/atae/cbd/qpn-x-places/onebigfile.html' target='_blank'>ATAE Glossary: Places (Binši [1])</a>, <a href='http://oracc.museum.upenn.edu/saao/cbd/qpn-x-places/onebigfile.html' target='_blank'>SAAo Glossary: Places (Binši [1])</a>"
2026-05-06-(17-30-55),new,1357,Sikris,"Sikris, Sikrisi, Sikriš, Šigiriš, Sigriane (?), Serkān, Serkan, Sarkān, Sarkan, سِركان, سَركان, سرکان, Tūyserkān (?), Tuyserkan (?), Tūysarkān (?), Tuysarkan (?), تویسرکان, تُّيسِركَن, Gonbad (?), گنبد, Kerend (?), Karand (?), کرند, Kerend-e Gharb (?), کرند غرب, Sarāb-e Harasam (?), Sarab-e Harasam (?), سراب هرسم, Sarāb-e Harasan (?), Sarab-e Harasan (?)",–,34.60268,48.44891,"KUR.si-ik-ri-is, 𒆳𒋛𒅅𒊑𒄑, KUR.si-ik-ri-iš, 𒆳𒋛𒅅𒊑𒅖, KUR.sik-ri-is, 𒆳𒋝𒊑𒄑, URU.si-ik-ri-iš, 𒌷𒋛𒅅𒊑𒅖, URU.si-ik-ri-si, 𒌷𒋛𒅅𒊑𒋛, URU.sik-ri-si, 𒌷𒋝𒊑𒋛, URU.sik-ris, 𒌷𒋝𒊕, KUR.sik-ri-sa-a-a, 𒆳𒋝𒊑𒊓𒀀𒀀, URU.si-ik-ri-is-a-a, 𒌷𒋛𒅅𒊑𒄑𒀀𒀀","district, city","Mādāja, Ḫarḫār, Iran",–,"Bagg RGTC 7 3/2: 510–511, Parpola Toponyms: 309, <a href='https://www.geonames.org/116932/sarkan.html' target='_blank'>Geonames: Sarkān</a>, <a href='https://www.geonames.org/112422/tuyserkan.html' target='_blank'>Geonames: Tūyserkān</a>, <a href='https://www.geonames.org/132952/gonbad.html' target='_blank'>Geonames: Gonbad</a>, <a href='https://pleiades.stoa.org/places/906028' target='_blank'>Pleiades: Sigriane</a>, <a href='https://www.geonames.org/128252/kerend-e-gharb.html' target='_blank'>Geonames: Kerend-e Gharb</a>, <a href='https://www.geonames.org/117337/sarab-e-harasam.html' target='_blank'>Geonames: Sarāb-e Harasam</a>, <a href='http://oracc.museum.upenn.edu/saao/knpp/peoplegodsplaces/index.html' target='_blank'>Knowledge and Power: Sikriš</a>, <a href='https://www.ucl.ac.uk/sargon/peoplegodsplaces' target='_blank'>Assyrian empire builders: Sikriš</a>, <a href='http://oracc.museum.upenn.edu/rinap/cbd/qpn-x-places/onebigfile.html' target='_blank'>RINAP Glossary: Places (Sikris [1])</a>, <a href='http://oracc.museum.upenn.edu/saao/cbd/qpn-x-places/onebigfile.html' target='_blank'>SAAo Glossary: Places (Sikris [1])</a>, <a href='http://oracc.museum.upenn.edu/riao/cbd/qpn-x-places/onebigfile.html' target='_blank'>RIAo Glossary: Places (Sikris [1])</a>, <a href='http://oracc.museum.upenn.edu/atae/cbd/qpn-x-places/onebigfile.html' target='_blank'>ATAE Glossary: Places (Sikris [1])</a>, <a href='http://oracc.museum.upenn.edu/saao/cbd/qpn-x-places/onebigfile.html' target='_blank'>SAAo Glossary: Places (Sikriš [1])</a>, <a href='http://oracc.museum.upenn.edu/atae/cbd/qpn-x-places/onebigfile.html' target='_blank'>ATAE Glossary: Places (Sikriš [1])</a>, <a href='http://oracc.museum.upenn.edu/rinap/cbd/qpn-x-ethnic/onebigfile.html' target='_blank'>RINAP Glossary: Ethnic Names (Sikrisayu [of Sikris])</a>, <a href='http://oracc.museum.upenn.edu/riao/cbd/qpn-x-ethnic/onebigfile.html' target='_blank'>RIAo Glossary: Ethnic Names (Sikrisayu [of Sikris])</a>"
2026-07-21-(18-53-45),edited,315,Eber-nāri,"Eber-nāri, Eber-nari, Ebir-nāri, Ebir-nari, Eber nāri, Eber nari, ʿeber hannāhār, עֵבֶר הַנָּהָר, עבר הנהר, Transpotamia, Abar-Nahara, Aber Nahara",1,–,–,"e-ber ÍD, e-bir ÍD, e-bir-ÍD, 𒂊𒄵𒀀𒇉, e-bir-ma ÍD, 𒂊𒄵𒈠 𒀀𒇉, KUR.e-bir-ÍD, 𒆳𒂊𒄵𒀀𒇉, ʿbr hnhr, עֵבֶר הַנָּהָר, עבר הנהר",region,Syro-Palestine,2 C5,"Bagg RGTC 7 1: 64, Helsinki Atlas: 8 (map 2 C5), Parpola Toponyms: 116 (Eber nāri), <a href='http://oracc.museum.upenn.edu/saao/knpp/peoplegodsplaces/index.html' target='_blank'>Knowledge and Power: Ebir-nari</a>, <a href='https://www.ucl.ac.uk/sargon/peoplegodsplaces' target='_blank'>Assyrian empire builders: Ebir-nari</a>, <a href='http://oracc.museum.upenn.edu/riao/cbd/qpn-x-places/onebigfile.html' target='_blank'>RIAo Glossary: Places (Eber nari [Across the River])</a>, <a href='http://oracc.museum.upenn.edu/rinap/cbd/qpn-x-places/onebigfile.html' target='_blank'>RINAP Glossary: Places (Eber nari [Across the River])</a>, <a href='http://oracc.museum.upenn.edu/saao/cbd/qpn-x-places/onebigfile.html' target='_blank'>SAAo Glossary: Places (Eber-nari [across the river])</a>, <a href='http://oracc.museum.upenn.edu/atae/cbd/qpn-x-places/onebigfile.html' target='_blank'>ATAE Glossary: Places (Eber-nari [across the river])</a>"
2026-07-21-(18-58-21),edited,315,Eber-nāri,"Eber-nāri, Eber-nari, Ebir-nāri, Ebir-nari, Eber nāri, Eber nari, ʿeber hannāhār, עֵבֶר הַנָּהָר, עבר הנהר, Transpotamia, Abar-Nahara, Aber Nahara",1,–,–,"e-ber ÍD, e-bir ÍD, e-bir-ÍD, 𒂊𒄵𒀀𒇉, e-bir-ma ÍD, 𒂊𒄵𒈠𒀀𒇉, KUR.e-bir-ÍD, 𒆳𒂊𒄵𒀀𒇉, ʿbr hnhr, עֵבֶר הַנָּהָר, עבר הנהר",region,Syro-Palestine,2 C5,"Bagg RGTC 7 1: 64, Helsinki Atlas: 8 (map 2 C5), Parpola Toponyms: 116 (Eber nāri), <a href='http://oracc.museum.upenn.edu/saao/knpp/peoplegodsplaces/index.html' target='_blank'>Knowledge and Power: Ebir-nari</a>, <a href='https://www.ucl.ac.uk/sargon/peoplegodsplaces' target='_blank'>Assyrian empire builders: Ebir-nari</a>, <a href='http://oracc.museum.upenn.edu/riao/cbd/qpn-x-places/onebigfile.html' target='_blank'>RIAo Glossary: Places (Eber nari [Across the River])</a>, <a href='http://oracc.museum.upenn.edu/rinap/cbd/qpn-x-places/onebigfile.html' target='_blank'>RINAP Glossary: Places (Eber nari [Across the River])</a>, <a href='http://oracc.museum.upenn.edu/saao/cbd/qpn-x-places/onebigfile.html' target='_blank'>SAAo Glossary: Places (Eber-nari [across the river])</a>, <a href='http://oracc.museum.upenn.edu/atae/cbd/qpn-x-places/onebigfile.html' target='_blank'>ATAE Glossary: Places (Eber-nari [across the river])</a>"
2026-07-21-(19-58-13),edited,315,Eber-nāri,"Eber-nāri, Eber-nari, Ebir-nāri, Ebir-nari, Eber nāri, Eber nari, Land beyond the River, Across the River, ʿeber hannāhār, עֵבֶר הַנָּהָר, עבר הנהר, Transpotamia, Abar-Nahara, Aber Nahara",1,–,–,"e-ber ÍD, e-bir ÍD, e-bir-ÍD, 𒂊𒄵𒀀𒇉, e-bir-ma ÍD, 𒂊𒄵𒈠𒀀𒇉, KUR.e-bir-ÍD, 𒆳𒂊𒄵𒀀𒇉, ʿbr hnhr, עֵבֶר הַנָּהָר, עבר הנהר",region,Syro-Palestine,2 C5,"Bagg RGTC 7 1: 64, Helsinki Atlas: 8 (map 2 C5), Parpola Toponyms: 116 (Eber nāri), <a href='http://oracc.museum.upenn.edu/saao/knpp/peoplegodsplaces/index.html' target='_blank'>Knowledge and Power: Ebir-nari</a>, <a href='https://www.ucl.ac.uk/sargon/peoplegodsplaces' target='_blank'>Assyrian empire builders: Ebir-nari</a>, <a href='http://oracc.museum.upenn.edu/riao/cbd/qpn-x-places/onebigfile.html' target='_blank'>RIAo Glossary: Places (Eber nari [Across the River])</a>, <a href='http://oracc.museum.upenn.edu/rinap/cbd/qpn-x-places/onebigfile.html' target='_blank'>RINAP Glossary: Places (Eber nari [Across the River])</a>, <a href='http://oracc.museum.upenn.edu/saao/cbd/qpn-x-places/onebigfile.html' target='_blank'>SAAo Glossary: Places (Eber-nari [across the river])</a>, <a href='http://oracc.museum.upenn.edu/atae/cbd/qpn-x-places/onebigfile.html' target='_blank'>ATAE Glossary: Places (Eber-nari [across the river])</a>"
2026-07-21-(20-38-18),edited,322,Eḫiman,"Eḫiman, Ehiman, Eḫiniš, Ehiniš",–,–,–,"URU.e-ḫi-man, 𒌷𒂊𒄭𒌋𒌋, URU.e-ḫi-man-a-a, 𒌷𒂊𒄭𒌋𒌋𒀀𒀀",town,"Ḫalzi-atbāri, Turkey, Syria (?), Ḫābūr triangle",–,"Bagg RGTC 7 2/1: 166, Parpola Toponyms: 117, <a href='https://www.ucl.ac.uk/sargon/peoplegodsplaces' target='_blank'>Assyrian empire builders: Ehiman</a>, <a href='http://oracc.museum.upenn.edu/atae/cbd/qpn-x-ethnic/onebigfile.html' target='_blank'>ATAE Glossary: Ethnic Names (Ehimanaya [of Ehiman])</a>, <a href='http://oracc.museum.upenn.edu/saao/cbd/qpn-x-ethnic/onebigfile.html' target='_blank'>SAAo Glossary: Ethnic Names (Ehimanaya [of Ehiman])</a>, <a href='http://oracc.museum.upenn.edu/saao/cbd/qpn-x-ethnic/onebigfile.html' target='_blank'>SAAo Glossary: Ethnic Names (Ehimannaya [Ehimannean])</a>"
2026-07-21-(21-49-32),edited,651,Mardijanê,"Mardijanê, Mardijānê, Mardijane, Mardiyane, Mardiane, Maride, Mardê, Marde, Margdis, Mardēberd, Mardeberd, Taḫt-i Dara, Mārdīn, Māridīn, ماردين, Mardīn, Mardin, Mêrdîn, Mêrdin, Merdin",3,37.318418,40.7264555,"URU.mar-di-ia-a-né-e, 𒌷𒈥𒁲𒅀𒀀𒉌𒂊",town,"Ḫalzi-atbāri, Turkey, Ğazīra",3 D3,"Bagg RGTC 7 2/2: 389–390 (Mardijānê), Helsinki Atlas: 13 (map 3 D3), Parpola Toponyms: 239 (Mardijānê), <a href='https://pleiades.stoa.org/places/874588' target='_blank'>Pleiades: Marde/Margdis</a>, <a href='https://www.geonames.org/304797/mardin.html' target='_blank'>Geonames: Mardin</a>, <a href='https://zenodo.org/record/5217600' target='_blank'>CIGS: Mardin</a>, <a href='http://oracc.museum.upenn.edu/saao/cbd/qpn-x-places/onebigfile.html' target='_blank'>SAAo Glossary: Places (Mardiane [1])</a>, <a href='http://oracc.museum.upenn.edu/atae/cbd/qpn-x-places/onebigfile.html' target='_blank'>ATAE Glossary: Places (Mardiyane [1])</a>, <a href='http://oracc.museum.upenn.edu/saao/cbd/qpn-x-places/onebigfile.html' target='_blank'>SAAo Glossary: Places (Mardiyane [1])</a>"
2026-07-23-(13-51-54),edited,314,Ebeḫ,"Ebeḫ, Ebeh, Ebiḫ, Ebih, Abiḫ, Abih, Abeḫ, Abeh, Ğabal Ḥamrīn, Jabal Ḩamrīn, Jabal Hamrin, جبل حمرين, Jibāl Ḩamrīn, جبال حمرين, Hamrin Mountains",2,34.74841,44.1901,"a-bi-ih, 𒀀𒁉𒄴, KUR.e-be-eh, 𒆳𒂊𒁁𒄴, KUR.e-bi-ih, 𒆳𒂊𒁉𒄴, <sup>d</sup>e-be-eh, 𒀭𒂊𒁁𒄴, <sup>d</sup>e-bi-ih, 𒀭𒂊𒁉𒄴, <sup>d</sup>EN.TI, 𒀭𒂗𒋾","mountain, mountains","Assyria, Iraq",10 C2,"Bagg RGTC 7 2/1: 165–166 (Ebiḫ), Helsinki Atlas: 8 (map 10 C2), Parpola Toponyms: 116 (Ebiḫ), <a href='https://www.geonames.org/96113/silsilat-jibal-hamrin.html' target='_blank'>Geonames: Silsilat Jibāl Ḩamrīn</a>, <a href='https://www.geonames.org/96111/jabal-hamrin.html' target='_blank'>Geonames: Jabal Ḩamrīn</a>, <a href='http://oracc.museum.upenn.edu/atae/cbd/qpn-x-places/onebigfile.html' target='_blank'>ATAE Glossary: Places (Ebeh [(holy mountain of Aššur)])</a>, <a href='http://oracc.museum.upenn.edu/riao/cbd/qpn-x-places/onebigfile.html' target='_blank'>RIAo Glossary: Places (Ebih [Mount Ebih])</a>, <a href='http://oracc.museum.upenn.edu/saao/cbd/qpn-x-places/onebigfile.html' target='_blank'>SAAo Glossary: Places (Ebih [Mount Ebih])</a>, <a href='http://oracc.museum.upenn.edu/atae/cbd/qpn-x-places/onebigfile.html' target='_blank'>ATAE Glossary: Places (Ebih [Mount Ebih])</a>"
2026-07-23-(15-50-00),edited,316,Ebla,"Ebla, Eblaḫ, Šārat Tall Mardīḫ, Shārat Tall Mardīkh, Sharat Tall Mardikh, شارة تل مرديخ, Tall Mardīḫ, Tall Mardīkh, Tall Mardikh, Tell Mardikh, تل مرديخ",1,35.79888167626015,36.79830790607152,"eb-la-be, 𒅁𒆷𒁁, eb-la-aḫ, 𒅁𒆷𒄴, eb-la.KI, 𒅁𒆷𒆠, eb-la-ḫi.KI, 𒅁𒆷𒄭𒆠, eb-la-ḫi-i.KI, 𒅁𒆷𒄭𒄿𒆠, URU.eb-la, 𒌷𒅁𒆷, URU.eb-la.KI, 𒌷𒅁𒆷𒆠, LÚ.e-eb-la, 𒇽𒂊𒅁𒆷, LÚ.eb-la.KI, 𒇽𒅁𒆷𒆠, LÚ.MEŠ.e-eb-la-na, 𒇽𒈨𒌍𒂊𒅁𒆷𒈾, LÚ.URU.eb-la.KI, 𒇽𒌷𒅁𒆷𒆠","city, country",Syria,–,"RGTC 1: 37–38, RGTC 2: 38, RGTC 3: 65–66 (Ebla(ḫ)), RGTC 12/2: 67, <a href='https://zenodo.org/record/6384045' target='_blank'>Pedersén ANE: Ebla (Tell Mardikh)</a>, <a href='https://zenodo.org/record/5217600' target='_blank'>CIGS: Tall Mardīkh</a>, <a href='https://pleiades.stoa.org/places/869702586' target='_blank'>Pleiades: Ebla</a>, <a href='https://www.geonames.org/167248/sharat-tall-mardikh.html' target='_blank'>Geonames: Shārat Tall Mardīkh</a>"
2026-07-23-(17-36-07),edited,339,Eridu,"Eridu, اريدو, Eridug, Eridu Šimāl, Eridu Ğanūb, Diridotis (?), Iridotis (?), Teredonos (?), Τερηδόνος (?), Terēdōn (?), Teredon (?), Tall Arīdū, Tall Aridu, تل اريدو, Abū Šaḥrain, Abū Shahraīn, Abū Šahrain, Abu Šahrain, Abu Shahrain, Abu Shahrain, أبو شهرين, Tall Abū Šahrain, Tall Abū Šahrēn, Tell Abu Shahrain, تل أبو شهرين, Tall Abī Šahrāin, Tall Abī Šahrain",1,30.81686971277664,45.99672447851623,"ERI.DÙG, eri-du₁₀, eri₄-du₁₀, 𒌷𒄭, ERI.DÙG.KI, eri-du₁₀.KI, eri₄-du₁₀.KI, 𒌷𒄭𒆠, NUN.KI, ERIDU.KI, 𒉣𒆠, NUN.KI-ga, ERIDU.KI-ga, 𒉣𒆠𒂵, NUN.KI-ga-ke₄, ERIDU.KI-ga-ke₄, 𒉣𒆠𒂵𒆤",city,"Babylonia, Iraq",16 B3,"Bagg RGTC 7 3/1: 215–216, Helsinki Atlas: 8 (map 16 B3), Parpola Toponyms: 125–126, <a href='https://zenodo.org/record/5217600' target='_blank'>CIGS: Eridu/Abū Shahraīn</a>, <a href='https://zenodo.org/record/6384045' target='_blank'>Pedersén ANE: Eridu (Tell Abu Shahrain)</a>, <a href='https://www.geonames.org/96834/tall-aridu.html' target='_blank'>Geonames: Tall Arīdū</a>, <a href='https://pleiades.stoa.org/places/912845' target='_blank'>Pleiades: Eridu</a>, <a href='https://pleiades.stoa.org/places/915902' target='_blank'>Pleiades: Teredon/Diridotis</a>, <a href='http://oracc.museum.upenn.edu/saao/knpp/peoplegodsplaces/index.html' target='_blank'>Knowledge and Power: Eridu</a>, <a href='http://oracc.museum.upenn.edu/atae/cbd/qpn-x-places/onebigfile.html' target='_blank'>ATAE Glossary: Places (Eridu [1])</a>, <a href='http://oracc.museum.upenn.edu/rinap/cbd/qpn-x-places/onebigfile.html' target='_blank'>RINAP Glossary: Places (Eridu [1])</a>, <a href='http://oracc.museum.upenn.edu/riao/cbd/qpn-x-places/onebigfile.html' target='_blank'>RIAo Glossary: Places (Eridu [1])</a>, <a href='http://oracc.museum.upenn.edu/saao/cbd/qpn-x-places/onebigfile.html' target='_blank'>SAAo Glossary: Places (Eridu [1])</a>"
2026-07-23-(20-07-28),edited,339,Eridu,"Eridu, اريدو, Eridug, Eridu Šimāl, Eridu Ğanūb, Diridotis (?), Iridotis (?), Teredonos (?), Τερηδόνος (?), Terēdōn (?), Teredon (?), Tall Arīdū, Tall Aridu, تل اريدو, Abū Šaḥrain, Abū Shahraīn, Abū Šahrain, Abu Šahrain, Abu Shahrain, Abu Shahrain, أبو شهرين, Tall Abū Šahrain, Tall Abū Šahrēn, Tell Abu Shahrain, تل أبو شهرين, Tall Abī Šahrāin, Tall Abī Šahrain",1,30.8169,45.9962,"ERI.DÙG, eri-du₁₀, eri₄-du₁₀, 𒌷𒄭, ERI.DÙG.KI, eri-du₁₀.KI, eri₄-du₁₀.KI, 𒌷𒄭𒆠, NUN.KI, ERIDU.KI, 𒉣𒆠, NUN.KI-ga, ERIDU.KI-ga, 𒉣𒆠𒂵, NUN.KI-ga-ke₄, ERIDU.KI-ga-ke₄, 𒉣𒆠𒂵𒆤",city,"Babylonia, Iraq",16 B3,"Bagg RGTC 7 3/1: 215–216, Helsinki Atlas: 8 (map 16 B3), Parpola Toponyms: 125–126, <a href='https://zenodo.org/record/5217600' target='_blank'>CIGS: Eridu/Abū Shahraīn</a>, <a href='https://zenodo.org/record/6384045' target='_blank'>Pedersén ANE: Eridu (Tell Abu Shahrain)</a>, <a href='https://www.geonames.org/96834/tall-aridu.html' target='_blank'>Geonames: Tall Arīdū</a>, <a href='https://pleiades.stoa.org/places/912845' target='_blank'>Pleiades: Eridu</a>, <a href='https://pleiades.stoa.org/places/915902' target='_blank'>Pleiades: Teredon/Diridotis</a>, <a href='http://oracc.museum.upenn.edu/saao/knpp/peoplegodsplaces/index.html' target='_blank'>Knowledge and Power: Eridu</a>, <a href='http://oracc.museum.upenn.edu/atae/cbd/qpn-x-places/onebigfile.html' target='_blank'>ATAE Glossary: Places (Eridu [1])</a>, <a href='http://oracc.museum.upenn.edu/rinap/cbd/qpn-x-places/onebigfile.html' target='_blank'>RINAP Glossary: Places (Eridu [1])</a>, <a href='http://oracc.museum.upenn.edu/riao/cbd/qpn-x-places/onebigfile.html' target='_blank'>RIAo Glossary: Places (Eridu [1])</a>, <a href='http://oracc.museum.upenn.edu/saao/cbd/qpn-x-places/onebigfile.html' target='_blank'>SAAo Glossary: Places (Eridu [1])</a>"
2026-07-23-(22-09-00),edited,1130,Shiloh,"Shiloh, Shilo, Šīlō, Silo, שִׁלֹה, שִׁילֹה, שִׁלוֹ, שִׁילוֹ, Tel Shiloh, Khirbet Seilun, Khirbat Seilun, Khirbat Saylūn, Khirbat Saylun",–,32.05617216725297,35.28987956212205,–,city,"Canaan, Bīt-Ḫumrî, Palestine, West Bank",–,"<a href='https://zenodo.org/record/6384045' target='_blank'>Pedersén ANE: Shiloh (Tell Shiloh / Khirbet Seilun)</a>, <a href='https://pleiades.stoa.org/places/688028' target='_blank'>Pleiades: Silo</a>"
2026-07-23-(22-09-00),edited,356,Gibeon,"Gibeon, Givʿon, Giḇʿôn, גִּבְעוֹן‎, גבעון, Γαβαών, Γαβαων, Gabaōn, Gabaon, al-Ğīb, al-Jīb, al-Jib, Al Jīb, Al Jib, El-Jib, El Jīb, El Jib, الجيب, Jīb, Jib",–,31.84668393600865,35.18519610124061,"gbʿwn, גִּבְעוֹן‎, גבעון",city,"Canaan, Iaʾūdu, Palestine, West Bank",–,"<a href='https://zenodo.org/record/6384045' target='_blank'>Pedersén ANE: Gibeon (El-Jib)</a>, <a href='https://gaialab.terrawatchers.org/DAAHL/Home.php' target='_blank'>DAAHL: Jib, El - Gibeon - 282</a>, <a href='https://zenodo.org/records/15111789' target='_blank'>UnitoAssyrianGovernance: Gibeon</a>, <a href='https://www.geonames.org/12440502/gibeon.html' target='_blank'>Geonames: Gibeon</a>, <a href='https://pleiades.stoa.org/places/687900' target='_blank'>Pleiades: Gabaon</a>, <a href='https://www.geonames.org/285070/al-jib.html' target='_blank'>Geonames: Al Jīb</a>"
2026-07-23-(22-09-00),edited,902,Šakmu,"Šakmu, Šekem, Sichem, Shechem, שְׁכֶם, Tell Balata, تل بلاطة",–,32.21323904706646,35.28252220566982,–,city,"Bīt-Ḫumrî, Palestine, West Bank",–,<a href='https://zenodo.org/record/6384045' target='_blank'>Pedersén ANE: Šakmu / Shechem (Tell Balata)</a>
2026-07-23-(22-53-26),edited,354,Gazziura,"Gazziura, Gaziura, Γαζίουρα, Gazioura, Turhal",–,40.38857518720807,36.09231201380902,–,town,"Pontos, Turkey",–,"<a href='https://zenodo.org/record/6384045' target='_blank'>Pedersén ANE: Gazziura (Turhal)</a>, <a href='https://vici.org/vici/34541/' target='_blank'>Vici.org: Gazioura</a>, <a href='https://www.geonames.org/738618/turhal.html' target='_blank'>Geonames: Turhal</a>, <a href='https://pleiades.stoa.org/places/857134' target='_blank'>Pleiades: Gazioura</a>"
2026-07-23-(23-58-59),edited,62,Amrit,"Marat, Amrit, Marathos, Μάραθος, Marathus, ʿAmrīt, Kharā’ib ‘Amrīt, خرائب عمريت",–,34.83512,35.91208,"mrt, 𐤌𐤓𐤕","city, seaport","Arwāda (?), Phoenicia, Syria",–,"<a href='https://zenodo.org/record/6384045' target='_blank'>Pedersén ANE: Amrit</a>, <a href='https://pleiades.stoa.org/places/668306' target='_blank'>Pleiades: Marathos</a>, <a href='https://www.geonames.org/173238/khara-ib-amrit.html' target='_blank'>Geonames: Kharā’ib ‘Amrīt</a>, <a href='https://www.geonames.org/9261090/khara-ib-amrit.html' target='_blank'>Geonames: Kharā’ib ‘Amrīt</a>"
2026-07-23-(23-58-59),edited,134,Asdūdimmu,"Asdūdimmu, Asdudimmu, Azōtos Paralios, Ἄζωτος παράλιος, Ašdôd-Yam, Ashdod Yam, H̱orbat Ashdod Yam, חרבת אשדוד ים, Minat el-Qal'a, Tēl Mor, תל מור",1,31.77961186167617,34.62149794478812,"URU.as-du-di-im-mu, 𒌷𒊍𒁺𒁲𒅎𒈬","city, seaport","Pilistu, Israel",7 C5,"Helsinki Atlas: 6 (map 7 C5), Bagg RGTC 7 1: 30, <a href='https://zenodo.org/record/6384045' target='_blank'>Pedersén ANE: Asdudimmu (Ashdod Yam / Minat el-Qal'a)</a>, <a href='https://zenodo.org/record/6384045' target='_blank'>Pedersén ANE: Asdudimmu (Tel Mor)</a>, <a href='https://pleiades.stoa.org/places/687843' target='_blank'>Pleiades: Azotos Paralios</a>, <a href='http://oracc.museum.upenn.edu/riao/cbd/qpn-x-places/onebigfile.html' target='_blank'>RIAo Glossary: Places</a>, <a href='http://oracc.museum.upenn.edu/rinap/cbd/qpn-x-places/onebigfile.html' target='_blank'>RINAP Glossary: Places</a>"
2026-07-23-(23-58-59),edited,193,Beʾrū,"Biʾrû, Beʾrû, Beʾrū, Biruta, Biʾrutu, Biʾrūtu, bjrt, 𐤉𐤓𐤕‎𐤁, Berytos, Bērytos, Berytus, Laodikeia, Colonia Iulia Augusta Felix, Beirut, Bairūt, بَيْرُوت",1,33.89896429056319,35.50723542715227,"URU.bi-iʾ-ru-u, 𒌷𒁉𒀪𒊒𒌋, URU.bi-iʾ-ru-ú, 𒌷𒁉𒀪𒊒𒌑, 𐤉𐤓𐤕‎𐤁","city, seaport","Phoenicia, Ṣīdūnu, Lebanon",8 A3,"Helsinki Atlas: 7 (map 8 A3), Bagg RGTC 7 1: 43–44 (Biʾrû), <a href='https://zenodo.org/record/6384045' target='_blank'>Pedersén ANE: Bi'rutu / Bi'rû /Berytos (Beirut)</a>, <a href='https://pleiades.stoa.org/places/678060' target='_blank'>Pleiades: Beirut</a>"
2026-07-23-(23-58-59),edited,468,Iappû,"Iappû, Iappu, Jappû, Jappu, Yappû, Yappu, Yappū, Yapu, jpj, ypy, 𐤉𐤐𐤉, Yȧfo, Yafo, יפו, יָפוֹ, Iapha, Iope, Ἰόπη, Ioppē, Ioppe, Ἰόππη, Flavia Ioppa, Japhe, Joppe, Joppa, Yāfā, Yafa, يافا, يَافَا, Jaffa, Jafa, Giaffa, Yafah, Yafo ha-‘Attiqa, Yafo Ha‘Attiqa, יפו העתיקה, Old Yafo, Tel Yafo",1,32.05405549541103,34.75264313322741,"URU.ia-ap-pu-u, 𒌷𒅀𒀊𒁍𒌋, URU.ia-ap-pu-ú, 𒌷𒅀𒀊𒁍𒌑, URU.ia-ap-pu, 𒌷𒅀𒀊𒁍, URU.ia-pu-u, 𒌷𒅀𒁍𒌋, jpj, ypy, 𐤉𐤐𐤉, jpv, ypv, יפו","city, seaport","Canaan, Isqalūna, Pilistu, Israel",7 C4,"Bagg RGTC 7 1: 124–125 (Jappû), Helsinki Atlas: 10 (map 7 C4), Parpola Toponyms: 184 (Jappû), <a href='http://jaffa.nelc.ucla.edu/' target='_blank'>The Jaffa Cultural Heritage Project (JCHP)</a>, <a href='https://zenodo.org/record/6384045' target='_blank'>Pedersén ANE: Jappû / Ioppe (Yafa)</a>, <a href='https://www.geonames.org/11594748/yafo-ha-attiqa.html' target='_blank'>Geonames: Yafo Ha‘Attiqa</a>, <a href='https://www.ancientportsantiques.com/the-catalogue/' target='_blank'>Ancient Ports: Joppe</a>, <a href='https://pleiades.stoa.org/places/687931' target='_blank'>Pleiades: Ioppe</a>, <a href='https://www.geonames.org/293253/jaffa.html' target='_blank'>Geonames: Jaffa</a>, <a href='http://oracc.museum.upenn.edu/rinap/cbd/qpn-x-places/onebigfile.html' target='_blank'>RINAP Glossary: Places (Yappu [Joppa])</a>, <a href='http://oracc.museum.upenn.edu/riao/cbd/qpn-x-places/onebigfile.html' target='_blank'>RIAo Glossary: Places (Yappu [Joppa])</a>"
2026-07-23-(23-58-59),edited,855,Ṣīdūnu,"Ṣīdūnu, Sidon, Ṣīdôn, Ṣaidā",1,33.56242557265058,35.36933123668055,–,"city, seaport","Ṣīdūnu, Lebanon",8 A3,"Helsinki Atlas: 15 (map 8 A3), <a href='https://zenodo.org/record/6384045' target='_blank'>Pedersén ANE: Sidon</a>"
2026-07-24-(00-14-15),edited,370,Gubal,"Gubal, Gubla, Gibaʾlā, Gibaʾla, Gibala, גיבלה, Gabala, Gibellum, Ğabla, Jabla, Jablah, Jableh, جبلة, Tall at-Tuwayna, Tall at Tuwaynah, تل التوينة, Tell Tuweini, Tell Tweini",2,35.37165568751958,35.93653642277064,"URU.gu-ub-la, 𒌷𒄖𒌒𒆷, URU.gub-la, 𒌷𒁺𒆷","town, seaport","Ḫamāt, Syria",8 A1,"Bagg RGTC 7 1: 78–79 (Gubla 1), Helsinki Atlas: 9 (map 8 A1), Parpola Toponyms: 135 (Gubla), <a href='https://zenodo.org/record/6384045' target='_blank'>Pedersén ANE: Giba'la (Tell Tuweini)</a>, <a href='https://www.geonames.org/8695915/tall-at-tuwaynah.html' target='_blank'>Geonames: Tall at Tuwaynah</a>, <a href='https://gaialab.terrawatchers.org/DAAHL/Home.php' target='_blank'>DAAHL: Tell Tuweini</a>, <a href='https://www.ancientportsantiques.com/the-catalogue/' target='_blank'>Ancient Ports: Port of archaic Gibala</a>, <a href='https://pleiades.stoa.org/places/668250' target='_blank'>Pleiades: Gabala</a>, <a href='https://www.geonames.org/169304/jablah.html' target='_blank'>Geonames: Jablah</a>, <a href='https://gaialab.terrawatchers.org/DAAHL/Home.php' target='_blank'>DAAHL: Jabla</a>, <a href='https://www.ucl.ac.uk/sargon/peoplegodsplaces' target='_blank'>Assyrian empire builders: Gubla</a>, <a href='http://oracc.museum.upenn.edu/rinap/cbd/qpn-x-places/onebigfile.html' target='_blank'>RINAP Glossary: Places (Gubla [Gabala])</a>, <a href='http://oracc.museum.upenn.edu/riao/cbd/qpn-x-places/onebigfile.html' target='_blank'>RIAo Glossary: Places (Gubla [Gabala])</a>"
2026-07-28-(19-03-23),edited,367,Gizilbunda,"Gizilbunda, Gizilbundi",2,–,–,"KUR.gi-zi-il-bu-da, 𒆳𒄀𒍣𒅋𒁍𒁕, KUR.gi-zi-il-bu-un-da, 𒆳𒄀𒍣𒅋𒁍𒌦𒁕, KUR.gi-zi-il-bu-un-di, 𒆳𒄀𒍣𒅋𒁍𒌦𒁲, KUR.gi-zil-bu-un-da, 𒆳𒄀𒉣𒁍𒌦𒁕, URU.gi-zi-il-bu-un-di,  𒌷𒄀𒍣𒅋𒁍𒌦𒁲, KUR.gi-zil-bu-un-da-a-a, 𒆳𒄀𒉣𒁍𒌦𒁕𒀀𒀀",territory,Iran,11 C1,"Bagg RGTC 7 3/1: 233–234, Helsinki Atlas: 9 (map 11 C1), Parpola Toponyms: 134, <a href='https://www.ucl.ac.uk/sargon/peoplegodsplaces' target='_blank'>Assyrian empire builders: Gizilbunda</a>, <a href='http://oracc.museum.upenn.edu/riao/cbd/qpn-x-places/onebigfile.html' target='_blank'>RIAo Glossary: Places (Gizilbunda [1])</a>, <a href='http://oracc.museum.upenn.edu/rinap/cbd/qpn-x-places/onebigfile.html' target='_blank'>RINAP Glossary: Places (Gizilbunda [1])</a>, <a href='http://oracc.museum.upenn.edu/riao/cbd/qpn-x-ethnic/onebigfile.html' target='_blank'>RIAo Glossary: Ethnic Names (Gizilbundayu [of Gizilbunda])</a>"
2026-07-28-(20-25-01),new,1358,Karsibuta,"Karsibuta, Karsibutu",–,–,–,"URU.kar-si-bu-ta-a-a, 𒌷𒋼𒀀𒋛𒁍𒋫𒀀𒀀 ","city, country","Gizilbunda, Iran",–,"Bagg RGTC 7 3/1: 330 (*Karsibuta), Parpola Toponyms: 202 (Karsibutu), <a href='http://oracc.museum.upenn.edu/riao/cbd/qpn-x-ethnic/onebigfile.html' target='_blank'>RIAo Glossary: Ethnic Names (Karsibutayu [of Karsibuta])</a>"
2026-07-28-(20-43-17),new,1359,Kinaki,Kinaki,–,–,–,"URU.ki-na-ki, 𒌷𒆠𒈾𒆠",city,"Gizilbunda, Iran",–,"Bagg RGTC 7 3/1: 340, Parpola Toponyms: 204 (under Kibaki), <a href='http://oracc.museum.upenn.edu/riao/cbd/qpn-x-places/onebigfile.html' target='_blank'>RIAo Glossary: Places (Kinaki [1])</a>"
2026-07-28-(21-00-23),new,1360,Nirutakta,Nirutakta,–,–,–,"URU.ni-ru-tak-ta, 𒌷𒉌𒊒𒋳𒋫","city, country","Gizilbunda, Iran",–,"Bagg RGTC 7 3/1: 438, Parpola Toponyms: 269, <a href='http://oracc.museum.upenn.edu/rinap/cbd/qpn-x-places/onebigfile.html' target='_blank'>RINAP Glossary: Places (Nirutakta [1])</a>, <a href='http://oracc.museum.upenn.edu/riao/cbd/qpn-x-places/onebigfile.html' target='_blank'>RIAo Glossary: Places (Nirutakta [1])</a>"
2026-07-28-(21-17-10),new,1361,Sassiašu,Sassiašu,–,–,–,"URU.sa-as-si-a-šú, 𒌷𒊓𒊍𒋛𒀀𒋙, URU.sa-si-a-šá-a-a, 𒌷𒊓𒋛𒀀𒃻𒀀𒀀","city, country","Gizilbunda, Iran",–,"Bagg RGTC 7 3/2: 508, Parpola Toponyms: 307, <a href='http://oracc.museum.upenn.edu/riao/cbd/qpn-x-ethnic/onebigfile.html' target='_blank'>RIAo Glossary: Ethnic Names (Sassiašayu [of Sassiašu])</a>, <a href='http://oracc.museum.upenn.edu/riao/cbd/qpn-x-places/onebigfile.html' target='_blank'>RIAo Glossary: Places (Sassiašu [1])</a>, <a href='http://oracc.museum.upenn.edu/rinap/cbd/qpn-x-places/onebigfile.html' target='_blank'>RINAP Glossary: Places (Sassiašu [1])</a>"
2026-07-28-(21-27-00),new,1362,Tutašdi,Tutašdi,–,–,–,"URU.tu-ta-áš-di, 𒌷𒌅𒋫𒀾𒁲",city,"Gizilbunda, Iran",–,"Bagg RGTC 7 3/2: 573, Parpola Toponyms: 361, <a href='http://oracc.museum.upenn.edu/riao/cbd/qpn-x-places/onebigfile.html' target='_blank'>RIAo Glossary: Places (Tutašdi [1])</a>, <a href='http://oracc.museum.upenn.edu/rinap/cbd/qpn-x-places/onebigfile.html' target='_blank'>RINAP Glossary: Places (Tutašdi [1])</a>"
2026-07-28-(21-54-58),new,1363,Uraš,Uraš,–,–,–,"URU.ú-ra-áš, 𒌷𒌑𒊏𒀾","city, fortified city","Gizilbunda, Iran",–,"Bagg RGTC 7 3/2: 601 (Uraš 2), Parpola Toponyms: 373, <a href='http://oracc.museum.upenn.edu/riao/cbd/qpn-x-places/onebigfile.html' target='_blank'>RIAo Glossary: Places (Uraš [2])</a>"
2026-07-28-(22-11-23),new,1364,Uraš 1,Uraš,–,–,–,"URU.ú-ra-áš, 𒌷𒌑𒊏𒀾","city, royal city","Urarṭu, Turkey",–,"Bagg RGTC 7 3/2: 600 (Uraš 1 (?)), <a href='http://oracc.museum.upenn.edu/riao/cbd/qpn-x-places/onebigfile.html' target='_blank'>RIAo Glossary: Places (Uraš [1])</a>"
2026-07-28-(22-16-22),edited,1104,Dūr-Abī-Jataʾ,"Dūr-Abī-Jataʾ, Dūr-Abī-Yataʾ, Dūr-Abī-Iataʾ, Dūr-Abī-Jateʾ, Dūr-Abī-Iateʾ, Dūr-Abijataʾ",–,–,–,"URU.BÀD-<sup>m</sup>a-bi-ia-ta-aʾ, 𒌷𒂦𒁹𒀀𒁉𒅀𒋫𒀪","city, fortified city","Bīt-Dakkūri, Iraq",–,Bagg RGTC 7 3/1: 184
2026-07-28-(22-16-22),edited,1112,Kullaba,"Kullaba, Kullabi, Kulaba, Kullab",–,–,–,"kul-aba<sub>4</sub>, 𒆰𒀕, kul-aba<sub>4</sub>.KI, 𒆰𒀕𒆠, kul-la-ba.KI, 𒆰𒆷𒁀𒆠, URU.kul-la-ba, 𒌷𒆰𒆷𒁀","city, fortified city","Bīt-Iakīn, Babylonia, Iraq",–,"Bagg RGTC 7 3/1: 354–355, Parpola Toponyms: 213"
2026-07-28-(22-16-22),edited,3,Abarnani,"Abarnani, Abarnānu, Sultan Tepe (?)",–,–,–,"URU.a-bar-na-ni, 𒌷𒀀𒁇𒈾𒉌","city, fortified city","Quwê, Turkey",–,"Bagg RGTC 7 1: 1, Parpola Toponyms: 1, <a href='https://pleiades.stoa.org/places/726944832' target='_blank'>Pleiades: Abarnani</a>, <a href='http://oracc.museum.upenn.edu/riao/cbd/qpn-x-places/onebigfile.html' target='_blank'>RIAo Glossary: Places (Abarnanu)</a>"
2026-07-28-(22-16-22),edited,109,Argištiuna,"Argištiuna, Argistiuna, Argistiani, Irgistiani, Qalʿe Esmaʾīl Āġā, Qal‘eh-ye Esmā‘īl Āqā, قلعه اسماعیل آقا, Esmā‘īlāqā Qal‘ehsī, اِسماعيلاقا قَلعِهسی",–,37.6651,44.9296,"URU.ar-giš-ti-ú-na, 𒌷𒅈𒄑𒋾𒌑𒈾, URU.ir-gi-is-ti-a-ni, 𒌷𒅕𒄀𒄑𒋾𒀀𒉌","city, fortified city","Aiadi, Iran",–,"Bagg RGTC 7 3/1: 59, Parpola Toponyms: 28 (Argistiuna), <a href='https://www.geonames.org/20925/qal-eh-ye-esma-il-aqa.html' target='_blank'>Geonames: Qal‘eh-ye Esmā‘īl Āqā</a>, <a href='http://oracc.museum.upenn.edu/atae/cbd/qpn-x-places/onebigfile.html' target='_blank'>ATAE Glossary: Places (Argistiani)</a>, <a href='http://oracc.museum.upenn.edu/saao/cbd/qpn-x-places/onebigfile.html' target='_blank'>SAAo Glossary: Places (Argistiani)</a>, <a href='http://oracc.museum.upenn.edu/riao/cbd/qpn-x-places/onebigfile.html' target='_blank'>RIAo Glossary: Places (Argištiuna)</a>, <a href='http://oracc.museum.upenn.edu/rinap/cbd/qpn-x-places/onebigfile.html' target='_blank'>RINAP Glossary: Places (Argištiuna)</a>"
2026-07-28-(22-16-22),edited,114,Aribua,"Aribua, Ǧisr aš-Šuġūr, Jisr ash Shughūr, جسر الشغور, as-Safīra, As Safīrah, السفيرة, Sfaireh, Safira, Sfiré, Sfire",–,35.81418,36.31983,"URU.a-ri-bu-a, 𒌷𒀀𒊑𒁍𒀀","city, fortified city","Pattinu, Syria",–,"Bagg RGTC 7 1: 22, <a href='https://www.geonames.org/169023/jisr-ash-shughur.html' target='_blank'>Geonames: Jisr ash Shughūr</a>, <a href='https://zenodo.org/record/6384045' target='_blank'>Pedersén ANE: (Safira)?</a>, <a href='https://www.geonames.org/172503/as-safirah.html' target='_blank'>Geonames: As Safīrah</a>, <a href='http://oracc.museum.upenn.edu/riao/cbd/qpn-x-places/onebigfile.html' target='_blank'>RIAo Glossary: Places (Aribua)</a>"
2026-07-28-(22-16-22),edited,116,Arīdu,"Arīdu, Aridu, Ruwandiz, Rāwandūz, Ṟuwandiz, راوندوز, رواندز",4,36.61207,44.52372,"KUR.a-ri-di, 𒆳𒀀𒊑𒁲, URU.a-ri-di, 𒌷𒀀𒊑𒁲, URU.a-ri-du, 𒌷𒀀𒊑𒁺","city, fortified city","Ḫabrūri, Iraq",4 D5,"Bagg RGTC 7 3/1: 60, Helsinki Atlas: 6 (Arīdu (2); map 4 D5), Bagg RGTC 7 1: 62, <a href='https://www.geonames.org/92002/ruwandiz.html' target='_blank'>Geonames: Ṟuwandiz</a>, <a href='http://oracc.museum.upenn.edu/riao/cbd/qpn-x-places/onebigfile.html' target='_blank'>RIAo Glossary: Places (Aridu)</a>"
2026-07-28-(22-16-22),edited,192,Bethsaida,"Bethsaida, Bēt Ṣaydā, Bẹt Ṣẹdȧ, Beit Tsaida, בית צידה, Βηθσαΐδά, Ṣaydȧn, צַידָן, Gešur (?), Ioulias, Iulias, Julias, Ἰουλίας, Ioulia, Julia, Ἰουλία, Bait Ṣaidā, بيت صيدا, at-Tall, et-Tell, Et-Tell, al-ʿAraǧ, al-ʿAraj, Tell ʿAraj, Tel ʿAraj, El Araj, al-Maṣʿadīya, Al Mus‘adīyah, المسعدية",–,32.91030924985483,35.63066752721332,"בית צידה, צַידָן","city, fortified city","Gešur (?), Israel",–,"<a href='https://zenodo.org/record/6384045' target='_blank'>Pedersén ANE: (Et-Tell)</a>, <a href='https://pleiades.stoa.org/places/678065' target='_blank'>Pleiades: Bethsaida</a>, <a href='https://gaialab.terrawatchers.org/DAAHL/Home.php' target='_blank'>DAAHL: al-ʿAraj</a>, <a href='https://bethsaidaarchaeology.org' target='_blank'>Bethsaida Excavations Project</a>, <a href='https://www.elarajexcavations.com/updates' target='_blank'>El Araj Excavation Project</a>"
2026-07-28-(22-16-22),edited,569,Kinabu,"Kinabu, Tavşantepe, Aktepe (?)",–,37.83546,40.2019,"ki-na-bu, 𒆠𒈾𒁍, URU.ki-na-bu, 𒌷𒆠𒈾𒁍","city, fortified city","Nirbu, Turkey",–,"Bagg RGTC 7 2/1: 341–342, <a href='https://www.geonames.org/10048768/tavsantepe.html' target='_blank'>Geonames: Tavşantepe</a>, <a href='https://zenodo.org/record/6384045' target='_blank'>Pedersén ANE: (Aktepe)</a>, <a href='http://oracc.museum.upenn.edu/atae/cbd/qpn-x-places/onebigfile.html' target='_blank'>ATAE Glossary: Places (Kinabu)</a>, <a href='http://oracc.museum.upenn.edu/riao/cbd/qpn-x-places/onebigfile.html' target='_blank'>RIAo Glossary: Places (Kinabu)</a>"
2026-07-28-(22-16-22),edited,724,Nēmed-Laguda,"Nēmed-Laguda, Nemed-Laguda, Nēmed-Lagudu, Nemed-Lagudu",–,–,–,"né-med-<sup>d</sup>la-gu-da.KI, 𒉌𒁁𒀭𒆷𒄖𒁕𒆠, UŠ-<sup>d</sup>la-gu-du.KI, 𒍑𒀭𒆷𒄖𒁺𒆠, URU.né-me-ed-la-gu-da, 𒌷𒉌𒈨𒀉𒆷𒄖𒁕, URU.né-med-la-gu-du, 𒌷𒉌𒁁𒆷𒄖𒁺, URU.né-med-<sup>d</sup>la-gu-du, 𒌷𒉌𒁁𒀭𒆷𒄖𒁺, URU.né-med-<sup>d</sup>la-gu-da, 𒌷𒉌𒁁𒀭𒆷𒄖𒁕","city, fortified city","Babylonia, Bīt-Iakīn, Iraq",–,"Bagg RGTC 7 3/1: 430–431, Parpola Toponyms: 260, <a href='http://oracc.museum.upenn.edu/saao/knpp/peoplegodsplaces/index.html' target='_blank'>Knowledge and Power: Nemed-Lagudu</a>, <a href='https://www.ucl.ac.uk/sargon/peoplegodsplaces' target='_blank'>Assyrian empire builders: Nemed-Lagudu</a>, <a href='http://oracc.museum.upenn.edu/atae/cbd/qpn-x-places/onebigfile.html' target='_blank'>ATAE Glossary: Places (Nemed-Laguda)</a>, <a href='http://oracc.museum.upenn.edu/saao/cbd/qpn-x-places/onebigfile.html' target='_blank'>SAAo Glossary: Places (Nemed-Laguda)</a>, <a href='http://oracc.museum.upenn.edu/riao/cbd/qpn-x-places/onebigfile.html' target='_blank'>RIAo Glossary: Places (Nemed-Laguda)</a>, <a href='http://oracc.museum.upenn.edu/rinap/cbd/qpn-x-places/onebigfile.html' target='_blank'>RINAP Glossary: Places (Nemed-Laguda)</a>"
2026-07-28-(22-16-22),edited,1061,Bīt-Kubatti,"Bīt-Kubatti, Bit-Kubatti, Bīt-Kubati, Bit-Kubati, Kird Qariyat Čiarza (?), Tepe Qebristan (?)",–,35.09844,45.54416,"É-ku-bat, 𒂍𒆪𒁁, É-<sup>m</sup>ku-bat-ti, 𒂍𒁹𒆪𒁁𒋾","city, fortified city","Māt-kaššî, Iraq",–,"Bagg RGTC 7 3/1: 140, <a href='https://www.geonames.org/7454986/qabristani-bawah.html' target='_blank'>Geonames: Qabristānī Bāwah</a>, <a href='http://oracc.museum.upenn.edu/riao/cbd/qpn-x-places/onebigfile.html' target='_blank'>RIAo Glossary: Places (Bit-Kubatti)</a>, <a href='http://oracc.museum.upenn.edu/rinap/cbd/qpn-x-places/onebigfile.html' target='_blank'>RINAP Glossary: Places (Bit-Kubatti)</a>"
2026-07-28-(22-16-22),edited,1066,Daqalu,"Daqalu, Daqala, Dagalā, Til-Daqalu, Diqlâ, דִּקְלָה, Beth Deqla, Bayt-Dagalâ",–,31.731945,45.005407,"URU.da-qa-la, 𒌷𒁕𒋡𒆷, URU.da-qa-lu, 𒌷𒁕𒋡𒇻","city, fortified city","Bīt-Amukkāni, Babylonia, Iraq",–,"Bagg RGTC 7 3/1: 172, Parpola Toponyms: 99, Zadok (1985): <i>Zur Geographie Babyloniens während des sargonidischen...</i>. Die Welt des Orients 16: 60, <a href='http://oracc.museum.upenn.edu/riao/cbd/qpn-x-places/onebigfile.html' target='_blank'>RIAo Glossary: Places (Daqalu)</a>, <a href='http://oracc.museum.upenn.edu/rinap/cbd/qpn-x-places/onebigfile.html' target='_blank'>RINAP Glossary: Places (Daqalu)</a>"
2026-07-28-(22-16-22),edited,1072,Uatzunza,Uatzunza,–,–,–,"URU.ú-at-zu-un-za, 𒌷𒌑𒀜𒍪𒌦𒍝","city, fortified city","Sangibūtu, Iran",–,Bagg RGTC 7 3/2: 579
2026-07-28-(22-16-22),edited,1074,Abaindi,Abaindi,–,–,–,"URU.a-ba-in-di, 𒌷𒀀𒁀𒅔𒁲","city, fortified city","Aiadi, Iran",–,"Bagg RGTC 7 3/1: 1–2, Parpola Toponyms: 1, <a href='http://oracc.museum.upenn.edu/rinap/cbd/qpn-x-places/onebigfile.html' target='_blank'>RINAP Glossary: Places (Abaindi)</a>"
2026-07-28-(22-16-22),edited,1089,Aḫūdu,"Aḫūdu, Aḫudu, Uḫūdu",–,–,–,"URU.a-ḫu-di, 𒌷𒀀𒄷𒁲","city, fortified city","Bīt-Amukkāni, Babylonia, Iraq",–,Bagg RGTC 7 3/1: 9–10
2026-07-28-(22-16-22),edited,1091,Aiaṣun,"Aiaṣun, Ajaṣun",–,–,–,"URU.a-ia-ṣu-un, 𒌷𒀀𒅀𒍮𒌦","city, fortified city","Urarṭu, Aiadi, Iran",–,"Bagg RGTC 7 3/1: 10–11, <a href='https://www.geonames.org/121801/orumiyeh.html' target='_blank'>Geonames: Orūmīyeh</a>"
2026-07-28-(22-16-22),edited,1092,Aja-Sammu,"Aja-Sammu, Aia-Sammu, Aya-Sammu, Aiasamu, Ajasamu",–,–,–,"URU.a-a-sa-mu, 𒌷𒀀𒀀𒊓𒈬","city, fortified city","Gambūlu, Babylonia, Iraq",–,Bagg RGTC 7 3/1: 11–12
2026-07-28-(22-18-36),edited,1169,Arasidku,"Arasidku, Arisidku, Arasitku",–,–,–,"URU.a-ra-si-id-ku, 𒌷𒀀𒊏𒋛𒀉𒆪, URU.a-ri-si-id-ku, 𒌷𒀀𒊑𒋛𒀉𒆪","city, fortified city","Māzamua, Zamru, Iraq",–,"Bagg RGTC 7 3/1: 55, Parpola Toponyms: 23 (Arasitku), <a href='http://oracc.museum.upenn.edu/riao/cbd/qpn-x-places/onebigfile.html' target='_blank'>RIAo Glossary: Places (Arasidku)</a>"
2026-07-28-(22-18-36),edited,1170,Ammaru,Ammaru,–,–,–,"URU.am-ma-ru, 𒌷𒄠𒈠𒊒","city, fortified city","Māzamua, Zamru, Iraq",–,"Bagg RGTC 7 3/1: 38, Parpola Toponyms: 16, <a href='http://oracc.museum.upenn.edu/riao/cbd/qpn-x-places/onebigfile.html' target='_blank'>RIAo Glossary: Places (Ammaru)</a>"
2026-07-28-(22-18-36),edited,1171,Iritu,Iritu,–,–,–,"URU.i-ri-tu, 𒌷𒄿𒊑𒌅","city, fortified city","Māzamua, Zamru, Iraq",–,"Bagg RGTC 7 3/1: 297, Parpola Toponyms: 175, <a href='http://oracc.museum.upenn.edu/riao/cbd/qpn-x-places/onebigfile.html' target='_blank'>RIAo Glossary: Places (Iritu)</a>"
2026-07-28-(22-18-36),edited,1172,Parsindu,"Parsindu, Parsindi, Parazan, Pārazān, Bārazān, Paṟezan, Parrazan, بارزان, پارزان",–,35.63117,45.73058,"URU.pa-ar-si-in-di, 𒌷𒉺𒅈𒋛𒅔𒁲, URU.pa-ar-si-in-du, 𒌷𒉺𒅈𒋛𒅔𒁺, URU.pár-sin-di, 𒌷𒁇𒌍𒁲, URU.pár-sin-du, 𒌷𒁇𒌍𒁺","city, fortified city","Māzamua, Zamru, Iraq",–,"Bagg RGTC 7 3/2: 451–452, Parpola Toponyms: 274, <a href='https://www.geonames.org/92797/parazan.html' target='_blank'>Geonames: Pārazān</a>, <a href='http://oracc.museum.upenn.edu/riao/cbd/qpn-x-places/onebigfile.html' target='_blank'>RIAo Glossary: Places (Parsindu)</a>"
2026-07-28-(22-18-36),edited,1173,Suritu,Suritu,–,–,–,"URU.su-ri-tu, 𒌷𒋢𒊑𒌅","city, fortified city","Māzamua, Zamru, Iraq",–,"Bagg RGTC 7 3/2: 531, Parpola Toponyms: 319, <a href='http://oracc.museum.upenn.edu/riao/cbd/qpn-x-places/onebigfile.html' target='_blank'>RIAo Glossary: Places (Suritu)</a>"
2026-07-28-(22-18-36),edited,1209,Libê,Libê,–,–,–,"URU.li-bé-e, 𒌷𒇷𒁉𒂊","city, fortified city","Nimme, Iraq",–,"Bagg RGTC 7 3/1: 372, Parpola Toponyms: 226, <a href='http://oracc.museum.upenn.edu/riao/cbd/qpn-x-places/onebigfile.html' target='_blank'>RIAo Glossary: Places (Libe)</a>"
2026-07-28-(22-18-36),edited,1288,Anzalia,Anzalia,–,–,–,"URU.an-za-li-a, 𒌷𒀭𒍝𒇷𒀀","city, fortified city","Urarṭu, Aiadi, Iran",–,"Bagg RGTC 7 3/1: 43, Parpola Toponyms: 20, <a href='http://oracc.museum.upenn.edu/riao/cbd/qpn-x-places/onebigfile.html' target='_blank'>RIAo Glossary: Places (Anzalia [1])</a>, <a href='http://oracc.museum.upenn.edu/rinap/cbd/qpn-x-places/onebigfile.html' target='_blank'>RINAP Glossary: Places (Anzalia [1])</a>"
2026-07-28-(22-21-24),edited,81,Aparāzu,"Aparāzu, Aparazu, Apparāzu, Apparazu, Parraza, Abarara, Abarraza, Brēğ, البريج, Ṭaṭmaraš, Ṭāṭumarāš, طاطمراش",–,36.25225,36.85209,"URU.a-pa-ra-a-zu, 𒌷𒀀𒉺𒊏𒀀𒍪, URU.ap-pa-ra-zu, 𒌷𒀊𒉺𒊏𒍪","fortress, city, fortified city","Bīt-Agūsi, Syria",–,"Bagg RGTC 7 1: 17–18 (Apparāzu), <a href='https://www.geonames.org/171183/al-burayj.html' target='_blank'>Geonames: Al Burayj</a>, <a href='https://www.geonames.org/163327/tatumrash.html' target='_blank'>Geonames: Ţāţumrāsh</a>, <a href='https://pleiades.stoa.org/places/658362' target='_blank'>Pleiades: Abarara</a>, <a href='http://oracc.museum.upenn.edu/riao/cbd/qpn-x-places/onebigfile.html' target='_blank'>RIAo Glossary: Places (Aparazu)</a>"
2026-07-28-(22-21-24),edited,968,Til-abnē,"Til-abnē, Til-abne, Til-abnī, Tīl-abni, Tīl-abnī, Til-abnâ, Til-abna, Til-Abnu, Till-abnim, Til-Abnim, Tillabnim, Tall al-Qiṭār, Tell Qitar, Tall al-Qiṭar, تل القطار, Thallaba (?), Tul ʿAba (?), Tell ʿArbush (?), ‘Arbūsh (?), عربوش, Siverek (?)",4,36.38354191830683,38.18028782853696,"URU.DU₆-NA₄, 𒌷𒇯𒉌𒌓, URU.DU₆-NA₄.MEŠ, 𒌷𒇯𒉌𒌓𒈨𒌍, URU.DU₆-ab-na-a-a, 𒌷𒇯𒀊𒈾𒀀𒀀, URU.DU₆-NA₄-a-a, 𒌷𒇯𒉌𒌓𒀀𒀀, URU.DU₆-NA₄-na-a-a, 𒌷𒇯𒉌𒌓𒈾𒀀𒀀, URU.DU₆-NA₄.MEŠ-a-a, 𒌷𒇯𒉌𒌓𒈨𒌍𒀀𒀀","city, fortified city, country",Syria,–,"Bagg RGTC 7 1: 252–253, Parpola Toponyms: 352 (Til-abnâ), <a href='https://zenodo.org/record/6384045' target='_blank'>Pedersén ANE: Til-Abnu? (Tell Qitar)</a>, <a href='https://books.openedition.org/cdf/4487' target='_blank'>MTT I/3: Tall al-Qitar/Till-Abnim (HIGEOMES Nr. 97)</a>, <a href='https://zenodo.org/record/5217600' target='_blank'>CIGS: Tall al-Qiṭar</a>, Olmstead (1918): <i>The Calculated Frightfulness of Ashur Nasir Apal</i>. JAOS 38. 245 (Thallaba/Tul 'Aba) and 262 (Tul Abna), Ur (2010): <i>Urbanism and Cultural Landscapes in northeastern Syria</i>. 142–143 (Tell 'Arbush/Thallaba), <a href='https://www.geonames.org/173049/-arbush.html' target='_blank'>Geonames: ‘Arbūsh</a>, <a href='http://wikimapia.org/30118363/Tell-Arbush-Thallaba' target='_blank'>Wikimapia: Tell 'Arbush (Thallaba)</a>, <a href='https://omnesviae.org/#!iter_TPPlace2672_ROMA' target='_blank'>OmnesViae: Roman Routeplanner</a>, <a href='https://upload.wikimedia.org/wikipedia/commons/5/50/TabulaPeutingeriana.jpg' target='_blank'>Tabula Peutingeriana: Thallaba</a>, <a href='https://zenodo.org/record/6384045' target='_blank'>Pedersén ANE: (Siverek)</a>, <a href='http://oracc.museum.upenn.edu/riao/cbd/qpn-x-ethnic/onebigfile.html' target='_blank'>RIAo Glossary: Ethnic Names (Til-abnayu [of Til-abne])</a>, <a href='http://oracc.museum.upenn.edu/saao/cbd/qpn-x-places/onebigfile.html' target='_blank'>SAAo Glossary: Places (Til-abne [1])</a>, <a href='http://oracc.museum.upenn.edu/atae/cbd/qpn-x-places/onebigfile.html' target='_blank'>ATAE Glossary: Places (Til-abne [1])</a>, <a href='http://oracc.museum.upenn.edu/riao/cbd/qpn-x-places/onebigfile.html' target='_blank'>RIAo Glossary: Places (Til-abne [1])</a>"
2026-07-28-(22-21-24),edited,1064,Bunisa,"Bunisa, Bunāsi, Bunasi, Bunisu",–,–,–,"URU.bu-na-a-si, 𒌷𒁍𒈾𒀀𒋛, KUR.bu-ni-sa-a-a, 𒆳𒁍𒉌𒊓𒀀𒀀, URU.bu-na-i-sa-a-a, 𒌷𒁍𒈾𒄿𒊓𒀀𒀀, URU.bu-ni-sa-a-a, 𒌷𒁍𒉌𒊓𒀀𒀀","city, fortified city, country","Māzamua, Iraq, Iran (?)",–,"Bagg RGTC 7 3/1: 162, Parpola Toponyms: 94 (Bunāsi), Parpola Toponyms: 94 (Bunisa), Edmonds (1957): <i>Shar Bazhêr and the Basin of the Qalachuwalan</i>. The Geographical Journal 123/3: 318–328, <a href='http://oracc.museum.upenn.edu/riao/cbd/qpn-x-places/onebigfile.html' target='_blank'>RIAo Glossary: Places (Bunasi)</a>, <a href='http://oracc.museum.upenn.edu/riao/cbd/qpn-x-ethnic/onebigfile.html' target='_blank'>RIAo Glossary: Ethnic (Bunisayu)</a>"
2026-07-28-(22-23-39),edited,80,Apāk,"Apāk, Apak, Apiak, Abiak, Apiʾak, Appaq",3,32.416666666667,44.666666666667,"a-pak.KI, 𒀀𒄷𒆠, URU.a-pa-ak, 𒌷𒀀𒉺𒀝","town, fortified town","Bīt-Dakkūri, Babylonia, Iraq",10 D4,"Bagg RGTC 7 3/1: 45, Helsinki Atlas: 6 (map 10 D4), <a href='http://oracc.museum.upenn.edu/saao/knpp/peoplegodsplaces/index.html' target='_blank'>Knowledge and Power: Apak</a>, <a href='http://oracc.museum.upenn.edu/rinap/cbd/qpn-x-places/onebigfile.html' target='_blank'>RINAP Glossary: Places (Apak [1])</a>, <a href='http://oracc.museum.upenn.edu/atae/cbd/qpn-x-places/onebigfile.html' target='_blank'>ATAE Glossary: Places (Apak [1])</a>, <a href='http://oracc.museum.upenn.edu/saao/cbd/qpn-x-places/onebigfile.html' target='_blank'>SAAo Glossary: Places (Apak [1])</a>, <a href='http://oracc.museum.upenn.edu/riao/cbd/qpn-x-places/onebigfile.html' target='_blank'>RIAo Glossary: Places (Apak [1])</a>"
2026-07-28-(22-23-39),edited,260,Dābigu,"Dābigu, Dabigu, Dābiq, Adabiq, Adabig, Dabekon, Dabekov, Tell Dabiq, Tall Dābiq, تل دابق",1,36.53975772825272,37.26848559026516,"URU.da-bi-gi, 𒌷𒁕𒁉𒄀, URU.da-bi-gu, 𒌷𒁕𒁉𒄖","town, fortified town","Bīt-Adini, Syria",2 D4,"Helsinki Atlas: 8 (map 2 D4), Bagg RGTC 7 1: 57 (Dabigu), <a href='https://zenodo.org/record/6384045' target='_blank'>Pedersén ANE: Dabigu / Dabekov (Tell Dabiq)</a>, <a href='https://pleiades.stoa.org/places/727743778' target='_blank'>Pleiades: Dabigu</a>"
2026-07-28-(22-23-39),edited,268,Danabu,"Danabu, Dababu, Din<sup>e</sup>hābâ, Dinehābâ, Dinhabah, דִּנְהָבָה, Danaba, Abila Dekapoleos, Seleukeia, Tall Ābil, Quwailibī, Ḏunaiba, ذنيبّة, دنيبة, Danova (?), Ṣaidnāyā (?), صيدنايا",3,32.68241,35.8689,"KUR.da-na-bi, 𒆳𒁕𒈾𒁉, URU.da-an-a-bi, 𒌷𒁕𒀭𒀀𒁉, URU.da-na-bi, 𒌷𒁕𒈾𒁉, URU.da-na-bu, 𒌷𒁕𒈾𒁍, URU.da-na-pa-a-a, 𒌷𒁕𒈾𒉺𒀀𒀀","town, fortified town","Dimašqa, Syria (?), Jordan (?)",8 A3,"Helsinki Atlas: 8 (map 8 A3), Bagg RGTC 7 1: 59–60, Parpola Toponyms: 98, <a href='https://pleiades.stoa.org/places/668236' target='_blank'>Pleiades: ‘Danova’</a>, <a href='https://pleiades.stoa.org/places/677992' target='_blank'>Pleiades: Abila Dekapoleos/Seleukeia</a>, <a href='https://www.ucl.ac.uk/sargon/peoplegodsplaces' target='_blank'>Assyrian empire builders: Danabu</a>, <a href='http://oracc.museum.upenn.edu/saao/cbd/qpn-x-ethnic/onebigfile.html' target='_blank'>SAAo Glossary: Ethnic (Danabaya)</a>, <a href='http://oracc.museum.upenn.edu/atae/cbd/qpn-x-places/onebigfile.html' target='_blank'>ATAE Glossary: Places (Danabi)</a>, <a href='http://oracc.museum.upenn.edu/saao/cbd/qpn-x-places/onebigfile.html' target='_blank'>SAAo Glossary: Places (Danabi)</a>, <a href='http://oracc.museum.upenn.edu/atae/cbd/qpn-x-places/onebigfile.html' target='_blank'>ATAE Glossary: Places (Danabu)</a>, <a href='http://oracc.museum.upenn.edu/saao/cbd/qpn-x-places/onebigfile.html' target='_blank'>SAAo Glossary: Places (Danabu)</a>, <a href='http://oracc.museum.upenn.edu/riao/cbd/qpn-x-places/onebigfile.html' target='_blank'>RIAo Glossary: Places (Danabu)</a>"
2026-07-28-(22-24-54),edited,820,Sabḫānu,"Sabḫānu, Sabhanu, Sapḫānu, Saphanu, Šapḫānu, Šabhanu",3,32.46666,44.3,"sa-ab-ha-nu, 𒊓𒀊𒄩𒉡, URU.sa-ab-ha-ni, 𒌷𒊓𒀊𒄩𒉌, URU.sa-ba-ha-ni, 𒌷𒊓𒁀𒄩𒉌, URU.sa-ab-ha-nu, 𒌷𒊓𒀊𒄩𒉡, URU.šab-ha-a-ni, 𒌷𒉺𒅁𒄩𒀀𒉌, LU₂.šab-ha-nu-u₂-a, 𒇽𒉺𒅁𒄩𒉡𒌑𒀀","fortress, town, fortified town","Babylonia, Bīt-Dakkūri, Iraq",10 D4,"Bagg RGTC 7 3/2: 492–493, Helsinki Atlas: 15 (map 10 D4), Parpola Toponyms: 297, <a href='https://www.ucl.ac.uk/sargon/peoplegodsplaces' target='_blank'>Assyrian empire builders: Sabhanu/Šabhanu</a>, <a href='http://oracc.museum.upenn.edu/saao/cbd/qpn-x-ethnic/onebigfile.html' target='_blank'>SAAo Glossary: Ethnic Names (Sabhanaya [of Sabhanu])</a>, <a href='http://oracc.museum.upenn.edu/atae/cbd/qpn-x-ethnic/onebigfile.html' target='_blank'>ATAE Glossary: Ethnic Names (Sabhanaya [of Sabhanu])</a>, <a href='http://oracc.museum.upenn.edu/saao/cbd/qpn-x-places/onebigfile.html' target='_blank'>SAAo Glossary: Places (Sabhanu [1])</a>, <a href='http://oracc.museum.upenn.edu/atae/cbd/qpn-x-places/onebigfile.html' target='_blank'>ATAE Glossary: Places (Sabhanu [1])</a>, <a href='http://oracc.museum.upenn.edu/riao/cbd/qpn-x-places/onebigfile.html' target='_blank'>RIAo Glossary: Places (Sabhanu [1])</a>, <a href='http://oracc.museum.upenn.edu/rinap/cbd/qpn-x-places/onebigfile.html' target='_blank'>RINAP Glossary: Places (Sabhanu [1])</a>, <a href='http://oracc.museum.upenn.edu/saao/cbd/qpn-x-places/onebigfile.html' target='_blank'>SAAo Glossary: Places (Šabhanu [1])</a>, <a href='http://oracc.museum.upenn.edu/atae/cbd/qpn-x-places/onebigfile.html' target='_blank'>ATAE Glossary: Places (Šabhanu [1])</a>, <a href='http://oracc.museum.upenn.edu/saao/cbd/qpn-x-ethnic/onebigfile.html' target='_blank'>SAAo Glossary: Ethnic Names (Šabhanu [Šabhanean])</a>"
2026-07-29-(21-09-45),edited,336,Enu-Šasî,"ʿĒnu-Šāsî, Enu-Šasî, ʿEnu-Šasi, Tall ʿAin aš-Šarīf, Tall ʿAin al-Šarīf, Tall `Ayn ash Sharif, Tell Ain ech Cherif, تل عين الشريف, Tell 'Ayn Sharif, Tell Ain Cherif, تل عين شريف",4,33.891471,36.026197,"URU.e-ni-ša-sí, 𒌷𒂊𒉌𒊭𒍣, URU.e-ni-ša-si₂₀.KI, 𒌷𒂊𒉌𒊭𒍢𒆠","city, country","Canaan, Lebanon",–,"RGTC 12/2: 75 (ʿĒnu-Šāsî), EA 363, EA 187, <a href='https://gaialab.terrawatchers.org/DAAHL/Home.php' target='_blank'>DAAHL: Tell Ain Cherif</a>, <a href='https://zenodo.org/record/6384045' target='_blank'>Pedersén ANE: Enu-Šasî? (Tell 'Ayn Sharif)</a>, <a href='https://www.geonames.org/277560/tell-ain-ech-cherif.html' target='_blank'>Geonames: Tell Aïn ech Cherîf</a>"
2026-07-30-(23-00-15),edited,418,Ḫašabu,"Ḫašabu, Hašabu, Tall ʿAin ʿUšba, Tell 'Ayn 'Ushba, Tall Ḩushbāy, Tall Hushbay, Tell Hashba, Tell Hachbai, Tell Hochbai, Ḥašbe, Ḥašbīya, Ḥōšaba (?)",4,33.94694525432013,36.05370131815461,"URU.ḫa-ša-bu, 𒌷𒄩𒊭𒁍","city, country","Canaan, Lebanon",–,"RGTC 12/2: 119, EA 174, <a href='https://zenodo.org/record/6384045' target='_blank'>Pedersén ANE: Hašabu? (Tell 'Ayn 'Ushba / Tell Hashba)?</a>, <a href='https://gaialab.terrawatchers.org/DAAHL/Home.php' target='_blank'>DAAHL: Tell Hachbai</a>, <a href='https://www.geonames.org/273781/tell-hochbai.html' target='_blank'>Geonames: Tell Hochbaï</a>"
2026-07-30-(23-55-45),edited,429,Ḫazi,"Ḫazi, Hazi, Tall Ḥizzīn, Tall Hizzin, Tall Ḩizzīn, Tell Hizzin, Tell Hizzîne, Tell Hizzine, Tell Hazzine, Ġazze (?), Ghazze (?), غزة, Ghazzah (?), Ghazzih(?), Tell Ghazza (?)",4,33.96492549302683,36.1040312711183,"URU.ḫa-zi, 𒌷𒄩𒍣, URU.ḫa-zi.KI, 𒌷𒄩𒍣𒆠","city, country","Canaan, Lebanon",–,"RGTC 12/2: 126, EA 175, EA 185, EA 186, <a href='https://zenodo.org/record/6384045' target='_blank'>Pedersén ANE: Hazi? (Tell Hizzin)</a>, <a href='https://gaialab.terrawatchers.org/DAAHL/Home.php' target='_blank'>DAAHL: Tell Hazzine</a>, <a href='https://www.geonames.org/266883/tell-hizzine.html' target='_blank'>Geonames: Tell Hizzîne</a>, <a href='https://zenodo.org/record/6384045' target='_blank'>Pedersén ANE: (Tell Ghazza)</a>, <a href='https://www.geonames.org/274931/ghazze.html' target='_blank'>Geonames: Ghazzé</a>"
2026-08-04-(19-34-18),edited,26,Akītu Temple of Aššur,"Bīt-akīti ša Aššur, Akītu Temple of Aššur, Bīt-akīti ša ṣēri, Bīt-akīt ṣēri, Akītu-house of the steppe, Akītu Temple of the steppe, Eabbaugga, House Where Tiāmat Is Put To Death, Edubdubabba, House That Makes Tiāmat Tremble, House that Makes the Host of Tiāmat Tremble",–,35.4605330295,43.2534516662,"É-á-ki-it, 𒂍𒀉𒆠𒀉, É-a-ki-it, 𒂍𒀀𒆠𒀉, É-a-ki-te, 𒂍𒀀𒆠𒋼, É-a-ki-ti, 𒂍𒀀𒆠𒋾, É-á-ki-it EDIN, 𒂍𒀉𒆠𒀉𒂔, É-a-ki-it EDIN, 𒂍𒀀𒆠𒀉𒂔, É-a-ki-te EDIN, 𒂍𒀀𒆠𒋼𒂔, É-á-ki-it ša EDIN, 𒂍𒀉𒆠𒀉𒊭𒂔, é-a-ab-ba-ug₅-ga, 𒂍𒀀𒀊𒁀𒂦𒂵, é-dùb-dùb-ab-ba, 𒂍𒄭𒄭𒀊𒁀","temple, cella","Assyria, Aššur, Iraq",–,"George (1993): <i>House Most High</i>: 161 (no. 1266; [é.(...)]x.ug₅.ga), George (1993): <i>House Most High</i>: 79 (no. 207; é.dúb.dúb.x[...]), <a href='https://pleiades.stoa.org/places/416772250' target='_blank'>Pleiades: New Year's Festival House at Assur</a>, <a href='http://oracc.museum.upenn.edu/rinap/cbd/qpn-x-temple/onebigfile.html' target='_blank'>RINAP Glossary: Temples (Eabbaugga [1])</a>, <a href='http://oracc.museum.upenn.edu/riao/cbd/qpn-x-temple/onebigfile.html' target='_blank'>RIAo Glossary: Temples (Eabbaugga [1])</a>, <a href='http://oracc.museum.upenn.edu/riao/cbd/qpn-x-temple/onebigfile.html' target='_blank'>RIAo Glossary: Temples (Edubdubabba [1])</a>, <a href='http://oracc.museum.upenn.edu/rinap/cbd/qpn-x-temple/onebigfile.html' target='_blank'>RINAP Glossary: Temples (Edubdubabba [1])</a>"
2026-08-04-(19-38-55),edited,1139,Eḫursaggalkurkurra,"Eḫursaggalkurkurra, Ehursaggalkurkurra, Eḫursagkurkurra, Ehursagkurkurra, “House the Great Mountain of the Lands”",1,35.46111,43.26276,"é-ḫur-sag-kur-kur-ra, 𒂍𒄯𒊕𒆳𒆳𒊏, é-ḫur-sag-gal-kur-kur-ra, 𒂍𒄯𒊕𒃲𒆳𒆳𒊏, é-ḫur-sal-gal-kur-kur-ra, 𒂍𒄯𒊩𒃲𒆳𒆳𒊏","temple, cella","Assyria, Aššur, Iraq",–,"George (1993): <i>House Most High</i>: 100, <a href='https://pleiades.stoa.org/places/457530554' target='_blank'>Pleiades: Temple of Aššur at Assur</a>, <a href='http://oracc.museum.upenn.edu/saao/knpp/peoplegodsplaces/index.html' target='_blank'>Knowledge and Power: Ehursaggalkurkurra</a>, <a href='http://oracc.museum.upenn.edu/atae/cbd/qpn-x-temple/onebigfile.html' target='_blank'>ATAE Glossary: Temple (Ehursaggalkurkurra [CHAPEL OF AššUR IN EšARRA])</a>, <a href='http://oracc.museum.upenn.edu/saao/cbd/qpn-x-temple/onebigfile.html' target='_blank'>SAAo Glossary: Temple (Ehursaggalkurkurra [CHAPEL OF AššUR IN EšARRA])</a>, <a href='http://oracc.museum.upenn.edu/rinap/cbd/qpn-x-temple/onebigfile.html' target='_blank'>RINAP Glossary: Temple (Ehursaggalkurkurra)</a>, <a href='http://oracc.museum.upenn.edu/riao/cbd/qpn-x-temple/onebigfile.html' target='_blank'>RIAo Glossary: Temple (Ehursaggalkurkurra)</a>, <a href='http://oracc.museum.upenn.edu/atae/cbd/qpn-x-temple/onebigfile.html' target='_blank'>ATAE Glossary: Temple (Ehursagkurkurra)</a>, <a href='http://oracc.museum.upenn.edu/riao/cbd/qpn-x-temple/onebigfile.html' target='_blank'>RIAo Glossary: Temple (Ehursagkurkurra)</a>, <a href='http://oracc.museum.upenn.edu/rinap/cbd/qpn-x-temple/onebigfile.html' target='_blank'>RINAP Glossary: Temple (Ehursagkurkurra)</a>, <a href='http://oracc.museum.upenn.edu/saao/cbd/qpn-x-temple/onebigfile.html' target='_blank'>SAAo Glossary: Temple (Ehursagkurkurra)</a>"
2026-08-04-(21-25-41),new,1365,Great ziqqurrat of Aššur at Aššur,"Great ziqqurrat of Aššur at Aššur, Great new ziqqurrat of Aššur, Ziqqurratu rabītu eššetu ša Aššur, Great ziggurrat of Aššur, Ziqqurratu rabītu ša Aššur, Great ziqqurrat, Ziqqurrat of Aššur, Ziqqurrat Aššur, Ziqqurrat of Enlil, Ziqqurrat Enlil, Elamkurrukišarra, Elamkurrukišarra, House – Mountain of the Universe, House – Noblest of the Universe",1,35.4597044935,43.2611599449,"si-qur-re-te GAL-ti eš-še-ti šá <sup>d</sup>a-šur, 𒋛𒄥𒊑𒋼𒃲𒋾𒌍𒊺𒋾𒃻𒀭𒀀𒋩, si-qur-ra-ti GAL-ti šá <sup>d</sup>aš-šur, 𒋛𒄥𒊏𒋾𒃲𒋾𒃻𒀭𒀸𒋩, si-qur-ra-ta GAL-ta, 𒋛𒄥𒊏𒋫𒃲𒋫, si-qur-ra-te šá aš-šur, 𒋛𒄥𒊏𒋼𒃻𒀸𒋩, ziq-qur-rat <sup>d</sup>aš-šur, 𒍨𒄥𒋥𒀭𒀸𒋩, ziq-qur-rat <sup>d</sup>EN.LÍL, 𒍨𒄥𒋥𒀭𒂗𒆤, é-lam-kur-ru-ki-šár-ra, é-aratta-ki-šár-ra, 𒂍𒇴𒆳𒊒𒆠𒊹𒊏 ",ziqqurrat,"Assyria, Aššur, Iraq",–,"George (1993): <i>House Most High</i>: 69 (no. 90; é.aratta.ki.šár.ra 2), <a href='https://oracc.museum.upenn.edu/saao/saa20/Q004802' target='_blank'>SAA 20 049: 186</a>, <a href='https://pleiades.stoa.org/places/881209103' target='_blank'>Pleiades: Great Ziggurat of Aššur at Assur</a>, <a href='http://oracc.museum.upenn.edu/atae/cbd/qpn-x-temple/onebigfile.html' target='_blank'>ATAE Glossary: Temples (Elamkurrukišarra [1])</a>, <a href='http://oracc.museum.upenn.edu/saao/cbd/qpn-x-temple/onebigfile.html' target='_blank'>SAAo Glossary: Temples (Elamkurrukišarra [1])</a>"
2026-08-04-(21-44-30),new,1366,Old Palace at Aššur,"Old Palace at Aššur, Old Palace, Alter Palast",1,35.4590452147,43.2599486915,–,palace,"Assyria, Aššur, Iraq",–,<a href='https://pleiades.stoa.org/places/135066932' target='_blank'>Pleiades: Old Palace at Assur</a>
2026-08-04-(22-33-44),new,1367,New Palace at Aššur,"New Palace at Aššur, Ekallu-eššetu ša Libbi-āli, New Palace of Inner City, Ekallu-eššetu, Ekallu-eššeti, Ekallu-eššete, Ekallim-eššetim, New Palace, Neuer Palast, Elugalumunkurkurra, House of the King – Lord of the Lands, House of the King of All Lands",1,35.4581694424,43.2561191192,"É.GAL-GIBIL, 𒂍𒃲𒉋, É.GAL-GIBIL-ti, 𒂍𒃲𒉋𒋾, É.GAL-GIBIL-te, 𒂍𒃲𒉋𒋼, É.GAL-lim-GIBIL, 𒂍𒃲𒅆𒉋, É.GAL-lì-GIBIL-ti, 𒂍𒃲𒅆𒉋𒋾, É.GAL-lum-GIBIL-tu, 𒂍𒃲𒈝𒉋𒌅, É.GAL-lim-GIBIL šá URU.ŠÀ-URU, 𒂍𒃲𒅆𒉋𒃻𒌷𒊮𒌷, é-lugal-umun-kur-kur-ra, 𒂍𒈗𒌋𒆳𒆳𒊏",palace,"Assyria, Aššur, Iraq",–,"George (1993): <i>House Most High</i>: 171 (no. 1447; é.lugal.umun.kur.kur.ra), <a href='https://pleiades.stoa.org/places/281201084' target='_blank'>Pleiades: New Palace at Assur</a>, <a href='http://oracc.museum.upenn.edu/riao/cbd/qpn-x-object/onebigfile.html' target='_blank'>RIAo Glossary: Object Names (Ekallu-eššetu [New Palace – palace in Aššur])</a>, <a href='http://oracc.museum.upenn.edu/riao/cbd/qpn-x-temple/onebigfile.html' target='_blank'>RIAo Glossary: Temples (Ekallu-eššetu [New Palace])</a>"
2026-08-05-(00-04-50),new,1368,Tabira Gate at Aššur,"Tabira Gate at Aššur, Abul-tabira, Abul-tebiri, Tabira Gate, Tibira Gate, Craftsman's Gate, Sāniqat-malkāt, Saniqat-malkat, Inspector of Queens",–,35.457458,43.254816,"KÁ.GAL-ta-bi-ra, 𒆍𒃲𒋫𒁉𒊏, KÁ.GAL-TIBIRA, KÁ.GAL-URUDU.NAGAR, 𒆍𒃲𒍏𒉄, sa-ni-qa-at-mal-ka-at, 𒊓𒉌𒋡𒀜𒂷𒅗𒀜, sa-ni-qa-at-mal-kàt, 𒊓𒉌𒋡𒀜𒂷𒆑",gate,"Assyria, Aššur, Iraq",–,"<a href='https://oracc.museum.upenn.edu/btto/corpus' target='_blank'>BTTo: Götteradressbuch of Ashur</a>, <a href='https://oracc.museum.upenn.edu/saao/saa20/Q004802' target='_blank'>SAA 20 049: 120</a>, RINAP 3/2: 19 (Fig. 2), <a href='http://oracc.museum.upenn.edu/riao/cbd/qpn-x-object/onebigfile.html' target='_blank'>RIAo Glossary: Object Names (Abul-tabira [Craftsman's Gate])</a>, <a href='http://oracc.museum.upenn.edu/riao/cbd/qpn-x-object/onebigfile.html' target='_blank'>RIAo Glossary: Object Names (Tabira [Tabira Gate])</a>, <a href='http://oracc.museum.upenn.edu/saao/cbd/qpn-x-object/onebigfile.html' target='_blank'>SAAo Glossary: Object Names (abul-tebiri [Tibira Gate])</a>, <a href='http://oracc.museum.upenn.edu/atae/cbd/qpn-x-object/onebigfile.html' target='_blank'>ATAE Glossary: Object Names (abul-tebiri [Tibira Gate])</a>"
2026-08-05-(15-33-48),new,1369,Temple of Nabû at Aššur,"Temple of Nabû at Aššur, Bīt-Nabû, Bit-Nabu, Bēt-Nabû, Bet-Nabu, Temple of Nabû, Temple of the god Nabû, Bīt-Nabû-ša-ḫarê, Bit-Nabu-ša-hare, Bēt-Nabû-ša-ḫarê, Bet-Nabu-ša-hare, Temple of Nabû ša ḫarê, Temple of Nabû of the ḫarû, Temple of the god Nabû of the ḫarû, Egidrukalamasumu, Egidrukalammasummu, Egedrikalammasummu, House which Bestows the Sceptre of the Land, House which bestows a just scepter to the land, House which bestows just a sceptre to the land, Egidrukalammasisa, House which Sets in Order the Sceptre of the Land",1,35.4573612871,43.2585897291,"É-<sup>d</sup>AG, 𒂍𒀭𒀝, É-<sup>d</sup>PA, É-<sup>d</sup>MUATI, 𒂍𒀭𒉺, É-<sup>d</sup>AG-šá-ḫa-re-e, 𒂍𒀭𒀝𒃻𒄩𒊑𒂊, É-<sup>d</sup>AG-šá-ḫa-ri-i, 𒂍𒀭𒀝𒃻𒄩𒊑𒄿, É-<sup>d</sup>PA-šá-ḫa-re-e, É-<sup>d</sup>MUATI-šá-ḫa-re-e, 𒂍𒀭𒉺𒃻𒄩𒊑𒂊, É-<sup>d</sup>na-bi-um-ša-ḫa-re-e, 𒂍𒀭𒈾𒁉𒌝𒊭𒄩𒊑𒂊, é-gidru-kalam-ma-sum-mu, é-g̃idru-kalam-ma-sum-mu, É.PA.KALAM.MA.SUM.MU, 𒂍𒉺𒌦𒈠𒋧𒈬, é-GIŠ.gidru-kalam-ma-si-sá, é-g̃iš-g̃idru-kalam-ma-si-sá, 𒂍𒄑𒉺𒌦𒈠𒋛𒁲, É GIŠ.GIDRU i-šar-tu a-na KUR i-nam-di-nu, É-GIŠ.PA i-šar-tu a-na KUR i-nam-di-nu, 𒂍𒄑𒉺𒄿𒊬𒌅𒀀𒈾𒆳𒄿𒉆𒁲𒉡, É GIŠ.GIDRU i-šar-tú a-na KUR SUM-nu, 𒂍𒄑𒉺𒄿𒊬𒌓𒀀𒈾𒆳𒋧𒉡, É GIŠ.GIDRU i-šar-tum ana KUR SUM-nu, 𒂍𒄑𒉺𒄿𒊬𒌈𒁹𒆳𒋧𒉡",temple,"Assyria, Aššur, Iraq",–,"George (1993): <i>House Most High</i>: 94 (no. 397; é.g̃idru.kalam.ma.sum.mu), <a href='https://oracc.museum.upenn.edu/saao/saa20/Q004802' target='_blank'>SAA 20 049: 158</a>, <a href='https://oracc.museum.upenn.edu/btto/corpus' target='_blank'>BTTo: Götteradressbuch of Ashur</a>, <a href='https://pleiades.stoa.org/places/408700256' target='_blank'>Pleiades: Temple of Nabû of the ḫarû at Assur</a>, <a href='http://oracc.museum.upenn.edu/atae/cbd/qpn-x-temple/onebigfile.html' target='_blank'>ATAE Glossary: Temples (Bit-Nabu [Temple of Nabu])</a>, <a href='http://oracc.museum.upenn.edu/saao/cbd/qpn-x-temple/onebigfile.html' target='_blank'>SAAo Glossary: Temples (Bit-Nabu [Temple of Nabu])</a>, <a href='http://oracc.museum.upenn.edu/atae/cbd/qpn-x-temple/onebigfile.html' target='_blank'>ATAE Glossary: Temples (Bit-Nabu-ša-hare [1])</a>, <a href='http://oracc.museum.upenn.edu/saao/cbd/qpn-x-temple/onebigfile.html' target='_blank'>SAAo Glossary: Temples (Bit-Nabu-ša-hare [1])</a>, <a href='http://oracc.museum.upenn.edu/saao/cbd/qpn-x-temple/onebigfile.html' target='_blank'>SAAo Glossary: Temples (Egedrikalammasummu [1])</a>, <a href='http://oracc.museum.upenn.edu/atae/cbd/qpn-x-temple/onebigfile.html' target='_blank'>ATAE Glossary: Temples (Egedrikalammasummu [1])</a>"
