order,name,altName,cer,lat,lon,writ,type,countr,ha,bibl
1074,Abaindi,Abaindi,–,–,–,"URU.a-ba-in-di, 𒌷𒀀𒁀𒅔𒁲",fortified city,"Aiadi, Iran",–,"Bagg RGTC 7 3/1: 1–2, Parpola Toponyms: 1, <a href='http://oracc.museum.upenn.edu/rinap/cbd/qpn-x-places/onebigfile.html' target='_blank'>RINAP Glossary: Places (Abaindi)</a>"
2,Abani,Abani,–,–,–,"ÍD.a-ba-ni, 𒀀𒇉𒀀𒁀𒉌",river,"Elam, Rāši, Iran",–,"Parpola Toponyms: 1, <a href='https://www.ucl.ac.uk/sargon/peoplegodsplaces' target='_blank'>Assyrian empire builders: Abani</a>, <a href='http://oracc.museum.upenn.edu/atae/cbd/qpn-x-waters/onebigfile.html' target='_blank'>ATAE Glossary: Watercourses (Abani [1])</a>, <a href='http://oracc.museum.upenn.edu/saao/cbd/qpn-x-waters/onebigfile.html' target='_blank'>SAAo Glossary: Watercourses (Abani [1])</a>"
3,Abarnani,"Abarnani, Abarnānu, Sultan Tepe (?)",–,–,–,"URU.a-bar-na-ni, 𒌷𒀀𒁇𒈾𒉌",fortified city,"Quwê, Turkey",–,"Bagg RGTC 7 1: 1, Parpola Toponyms: 1, <a href='https://pleiades.stoa.org/places/726944832' target='_blank'>Pleiades: Abarnani</a>, <a href='http://oracc.museum.upenn.edu/riao/cbd/qpn-x-places/onebigfile.html' target='_blank'>RIAo Glossary: Places (Abarnanu)</a>"
6,Abattê,"Abattê, Abatte",–,–,–,"URU.a-bat-te-e, 𒌷𒀀𒁁𒋼𒂊",town,"Central Assyria (?), Iraq (?)",–,"Bagg RGTC 7 2/1: 2–3, Parpola Toponyms: 1 (Abat-...), <a href='http://oracc.museum.upenn.edu/saao/cbd/qpn-x-places/onebigfile.html' target='_blank'>SAAo Glossary: Places (Abatte)</a>"
7,Abbissa,"Abbissa, Abbissâ, Apheisôn, Apheison, Pheisôn, Pheison, Fis",3,38.365263,40.547443,"URU.ab-bi-is-sa, 𒌷𒀊𒁉𒄑𒊓, URU.ab-bi-sa-a, 𒌷𒀊𒁉𒊓𒀀",town,"Naʾiri, Turkey",3 D2,"Bagg RGTC 7 2/1: 3, Helsinki Atlas: 5 (map 3 D2), Parpola Toponyms: 2, <a href='https://pleiades.stoa.org/places/874646' target='_blank'>Pleiades: Pheison</a>, <a href='https://www.geonames.org/314907/fis.html' target='_blank'>Geonames: Fis</a>, <a href='http://oracc.museum.upenn.edu/rinap/cbd/qpn-x-places/onebigfile.html' target='_blank'>RINAP Glossary: Places (Abbissa [1])</a>, <a href='http://oracc.museum.upenn.edu/riao/cbd/qpn-x-places/onebigfile.html' target='_blank'>RIAo Glossary: Places (Abbissa [1])</a>"
1075,Abdana,Abdana,–,–,–,"URU.ab-da-na-a-a, 𒌷𒀊𒁕𒈾𒀀𒀀",country,"Naʾiri, Iran",–,Bagg RGTC 7 3/1: 2 (*Abdana)
8,Abdudu,Abdudu,–,–,–,"URU.ab-du-di, 𒌷𒀊𒁺𒁲, URU.ab-du-da-a-a, 𒌷𒀊𒁺𒁕𒀀𒀀",city,"Assyria, Laḫīru",–,"Bagg RGTC 7 2/1: 3, <a href='https://www.ucl.ac.uk/sargon/peoplegodsplaces' target='_blank'>Assyrian empire builders: Abdudu</a>"
1076,Abdīnu,"Abdīnu, Abdinu, Apdīnu, Apdinu",–,–,–,"URU.ap-di-nu, 𒌷𒀊𒁲𒉡",fortress,"Rāši, Iran",–,Bagg RGTC 7 3/1: 2
9,Abil-šiṭṭi,"Abil-šiṭṭi, Abilakka, Abil..., Abel ha-Šiṭṭim, ʾĀbēl haššiṭṭîm, Abel-Shittim, Abel Shittim, Abel-shittim, אבל השטים, Tall al-Ḥammām, Tall al Ḩammām, Tell el-Hammam, تل الحمام, Tell Abū Oaraf, Tell Abu Qaraf, Tell al-Kafrain (?), Tall al-Kafrain (?), Tall al-Kafrayn (?), Tall al-Kafrein (?), تل الكفرين, Khirbet el-Kafrein (?)",2,31.83955565814931,35.67318932260009,"URU.a-bi-il-šiṭ-ṭi, 𒌷𒀀𒁉𒅋𒋃𒁲, URU.a-bi-il-x-x, 𒌷𒀀𒁉𒅋-x-x, אבל השטים",city,"Māʾab, Bīt-Ḫazaʾil, Jordan",7 D5,"Bagg RGTC 7 1: 1 (Abil...), Parpola Toponyms: 2 (Abilakka), Helsinki Atlas: 5 (map 7 D5), <a href='https://zenodo.org/record/6384045' target='_blank'>Pedersén ANE: (Tell el-Hammam)</a>, <a href=https://www.geonames.org/249273/tall-al-hammam.html>Geonames: Tall al Ḩammām</a>, <a href=https://www.geonames.org/248731/tall-al-kafrayn.html>Geonames: Tall al Kafrayn</a>, <a href=https://www.geonames.org/250627/al-kafrayn.html>Geonames: Al Kafrayn</a>, <a href='https://pleiades.stoa.org/places/697622' target='_blank'>Pleiades: Abila</a>, <a href='http://oracc.museum.upenn.edu/riao/cbd/qpn-x-places/onebigfile.html' target='_blank'>RIAo Glossary: Places (Abil-šiṭṭi [1])</a>, <a href='http://oracc.museum.upenn.edu/rinap/cbd/qpn-x-places/onebigfile.html' target='_blank'>RINAP Glossary: Places (Abil-šiṭṭi [1])</a>"
10,Abilāte,"Abilāte, Abilate",–,–,–,"URU.a-bi-la-te, 𒌷𒀀𒁉𒆷𒋼",town,"Izalla, Turkey (?), Syria (?)",–,"Bagg RGTC 7 2/1: 4, Parpola Toponyms: 2, <a href='http://oracc.museum.upenn.edu/saao/cbd/qpn-x-places/onebigfile.html' target='_blank'>SAAo Glossary: Places (Abilate [1])</a>, <a href='http://oracc.museum.upenn.edu/atae/cbd/qpn-x-places/onebigfile.html' target='_blank'>ATAE Glossary: Places (Abilate [1])</a>"
1077,Abirus,Abirus,–,–,–,"KUR.a-bi-ru-us, 𒆳𒀀𒁉𒊒𒊻",mountains,"Bīt-Kapsi, Iran",–,Bagg RGTC 7 3/1: 2–3
1078,Abitikna,Abitikna,–,–,–,"URU.a-bi-ti-ik-na, 𒌷𒀀𒁉𒋾𒅅𒈾, LÚ.URU.a-bi-ti-ik-na-a-a, 𒇽𒌷𒀀𒁉𒋾𒅅𒈾𒀀𒀀",city,"Mannāja, Iran",–,Bagg RGTC 7 3/1: 3
1079,Abnana,Abnana,–,–,–,"URU.ab-na-na, 𒌷𒀊𒈾𒈾",city,(?),–,Bagg RGTC 7 3/1: 3
1080,Abrau,Abrau,–,–,–,"KUR.ab-ra-ú(-x), 𒆳𒀊𒊏𒌑(-x)","land (?), mountain (?)","Mādāja, Ḫarḫār (?), Iran",–,Bagg RGTC 7 3/2: 3–4
1081,Absaḫutti,Absaḫutti,–,–,–,"KUR.ab-sa-ḫu-at-ti, 𒆳𒀊𒊓𒄷𒀜𒋾","land (?), mountain (?)","Mādāja, Iran",–,Bagg RGTC 7 3/1: 4
1082,Abuqu,Abuqu,–,–,–,"URU.a-bu-qu, 𒌷𒀀𒁍𒄣",town,"Nimme, Iraq",–,"Bagg RGTC 7 3/1: 4, Parpola Toponyms: 3, <a href='http://oracc.museum.upenn.edu/riao/cbd/qpn-x-places/onebigfile.html' target='_blank'>RIAo Glossary: Places (Abuqu)</a>"
1,Abāja,"Abāja, Abaya, Abâ, Aba",–,–,–,"URU.a-ba-a, 𒌷𒀀𒁀𒀀, URU.a-ba-a.a, 𒌷𒀀𒁀𒀀𒀀",town,"Tušḫan province, Turkey, Kurdistan",–,"Bagg RGTC 7 3/2: 955 (Abāja; Add. to RGTC 7/2), <a href='https://www.ucl.ac.uk/sargon/peoplegodsplaces' target='_blank'>Assyrian empire builders: Aba</a>, <a href='http://oracc.museum.upenn.edu/atae/cbd/qpn-x-places/onebigfile.html' target='_blank'>ATAE Glossary: Places (Abaya)</a>, <a href='http://oracc.museum.upenn.edu/saao/cbd/qpn-x-places/onebigfile.html' target='_blank'>SAAo Glossary: Places (Abaya)</a>"
4,Abāt-Aššur-lā-tēni,"Abāt-Aššur-lā-tēni, Abat-Aššur-lā-tenni",–,–,–,"URU.a-bat-aš-šur-la-te-ni, 𒌷𒀀𒁁𒀸𒋩𒆷𒋼𒉌",city,Šubria,–,"Bagg RGTC 7 2/1: 2, <a href='http://oracc.museum.upenn.edu/riao/cbd/qpn-x-places/onebigfile.html' target='_blank'>RIAo Glossary: Places (Abat-Aššur-la-tenni)</a>, <a href='http://oracc.museum.upenn.edu/rinap/cbd/qpn-x-places/onebigfile.html' target='_blank'>RINAP Glossary: Places (Abat-Aššur-la-tenni)</a>"
5,Abāt-šarri-lā-tēni,"Abāt-šarri-lā-tēni, Abat-šarri-lā-tenni, Abat-šarri-la-tenni",–,–,–,"URU.a-bat-MAN-la-te-ni, 𒌷𒀀𒁁𒌋𒌋𒆷𒋼𒉌",city,Šubria,–,"Bagg RGTC 7 2/1: 2, <a href='http://oracc.museum.upenn.edu/riao/cbd/qpn-x-places/onebigfile.html' target='_blank'>RIAo Glossary: Places (Abat-šarri-la-tenni)</a>, <a href='http://oracc.museum.upenn.edu/rinap/cbd/qpn-x-places/onebigfile.html' target='_blank'>RINAP Glossary: Places (Abat-šarri-la-tenni)</a>"
1083,Abūrê,"Abūrê, Aburê",–,–,–,"URU.a-bu-re-e, 𒌷𒀀𒁍𒊑𒂊",city,"Puqūdu, Gambūlu, Babylonia, Iraq",–,Bagg RGTC 7 3/1: 4–5
12,Adab,"Adab, Bismāyā, Bismaya, بسمايا, Bismāyah, Bismayah, بسماية, بسمايه",1,31.95070965093329,45.62386036197451,"UD.NUN.KI, ADAB.KI, 𒌓𒉣𒆠, a-da-ab, 𒀀𒁕𒀊",city,"Babylonia, Iraq",–,"<a href='https://zenodo.org/record/6384045' target='_blank'>Pedersén ANE: Adab (Bismaya)</a>, <a href='https://zenodo.org/record/5217600' target='_blank'>CIGS: Adab/Bismāyā</a>, <a href='https://pleiades.stoa.org/places/787747618' target='_blank'>Pleiades: Adab</a>, <a href='https://www.geonames.org/6755794/bismayah.html' target='_blank'>Geonames: Bismāyah</a>"
1057,Adamdun,"Adamdun, Sostrate, Sōstrate, Tostar, Tustar, Šōstar, Šūštar, Shūstar, Shūshtar, Shushtar, شوشتر, Teppe Surkhehgan (?)",4,32.045,48.859444,–,city,"Elam, Iran",–,"<a href='https://pleiades.stoa.org/places/912941' target='_blank'>Pleiades: Sostrate/Shushtar</a>, <a href='https://www.geonames.org/114584/shushtar.html' target='_blank'>Geonames: Shūshtar</a>, <a href='https://zenodo.org/record/6384045' target='_blank'>Pedersén ANE: Adamdun? (Teppe Surkhehgan)</a>"
1309,Adariḫiti,"Adariḫiti, Adarihiti",–,–,–,"URU.a-da-ri-ḫi-ti, 𒌷𒀀𒁕𒊑𒄭𒋾",town,"Babylonia, Puqūdu, Gambūlu, Zāmê, Iraq",–,"Parpola Toponyms: 3, Zadok RGTC 8: 2, SAA 21 110: 8, <a href='https://publikationen.badw.de/de/rla/index' target='_blank'>Ebeling RlA 1: 3</a>, <a href='http://oracc.museum.upenn.edu/saao/cbd/qpn-x-places/onebigfile.html' target='_blank'>SAAo Glossary: Places (Adarihiti [1])</a>, <a href='http://oracc.museum.upenn.edu/atae/cbd/qpn-x-places/onebigfile.html' target='_blank'>ATAE Glossary: Places (Adarihiti [1])</a>"
13,Addauš,"Addauš, Adauš, Ḥabb as-Sulṭān Dāġ, Jabal Haybat Sulţān, Hab-es-Sultān Dāgh, جبل هيبت سلطان",–,36.09709,44.67702,"URU.ad-da-uš, 𒌷𒀜𒁕𒍑, KUR.a-da-uš, 𒆳𒀀𒁕𒍑",territory,"Ḫabrūri (?), Iraq",–,"Bagg RGTC 7 3/1: 5, <a href='http://oracc.museum.upenn.edu/riao/cbd/qpn-x-places/onebigfile.html' target='_blank'>RIAo Glossary: Places (Adauš)</a>, <a href='http://oracc.museum.upenn.edu/riao/cbd/qpn-x-places/onebigfile.html' target='_blank'>RIAo Glossary: Places (Addauš)</a>"
1084,Adduri,"Adduri, Adduru",–,–,–,"KUR.ad-du-ri, 𒆳𒀜𒁺𒊑",mountains,"Urarṭu, Turkey",–,Bagg RGTC 7 3/1: 5
15,Adia,"Adia, Adiu, Adum, Mosul, Ḫirbat Qara Qounly (?), Khirbet Qara Quwiynili (?), Šēḫ ʿĀdī (?), Shaykh Adī (?)",4,36.22559,43.22649,"URU.a-di-a, 𒌷𒀀𒁲𒀀",town,"Assyria, Iraq",4 C5,"Helsinki Atlas: 5 (map 4 C5), Bagg RGTC 7 2/1: 6–7, <a href='https://books.openedition.org/cdf/4715#tocfrom2n18' target='_blank'>MTT I/1: Adum</a>, <a href='http://oracc.museum.upenn.edu/atae/cbd/qpn-x-places/onebigfile.html' target='_blank'>ATAE Glossary: Places (Adia)</a>, <a href='http://oracc.museum.upenn.edu/saao/cbd/qpn-x-places/onebigfile.html' target='_blank'>SAAo Glossary: Places (Adia)</a>, <a href='http://oracc.museum.upenn.edu/riao/cbd/qpn-x-places/onebigfile.html' target='_blank'>RIAo Glossary: Places (Adia)</a>, <a href='http://oracc.museum.upenn.edu/saao/knpp/peoplegodsplaces/index.html' target='_blank'>Knowledge and Power: Adian/Adia</a>, <a href='https://www.ucl.ac.uk/sargon/peoplegodsplaces' target='_blank'>Assyrian empire builders: Adian/Adia</a>"
16,Adian,"Adian, Adin, Dohuk (?), Daḫūk (?), Dihok (?), دهۆك, دهوك, Eski Kalak, Askī Kalak, ئاسكى كلك, ئاسكى كەلەك, Nāḩiyat Kalak, ناحية كلك, Khabat",4,36.86709,42.98845,"URU.EN-an, 𒌷𒂗𒀭, URU.a-di-an, 𒌷𒀀𒁲𒀭, URU.a-di-in, 𒌷𒀀𒁲𒅔",town,"Assyria, Iraq",4 C5,"Helsinki Atlas: 5 (map 4 C5), Bagg RGTC 7 2/1: 7–8, <a href='https://www.geonames.org/442267/nahiyat-kalak.html' target='_blank'>Geonames: Nāḩiyat Kalak (Askī Kalak)</a>, <a href='https://www.geonames.org/96994/dihok.html' target='_blank'>Geonames: Dihok</a>, <a href='http://oracc.museum.upenn.edu/saao/knpp/peoplegodsplaces/index.html' target='_blank'>Knowledge and Power: Adian</a>, <a href='https://www.ucl.ac.uk/sargon/peoplegodsplaces' target='_blank'>Assyrian empire builders: Adian</a>, <a href='http://oracc.museum.upenn.edu/saao/knpp/peoplegodsplaces/index.html' target='_blank'>Knowledge and Power: Adia</a>, <a href='https://www.ucl.ac.uk/sargon/peoplegodsplaces' target='_blank'>Assyrian empire builders: Adia</a>, <a href='http://oracc.museum.upenn.edu/atae/cbd/qpn-x-places/onebigfile.html' target='_blank'>ATAE Glossary: Places (Adian)</a>, <a href='http://oracc.museum.upenn.edu/saao/cbd/qpn-x-places/onebigfile.html' target='_blank'>SAAo Glossary: Places (Adian)</a>"
1085,Adilê,Adilê,–,–,–,"LÚ.a-di-le-e, 𒇽𒀀𒁲𒇷𒂊",tribe,"Babylonia, Iraq",–,Bagg RGTC 7 3/1: 6
17,Adinni,Adinni,–,–,–,"URU.a-di-ni, 𒌷𒀀𒁲𒉌, URU.a-di-in-ni, 𒌷𒀀𒁲𒅔𒉌",city,"Babylonia, Iraq",–,"Bagg RGTC 7 3/1: 6, <a href='https://www.ucl.ac.uk/sargon/peoplegodsplaces' target='_blank'>Assyrian empire builders: Adinni</a>"
18,Admannu,"Natmane, Admannu, Atmannu, Tell 'Ali, Tell ʾAli, Tall ʿAlī, Tall 'Ali, تل علي",3,35.38188935822732,43.68246612471816,–,town,Iraq,–,"Anastasio et al. 2004: 45 (Tall ʿAlī), <a href='https://zenodo.org/record/6384045' target='_blank'>Pedersén ANE: Admannu / Natmane (Tell 'Ali)</a>, <a href='https://zenodo.org/record/5217600' target='_blank'>CIGS: Admannu</a>, <a href='https://pleiades.stoa.org/places/532748466' target='_blank'>Pleiades: Tell 'Ali</a>, <a href='https://www.geonames.org/6770327/tall-ali.html' target='_blank'>Geonames: Tall ‘Alī</a>"
1086,Aduma,Aduma,–,–,–,"URU.a-du-ma, 𒌷𒀀𒁺𒈠",town,–,–,"Bagg RGTC 7 3/1: 6, Parpola Toponyms: 4 (Adummatu), Bagg RGTC 7 3/1: 236, Johns 1901: <i>Assyrian Deeds and Documents...</i> Volume II. Pl. 156"
20,Adummatu,"Adummatu, Adumatu, Adumutu, Dumetu, Dumeti, Duma, Dumatha, Doumiatha, Dūmat al-Ğandal, Dumat el-Jandal, al-Ǧauf, al-Jawf, الجوف, دومة الجندل, דוּמָה",1,29.81144,39.86716,"URU.a-du-ma-tu, 𒌷𒀀𒁺𒈠𒌅, URU.a-du-mu-tu, 𒌷𒀀𒁺𒈬𒌅, URU.a-du-um-ma-te, 𒌷𒀀𒁺𒌝𒈠𒋼, URU.a-du-um-ma-tu, 𒌷𒀀𒁺𒌝𒈠𒌅, URU.du-ma, 𒌷𒁺𒈠, URU.du-me-ti, 𒌷𒁺𒈨𒋾","town, city, fortress","Arabs, Arabian Peninsula, Saudi Arabia",15 D4,"Bagg RGTC 7 2/1: 8–9, Helsinki Atlas: 5 (map 15 D4), <a href='https://zenodo.org/record/6384045' target='_blank'>Pedersén ANE: Adumatu? (Dumat el-Jandal)</a>, <a href='https://pleiades.stoa.org/places/29548' target='_blank'>Pleiades: Dumatha</a>, <a href='http://oracc.museum.upenn.edu/riao/cbd/qpn-x-places/onebigfile.html' target='_blank'>RIAo Glossary: Places (Adummatu)</a>, <a href='http://oracc.museum.upenn.edu/rinap/cbd/qpn-x-places/onebigfile.html' target='_blank'>RINAP Glossary: Places (Adummatu)</a>"
19,Adumānu,"Adumānu, Adumanu",–,–,–,"URU.a-du-ma-nu, 𒌷𒀀𒁺𒈠𒉡",town,"Babylonia, Ḫalēḫasta, Iran (?)",–,"Bagg RGTC 7 2/1: 8, <a href='http://oracc.museum.upenn.edu/riao/cbd/qpn-x-places/onebigfile.html' target='_blank'>RIAo Glossary: Places (Adumanu)</a>, <a href='http://oracc.museum.upenn.edu/rinap/cbd/qpn-x-places/onebigfile.html' target='_blank'>RINAP Glossary: Places (Adumanu)</a>"
11,Adâ,"Adâ, Ada, Tall ʿAdā (?), Theleda (?), ʿAin at-Tall (?), Tall Hatab (?)",–,35.81818,36.33017,"URU.a-da-a, 𒌷𒀀𒁕𒀀",city,"Ḫamāt, Syria",–,"Bagg RGTC 7 1: 2, <a href='http://oracc.museum.upenn.edu/riao/cbd/qpn-x-places/onebigfile.html' target='_blank'>RIAo Glossary: Places (Ada)</a>"
14,Adî,Adî,–,–,–,"URU.a-di-i, 𒌷𒀀𒁲𒄿",town,"Central Assyria (?), Iraq",–,"Bagg RGTC 7 2/1: 6, <a href='http://oracc.museum.upenn.edu/atae/cbd/qpn-x-places/onebigfile.html' target='_blank'>ATAE Glossary: Places (Adi)</a>, <a href='http://oracc.museum.upenn.edu/atae/cbd/qpn-x-places/onebigfile.html' target='_blank'>ATAE Glossary: Places (Adia)</a>"
1087,Agazi,Agazi,–,–,–,"KUR.a-ga-zi, 𒆳𒀀𒂵𒍣",territory,"Mādāja, Iran",–,Bagg RGTC 7 3/1: 7
25,Aiadi,"Aiadi, Ajadi, Aiādi, Ayādi, Ayadi, Ayaid, Aiaid, Ajaidi, Orūmīye Plain, Plain of Urmīya",3,–,–,"KUR.a-ia-di, 𒆳𒀀𒅀𒁲, KUR.a-ia-id, 𒆳𒀀𒅀𒀉","territory, district","Urarṭu, Iran, West Azerbaijan",4 D4,"Bagg RGTC 7 3/1: 10, Helsinki Atlas: 5 (Ajaidi; map 4 D4), Parpola Toponyms: 6 (Aiaid), Parpola Toponyms: 7 (Ajadi), <a href='https://www.geonames.org/121801/orumiyeh.html' target='_blank'>Geonames: Orūmīyeh</a>, <a href='http://oracc.museum.upenn.edu/riao/cbd/qpn-x-places/onebigfile.html' target='_blank'>RIAo Glossary: Places (Ayadi [1])</a>, <a href='http://oracc.museum.upenn.edu/rinap/cbd/qpn-x-places/onebigfile.html' target='_blank'>RINAP Glossary: Places (Ayadi [1])</a>"
1091,Aiaṣun,"Aiaṣun, Ajaṣun",–,–,–,"URU.a-ia-ṣu-un, 𒌷𒀀𒅀𒍮𒌦",fortified city,"Urarṭu, Aiadi, Iran",–,"Bagg RGTC 7 3/1: 10–11, <a href='https://www.geonames.org/121801/orumiyeh.html' target='_blank'>Geonames: Orūmīyeh</a>"
23,Aila,"Aila, Aelana, Elath, Ẹlat, Eilat, אילת, אֵילַת, Berenike, Ēla, Īla, آيلة, Aqabat Aylah, Aqaba, עקבה, عقبه, 'Aqaba, al-ʿAqaba, العقبة",–,29.53069690938105,34.99985375390145,"אֵילַת, אילת",city,"Udūmu, Iaʾūdu, Jordan",–,"1 Kings 9:26, 2 Chronicles 8:17, <a href='https://zenodo.org/record/6384045' target='_blank'>Pedersén ANE: Aila ('Aqaba)</a>, <a href='https://pleiades.stoa.org/places/746700' target='_blank'>Pleiades: Aelana/Aila</a>, <a href='https://www.geonames.org/11191543/mawqi-ila-al-athari.html' target='_blank'>Geonames: Mawqi‘ Īlā al Atharī</a>, <a href='https://www.geonames.org/250774/aqaba.html' target='_blank'>Geonames: Aqaba</a>"
24,Aira,Aira,–,–,–,"URU.a-i-ra, 𒌷𒀀𒄿𒊏",town,Turkey,–,"Bagg RGTC 7 2/1: 12, <a href='https://www.ucl.ac.uk/sargon/peoplegodsplaces' target='_blank'>Assyrian empire builders: Aira</a>, <a href='http://oracc.museum.upenn.edu/atae/cbd/qpn-x-places/onebigfile.html' target='_blank'>ATAE Glossary: Places (Aira)</a>, <a href='http://oracc.museum.upenn.edu/saao/cbd/qpn-x-places/onebigfile.html' target='_blank'>SAAo Glossary: Places (Aira)</a>"
1092,Aja-Sammu,"Aja-Sammu, Aia-Sammu, Aya-Sammu, Aiasamu, Ajasamu",–,–,–,"URU.a-a-sa-mu, 𒌷𒀀𒀀𒊓𒈬",fortified city,"Gambūlu, Babylonia, Iraq",–,Bagg RGTC 7 3/1: 11–12
1093,Ajalaja,"Ajalaja, Ayyalaya, Ayalaya",–,–,–,"KUR.a-a-la-a-a, 𒆳𒀀𒀀𒆷𒀀𒀀, KUR.a-a-la-ia, 𒆳𒀀𒀀𒆷𒅀",country,"Ṣibar (?), Iran",–,Bagg RGTC 7 3/1: 11
1094,Ajalê,"Ajalê, Aialê, Ayalê, Ayale, Ajjalê, Alê",–,–,–,"URU.a-a-le-e, 𒌷𒀀𒀀𒇷𒂊","city, fortified city","Urarṭu, Armarijalî, Iran, West Azerbaijan",–,"Bagg RGTC 7 3/1: 11, Parpola Toponyms: 7, <a href='http://oracc.museum.upenn.edu/riao/cbd/qpn-x-places/onebigfile.html' target='_blank'>RIAo Glossary: Places (Ayale [1])</a>, <a href='http://oracc.museum.upenn.edu/rinap/cbd/qpn-x-places/onebigfile.html' target='_blank'>RINAP Glossary: Places (Ayale [1])</a>"
1095,Ajubak,"Ajubak, Ayubak",–,–,–,"URU.a-a-ú-ba-ak, 𒌷𒀀𒀀𒌑𒁀𒀝",city,"Namri (?), Iran",–,Bagg RGTC 7 3/1: 12
1125,Akhetaton,"Akhetaton, Akhetaten, Tell el-Amarna, el-Amarna, Amarna, El-'Amarna, العمارنة",–,27.65033375722349,30.90067512792203,–,city,Egypt,–,<a href='https://zenodo.org/record/6384045' target='_blank'>Pedersén ANE: Akhetaten (El-'Amarna)</a>
27,Akkad,"Akkad, Agade, Tell Muhammad (?), Tell Muhammed (?), Tall Muḥammad (?), تل محمد, al-Qādisīya (?), Išān Mizyad (??)",4,33.3009,44.4682,"a-kà-dè.KI, 𒀀𒂵𒉈𒆠, A.GA.DÈ.KI, 𒀀𒂵𒉈𒆠, ak-ka-de-e, 𒀝𒅗𒁲𒂊, ak-ka-di-i, 𒀝𒅗𒁲𒄿, a-kà-dì-i, 𒀀𒂵𒋾𒄿, a-ka-di, 𒀀𒅗𒁲, a-kad.KI, 𒀀𒃰𒆠, URU.ak-ka-di, 𒌷𒀝𒅗𒁲, URU.ak-kad, 𒌷𒀝𒃰, URU.ak-kad-u-a, 𒌷𒀝𒃰𒌋𒀀, URU.URI, 𒌷𒌵, URI, 𒌵, URI.KI, 𒌵𒆠, URI.KI-i, 𒌵𒆠𒄿, URI.KI-bi, 𒌵𒆠𒁉, URI.KI-ke₄, 𒌵𒆠𒆤, KUR.ak-ka-di-i, 𒆳𒀝𒅗𒁲𒄿, KUR-ak-ka-de-e, 𒆳𒀝𒅗𒁲𒂊, KUR.URI, 𒆳𒌵, KUR.URI-MEŠ, 𒆳𒌵𒈨𒌍, KUR.URI.KI, 𒆳𒌵𒆠, LÚ.URI.KI-MEŠ, 𒇽𒌵𒆠𒈨𒌍, LÚ.ak-ka-du-ú, 𒇽𒀝𒅗𒁺𒌑, LÚ.ak-kad-u-a, 𒇽𒀝𒃰𒌋𒀀, LÚ.URU.ak-kad-u-a, 𒇽𒌷𒀝𒃰𒌋𒀀",city,"Babylonia, Akkad, Iraq",10 D3,"Helsinki Atlas: 5 (map 10 D3), Bagg RGTC 7 3/1: 13–14, <a href='https://zenodo.org/record/6384045' target='_blank'>Pedersén ANE: (Tell Muhammed)</a>, <a href='https://zenodo.org/record/5217600' target='_blank'>CIGS: Tall Muḥamad</a>, <a href='https://pleiades.stoa.org/places/360094475' target='_blank'>Pleiades: Akkad Survey Area</a>, <a href='https://pleiades.stoa.org/places/63806066' target='_blank'>Geonames: Agade</a>, <a href='http://oracc.museum.upenn.edu/saao/knpp/peoplegodsplaces/index.html' target='_blank'>Knowledge and Power: Akkad</a>, <a href='https://www.ucl.ac.uk/sargon/peoplegodsplaces' target='_blank'>Assyrian empire builders: Akkad</a>, <a href='http://oracc.museum.upenn.edu/riao/cbd/qpn-x-places/onebigfile.html' target='_blank'>RIAo Glossary: Places (Agade)</a>, <a href='http://oracc.museum.upenn.edu/rinap/cbd/qpn-x-places/onebigfile.html' target='_blank'>RINAP Glossary: Places (Agade)</a>, <a href='http://oracc.museum.upenn.edu/atae/cbd/qpn-x-places/onebigfile.html' target='_blank'>ATAE Glossary: Places (Akkad)</a>, <a href='http://oracc.museum.upenn.edu/riao/cbd/qpn-x-places/onebigfile.html' target='_blank'>RIAo Glossary: Places (Akkad)</a>, <a href='http://oracc.museum.upenn.edu/rinap/cbd/qpn-x-places/onebigfile.html' target='_blank'>RINAP Glossary: Places (Akkad)</a>, <a href='http://oracc.museum.upenn.edu/saao/cbd/qpn-x-places/onebigfile.html' target='_blank'>SAAo Glossary: Places (Akkad)</a>, <a href='http://oracc.museum.upenn.edu/riao/cbd/qpn-x-places/onebigfile.html' target='_blank'>RIAo Glossary: Places (Akkad)</a>, <a href='http://oracc.museum.upenn.edu/atae/cbd/qpn-x-places/onebigfile.html' target='_blank'>ATAE Glossary: Places (Akkadu)</a>, <a href='http://oracc.museum.upenn.edu/saao/cbd/qpn-x-places/onebigfile.html' target='_blank'>SAAo Glossary: Places (Akkadu)</a>, <a href='http://oracc.museum.upenn.edu/riao/cbd/qpn-x-ethnic/onebigfile.html' target='_blank'>RIAo Glossary: Ethnic (Akkadu [AKKADIAN])</a>, <a href='http://oracc.museum.upenn.edu/saao/cbd/qpn-x-ethnic/onebigfile.html' target='_blank'>SAAo Glossary: Ethnic (Akkadu [AKKADIAN])</a>, <a href='http://oracc.museum.upenn.edu/saao/cbd/qpn-x-ethnic/onebigfile.html' target='_blank'>SAAo Glossary: Ethnic (Akkaduʾa [INHABITANT OF AKKAD])</a>"
29,Akkuddu,"Akkuddu, Īlām (?), اِلام, ایلام, Surkh Dum Lurī (?), سرخ دم لـري, Surḫ Dum (?), Surḫ Dom (?), Dom Sorkh Lakī (?), دُم سُرخ لَكی, Sorkh Dom Lakī (?), سرخ دم لکي",4,33.5065,47.7079,"URU.ak-ku-du, 𒌷𒀝𒆪𒁺, URU.ak-ku-ud-du, 𒌷𒀝𒆪𒌓𒁺, URU.ak-ku-du-ma, 𒌷𒀝𒆪𒁺𒈠","capital, city","Ellipi, Iran",11 C3,"Helsinki Atlas: 5 (map 11 C3), Bagg RGTC 7 3/1: 14–15, <a href='https://www.ucl.ac.uk/sargon/peoplegodsplaces' target='_blank'>Assyrian empire builders: Akkuddu</a>, <a href='http://oracc.museum.upenn.edu/atae/cbd/qpn-x-places/onebigfile.html' target='_blank'>ATAE Glossary: Places (Akkuddu)</a>, <a href='http://oracc.museum.upenn.edu/saao/cbd/qpn-x-places/onebigfile.html' target='_blank'>SAAo Glossary: Places (Akkuddu)</a>, <a href='http://oracc.museum.upenn.edu/riao/cbd/qpn-x-places/onebigfile.html' target='_blank'>RIAo Glossary: Places (Akkuddu)</a>, <a href='http://oracc.museum.upenn.edu/rinap/cbd/qpn-x-places/onebigfile.html' target='_blank'>RINAP Glossary: Places (Akkuddu)</a>"
28,Akkû,"Akkû, 'Akkô, ʿAkko, Acco, Accon, Accra, Ptolemais, Antiocheia Ptolemais, Πτολεμαΐς, Tall al-Fuḫḫār, Tell el-Fukhkhar, עַכּוֹ‎, ʿAkkā, عكّا‎",1,32.92138687028189,35.0877576194446,"URU.ak-ku-u, 𒌷𒀝𒆪𒌋, URU.ak-ku-ú, 𒌷𒀝𒆪𒌑, URU.a-ku-u, 𒌷𒀀𒆪𒌋","city, fortresses, seaport","Ḫatti, Ṣīdūnu, Mediterranean coast, Phoenicia, Israel",8 A4,"Helsinki Atlas: 5 (map 8 A4), Bagg RGTC 7 1: 3–4, <a href='https://pleiades.stoa.org/places/678010' target='_blank'>Pleiades: Ake/Ptolemais</a>, <a href='https://zenodo.org/record/6384045' target='_blank'>Pedersén ANE: Akkû / 'Akkô (Tell el-Fukhkhar)</a>, <a href='http://oracc.museum.upenn.edu/riao/cbd/qpn-x-places/onebigfile.html' target='_blank'>RIAo Glossary: Places (Akku [ACCO])</a>, <a href='http://oracc.museum.upenn.edu/rinap/cbd/qpn-x-places/onebigfile.html' target='_blank'>RINAP Glossary: Places (Akku [ACCO])</a>, <a href='http://oracc.museum.upenn.edu/atae/cbd/qpn-x-places/onebigfile.html' target='_blank'>ATAE Glossary: Places (Akku [AKKO])</a>, <a href='http://oracc.museum.upenn.edu/saao/cbd/qpn-x-places/onebigfile.html' target='_blank'>SAAo Glossary: Places (Akku [AKKO])</a>"
30,Akuānu,"Akuānu, ʾAkuānu, ʾAkuanu, Akuʾanu, ʾAtānu",4,36.83333,39.08333,"URU.ʾa-ku-a-nu, 𒌷𒀪𒆪𒀀𒉡","village, town","Ḫarrānu province, Turkey",3 C4,"Bagg RGTC 7 2/1: 13, Helsinki Atlas: 5 (map 3 C4), Parpola Toponyms: 57 (ʾAtānu), <a href='http://oracc.museum.upenn.edu/saao/cbd/qpn-x-places/onebigfile.html' target='_blank'>SAAo Glossary: Places (ʾAkuanu [1])</a>, <a href='http://oracc.museum.upenn.edu/atae/cbd/qpn-x-places/onebigfile.html' target='_blank'>ATAE Glossary: Places (ʾAkuanu [1])</a>"
31,Akzībi,"Akzībi, Akzibu, Akzib, Akzîb, Akziba, Tell Achzib, Achziv, אכזיב, Ekdippa, Ecdippa, az-Zīb, ez-Zib, الزيب‎",1,33.04858,35.10194,"URU.ak-zi-ba, 𒌷𒀝𒍣𒁀, URU.ak-zi-bi, 𒌷𒀝𒍣𒁉, אכזיב",town,"Ḫatti, Ṣīdūnu, Mediterranean coast, Phoenicia",8 A3,"Helsinki Atlas: 5 (map 8 A3), Bagg RGTC 7 1: 4, <a href='https://zenodo.org/record/6384045' target='_blank'>Pedersén ANE: Akzibu / Akzib (ez-Zib)</a>, <a href='https://pleiades.stoa.org/places/678128' target='_blank'>Pleiades: Ekdippa</a>, <a href='http://oracc.museum.upenn.edu/riao/cbd/qpn-x-places/onebigfile.html' target='_blank'>RIAo Glossary: Places (Akzibu)</a>, <a href='http://oracc.museum.upenn.edu/rinap/cbd/qpn-x-places/onebigfile.html' target='_blank'>RINAP Glossary: Places (Akzibu)</a>"
26,Akītu Temple of Aššur,"Bīt-akīti ša Aššur, Bīt-akīti ša ṣēri, Akītu Temple of Aššur, Akītu Temple of the steppe",–,35.46286,43.25423,"É-á-ki-it šá EDIN, 𒂍𒀉𒆠𒀉𒃻𒂔",temple,Aššur,–,–
42,Alalaḫ,"Alalaḫ, Alalakh, Tall al-‘Aṭshānah, Tell Atshana, تل العطشانة, Tel Açana, Tell Açana",1,36.23760508982240,36.38418400802268,–,city,Turkey,–,"<a href='https://zenodo.org/record/6384045' target='_blank'>Pedersén ANE: Alalakh (Tell Açana)</a>, <a href='https://zenodo.org/record/5217600' target='_blank'>CIGS: Tall al-‘Aṭshānah</a>, <a href='https://pleiades.stoa.org/places/309866128' target='_blank'>Pleiades: Alalaḫ</a>"
43,Aliṣir,"Aliṣir, Alimuš, Antiocheia, Antiocheia am Orontes, Antiocheia am Orontēs, Antiocheia epi Daphnē, Ἀντιοχείᾳ τῇ ἐπὶ Δάφνῃ, Antiochia, Iopolis, Theoupolis, Antiokia, אנטיוכיה, III Gallica (Vesp.) garrison, Antakya, Anṭakya, Anṭākiya, أنطاكية, انطاكيا, Hatay",–,36.21256163209853, 36.17008414173965,"URU.a-li-MUŠ, 𒌷𒀀𒇷𒈲","city, fortress, monument","Pattinu, Kullanīa, Turkey",2 C4,"Helsinki Atlas: 5 (map 2 C4), Bagg RGTC 7 1: 6 (Alimuš), <a href='https://zenodo.org/record/6384045' target='_blank'>Pedersén ANE: Antiokia (Antakya)</a>, <a href='https://pleiades.stoa.org/places/658381' target='_blank'>Pleiades: Antiochia/Theoupolis</a>, <a href='https://www.geonames.org/323779/antakya.html' target='_blank'>Geonames: Antakya</a>, <a href='http://oracc.museum.upenn.edu/riao/cbd/qpn-x-places/onebigfile.html' target='_blank'>RIAo Glossary: Places</a>"
44,Allabria,"Allabria, Sanandağ, سنندج",3,35.31495,46.99883,"KUR.al-la-ab-ra-a-a, 𒆳𒀠𒆷𒀊𒊏𒀀𒀀, KUR.al-la-lab-ri-a, 𒆳𒀠𒆷𒆗𒊑𒀀, KUR.al-lab-ra-a-a, 𒆳𒀠𒆗𒊏𒀀𒀀, KUR.al-lab-ri-a, 𒆳𒀠𒆗𒊑𒀀, KUR.al-lab-ri-a-a, 𒆳𒀠𒆗𒊑𒀀𒀀, KUR.al-lab-rí-a-a / al-lab-rí-a-a, 𒆳𒀠𒆗𒌷𒀀𒀀 / 𒀠𒆗𒌷𒀀𒀀, URU.al-la-ab-ra-a, 𒌷𒀠𒆷𒀊𒊏𒀀, URU.al-la-ab-ri-a, 𒌷𒀠𒆷𒀊𒊑𒀀, URU.al-lab-ri-a, 𒌷𒀠𒆗𒊑𒀀","territory, country, city","Zagros mountain range, Iran","11 B1, 11 C1","Bagg RGTC 7 3/1: 18–19, Helsinki Atlas: 5 (map 11 B1; map 11 C1), Parpola Toponyms: 12, <a href='https://www.geonames.org/117574/sanandaj.html' target='_blank'>Geonames: Sanandaj</a>, <a href='https://www.ucl.ac.uk/sargon/peoplegodsplaces' target='_blank'>Assyrian empire builders: Allabria</a>, <a href='http://oracc.museum.upenn.edu/riao/cbd/qpn-x-places/onebigfile.html' target='_blank'>RIAo Glossary: Places (Allabria)</a>, <a href='http://oracc.museum.upenn.edu/rinap/cbd/qpn-x-places/onebigfile.html' target='_blank'>RINAP Glossary: Places (Allabria)</a>, <a href='http://oracc.museum.upenn.edu/riao/cbd/qpn-x-places/onebigfile.html' target='_blank'>RIAo Glossary: Places (Allabria)</a>, <a href='http://oracc.museum.upenn.edu/riao/cbd/qpn-x-ethnic/onebigfile.html' target='_blank'>RIAo Glossary: Ethnic (Allabriayu [OF ALLABRIA])</a>, <a href='http://oracc.museum.upenn.edu/rinap/cbd/qpn-x-ethnic/onebigfile.html' target='_blank'>RINAP Glossary: Ethnic (Allabriayu [OF ALLABRIA])</a>"
45,Alligu,"Alligu, Ialligu, Iallgu, Jalligu, Aṣbat-lakūnu, Aṣbat-lā-kunu, Aṣbat-lakūn, Ilīğak, Illījāk, الليجاك, Degirman, Aligör (?), Ali Gör (?), Onbirnisan (?), Tall Qūmluq (?), قوملوك",–,36.74382,38.09618,"URU.a-li-gu, 𒌷𒀀𒇷𒄖, URU.al-li-gi, 𒌷𒀠𒇷𒄀, URU.ia-li-gu, 𒌷𒅀𒇷𒄖, URU.aṣ-bat-la-ku-nu, 𒌷𒊍𒁁𒆷𒆪𒉡",city,"Bīt-Adini, Syria (?), Turkey (?)",–,"Bagg RGTC 7 1: 6–7, Bagg RGTC 7 3/2: 914, Helsinki Atlas: 19 (Ali Gör), <a href='https://www.geonames.org/169381/al-lijak.html' target='_blank'>Geonames: Al Lījāk/Illījāk</a>, <a href='https://www.geonames.org/303506/onbirnisan.html' target='_blank'>Geonames: Onbirnisan</a>, <a href='https://zenodo.org/record/6384045' target='_blank'>Pedersén ANE: (Tell Qumluk / Tell Zeruk)</a>, <a href='http://oracc.museum.upenn.edu/riao/cbd/qpn-x-places/onebigfile.html' target='_blank'>RIAo Glossary: Places (Alligu)</a>, <a href='http://oracc.museum.upenn.edu/riao/cbd/qpn-x-places/onebigfile.html' target='_blank'>RIAo Glossary: Places (Aṣbat-la-kunu)</a>, <a href='http://oracc.museum.upenn.edu/riao/cbd/qpn-x-places/onebigfile.html' target='_blank'>RIAo Glossary: Places (Ialligu)</a>"
46,Alluria,"Alluria, Nāzlū Chāy, Nazlu Chay, Nazlu Chai, Nazlū Čāy, Nazlu çay, نازلو چای, Nāzlī Chāy, Nazli Chay, Nāzlū Rūd, Rūdkhāneh-ye Nāzlū",–,37.708949,45.27929,"ÍD.al-lu-ri-a, 𒀀𒇉𒀠𒇻𒊑𒀀",river,"Urarṭu, Iran, West Azerbaijan",4 E4,"Bagg RGTC 7 3/2: 747 (Alluria 2), Helsinki Atlas: 5 (map 4 E4), Parpola Toponyms: 12–13, <a href='https://www.geonames.org/122417/nazlu-chay.html' target='_blank'>Geonames: Nāzlū Chāy</a>, <a href='http://oracc.museum.upenn.edu/rinap/cbd/qpn-x-waters/onebigfile.html' target='_blank'>RINAP Glossary: Watercourses (Alluria [1])</a>, <a href='http://oracc.museum.upenn.edu/riao/cbd/qpn-x-waters/onebigfile.html' target='_blank'>RIAo Glossary: Watercourses (Alluria [1])</a>"
47,Alluriu,"Alluriu, Alluria, Baradost, Barādost, Bāradost, Barādūst, Jabal Birādawst, جبل برادوست, Chia-i Baradost, Chiyā-i Brāndōst, Chiyā-ye Barādost, چياى برادۆست, Shax-î Biradost, شاخى برادۆست",–,36.73601,44.39033,"KUR.a-lu-ri-a, 𒆳𒀠𒇻𒊑𒀀, KUR.al-lu-ri-ú, 𒆳𒀠𒇻𒊑𒌑",mountain,"Ḫubuškia (?), Iraq",–,"Bagg RGTC 7 3/1: 20 (Alluriu / Alluria 1), Parpola Toponyms: 12–13 (Alluria), <a href='https://www.geonames.org/97983/jabal-biradawst.html' target='_blank'>Geonames: Jabal Birādawst</a>, <a href='http://oracc.museum.upenn.edu/riao/cbd/qpn-x-places/onebigfile.html' target='_blank'>RIAo Glossary: Places (Alluriu [MOUNT ALLURIU])</a>, <a href='http://oracc.museum.upenn.edu/rinap/cbd/qpn-x-places/onebigfile.html' target='_blank'>RINAP Glossary: Places (Alluriu [MOUNT ALLURIU])</a>"
48,Altaqû,"Altaqû, Altaqu, Tall aš-Šallāf, Tel Shalaf, Tel Šallāf, תל שלף, Elteqēh, Eltekeh, Eltheke, אלתקה, אלתקא",1,31.89238,34.76765,"URU.al-ta-qu-u, 𒌷𒀠𒋫𒄣𒌋, URU.al-ta-qu-ú, 𒌷𒀠𒋫𒄣𒌑, אלתקה, אלתקא",city,"Pilistu, Asdūdu (province) (?), Israel",7 C5,"Helsinki Atlas: 5 (map 7 C5), Bagg RGTC 7 1: 7, <a href='https://www.geonames.org/8427726/tel-shalaf.html' target='_blank'>Geonames: Tel Shalaf</a>, <a href='https://pleiades.stoa.org/places/498102722' target='_blank'>Pleiades: Altaqû</a>, <a href='http://oracc.museum.upenn.edu/riao/cbd/qpn-x-places/onebigfile.html' target='_blank'>RIAo Glossary: Places (Altaqu [ELTEKEH])</a>, <a href='http://oracc.museum.upenn.edu/rinap/cbd/qpn-x-places/onebigfile.html' target='_blank'>RINAP Glossary: Places (Altaqu [ELTEKEH])</a>"
53,Amadāni,"Amadāni, Amadanu, Amadānu, Amadana, Amadani, Namdānu, Namdanu, Madānu, Madanu, Madāni, Madani, Maden Dağlari, Maden Dağları",2,38.27444,39.3835,"KUR.a-ma-da-ni, 𒆳𒀀𒈠𒁕𒉌, KUR.a-ma-da-na, 𒆳𒀀𒈠𒁕𒈾, KUR.na-am-da-a-nu, 𒆳𒈾𒄠𒁕𒀀𒉡, KUR.ma-da-ni, 𒆳𒈠𒁕𒉌",mountain,"Ḫabḫu, Turkey",3 C2,"Helsinki Atlas: 5 (map 3 C2), Bagg RGTC 7 2/1: 41–42 (Amadānu), Bagg RGTC 7 2/2: 446 (Namdānu), <a href='https://books.openedition.org/cdf/4439' target='_blank'>MTT I/2: Amadānu (1) (HIGEOMES Nr. –)</a>, <a href='http://oracc.museum.upenn.edu/riao/cbd/qpn-x-places/onebigfile.html' target='_blank'>RIAo Glossary: Places (Amadanu)</a>, <a href='http://oracc.museum.upenn.edu/riao/cbd/qpn-x-places/onebigfile.html' target='_blank'>RIAo Glossary: Places (Namdanu)</a>"
54,Amantu,"Amantu, Amante, Amatti, Amanta, Sultān ʿAbdallāh, Sultan ʿAbdallah",4,35.89601030883048,43.39073848325705,"URU.a-mat-ti, 𒌷𒀀𒆳𒋾, URU.am-an-te, 𒌷𒄠𒀭𒋼, URU.a-ma-an-ta-a-u, 𒌷𒀀𒈠𒀭𒋫𒀀𒌋","town, village","Central Assyria, Kilīzi (province) (?), Iraq",4 C6,"Helsinki Atlas: 5 (map 4 C6), Bagg RGTC 7 2/1: 42, <a href='https://zenodo.org/record/6384045' target='_blank'>Pedersén ANE: (Sultan 'Abdullah)</a>, <a href='http://oracc.museum.upenn.edu/atae/cbd/qpn-x-places/onebigfile.html' target='_blank'>ATAE Glossary: Places (Amantu)</a>, <a href='http://oracc.museum.upenn.edu/saao/cbd/qpn-x-places/onebigfile.html' target='_blank'>SAAo Glossary: Places (Amantu)</a>, <a href='https://www.ucl.ac.uk/sargon/peoplegodsplaces' target='_blank'>Assyrian empire builders: Amantu</a>"
57,Ammali,"Ammali, Mamli, Nammal, Namal, نمل",–,35.32081,45.60446,"KUR.URU.am-ma-li, 𒆳𒌷𒄠𒈠𒇷, URU.am-ma-li, 𒌷𒄠𒈠𒇷, URU.ma-am-li, 𒌷𒈠𒄠𒇷","city, territory","Māzamua, Iraq",–,"Bagg RGTC 7 3/1: 37–38, <a href='https://www.geonames.org/93008/namal.html' target='_blank'>Geonames: Namal</a>, <a href='http://oracc.museum.upenn.edu/riao/cbd/qpn-x-places/onebigfile.html' target='_blank'>RIAo Glossary: Places (Ammali)</a>, <a href='http://oracc.museum.upenn.edu/riao/cbd/qpn-x-places/onebigfile.html' target='_blank'>RIAo Glossary: Places (Mamli)</a>"
59,Ammanāna,"Ammanāna, Ammanānu, Ammanana, Ammananu, Bargylos, Ǧabal Anṣariya, Jibāl an Nuṣayrīyah, Ğabal an-Nuṣairīya, جبال النصيرية, Antilibanos, Antilibanus, Anti-Lebanon, Ǧabal aš-Šarqī, Ǧibāl Lubnān aš-Šarqīya, جبال لبنان الشرقية",2,35.25,36.28338,"KUR.am-ma-na-na, 𒆳𒄠𒈠𒈾𒈾, am-ma-na-na, 𒄠𒈠𒈾𒈾",mountain,"Syria, Lebanon",8 B1,"Helsinki Atlas: 5 (map 8 B1), Bagg RGTC 7 1: 8–9, <a href='https://www.geonames.org/174027/jibal-an-nusayriyah.html' target='_blank'>Geonames: Jibāl an Nuşayrīyah</a>, <a href='https://www.geonames.org/173153/anti-lebanon.html' target='_blank'>Geonames: Anti-Lebanon</a>, <a href='http://oracc.museum.upenn.edu/atae/cbd/qpn-x-places/onebigfile.html' target='_blank'>ATAE Glossary: Places (Ammanana [MOUNT AMMANANA])</a>, <a href='http://oracc.museum.upenn.edu/riao/cbd/qpn-x-places/onebigfile.html' target='_blank'>RIAo Glossary: Places (Ammanana [MOUNT AMMANANA])</a>, <a href='http://oracc.museum.upenn.edu/rinap/cbd/qpn-x-places/onebigfile.html' target='_blank'>RINAP Glossary: Places (Ammanana [MOUNT AMMANANA])</a>, <a href='http://oracc.museum.upenn.edu/saao/cbd/qpn-x-places/onebigfile.html' target='_blank'>SAAo Glossary: Places (Ammanana [MOUNT AMMANANA])</a>"
1170,Ammaru,Ammaru,–,–,–,"URU.am-ma-ru, 𒌷𒄠𒈠𒊒",fortified city,"Māzamua, Zamru, Iraq",–,"Bagg RGTC 7 3/1: 38, Parpola Toponyms: 16, <a href='http://oracc.museum.upenn.edu/riao/cbd/qpn-x-places/onebigfile.html' target='_blank'>RIAo Glossary: Places (Ammaru)</a>"
58,Ammāna,"Ammāna, ʿAmmān, Amman, Rabbat Ammon, Ammon, Rabatha, Ğabal al-Qal'a, Philadelphia, Φιλαδέλφεια",1,31.95431,35.93515,"URU.am-ma-a-na, 𒌷𒄠𒈠𒀀𒈾","capital, city","Bīt-Ammān, Jordan",7 D5,"Helsinki Atlas: 5 (map 7 D5), Bagg RGTC 7 1: 7–8, <a href='https://zenodo.org/record/6384045' target='_blank'>Pedersén ANE: Amman / Philadelphia</a>, <a href='https://pleiades.stoa.org/places/697728' target='_blank'>Pleiades: Amman/Philadelpheia</a>"
60,Ampa,"Ampa, Ambi, Anfa, Anfeh, Enfé, Enfeh, أنفة, انفه",3,34.3575,35.73083,"URU.am-pa, 𒌷𒄠𒉺",town,"Ṣīdūnu, Mediterranean coast, Phoenicia, Lebanon",8 A2,"Helsinki Atlas: 5 (map 8 A2), Bagg RGTC 7 1: 9, <a href='https://www.geonames.org/278928/enfe.html' target='_blank'>Geonames: Enfé</a>, <a href='http://oracc.museum.upenn.edu/riao/cbd/qpn-x-places/onebigfile.html' target='_blank'>RIAo Glossary: Places (Ampa)</a>, <a href='http://oracc.museum.upenn.edu/rinap/cbd/qpn-x-places/onebigfile.html' target='_blank'>RINAP Glossary: Places (Ampa)</a>"
61,Ampiḫabi,"Ampiḫabi, Ampiḫābi, Ampihabi, Ampiḫapi, Ampiḫāpi, Ampihapi, Raḥīl Ḥamad (?), Raḩīl Ḩamad (?), رحيل حمد",3,33.96633,44.2265,"KUR.am-pi-ḫa-a-bi, 𒆳𒄠𒉿𒄩𒀀𒁉, URU.am-pi-ḫa-bi, 𒌷𒄠𒉿𒄩𒁉",town,"Assyria, Arzūḫina (province), Iraq",10 D3,"Helsinki Atlas: 5 (map 10 D3; near Raḥīl Ḥamad), Bagg RGTC 7 2/1: 45–46 (Ampiḫābi), Parpola Toponyms: 16 (Ampiḫābi), <a href='https://www.geonames.org/6805260/rahil-hamad.html' target='_blank'>Geonames: Raḩīl Ḩamad</a>, <a href='http://oracc.museum.upenn.edu/saao/knpp/peoplegodsplaces/index.html' target='_blank'>Knowledge and Power: Ampihabi</a>, <a href='https://www.ucl.ac.uk/sargon/peoplegodsplaces' target='_blank'>Assyrian empire builders: Ampihabi</a>, <a href='http://oracc.museum.upenn.edu/atae/cbd/qpn-x-places/onebigfile.html' target='_blank'>ATAE Glossary: Places (Ampihabi)</a>, <a href='http://oracc.museum.upenn.edu/saao/cbd/qpn-x-places/onebigfile.html' target='_blank'>SAAo Glossary: Places (Ampihabi)</a>, <a href='http://oracc.museum.upenn.edu/atae/cbd/qpn-x-places/onebigfile.html' target='_blank'>ATAE Glossary: Places (Ampihapi)</a>, <a href='http://oracc.museum.upenn.edu/saao/cbd/qpn-x-places/onebigfile.html' target='_blank'>SAAo Glossary: Places (Ampihapi)</a>"
62,Amrit,"Marat, Amrit, Marathos, Μάραθος, Marathus, ʿAmrīt, Kharā’ib ‘Amrīt, خرائب عمريت",–,34.83512,35.91208,"mrt, 𐤌𐤓𐤕","seaport, city","Arwāda (?), Phoenicia, Syria",–,"<a href='https://zenodo.org/record/6384045' target='_blank'>Pedersén ANE: Amrit</a>, <a href='https://pleiades.stoa.org/places/668306' target='_blank'>Pleiades: Marathos</a>, <a href='https://www.geonames.org/173238/khara-ib-amrit.html' target='_blank'>Geonames: Kharā’ib ‘Amrīt</a>, <a href='https://www.geonames.org/9261090/khara-ib-amrit.html' target='_blank'>Geonames: Kharā’ib ‘Amrīt</a>"
64,Amurrû,"Amurrû, Amurru, Amurrum, Amurrī, Mardu, Māt-Amurrî, ʾĒmōrī, אֱמֹרִי, אמורי‎, Ἀμορραῖοι, ʾmr, 𐤀𐤌𐤓‎, ʿAkkār Plain, Akkar Plain, Sahl ‘Akkār, Plaine de Aakkar",–,–,–,"<sup>d</sup>a-mur-ri-te, 𒀭𒀀𒄯𒊑𒋼, a-mur-re-e, 𒀀𒄯𒊑𒂊, a-mur-ri-i, 𒀀𒄯𒊑𒄿, a-mur-ru-ú, 𒀀𒄯𒊒𒌑, KUR.a-mur-ra-a-a, 𒆳𒀀𒄯𒊏𒀀𒀀, KUR.a-mur-re-e, 𒆳𒀀𒄯𒊑𒂊, KUR.a-mur-ri, 𒆳𒀀𒄯𒊑, KUR.a-mur-ri-i, 𒆳𒀀𒄯𒊑𒄿, KUR.a-mur-ru-u, 𒆳𒀀𒄯𒊒𒌋, MAR, 𒈥, MAR.KI, 𒈥𒆠, MAR.TU, 𒈥𒌅, MAR.TU-i, 𒈥𒌅𒄿, MAR.TU-e.KI, 𒈥𒌅𒂊𒆠, MAR.TU.KI, 𒈥𒌅𒆠, MAR.TU.KI-ú, 𒈥𒌅𒆠𒌑, KUR.MAR, 𒆳𒈥, KUR.MAR.KI, 𒆳𒈥𒆠, KUR.MAR.TU, 𒆳𒈥𒌅, KUR.MAR.TU.KI, 𒆳𒈥𒌅𒆠, KUR.MAR.TU-e.KI, 𒆳𒈥𒌅𒂊𒆠, LÚ.MAR.TU.KI, 𒇽𒈥𒌅𒆠, אֱמֹרִי, אמורי‎, ʾmr, 𐤀𐤌𐤓‎",territory,"Syro-Palestine, Phoenicia, Pilistu, Levant, Syria, Lebanon, Jordan, Palestine",–,"Bagg RGTC 7 1: 11–15, <a href='https://www.geonames.org/174113/plaine-de-aakkar.html' target='_blank'>Geonames: Plaine de Aakkar</a>, <a href='https://pleiades.stoa.org/places/668241' target='_blank'>Pleiades: Eleutheros (river)</a>, <a href='http://oracc.museum.upenn.edu/saao/knpp/peoplegodsplaces/index.html' target='_blank'>Knowledge and Power: Westland; West</a>, <a href='http://oracc.museum.upenn.edu/riao/cbd/qpn-x-ethnic/onebigfile.html' target='_blank'>RIAo Glossary: Ethnic (Amurru)</a>, <a href='http://oracc.museum.upenn.edu/riao/cbd/qpn-x-places/onebigfile.html' target='_blank'>RIAo Glossary: Places (Amurru)</a>, <a href='http://oracc.museum.upenn.edu/rinap/cbd/qpn-x-places/onebigfile.html' target='_blank'>RINAP Glossary: Places (Amurru)</a>, <a href='http://oracc.museum.upenn.edu/saao/cbd/qpn-x-ethnic/onebigfile.html' target='_blank'>SAAo Glossary: Ethnic (amurru [AMORITE])</a>, <a href='http://oracc.museum.upenn.edu/atae/cbd/qpn-x-places/onebigfile.html' target='_blank'>ATAE Glossary: Places (Amurru [WESTLAND])</a>, <a href='http://oracc.museum.upenn.edu/saao/cbd/qpn-x-places/onebigfile.html' target='_blank'>SAAo Glossary: Places (Amurru [WESTLAND])</a>"
65,Ana-Aššur-utēr-aṣbat,"Ana-Aššur-utēr-aṣbat, Aššur-utēr-aṣbat, Aššur-aṣbat, Pitūru, Pitru, Pitiru, Pethor, פְּתוֹר, Tell Aushariye, Ausheriya, Aušar ar-Rafīʿa, Ḥammām aṣ-Ṣaġīr",2,36.65998200331241,38.07560952214803,"URU.a-na-aš-šur-ú-ter-aṣ-bat, 𒌷𒀀𒈾𒀸𒋩𒌑𒌁𒊍𒁁, URU.AN.ŠÁR-DAB-bat, 𒌷𒀭𒊹𒁳𒁁, URU.ana-aš-šur-ú-ter-aṣ-bat, 𒌷𒁹𒀸𒋩𒌑𒌁𒊍𒁁, URU.aš-šur-DIB-bat, 𒌷𒀸𒋩𒁳𒁁, URU.aš-šur-ú-ter-aṣ-bat, 𒌷𒀸𒋩𒌑𒌁𒊍𒁁, URU.ina-aš-šur-ut-ter-aṣ-bat, 𒌷𒀸𒀸𒋩𒌓𒌁𒊍𒁁, URU.pi-it-ru, 𒌷𒉿𒀉𒊒, URU.pi-ti-ru, 𒌷𒉿𒋾𒊒",city,"Ḫatti, Bīt-Adini, Til-Barsib (?), Syria",3 B4,"Helsinki Atlas: 5 (map 3 B4), Bagg RGTC 7 1: 16 (Ana-Aššur-utēr-aṣbat), Bagg RGTC 7 1: 191 (Pitru), <a href='https://zenodo.org/record/6384045' target='_blank'>Pedersén ANE: Pitru? (Tell Aushariye)</a>, <a href='https://pleiades.stoa.org/places/771224407' target='_blank'>Pleiades: Pitru</a>"
66,Anasarta,"Anasarta, Anasartha, Theodoroupolis, Khanasir, Khanāşir, Khanāṣir, Qunāsira, خناصر",–,35.77683926241579,37.49760205070697,–,town,Syria,–,"<a href='https://zenodo.org/record/6384045' target='_blank'>Pedersén ANE: Anasarta (Khanasir)</a>, <a href='https://www.geonames.org/168351/khanasir.html' target='_blank'>Geonames: Khanāşir</a>, <a href='https://pleiades.stoa.org/places/668187' target='_blank'>Pleiades: Anasartha/Theodoroupolis</a>"
68,Andarutta,"Andarutta, Andarutu, Jabal Handrayn, Jabal Hendrên, جبل هندرين, Chiyā-i Handrēn, چياى ھەندرێن, Berat Dağ (?), جبل بيرت, Baradost (?), جبل برادوست",–,36.56981,44.61776,"KUR.an-da-ru-ut-ta, 𒆳𒀭𒁕𒊒𒌓𒋫, KUR.an-da-ru-tú, 𒆳𒀭𒁕𒊒𒌓",mountain,"Ḫabḫu (?), Māt-nāgir-ekalli (?), Province of nāgir ekalli (?), Iraq",4 D5,"Bagg RGTC 7 3/1: 39–40 (Baradost), Helsinki Atlas: 5 (Berat Dağ; map 4 D5), Dlshad A. Marf (2015): <i>Re-Identifying the ‫Ḫ‬iptunu Town and Andaruttu Mountain</i>. Akkadica 136: 127–140, <a href='https://www.geonames.org/96075/jabal-handrayn.html' target='_blank'>Geonames: Jabal Handrayn</a>, <a href='http://oracc.museum.upenn.edu/riao/cbd/qpn-x-places/onebigfile.html' target='_blank'>RIAo Glossary: Places (Andarutta [MOUNT ANDARUTTA])</a>, <a href='http://oracc.museum.upenn.edu/rinap/cbd/qpn-x-places/onebigfile.html' target='_blank'>RINAP Glossary: Places (Andarutta [MOUNT ANDARUTTA])</a>"
69,Andia,Andia,2,–,–,"KUR.an-di-a, 𒆳𒀭𒁲𒀀, KUR.an-di-ú, 𒆳𒀭𒁲𒌑, KUR.an-di-a-a, 𒆳𒀭𒁲𒀀𒀀, KUR.an-di-ia, 𒆳𒀭𒁲𒅀, LÚ.KUR.mi-si-an-di-a-a, 𒇽𒆳𒈪𒋛𒀭𒁲𒀀𒀀","country, district","Mannāja, Iran, Zagros",5 C4,"Bagg RGTC 7 3/1: 40–41, Helsinki Atlas: 5 (map 5 C4), Parpola Toponyms: 19, <a href='https://www.ucl.ac.uk/sargon/peoplegodsplaces' target='_blank'>Assyrian empire builders: Andia</a>, <a href='http://oracc.museum.upenn.edu/atae/cbd/qpn-x-ethnic/onebigfile.html' target='_blank'>ATAE Glossary: Ethnic (Andiaya [ANDIAN]</a>, <a href='http://oracc.museum.upenn.edu/saao/cbd/qpn-x-ethnic/onebigfile.html' target='_blank'>SAAo Glossary: Ethnic (Andiaya [ANDIAN])</a>, <a href='http://oracc.museum.upenn.edu/atae/cbd/qpn-x-ethnic/onebigfile.html' target='_blank'>ATAE Glossary: Ethnic (Andiaya [OF ANDIA]</a>, <a href='http://oracc.museum.upenn.edu/riao/cbd/qpn-x-ethnic/onebigfile.html' target='_blank'>RIAo Glossary: Ethnic (Andiayu [OF ANDIA])</a>, <a href='http://oracc.museum.upenn.edu/rinap/cbd/qpn-x-ethnic/onebigfile.html' target='_blank'>RINAP Glossary: Ethnic (Andiayu [OF ANDIA])</a>, <a href='http://oracc.museum.upenn.edu/riao/cbd/qpn-x-ethnic/onebigfile.html' target='_blank'>RIAo Glossary: Ethnic (Andiayu)</a>, <a href='http://oracc.museum.upenn.edu/atae/cbd/qpn-x-places/onebigfile.html' target='_blank'>ATAE Glossary: Places (Andia)</a>, <a href='http://oracc.museum.upenn.edu/saao/cbd/qpn-x-places/onebigfile.html' target='_blank'>SAAo Glossary: Places (Andia)</a>, <a href='http://oracc.museum.upenn.edu/rinap/cbd/qpn-x-places/onebigfile.html' target='_blank'>RINAP Glossary: Places (Andia)</a>, <a href='http://oracc.museum.upenn.edu/riao/cbd/qpn-x-places/onebigfile.html' target='_blank'>RIAo Glossary: Places (Andia)</a>, <a href='http://oracc.museum.upenn.edu/riao/cbd/qpn-x-ethnic/onebigfile.html' target='_blank'>RIAo Glossary: Ethnic (Missi-Andiayu [OF MISI AND ANDIA])</a>, <a href='http://oracc.museum.upenn.edu/rinap/cbd/qpn-x-ethnic/onebigfile.html' target='_blank'>RINAP Glossary: Ethnic (Missi-Andiayu [OF MISI AND ANDIA])</a>"
1296,Anduarsalia,"Anduarsalia, Tomisa, Kuşsarayı, Kussarayi, Kuşsaray, Kussaray, İzolu, Izolu, Bekirhüseyin, Bekirhuseyin",5,38.440955,38.69165,"URU.an-du-ar-sa-li-a, 𒌷𒀭𒁺𒅈𒊓𒇷𒀀","fortress, city","Melīdi, Kammānu, Turkey",–,"Bagg RGTC 7 1: 16, Parpola Toponyms: 20, <a href='https://pleiades.stoa.org/places/629098' target='_blank'>Pleiades: Tomisa</a>, <a href='https://vici.org/vici/7429/' target='_blank'>Vici.org: Tomisa</a>, <a href='http://imperium.ahlfeldt.se/places/34166.html' target='_blank'>DARE: Tomisa</a>, <a href='https://www.geonames.org/305287/kussarayi.html' target='_blank'>Geonames: Kuşsarayı/İzolu</a>, <a href='https://vici.org/vici/87772/' target='_blank'>Vici.org: Tomisa Kalesi</a>, <a href='https://pleiades.stoa.org/places/37101101' target='_blank'>Pleiades: Anduarsalia</a>, <a href='http://oracc.museum.upenn.edu/riao/cbd/qpn-x-places/onebigfile.html' target='_blank'>RIAo Glossary: Places (Anduarsalia [1])</a>, <a href='http://oracc.museum.upenn.edu/rinap/cbd/qpn-x-places/onebigfile.html' target='_blank'>RINAP Glossary: Places (Anduarsalia [1])</a>"
71,Anduli,"Anduli, Andulu, Hedil, Hêdil, Kayı",–,37.37367,41.7837,"URU.an-du-li, 𒌷𒀭𒁺𒇷",town,"Izalla, Turkey",–,"Bagg RGTC 7 2/1: 48, <a href='https://www.geonames.org/441648/kayi.html' target='_blank'>Geonames: Kayı</a>, <a href='http://oracc.museum.upenn.edu/atae/cbd/qpn-x-places/onebigfile.html' target='_blank'>ATAE Glossary: Places (Anduli)</a>, <a href='http://oracc.museum.upenn.edu/saao/cbd/qpn-x-places/onebigfile.html' target='_blank'>SAAo Glossary: Places (Anduli)</a>"
73,Ankuwa,"Ankuwa, Alişar Hüyük",4,39.60636312468131,35.26129955642234,–,–,Turkey,–,"<a href='https://zenodo.org/record/6384045' target='_blank'>Pedersén ANE: Ankuwa (Alişar Hüyük)</a>, <a href='https://zenodo.org/record/5217600' target='_blank'>CIGS: Ankuwa, Alişar Hüyük</a>, <a href='https://pleiades.stoa.org/places/650309285' target='_blank'>Pleiades: Alişar Höyük</a>"
74,Anmurru,"Anmurru, Nemerli, Nimri, Nimrî, Pınarlar, Pinarlar",–,38.8051167,38.6826521,"URU.an-mu-ur-ru, 𒌷𒀭𒈬𒌨𒊒","fortress, city","Melīdi, Kammānu, Turkey",–,"Bagg RGTC 7 1: 17, Parpola Toponyms: 20, <a href='https://www.openstreetmap.org/node/2302771741' target='_blank'>OpenStreetMap: Nimri</a>, <a href='https://www.geonames.org/7464173/pinarlar.html' target='_blank'>Geonames: Pınarlar</a>, <a href='https://pleiades.stoa.org/places/762647722' target='_blank'>Pleiades: Anmurru</a>, <a href='http://oracc.museum.upenn.edu/riao/cbd/qpn-x-places/onebigfile.html' target='_blank'>RIAo Glossary: Places (Anmurru)</a>, <a href='http://oracc.museum.upenn.edu/rinap/cbd/qpn-x-places/onebigfile.html' target='_blank'>RINAP Glossary: Places (Anmurru)</a>"
75,Anqarrūna,"Anqarrūna, Amqarrūna, Amqaruna, Aqqarruna, ʾAmkaruna, Tel Miqne, Khirbat el-Muqanna', Eqron, Ekron, Akkaron, Akkarōn, Ακκαρων, עֶקְרוֹן‎, عقرون‎",1,31.77746,34.85097,"KUR.am-qar-u-na, 𒆳𒄠𒃼𒌋𒈾, KUR.am-qar-ru-na, 𒆳𒄠𒃼𒊒𒈾, URU.ʾa-am-qa-ar-ru-na, 𒌷𒀪𒄠𒋡𒅈𒊒𒈾, URU.ʾa-am-qa-ru-na, 𒌷𒀪𒄠𒋡𒊒𒈾, URU.am-qar-ru-na, 𒌷𒄠𒃼𒊒𒈾, URU.am-qar-u-na, 𒌷𒄠𒃼𒌋𒈾, URU.an-qar-u-na, 𒌷𒀭𒃼𒌋𒈾, KUR.an-qar-ru-na-a-a, 𒆳𒀭𒃼𒊒𒈾𒀀𒀀, URU.a-qa-ru-na-a-a, 𒌷𒀀𒋡𒊒𒈾𒀀𒀀, ʿqrn, 𐤏𐤒𐤓𐤍","capital, city","Pilistu, Levant, Israel",7 C5,"Helsinki Atlas: 5 (map 7 C5), Bagg RGTC 7 1: 10–11 (Amqarrūna), <a href='https://pleiades.stoa.org/places/687888' target='_blank'>Pleiades: Ekron/Akkaron</a>, <a href='https://zenodo.org/record/6384045' target='_blank'>Pedersén ANE: Amqaruna / Eqron (Tel Miqne / Khirbat el-Muqanna')</a>"
78,Anzaknê,"Anzaknê, Anzakne, Ṣaḥne, صحنه, Bahār, بهار",–,34.4813,47.6908,"KUR.an-za-ak-né, 𒆳𒀭𒍝𒀝𒉌, KUR.an-za-ak-né-e, 𒌨𒀭𒍝𒀝𒉌𒂊","territory, country (?)","Mādāja, Iran",–,"Bagg RGTC 7 3/1: 43, <a href='https://www.geonames.org/117835/sahneh.html' target='_blank'>Geonames: Şaḩneh</a>, <a href='https://www.geonames.org/142000/bahar.html' target='_blank'>Geonames: Bahār</a>, <a href='http://oracc.museum.upenn.edu/riao/cbd/qpn-x-places/onebigfile.html' target='_blank'>RIAo Glossary: Places (Anzakne)</a>, <a href='http://oracc.museum.upenn.edu/rinap/cbd/qpn-x-places/onebigfile.html' target='_blank'>RINAP Glossary: Places (Anzakne)</a>"
1288,Anzalia,Anzalia,–,–,–,"URU.an-za-li-a, 𒌷𒀭𒍝𒇷𒀀",fortified city,"Urarṭu, Aiadi, Iran",–,"Bagg RGTC 7 3/1: 43, Parpola Toponyms: 20, <a href='http://oracc.museum.upenn.edu/riao/cbd/qpn-x-places/onebigfile.html' target='_blank'>RIAo Glossary: Places (Anzalia [1])</a>, <a href='http://oracc.museum.upenn.edu/rinap/cbd/qpn-x-places/onebigfile.html' target='_blank'>RINAP Glossary: Places (Anzalia [1])</a>"
79,Anzaria,"Anzaria, Anzar, Kār-Adad, Kar-Adad, Kār-Ištar (?), Kar-Ištar (?), Kār-Issār (?), Kar-Issar (?)",–,–,–,"URU.an-za-ri-a, 𒌷𒀭𒍝𒊑𒀀, URU.kar-<sup>d</sup>IŠKUR, 𒌷𒋼𒀀𒀭𒅎, URU.kar-<sup>d</sup>iš-tar (?), 𒌷𒋼𒀀𒀭𒅖𒋻 (?)",fortress,"Mādāja, Ḫarḫār, Iran",–,"Bagg RGTC 7 3/1: 44, Parpola Toponyms: 20, Radner (2018): <i>The “Lost Tribes of Israel” in the Context of the Resettlement Programme of the Assyrian Empire</i>: 110, <a href='http://oracc.museum.upenn.edu/riao/cbd/qpn-x-places/onebigfile.html' target='_blank'>RIAo Glossary: Places (Anzaria [1])</a>, <a href='http://oracc.museum.upenn.edu/rinap/cbd/qpn-x-places/onebigfile.html' target='_blank'>RINAP Glossary: Places (Anzaria [1])</a>"
72,Anīsu,"Anīsu, Anisu, Anīsus, Anisus, Qalʿat Dīza, Qalaat Diza, Qalʿe Dīze, Qalat Dizah, Qeładizê, قلعة دزة",4,36.18534066503302,45.11483023535781,"URU.a-ni-su, 𒌷𒀀𒉌𒋢, URU.a-ni-i-su-us, 𒌷𒀀𒉌𒄿𒋢𒊻",town,"Zagros mountain range, Iraq",4 E5,"Helsinki Atlas: 5 (map 4 E5), Bagg RGTC 7 3/1: 42–43, <a href='https://zenodo.org/record/6384045' target='_blank'>Pedersén ANE: (Qal'at Dizah)</a>, <a href='https://www.geonames.org/92615/qeladize.html' target='_blank'>Geonames: Qeładizê</a>, <a href='http://oracc.museum.upenn.edu/saao/knpp/peoplegodsplaces/index.html' target='_blank'>Knowledge and Power: Anisu</a>, <a href='https://www.ucl.ac.uk/sargon/peoplegodsplaces' target='_blank'>Assyrian empire builders: Anisu</a>, <a href='http://oracc.museum.upenn.edu/atae/cbd/qpn-x-places/onebigfile.html' target='_blank'>ATAE Glossary: Places (Anisu)</a>, <a href='http://oracc.museum.upenn.edu/saao/cbd/qpn-x-places/onebigfile.html' target='_blank'>SAAo Glossary: Places (Anisu)</a>, <a href='http://oracc.museum.upenn.edu/atae/cbd/qpn-x-places/onebigfile.html' target='_blank'>ATAE Glossary: Places (Anisus)</a>, <a href='http://oracc.museum.upenn.edu/saao/cbd/qpn-x-places/onebigfile.html' target='_blank'>SAAo Glossary: Places (Anisus)</a>"
76,Anšan,"Anzan, Anšan, Aššan, Tall-i Malyān, Tall-e Malyān, Tell Malyan, تل ملیان, Tepe Malyan",1,30.01111323889061,52.41066812180781,"KUR.an-za-an, 𒆳𒀭𒍝𒀭, KUR.áš-ša-an, 𒆳𒀾𒊭𒀭, KUR.an-za-nu-ú-a, 𒆳𒀭𒍝𒉡𒌑𒀀, URU.áš-šá-an, 𒌷𒀾𒃻𒀭","capital, city","Elam, Iran",17 D4,"Bagg RGTC 7 3/1: 44, Helsinki Atlas: 5 (map 17 D4), <a href='https://zenodo.org/record/6384045' target='_blank'>Pedersén ANE: Anšan (Tell Malyan)</a>, <a href='https://zenodo.org/record/5217600' target='_blank'>CIGS: Anšan/Tal-I Malyān</a>, <a href='https://pleiades.stoa.org/places/922729' target='_blank'>Pleiades: Tal-i Malyan/[Anzan]</a>, <a href='http://oracc.museum.upenn.edu/saao/knpp/peoplegodsplaces/index.html' target='_blank'>Knowledge and Power: Anzan</a>, <a href='http://oracc.museum.upenn.edu/rinap/cbd/qpn-x-places/onebigfile.html' target='_blank'>RINAP Glossary: Places</a>"
81,Aparāzu,"Aparāzu, Aparazu, Apparāzu, Apparazu, Parraza, Abarara, Abarraza, Brēğ, البريج, Ṭaṭmaraš, Ṭāṭumarāš, طاطمراش",–,36.25225,36.85209,"URU.a-pa-ra-a-zu, 𒌷𒀀𒉺𒊏𒀀𒍪, URU.ap-pa-ra-zu, 𒌷𒀊𒉺𒊏𒍪","fortress, fortified city","Bīt-Agūsi, Syria",–,"Bagg RGTC 7 1: 17–18 (Apparāzu), <a href='https://www.geonames.org/171183/al-burayj.html' target='_blank'>Geonames: Al Burayj</a>, <a href='https://www.geonames.org/163327/tatumrash.html' target='_blank'>Geonames: Ţāţumrāsh</a>, <a href='https://pleiades.stoa.org/places/658362' target='_blank'>Pleiades: Abarara</a>, <a href='http://oracc.museum.upenn.edu/riao/cbd/qpn-x-places/onebigfile.html' target='_blank'>RIAo Glossary: Places (Aparazu)</a>"
82,Apaša,"Apaša, Apasa, Ephesos, Ἔφεσος, Ephesus, Arsinoe, Arsinoeia, Afsīs",4,37.941111,27.341944,–,city,"Arzawa, Lydia, Turkey",–,"<a href='https://zenodo.org/record/6384045' target='_blank'>Pedersén ANE: Ephesus / Apaša?</a>, <a href='https://pleiades.stoa.org/places/599612' target='_blank'>Pleiades: Ephesus/Arsinoe(ia)</a>, <a href='https://www.geonames.org/7522155/ephesus.html' target='_blank'>Geonames: Ephesus</a>"
1161,Apinunu,Apinunu,–,–,–,"URU.a-pi-nu-nu, 𒌷𒀀𒉿𒉡𒉡, URU.a-pi-nu-na-a-a, 𒌷𒀀𒉿𒉡𒈾𒀀𒀀",town,"Māzamua (?), Iraq (?), Zagros",–,"Bagg RGTC 7 3/1: 45–46, <a href='https://www.ucl.ac.uk/sargon/peoplegodsplaces' target='_blank'>Assyrian empire builders: Apinunu</a>, <a href='http://oracc.museum.upenn.edu/atae/cbd/qpn-x-ethnic/onebigfile.html' target='_blank'>ATAE Glossary: Ethnic (Apinunaya [OF APINUNU]</a>, <a href='http://oracc.museum.upenn.edu/saao/cbd/qpn-x-ethnic/onebigfile.html' target='_blank'>SAAo Glossary: Ethnic (Apinunaya)</a>, <a href='http://oracc.museum.upenn.edu/atae/cbd/qpn-x-places/onebigfile.html' target='_blank'>ATAE Glossary: Places (Apinunu)</a>, <a href='http://oracc.museum.upenn.edu/saao/cbd/qpn-x-places/onebigfile.html' target='_blank'>SAAo Glossary: Places (Apinunu)</a>"
83,Apku,"Apku, Apqu, Apka, Apqum, Apqu-ša-Adad, Tell Abu Marya, Tall Abū Māriyā, Tall Abū Mārīyā, Abū Mārīyah, تل أبو ماريا, Abū Maria, ابو مارية",2,36.42958621883753,42.59760232633721,"URU.ap-ku, 𒌷𒀊𒆪, URU.ap-ka, 𒌷𒀊𒅗, URU.ap-ki, URU.ap-qí, 𒌷𒀊𒆠",town,"Central Assyria, Iraq",4 B5,"Helsinki Atlas: 6 (map 4 B5), Bagg RGTC 7 2/1: 49, <a href='https://zenodo.org/record/6384045' target='_blank'>Pedersén ANE: Apku (Tell Abu Maria)</a>, <a href='https://zenodo.org/record/5217600' target='_blank'>CIGS: Apqu-ša-Adad, Tall Abū Māriyā, Apqu-ša-Adad (mod. Tell Abu Marya)</a>, <a href='https://pleiades.stoa.org/places/874723' target='_blank'>Pleiades: Tell Abu Marya/[Apqu]</a>, <a href='https://books.openedition.org/cdf/4564#tocfrom2n50' target='_blank'>MTT I/2 (HIGEOMES Nr. 3)</a>"
84,Appari,Appari,–,–,–,"URU.ap-pa-ri, 𒌷𒀊𒉺𒊑",town,"Syria, Ğazīra (?)",–,"Bagg RGTC 7 1: 18, Parpola Toponyms: 21, Zadok (1995): <i>The Ethno-Linguistic Character of the Jezireh and Adjacent Regions...</i>: 239 (no. 3.9.8.12.)"
85,Apparu,"Apparu, al-Lağā, al-Lajā, اللجاة, al-Lajāh, اللجاه, Al Ḩafīrah, Al Hafirah, الحفيرة",–,32.93481,36.385,"URU.ap-pa-ru, 𒌷𒀊𒉺𒊒","village, oasis, water resource","Māʾab (?), Syria, Jordan (?)",–,"Bagg RGTC 7 1: 18, Parpola Toponyms: 21, <a href='https://www.geonames.org/173573/al-lajah.html' target='_blank'>Geonames: Al Lajāh</a>, <a href='https://www.geonames.org/8595610/al-hafirah.html' target='_blank'>Geonames: Al Ḩafīrah</a>, <a href='http://oracc.museum.upenn.edu/riao/cbd/qpn-x-places/onebigfile.html' target='_blank'>RIAo Glossary: Places (Apparu)</a>, <a href='http://oracc.museum.upenn.edu/rinap/cbd/qpn-x-places/onebigfile.html' target='_blank'>RINAP Glossary: Places (Apparu)</a>"
1323,Appatar,"Appatar, Abhar (not), Abkhar (not), ابهر",–,–,–,"URU.ap-pa-tar, 𒌷𒀊𒉺𒋻","city, country","Gizilbunda, Parsua, Iran",–,"Bagg RGTC 7 3/1: 46, Parpola Toponyms: 21, <a href='https://www.geonames.org/145034/abhar.html' target='_blank'>Geonames: Abhar</a>, <a href='http://oracc.museum.upenn.edu/rinap/cbd/qpn-x-places/onebigfile.html' target='_blank'>RINAP Glossary: Places (Appatar [1])</a>, <a href='http://oracc.museum.upenn.edu/riao/cbd/qpn-x-places/onebigfile.html' target='_blank'>RIAo Glossary: Places (Appatar [1])</a>"
86,Apqu,"Apqu, ʾpq, 𐤀𐤐𐤒, Aphek, Aphik, אֲפֵק, Afqā, Afqa, أفقا, Pegae, Antipatris, Aphaka, Tel Ras el-'Ain, Tel Afēq, תל אפק, Tēl Kabri, Fīq, Tēl Soreq, Ḫirbat al-Hadab",1,34.06616,35.88854,"URU.ap-qu, 𒌷𒀊𒄣, אֲפֵק, 𐤀𐤐𐤒",town,"Bīt-Ḫumrî (?), Israel (?), Phoenicia (?), Lebanon (?), Dimašqa (?), Syria (?), Palestine (?), Iaʾūdu (?)",7 C4,"Bagg RGTC 7 1: 18–19, Helsinki Atlas: 6 (map 7 C4), <a href='https://pleiades.stoa.org/places/668195' target='_blank'>Pleiades: Aphaka (Temple of Aphrodite Aphakitis)</a>, <a href='https://www.geonames.org/280660/afqa.html' target='_blank'>Geonames: Afqa</a>, <a href='https://zenodo.org/record/6384045' target='_blank'>Pedersén ANE: Aphek / Pegae / Antipatris (Tel Ras el-'Ain)</a>, <a href='https://zenodo.org/record/5217600' target='_blank'>CIGS: Antipatris, Tel Afek, Antipatris (mod. Tel Aphek)</a>, <a href='http://oracc.museum.upenn.edu/riao/cbd/qpn-x-places/onebigfile.html' target='_blank'>RIAo Glossary: Places (Apqu [APHEK])</a>, <a href='http://oracc.museum.upenn.edu/rinap/cbd/qpn-x-places/onebigfile.html' target='_blank'>RINAP Glossary: Places (Apqu [APHEK])</a>"
70,Apqu(2),"Apqu, ʾpq, 𐤀𐤐𐤒, Aphek, Aphik, אֲפֵק, Afqā, Afqa, أفقا, Pegae, Antipatris, Aphaka, Tel Ras el-'Ain, Tel Afēq, תל אפק, Tēl Kabri, Fīq, Tēl Soreq, Ḫirbat al-Hadab",1,32.10477953376054,34.93077672482396,"URU.ap-qu, 𒌷𒀊𒄣, אֲפֵק, 𐤀𐤐𐤒",town,"Bīt-Ḫumrî (?), Israel (?), Phoenicia (?), Lebanon (?), Dimašqa (?), Syria (?), Palestine (?), Iaʾūdu (?)",7 C4,"Helsinki Atlas: 6 (map 7 C4), Bagg RGTC 7 1: 18–19, <a href='https://pleiades.stoa.org/places/668195' target='_blank'>Pleiades: Aphaka (Temple of Aphrodite Aphakitis)</a>, <a href='https://www.geonames.org/280660/afqa.html' target='_blank'>Geonames: Afqa</a>, <a href=https://zenodo.org/record/6384045>Pedersén ANE: Aphek / Pegae / Antipatris (Tel Ras el-'Ain)</a>, <a href=https://zenodo.org/record/5217600>CIGS: Antipatris, Tel Afek, Antipatris (mod. Tel Aphek)</a>, <a href='http://oracc.museum.upenn.edu/riao/cbd/qpn-x-places/onebigfile.html' target='_blank'>RIAo Glossary: Places (Apqu [APHEK])</a>, <a href='http://oracc.museum.upenn.edu/rinap/cbd/qpn-x-places/onebigfile.html' target='_blank'>RINAP Glossary: Places (Apqu [APHEK])</a>"
87,Aprê,"Aprê, Apre, Oinoparas, ʿAfrīn, ʿIfrīn, عفرين, Nahr ʿAfrīn, Nahr Aafrîne, Nahr Afrine, Nahr ‘Afrīn, Nahr `Afrin, نهر عفرين, Nahr al-ʿAfrīn, Afrin Suyu, Afrine Sou, Afrin Çayı, Afrin Cayi, Afrin River, Afrin Kanalı, Afrin Kanali, Oya Afrin Irmaği, Oya Afrin Irmagi, Mélas, Melas, Kızıl Irk (?), Kizil-Ark (?), Nahr al-Fuwār (?), Nahr al Fawwār (?), Nahr al Fawwar (?), نهر الفوار",2,36.420764,36.861534,"ÍD.ap-re-e, 𒀀𒇉𒀊𒊑𒂊",river,"Ḫatti, Pattinu, Samʾalla, Kullanīa, Turkey, Syria",2 C4,"Bagg RGTC 7 1: 289, Helsinki Atlas: 6 (map 2 C4), Parpola Toponyms: 21, <a href='https://www.geonames.org/10839370/afrin-cayi.html' target='_blank'>Geonames: Afrin Çayı</a>, <a href='https://www.geonames.org/174183/afrin-suyu.html' target='_blank'>Geonames: Afrin Suyu</a>, <a href='https://www.geonames.org/13423715/afrin-suyu.html' target='_blank'>Geonames: Afrin Suyu</a>, <a href='https://www.geonames.org/7625762/afrin-kanali.html' target='_blank'>Geonames: Afrin Kanalı</a>, <a href='https://pleiades.stoa.org/places/658557' target='_blank'>Pleiades: Oinoparas (river)</a>, <a href='https://www.geonames.org/438025/kizil-ark.html' target='_blank'>Geonames: Kizil-Ark</a>, <a href='https://www.geonames.org/170414/nahr-al-fawwar.html' target='_blank'>Geonames: Nahr al Fawwār</a>, <a href='http://oracc.museum.upenn.edu/riao/cbd/qpn-x-waters/onebigfile.html' target='_blank'>RIAo Glossary: Watercourses (Apre [1])</a>"
88,Apsia,"Apsia, Absia, Apsija, Apši, Apše, Ebşi, Ebsi, Epşi, Şenköy",3,37.46347,41.18863,"URU.ab-si-ia-a-a, 𒌷𒀊𒋛𒅀𒀀𒀀",village,"Izalla, Turkey",3 E3,"Bagg RGTC 7 2/1: 50, Helsinki Atlas: 6 (map 3 E3), Parpola Toponyms: 21 (Apsija), <a href='https://www.geonames.org/301167/senkoey.html' target='_blank'>Geonames: Şenköy</a>, <a href='http://oracc.museum.upenn.edu/atae/cbd/qpn-x-ethnic/onebigfile.html' target='_blank'>ATAE Glossary: Ethnic (Apsiaya [OF APSIA]</a>"
89,Apsu,"Apsu, ʾApsunā, Apsuna, Abḏu, Apzuja, ʾpš, Tall Āfis, Tall Afis, Tell Afis, تل افس",3,35.90533333333333,36.806,"URU.ap-sú-na, 𒌷𒀊𒍪𒈾, URU.ap-su-na-a, 𒌷𒀊𒋢𒈾𒀀, URU.ap-sú-na-a, 𒌷𒀊𒍪𒈾𒀀, URU.ap-sú-ú-na-a, 𒌷𒀊𒍪𒌑𒈾𒀀, LÚ.URU.ap-sú-na-iu, 𒇽𒌷𒀊𒍪𒈾𒅀, URU.ap-su-ni-ii-ma, 𒌷𒀊𒋢𒉌𒅀𒈠, ʾpš, 𐎀𐎔𐎌",city,"Ḫatti, Ugarit, Syria",2 C5,"RGTC 12/2: 27–28 (ʾApsunā), Bagg RGTC 7 1: 94–95 (under Ḫatarikka), Helsinki Atlas: 6 (map 2 C5), <a href='https://zenodo.org/record/6384045' target='_blank'>Pedersén ANE: Hatarikka (Tell Afis)</a>, <a href='https://www.openstreetmap.org/way/686673979' target='_blank'>OpenStreetMap: Tell Afis</a>, <a href='https://pleiades.stoa.org/places/725486993' target='_blank'>Pleiades: Tell Afis</a>"
80,Apāk,"Apāk, Apak, Apiak, Abiak, Apiʾak, Appaq",3,32.416666666667,44.666666666667,"a-pak.KI, 𒀀𒄷𒆠, URU.a-pa-ak, 𒌷𒀀𒉺𒀝",fortified town,"Bīt-Dakkūri, Babylonia, Iraq",10 D4,"Bagg RGTC 7 3/1: 45, Helsinki Atlas: 6 (map 10 D4), <a href='http://oracc.museum.upenn.edu/saao/knpp/peoplegodsplaces/index.html' target='_blank'>Knowledge and Power: Apak</a>, <a href='http://oracc.museum.upenn.edu/rinap/cbd/qpn-x-places/onebigfile.html' target='_blank'>RINAP Glossary: Places (Apak [1])</a>, <a href='http://oracc.museum.upenn.edu/atae/cbd/qpn-x-places/onebigfile.html' target='_blank'>ATAE Glossary: Places (Apak [1])</a>, <a href='http://oracc.museum.upenn.edu/saao/cbd/qpn-x-places/onebigfile.html' target='_blank'>SAAo Glossary: Places (Apak [1])</a>, <a href='http://oracc.museum.upenn.edu/riao/cbd/qpn-x-places/onebigfile.html' target='_blank'>RIAo Glossary: Places (Apak [1])</a>"
90,Apšu,"Apšu, Apšû-Ištar",4,33.321166666667,44.385666666667,"URU.ap-šu, 𒌷𒀊𒋗",town,"Babylonia, Iraq",10 D3,"Bagg RGTC 7 3/1: 46, RGTC 5: 33–34 (Apšû-Ištar), Helsinki Atlas: 6 (map 10 D3), Parpola Toponyms: 21, <a href='http://oracc.museum.upenn.edu/atae/cbd/qpn-x-places/onebigfile.html' target='_blank'>ATAE Glossary: Places (Apšu)</a>, <a href='http://oracc.museum.upenn.edu/saao/cbd/qpn-x-places/onebigfile.html' target='_blank'>SAAo Glossary: Places (Apšu)</a>"
1056,Aqaba,"Aqaba, ʿAqaba, Aqabah, Al-ʿAkūba, العكوبة, Baʿqūba (?), Baqubah (?), بعقوبة",3,33.528611,42.915278,"URU.a-qa-ba, 𒌷𒀀𒋡𒁀",town,"Babylonia, Iraq",10 B3,"Bagg RGTC 7 3/1: 46–47, Helsinki Atlas: 6 (map 10 B3), Parpola Toponyms: 21, <a href='https://www.geonames.org/98836/al-akubah.html' target='_blank'>Geonames: Al ‘Akūbah</a>, <a href='https://www.geonames.org/97990/baqubah.html' target='_blank'>Geonames: Baqubah</a>, <a href='http://oracc.museum.upenn.edu/rinap/cbd/qpn-x-places/onebigfile.html' target='_blank'>RINAP Glossary: Places (Aqaba [1])</a>, <a href='http://oracc.museum.upenn.edu/riao/cbd/qpn-x-places/onebigfile.html' target='_blank'>RIAo Glossary: Places (Aqaba [1])</a>"
91,Aqarbānu,"Aqarbānu, Aqarbāni, Aqarbani, Naqarabāni, Naqarabānu, Naqarabanu, Naqarbāni, Naqarbānu, Naqarbanu, Merrhan (?), Kherban (?), al-Bahasna (?), Tell Abu Hasan (?)",3,34.625439,40.928192,"URU.a-qa-ar-ba-ni, 𒌷𒀀𒋡𒅈𒁀𒉌, URU.na-qa-ra-ba-ni, 𒌷𒈾𒋡𒊏𒁀𒉌, URU.na-qa-ra-ba-a-ni, 𒌷𒈾𒋡𒊏𒁀𒀀𒉌",town,"Lāqê, Syria",9 C2,"Helsinki Atlas: 6 (map 9 C2), Bagg RGTC 7 2/1: 50–51, Musil (1927): <i>The Middle Euphrates: A Topographical Itinerary</i>: 204 and map c4 (al-Bahasna), <a href='https://zenodo.org/record/6384045' target='_blank'>Pedersén ANE: Ṣupru? (Tell Abu Hasan)</a>, <a href='http://oracc.museum.upenn.edu/riao/cbd/qpn-x-places/onebigfile.html' target='_blank'>RIAo Glossary: Places (Aqarbanu)</a>, <a href='http://oracc.museum.upenn.edu/riao/cbd/qpn-x-places/onebigfile.html' target='_blank'>RIAo Glossary: Places (Naqarabanu)</a>"
1304,Aqqar-ša-Kīna,"Aqqar-ša-Kīna, Aqqar-ša-Kina, Aqqar-ša-kīna, Aqqar-ša-kina, Aqqaršakina, Akamšakina",–,–,–,"URU.aq-qar-šá-ki-na, 𒌷𒀝𒃼𒃻𒆠𒈾","fortified city, city","Babylonia, Bīt-Amukkāni, Iraq",–,"Bagg RGTC 7 3/1: 47, Parpola Toponyms: 22 (Aqqaršakina), <a href='http://oracc.museum.upenn.edu/rinap/cbd/qpn-x-places/onebigfile.html' target='_blank'>RINAP Glossary: Places (Aqqar-ša-Kina [1])</a>, <a href='http://oracc.museum.upenn.edu/riao/cbd/qpn-x-places/onebigfile.html' target='_blank'>RIAo Glossary: Places (Aqqar-ša-Kina [1])</a>"
104,Arabella,"Arabella, Arbēla, Arbela, Άρβηλα, Irbid, אירביד, إربد, Tell Irbid",–,32.55913422333403,35.84747700865685,–,city,Jordan,–,"<a href='https://zenodo.org/record/6384045' target='_blank'>Pedersén ANE: Arbela (Irbid)</a>, <a href='https://pleiades.stoa.org/places/678028' target='_blank'>Pleiades: Arbela</a>, <a href='https://www.geonames.org/248946/irbid.html' target='_blank'>Geonames: Irbid</a>"
93,Arad,"Arad, ‘Arad, ʿArad, עֲרָד, ערד, Tel ‘Arad, Tel Arad, תל ערד, Tall ‘Arud, Tell ‘Urād, تل عراد",1,31.28057,35.12621,"ʿrd, עֲרָד, ערד","town, fortress, temple","Canaan, Iaʾūdu, Israel",–,"<a href='https://zenodo.org/record/6384045' target='_blank'>Pedersén ANE: Arad</a>, <a href='https://www.geonames.org/293405/tel-arad.html' target='_blank'>Geonames: Tel ‘Arad</a>"
94,Arameans,"Aram, Arameans, Aramaeans",–,–,–,–,ethnic,–,–,–
95,Arantu,"Arantu, Arante, Aramtu, Orontēs, Orontes, Ὀρόντης, Typhon, Ophites, Drakon, Axios, Belus, Nahr al-ʿĀṣī, Nahr el Assi, نهر العاصي, Asi Nehri, Nehir Oronte",1,36.04781,35.96703,"ÍD.a-ra-an-te, 𒀀𒇉𒀀𒊏𒀭𒋼, ÍD.a-ra-an-tu, 𒀀𒇉𒀀𒊏𒀭𒌅, ÍD.ar-am-tú, 𒀀𒇉𒅈𒄠𒌓, a-ra-an-tú, 𒀀𒊏𒀭𒌓",river,"Syria, Lebanon",8 B1,"Bagg RGTC 7 1: 289–290, Helsinki Atlas: 6 (map 8 B1), Parpola Toponyms: 22, <a href='https://www.geonames.org/303365/orontes-river.html' target='_blank'>Geonames: Orontes River</a>, <a href='https://pleiades.stoa.org/places/658560' target='_blank'>Pleiades: Orontes (river)</a>, <a href='https://www.ucl.ac.uk/sargon/peoplegodsplaces' target='_blank'>Assyrian empire builders: Orontes</a>, <a href='http://oracc.museum.upenn.edu/rinap/cbd/qpn-x-waters/onebigfile.html' target='_blank'>RINAP Glossary: Watercourses (Arantu [Orontes])</a>, <a href='http://oracc.museum.upenn.edu/saao/cbd/qpn-x-waters/onebigfile.html' target='_blank'>SAAo Glossary: Watercourses (Arantu [Orontes])</a>, <a href='http://oracc.museum.upenn.edu/riao/cbd/qpn-x-waters/onebigfile.html' target='_blank'>RIAo Glossary: Watercourses (Arantu [Orontes])</a>, <a href='http://oracc.museum.upenn.edu/atae/cbd/qpn-x-waters/onebigfile.html' target='_blank'>ATAE Glossary: Watercourses (Arantu [Orontes])</a>"
96,Aranziaš,"Aranziaš, Araziaš, Aranzēšu, Arazišu, Godin Tepe, Godin Teppe, Gūdīn Tapeh, گودین‌تپه",–,34.5184175900356,48.06839790656792,"KUR.a-ra-an-ze-e-šú, 𒆳𒀀𒊏𒀭𒍣𒂊𒋙, KUR.a-ra-an-ze-šú, 𒆳𒀀𒊏𒀭𒍣𒋙, KUR.a-ra-zi-aš, 𒆳𒀀𒊏𒍣𒀸, KUR.a-ra-zi-áš, 𒆳𒀀𒊏𒍣𒀾, KUR.a-ra-zi-šú, 𒆳𒀀𒊏𒍣𒋙, KUR.a-ra-zi-áš-a-a, 𒆳𒀀𒊏𒍣𒀾𒀀𒀀","territory, city, country","Mādāja, Iran",11 C2,"Bagg RGTC 7 3/1: 56–57 (Araziaš), Helsinki Atlas: 6 (Aranziaš; map 11 C2), <a href='https://zenodo.org/record/6384045' target='_blank'>Pedersén ANE: (Godin Teppe)</a>, <a href='https://zenodo.org/record/5217600' target='_blank'>CIGS: Gūdīn Tapeh</a>, <a href='http://oracc.museum.upenn.edu/riao/cbd/qpn-x-places/onebigfile.html' target='_blank'>RIAo Glossary: Places (Aranziaš)</a>, <a href='http://oracc.museum.upenn.edu/rinap/cbd/qpn-x-places/onebigfile.html' target='_blank'>RINAP Glossary: Places (Aranziaš)</a>, <a href='http://oracc.museum.upenn.edu/riao/cbd/qpn-x-places/onebigfile.html' target='_blank'>RIAo Glossary: Places (Araziaš)</a>, <a href='http://oracc.museum.upenn.edu/rinap/cbd/qpn-x-places/onebigfile.html' target='_blank'>RINAP Glossary: Places (Araziaš)</a>, <a href='http://oracc.museum.upenn.edu/riao/cbd/qpn-x-ethnic/onebigfile.html' target='_blank'>RIAo Glossary: Ethnic (Araziašayu)</a>"
97,Aranziaše,"Aranziaš, Aranziaše, Aranziašu, Aranzēše",–,–,–,"URU.ar-an-ze-e-še, 𒌷𒅈𒀭𒍣𒂊𒊺, URU.ar-an-zi-a-še, 𒌷𒅈𒀭𒍣𒀀𒊺, URU.ar-an-zi-a-šu, 𒌷𒅈𒀭𒍣𒀀𒋗",city,"Rāši, Iran",11 C2,"Bagg RGTC 7 3/1: 53–54, Helsinki Atlas: 6 (Aranziaš; map 11 C2), <a href='http://oracc.museum.upenn.edu/riao/cbd/qpn-x-places/onebigfile.html' target='_blank'>RIAo Glossary: Places (Aranziaše)</a>, <a href='http://oracc.museum.upenn.edu/rinap/cbd/qpn-x-places/onebigfile.html' target='_blank'>RINAP Glossary: Places (Aranziaše)</a>"
1169,Arasidku,"Arasidku, Arisidku, Arasitku",–,–,–,"URU.a-ra-si-id-ku, 𒌷𒀀𒊏𒋛𒀉𒆪, URU.a-ri-si-id-ku, 𒌷𒀀𒊑𒋛𒀉𒆪",fortified city,"Māzamua, Zamru, Iraq",–,"Bagg RGTC 7 3/1: 55, Parpola Toponyms: 23 (Arasitku), <a href='http://oracc.museum.upenn.edu/riao/cbd/qpn-x-places/onebigfile.html' target='_blank'>RIAo Glossary: Places (Arasidku)</a>"
99,Arattâ,"Arattâ, Aratta, Āv-e Sīval, Āveh-ye Šalīr, Āv-i-Sīwail, Cham Siwayl, چم سويل, Nahr Sīwayl, نهر سيويل, Rūdḫāneh-ye Bāneh, Rūdkhāneh-ye Bāneh, Rūdkhāneh-ye Chowmān, Chemî Choman, چەمى چۆمان, Āw-e Chōmān",–,–,–,"ÍD.a-rat-ta-a, 𒀀𒇉𒀀𒋥𒋫𒀀",river,"Māzamua (?), Mannāja (?), Iraq (?), Iran (?)",–,"Bagg RGTC 7 3/2: 747–748, Parpola Toponyms: 24, <a href='https://www.geonames.org/90654/nahr-siwayl.html' target='_blank'>Geonames: Nahr Sīwayl</a>, <a href='https://www.geonames.org/97324/rudkhaneh-ye-baneh.html' target='_blank'>Geonames: Rūdkhāneh-ye Bāneh</a>, <a href='http://oracc.museum.upenn.edu/riao/cbd/qpn-x-waters/onebigfile.html' target='_blank'>RIAo Glossary: Waters (Aratta)</a>, <a href='http://oracc.museum.upenn.edu/rinap/cbd/qpn-x-waters/onebigfile.html' target='_blank'>RINAP Glossary: Waters (Aratta)</a>"
100,Araziqa,"Araziqa, Araziqu, Araziqi, Tall Baddaye, Tall Baddāja, Tall Baddayah, تل بداية, Baddāja, Baddayah, Baddaye, بداية, Tall al-Ḥaǧǧ (?), Tell el-Hajj (?), تل الحاج (?), Tall Karūs (?), Tall Karus (?), Tall Kārūs (?), تل كاروس (?)",1,36.732259,38.119292,"URU.a-ra-zi-qi, 𒌷𒀀𒊏𒍣𒆥",city,Syria,–,"<a href='https://books.openedition.org/cdf/4564' target='_blank'>MTT I/2: Araziqu (HIGEOMES Nr. 210)</a>, <a href='https://books.openedition.org/cdf/4514' target='_blank'>MTT I/3: Tall Baddaye (بداية)</a>, <a href='https://zenodo.org/record/6384045' target='_blank'>Pedersén ANE: Araziqa? (Tell el-Hajj)?</a>, <a href='https://www.geonames.org/171466/bidayah.html' target='_blank'>Geonames: Bidāyah</a>, <a href='https://books.openedition.org/cdf/4512' target='_blank'>MTT I/3: Tall al-Hajj (الحاج; HIGEOMES Nr. 50)</a>, <a href='https://www.geonames.org/9048/tall-al-hajj.html' target='_blank'>Geonames: Tall al Ḩājj</a>, <a href='https://www.geonames.org/168540/karus.html' target='_blank'>Geonames: Kārūs</a>"
101,Arbail,"Arbail, Arbela, Arbēla, Arbīl, Irbīl, Irbil, Erbil, أربيل‎",1,36.19142946302531,44.00900837810713,"arba-ìl, 𒋰𒋰𒀭, arba-ìl.KI, 𒋰𒋰𒀭𒆠, DUMU.arba-ìl, 𒌉𒋰𒋰𒀭, DUMU-URU.arba-ìl, 𒌉𒌷𒋰𒋰𒀭, DUMU.MEŠ-URU.arba-ìl, 𒌉𒈨𒌍𒌷𒋰𒋰𒀭, URU.ar-ba-ìl, 𒌷𒅈𒁀𒀭, URU.ár-ba-ìl, 𒌷𒌒𒁀𒀭, URU.arba, 𒌷𒋰𒋰, URU.arba-ìl, 𒌷𒋰𒋰𒀭, URU.arba-ìl.KI, 𒌷𒋰𒋰𒀭𒆠, URU.er-ba-ìl, 𒌷𒅕𒁀𒀭, URU.arba-ìl-a-a, 𒌷𒋰𒋰𒀭𒀀𒀀",city,"Assyria, Iraq",4 C5,"Helsinki Atlas: 6 (map 4 C5), Bagg RGTC 7 2/1: 53–57, <a href='https://zenodo.org/record/6384045' target='_blank'>Pedersén ANE: Erbil</a>"
102,Arbakki,"Arbakki, Arbakku, Gre Dimse, Grê Dimsê, Arwah (?)",–,37.82752627155773,40.96629379966445,"KUR.ar-ba-ki, 𒆳𒅈𒁀𒆠, KUR.ar-ba-ak-ki, 𒆳𒅈𒁀𒀝𒆠, URU.ar-ba-ki, 𒌷𒅈𒁀𒆠, URU.ar-ba-ak-ki, 𒌷𒅈𒁀𒀝𒆠, URU.ár-ba-ak-ki, 𒌷𒌒𒁀𒀝𒆠","city, territory","Ḫabḫu, Turkey",–,"Bagg RGTC 7 2/1: 58, <a href='https://zenodo.org/record/6384045' target='_blank'>Pedersén ANE: (Gre Dimse)</a>, <a href='https://books.openedition.org/cdf/4487' target='_blank'>MTT I/3: Gre Dimse (HIGEOMES Nr. 221)</a>, <a href='http://oracc.museum.upenn.edu/riao/cbd/qpn-x-places/onebigfile.html' target='_blank'>RIAo Glossary: Places (Arbakku)</a>"
1254,Arbu,Arbu,–,–,–,"URU.ar-bu, 𒌷𒅈𒁍",city,"Urarṭu, Armarijalî, Iran, West Azerbaijan",–,"Bagg RGTC 7 3/1: 58, Parpola Toponyms: 27, <a href='http://oracc.museum.upenn.edu/riao/cbd/qpn-x-places/onebigfile.html' target='_blank'>RIAo Glossary: Places (Arbu [1])</a>, <a href='http://oracc.museum.upenn.edu/rinap/cbd/qpn-x-places/onebigfile.html' target='_blank'>RINAP Glossary: Places (Arbu [1])</a>"
105,Arbunâ,"Arbunâ, Arbuna",–,–,–,"URU.ar-bu-na-a, 𒌷𒅈𒁍𒈾𒀀",town,"Balīḫ basin (?), Syria (?)",–,"Bagg RGTC 7 2/1: 59, <a href='http://oracc.museum.upenn.edu/atae/cbd/qpn-x-places/onebigfile.html' target='_blank'>ATAE Glossary: Places (Arbuna)</a>, <a href='http://oracc.museum.upenn.edu/saao/cbd/qpn-x-places/onebigfile.html' target='_blank'>SAAo Glossary: Places (Arbuna)</a>"
103,Arbātu,"Arbātu, Arbate, Arbatu, Dunnum (?), Tell Khaumat Hajin (?), Tall Khaumat Hajin (?), Tall Khaumat Haǧīn (?), Tall Ḥawmat Hayin, Qal'at es-Salihiye (?), aṣ-Ṣāliḥīyah (?), Dura-Europos (?), Doura'Europus (?), Δοῦρα Εὐρωπός, aç-Çaʾābi (?), Tall ʿAfrīya (?), Ac-Caʿâbi (?), ač-Čaʿâbi (?), Jubb el Bahra (?), Tell Jubb el-Bahra (?)",4,34.712590,40.825198,"URU.ar-ba-te, 𒌷𒅈𒁀𒋼",town,"Lāqê, Syria",–,"Bagg RGTC 7 2/1: 58–59 (Arbate), <a href='https://zenodo.org/record/6384045' target='_blank'>Pedersén ANE: Arbatu? (Tell Khaumat Hajin)</a>, <a href='https://books.openedition.org/cdf/4487' target='_blank'>MTT I/3: Khaumat Hajin, Tall (HIGEOMES Nr. 277)</a>, <a href='https://www.geonames.org/384722/tall-khaymat-hajin.html' target='_blank'>Geonames: Tall Khaymat Hajīn</a>, Musil (1927): <i>The Middle Euphrates: A Topographical Itinerary</i>: 204 and map c4 (ač-Čaʿâbi), <a href='https://books.openedition.org/cdf/4487' target='_blank'>MTT I/3: Jubb el Bahra / Ac-Caʿâbi (HIGEOMES Nr. 1037)</a>, <a href='https://zenodo.org/record/6384045' target='_blank'>Pedersén ANE: (Tell Jubb el-Bahra)</a>, <a href='http://oracc.museum.upenn.edu/riao/cbd/qpn-x-places/onebigfile.html' target='_blank'>RIAo Glossary: Places (Arbatu)</a>"
106,Ardata,"Ardata, Ardeh, Ardah, Ardia, أردة, Tell Ardé",–,34.40848657345114,35.91466869191392,–,town,Lebanon,–,"<a href='https://zenodo.org/record/6384045' target='_blank'>Pedersén ANE: Ardata (Tell Ardé)</a>, <a href='https://www.geonames.org/278653/arde.html' target='_blank'>Ardé</a>"
1292,Argada,Argada,–,–,–,"URU.ar-ga-da, 𒌷𒅈𒂵𒁕",town,"Dēru, Jamutbalu, Iraq, Iran (?)",–,"Bagg RGTC 7 2/1: 60, Parpola Toponyms: 28, <a href='http://oracc.museum.upenn.edu/saao/cbd/qpn-x-places/onebigfile.html' target='_blank'>SAAo Glossary: Places (Argada [1])</a>, <a href='http://oracc.museum.upenn.edu/atae/cbd/qpn-x-places/onebigfile.html' target='_blank'>ATAE Glossary: Places (Argada [1])</a>"
107,Arganâ,"Arganâ, Arzigana, Ḫarganā, Arīḥā, أريحا, Rīḥā, Arziġān at-Taḥtāni, ar-Rūǧ territory, Ǧabal az-Zāwiya territory, Qalʿat al-Muḍīq territory, Tall Arguni, Tall Qasṭūn",3,35.81374,36.60964,"URU.ar-ga-na-a, 𒌷𒅈𒂵𒈾𒀀",city,"Ḫamāt, Syria",2 D5,"Helsinki Atlas: 6 (map 2 D5), Bagg RGTC 7 1: 20–21, <a href='https://www.geonames.org/172994/ariha.html' target='_blank'>Geonames: Arīḩā</a>, <a href='http://oracc.museum.upenn.edu/riao/cbd/qpn-x-places/onebigfile.html' target='_blank'>RIAo Glossary: Places (Argana)</a>"
110,Argite,"Argite, Tall ʿArqūnī, Tall ‘Arqūnī, Tall ʿArquni, Tell Arquni, تل عرقوني, Shārat Tall Arqūnī, شارة تل عرقوني",–,34.58147681370621,36.65652456765089,"URU.ar-gi-te, 𒌷𒅈𒄀𒋼",station,Syria,–,"Bagg RGTC 7 1: 21, <a href='https://zenodo.org/record/6384045' target='_blank'>Pedersén ANE: (Tell Arquni)</a>, <a href='https://www.geonames.org/172979/tall-arquni.html' target='_blank'>Geonames: Tall ‘Arqūnī</a>, <a href='http://oracc.museum.upenn.edu/atae/cbd/qpn-x-places/onebigfile.html' target='_blank'>ATAE Glossary: Places (Argite)</a>, <a href='http://oracc.museum.upenn.edu/saao/cbd/qpn-x-places/onebigfile.html' target='_blank'>SAAo Glossary: Places (Argite)</a>"
109,Argištiuna,"Argištiuna, Argistiuna, Argistiani, Irgistiani, Qalʿe Esmaʾīl Āġā, Qal‘eh-ye Esmā‘īl Āqā, قلعه اسماعیل آقا, Esmā‘īlāqā Qal‘ehsī, اِسماعيلاقا قَلعِهسی",–,37.6651,44.9296,"URU.ar-giš-ti-ú-na, 𒌷𒅈𒄑𒋾𒌑𒈾, URU.ir-gi-is-ti-a-ni, 𒌷𒅕𒄀𒄑𒋾𒀀𒉌",fortified city,"Aiadi, Iran",–,"Bagg RGTC 7 3/1: 59, Parpola Toponyms: 28 (Argistiuna), <a href='https://www.geonames.org/20925/qal-eh-ye-esma-il-aqa.html' target='_blank'>Geonames: Qal‘eh-ye Esmā‘īl Āqā</a>, <a href='http://oracc.museum.upenn.edu/atae/cbd/qpn-x-places/onebigfile.html' target='_blank'>ATAE Glossary: Places (Argistiani)</a>, <a href='http://oracc.museum.upenn.edu/saao/cbd/qpn-x-places/onebigfile.html' target='_blank'>SAAo Glossary: Places (Argistiani)</a>, <a href='http://oracc.museum.upenn.edu/riao/cbd/qpn-x-places/onebigfile.html' target='_blank'>RIAo Glossary: Places (Argištiuna)</a>, <a href='http://oracc.museum.upenn.edu/rinap/cbd/qpn-x-places/onebigfile.html' target='_blank'>RINAP Glossary: Places (Argištiuna)</a>"
108,Argištiḫinili,"Argištiḫinili, Argištihinili, Argishtikhinili, Armavir, Armaouira, Արմավիր, Davti-blur",1,40.08092,44.03321,–,city,"Urarṭu, Armenia",4 D1,"Helsinki Atlas: 6 (map 4 D1), <a href='https://zenodo.org/record/6384045' target='_blank'>Pedersén ANE: Argištihinili (Davti-blur)</a>, <a href='https://zenodo.org/record/5217600' target='_blank'>CIGS: Argištihinili, Armavir, Արմավիր</a>, <a href='https://pleiades.stoa.org/places/863745' target='_blank'>Pleiades: Armaouira</a>"
112,Ariawāte,"Ariawāte, Ariawate, Ariawati, Ariauāte, Ariauate, Ariauati, Arijuati, Arijuate, Ariyauate",3,36.8136498193733,40.2689290486881,"URU.a-ri-ia-u-a-te, 𒌷𒀀𒊑𒅀𒌋𒀀𒋼, URU.a-ri-a-ú-a-ti, 𒌷𒀀𒊑𒀀𒌑𒀀𒋾, URU.ar-ia-u-a-te, 𒌷𒅈𒅀𒌋𒀀𒋼",town,"Gūzāna province (?), Assyria (?), Syria (?), Iraq (?)",3 D4,"Bagg RGTC 7 2/1: 61 (Ariauāte), Helsinki Atlas: 6 (map 3 D4), Parpola Toponyms: 29 (Ariawati and Arijuate), <a href='https://www.google.com/maps/d/u/0/viewer?mid=1XWivnuuHzEfy0BJ6nMOdRbkLojLzahA&ll=36.81216107057386%2C40.270093621357375&z=17' target='_blank'>Maija Holappa's map</a>, <a href='https://www.ucl.ac.uk/sargon/peoplegodsplaces' target='_blank'>Assyrian empire builders: Ariawati</a>, <a href='http://oracc.museum.upenn.edu/atae/cbd/qpn-x-places/onebigfile.html' target='_blank'>ATAE Glossary: Places (Ariawate)</a>, <a href='http://oracc.museum.upenn.edu/saao/cbd/qpn-x-places/onebigfile.html' target='_blank'>SAAo Glossary: Places (Ariawate)</a>"
113,Aribi,"Aribi, Arabs",2,–,–,–,tribe,–,10 A1,Helsinki Atlas: 6 (map 10 A1; 9 C3; 8 C1; 8 B5)
114,Aribua,"Aribua, Ǧisr aš-Šuġūr, Jisr ash Shughūr, جسر الشغور, as-Safīra, As Safīrah, السفيرة, Sfaireh, Safira, Sfiré, Sfire",–,35.81418,36.31983,"URU.a-ri-bu-a, 𒌷𒀀𒊑𒁍𒀀",fortified city,"Pattinu, Syria",–,"Bagg RGTC 7 1: 22, <a href='https://www.geonames.org/169023/jisr-ash-shughur.html' target='_blank'>Geonames: Jisr ash Shughūr</a>, <a href='https://zenodo.org/record/6384045' target='_blank'>Pedersén ANE: (Safira)?</a>, <a href='https://www.geonames.org/172503/as-safirah.html' target='_blank'>Geonames: As Safīrah</a>, <a href='http://oracc.museum.upenn.edu/riao/cbd/qpn-x-places/onebigfile.html' target='_blank'>RIAo Glossary: Places (Aribua)</a>"
117,Ariru,Ariru,–,–,–,"URU.a-ri-ra-a-a, 𒌷𒀀𒊑𒊏𒀀𒀀, URU.a-ri-x x x (?), 𒌷𒀀𒊑x x x (?)",town,"Central Assyria (?), Kalḫu province (?), Iraq (?)",–,Bagg RGTC 7 2/1: 62–63
118,Armarialî,"Armarialî, Armarialī, Armariali, Armarijalî, Armarijali, Armariyalî, Armariyali, Armarilî, Armarīlî, Armiraliu, Armiraliju, Armiraliyu, Aramalê, Aramale, Aramalū, Aramariyali, Plain of Salmās, Plain of Šahpūr, Zola Čāy valley, Zūlā Chāy valley",2,38.1973,44.7653,"URU.a-ra-ma-le-e, 𒌷𒀀𒊏𒈠𒇷𒂊, KUR.ar-ma-ri-ia-li-i, 𒆳𒅈𒈠𒊑𒅀𒇷𒄿, KUR.ar-ma-ri-li-i, 𒆳𒅈𒈠𒊑𒇷𒄿, KUR.ár-mir-a-li-u, 𒆳𒌒𒂇𒀀𒇷𒌋","district, city","Urarṭu, Iran, West Azerbaijan",4 D3,"Bagg RGTC 7 3/1: 62 (Armarijalî), Helsinki Atlas: 6 (map 4 D3), Parpola Toponyms: 22 (Aramalê), Parpola Toponyms: 30 (Armarīlî), <a href='https://www.geonames.org/117656/salmas.html' target='_blank'>Geonames: Salmās</a>, <a href='https://www.geonames.org/110896/rudkhaneh-ye-fasli-ye-zula-chay.html' target='_blank'>Geonames: Rūdkhāneh-ye Faşlī-ye Zūlā Chāy</a>, <a href='https://www.ucl.ac.uk/sargon/peoplegodsplaces' target='_blank'>Assyrian empire builders: Armiraliu</a>, <a href='http://oracc.museum.upenn.edu/riao/cbd/qpn-x-places/onebigfile.html' target='_blank'>RIAo Glossary: Places (Aramariyali [1])</a>, <a href='http://oracc.museum.upenn.edu/saao/cbd/qpn-x-places/onebigfile.html' target='_blank'>SAAo Glossary: Places (Armariyali [1])</a>, <a href='http://oracc.museum.upenn.edu/riao/cbd/qpn-x-places/onebigfile.html' target='_blank'>RIAo Glossary: Places (Armariyali [1])</a>, <a href='http://oracc.museum.upenn.edu/rinap/cbd/qpn-x-places/onebigfile.html' target='_blank'>RINAP Glossary: Places (Armariyali [1])</a>, <a href='http://oracc.museum.upenn.edu/atae/cbd/qpn-x-places/onebigfile.html' target='_blank'>ATAE Glossary: Places (Armariyali [1])</a>, <a href='http://oracc.museum.upenn.edu/saao/cbd/qpn-x-places/onebigfile.html' target='_blank'>SAAo Glossary: Places (Armiraliu [1])</a>"
1249,Arna,Arna,–,–,–,"URU.ar-na, 𒌷𒅈𒈾","city, fortified city","Urarṭu, Armarijalî, Iran, West Azerbaijan",–,"Bagg RGTC 7 3/1: 63, Parpola Toponyms: 30, <a href='http://oracc.museum.upenn.edu/rinap/cbd/qpn-x-places/onebigfile.html' target='_blank'>RINAP Glossary: Places (Arna [1])</a>, <a href='http://oracc.museum.upenn.edu/riao/cbd/qpn-x-places/onebigfile.html' target='_blank'>RIAo Glossary: Places (Arna [1])</a>"
119,Arnabāni,"Arnabāni, Arnabani, Arnabānu, Arnabanu, Tarnip (?), Ternib (?), Tall Tamir (?), تل تمر, Tall Tāmir (?), تل تامر, Tall Fweidat (?), تل فويضات, Tall Rummān (?), Tall Rumman (?), Tell Rumman (?), تل رمان",3,36.65892821383595,40.3650897877252,"URU.ar-na-ba-ni, 𒌷𒅈𒈾𒁀𒉌",town,Syria,3 D4,"Bagg RGTC 7 2/1: 63–64, Helsinki Atlas: 6 (map 3 D4), Parpola Toponyms: 30 (Arnabani), <a href='https://zenodo.org/record/6384045' target='_blank'>Pedersén ANE: (Tell Tamir)</a>, <a href='https://books.openedition.org/cdf/4487' target='_blank'>MTT I/3: Tall Tamir (HIGEOMES Nr. 770)</a>, <a href='https://www.geonames.org/163434/tall-tamr.html' target='_blank'>Geonames: Tall Tamr</a>, <a href='https://www.google.com/maps/d/u/0/viewer?mid=1XWivnuuHzEfy0BJ6nMOdRbkLojLzahA&ll target='_blank'>Maija Holappa's map</a>, <a href='https://zenodo.org/record/6384045' target='_blank'>Pedersén ANE: (Tell Rumman)</a>, <a href='https://books.openedition.org/cdf/4487' target='_blank'>MTT I/3: Tall Rumman (HIGEOMES Nr. 267)</a>, <a href='https://www.geonames.org/165208/tall-rumman.html' target='_blank'>Geonames: Tall Rummān</a>, <a href='http://oracc.museum.upenn.edu/riao/cbd/qpn-x-places/onebigfile.html' target='_blank'>RIAo Glossary: Places (Arnabanu)</a>"
120,Arnê,"Arnê, Arne, Arna (?), ʾArnaya (?), Tell ʿArān, Tall ‘Aran, Tell 'Aran, تل عرن, Erin",2,36.12419923515463,37.34718400043174,"URU.ar-né-e, 𒌷𒅈𒉌𒂊","capital, city","Bīt-Agūsi, Syria",2 D4,"Helsinki Atlas: 6 (map 2 D4), Bagg RGTC 7 1: 23, <a href='https://zenodo.org/record/6384045' target='_blank'>Pedersén ANE: (Tell 'Aran)</a>, <a href='https://www.geonames.org/163668/tall-aran.html' target='_blank'>Geonames: Tall ‘Aran</a>, <a href='http://oracc.museum.upenn.edu/riao/cbd/qpn-x-places/onebigfile.html' target='_blank'>RIAo Glossary: Places (Arne)</a>"
121,Arpadda,"Arpadda, Arpada, Arpad, ʾrpd, 𐡀𐡓𐡐𐡃, ʾArpād, אַרְפָּד, Ḫurpata, Tell Rifʿat, Tall Rifʿat, Tell Rifa'at, تل رفعت",2,36.47262,37.09464,"ar-pad-da, 𒅈𒉻𒁕, KUR.ar-pad-da, 𒆳𒅈𒉻𒁕, KUR.ár-pad-da, 𒆳𒌒𒉻𒁕, KUR.URU.ar-pad-dà, 𒆳𒌷𒅈𒉻𒆕, URU.ar-pa-da, 𒌷𒅈𒉺𒁕, URU.ar-pad-da, 𒌷𒅈𒉻𒁕, URU.ar-pad-du, 𒌷𒅈𒉻𒁺, URU.ár-pa-da, 𒌷𒌒𒉺𒁕, URU.ár-pad-da, 𒌷𒌒𒉻𒁕, ár-pad-da-a-a-te, 𒌒𒉻𒁕𒀀𒀀𒋼, KUR.ar-pa-da-a-a, 𒆳𒅈𒉺𒁕𒀀𒀀, KUR.ár-pad-da-a-a, 𒆳𒌒𒉻𒁕𒀀𒀀, URU.ar-pad-da-a-a, 𒌷𒅈𒉻𒁕𒀀𒀀, URU.ár-pad-da-a-a, 𒌷𒌒𒉻𒁕𒀀𒀀, 𐡀𐡓𐡐𐡃, אַרְפָּד","prov. capital, city","Bīt-Agūsi, Arpadda province, Syria",2 D4,"Helsinki Atlas: 6 (map 2 D4), Bagg RGTC 7 1: 23–25, <a href='https://zenodo.org/record/6384045' target='_blank'>Pedersén ANE: Arpadda (Tell Rifa'at)</a>, <a href='https://pleiades.stoa.org/places/122919705' target='_blank'>Pleiades: Arpadda</a>, <a href='https://www.geonames.org/10304764/tall-rif-at.html' target='_blank'>Geonames: Tall Rif‘at</a>, <a href='http://oracc.museum.upenn.edu/riao/cbd/qpn-x-ethnic/onebigfile.html' target='_blank'>RIAo Glossary: Ethnic</a>, <a href='http://oracc.museum.upenn.edu/atae/cbd/qpn-x-places/onebigfile.html' target='_blank'>ATAE Glossary: Places</a>, <a href='http://oracc.museum.upenn.edu/saao/cbd/qpn-x-places/onebigfile.html' target='_blank'>SAAo Glossary: Places</a>, <a href='http://oracc.museum.upenn.edu/rinap/cbd/qpn-x-places/onebigfile.html' target='_blank'>RINAP Glossary: Places</a>, <a href='http://oracc.museum.upenn.edu/saao/cbd/qpn-x-ethnic/onebigfile.html' target='_blank'>SAAo Glossary: Ethnic</a>, <a href='https://www.ucl.ac.uk/sargon/peoplegodsplaces' target='_blank'>Assyrian empire builders: Arpadda</a>, <a href='http://oracc.museum.upenn.edu/saao/knpp/peoplegodsplaces/index.html' target='_blank'>Knowledge and Power: Arpadda</a>"
122,Arqâ,"Arqâ, Irqanat, Irqanatu, Irqanata, Arkata, Irkata, Irqata, ʿrqw, 𐡏𐡓𐡒𐡅‎‎, br ʿrqj, 𐡁𐡓 𐡏𐡓𐡒𐡉, ʿArqî, עַרְקִי, Arka, Arkē, ʿrq, 𐤏𐤓𐤒‎, Arca, Archis, Caesarea ad Libanum, Herakleia en Phoinike, Tallat ‘Arqah, Tallet Aarqa, Tell Arho, Tell ʿArqâ, عرقا",1,34.53049166522992,36.04676509657723,"KUR.ar-qa-a, 𒆳𒅈𒋡𒀀, URU.ar-qa-a, 𒌷𒅈𒋡𒀀, ar-qa-a-a, 𒅈𒋡𒀀𒀀, KUR.ir-qa-na-ta-a-a, 𒆳𒅕𒋡𒈾𒋫𒀀𒀀, ʿrqw, 𐡏𐡓𐡒𐡅‎‎, br ʿrqj, 𐡁𐡓 𐡏𐡓𐡒𐡉, ʿrq, 𐤏𐤓𐤒‎, עַרְקִי",city,"Ḫamāt, Phoenicia, Syria",8 A2,"Helsinki Atlas: 6 (map 8 A2), Bagg RGTC 7 1: 25–26, <a href='https://zenodo.org/record/6384045' target='_blank'>Pedersén ANE: Irqata (Tell 'Arqa)</a>, <a href='https://pleiades.stoa.org/places/668198' target='_blank'>Pleiades: Arca/Herakleia en Phoinike/Caesarea ad Libanum</a>, <a href='https://www.geonames.org/278534/tallet-aarqa.html' target='_blank'>Geonames: Tallet Aarqa</a>, <a href='http://oracc.museum.upenn.edu/riao/cbd/qpn-x-places/onebigfile.html' target='_blank'>RIAo Glossary: Places (Arqa)</a>, <a href='http://oracc.museum.upenn.edu/rinap/cbd/qpn-x-places/onebigfile.html' target='_blank'>RINAP Glossary: Places (Arqa)</a>, <a href='http://oracc.museum.upenn.edu/saao/cbd/qpn-x-ethnic/onebigfile.html' target='_blank'>SAAo Glossary: Ethnic (Arqaya)</a>, <a href='http://oracc.museum.upenn.edu/riao/cbd/qpn-x-ethnic/onebigfile.html' target='_blank'>RIAo Glossary: Ethnic (Irqanatayu)</a>"
123,Arqānia,"Arqānia, Arqania, Arkānia, Arkania, Arkanâ, Yaylım Dağı, Ergani mountains, Sakız Dağı",–,38.49845,39.6579,"KUR.ar-ka-a-na-a, 𒆳𒅈𒅗𒀀𒈾𒀀, KUR.ar-qa-ni-a, 𒆳𒅈𒋡𒉌𒀀",mountain,"Mallānu, Turkey",3 C2,"Bagg RGTC 7 2/1: 64, Helsinki Atlas: 6 (map 3 C2), <a href='https://www.geonames.org/10354271/yaylim-dagi.html' target='_blank'>Geonames: Yaylım Dağı</a>, <a href='https://www.geonames.org/305035/maden-daglari.html' target='_blank'>Geonames: Maden Dağları</a>, <a href='https://www.geonames.org/10354295/sakiz-dagi.html' target='_blank'>Geonames: Sakız Dağı</a>, <a href='http://oracc.museum.upenn.edu/riao/cbd/qpn-x-places/onebigfile.html' target='_blank'>RIAo Glossary: Places (Arqania)</a>"
124,Arrakdi,"Arrakdi, Arragdi, Arrakdu, Arrakdia, Arikdin, Tukultī-Aššur-aṣbat, Tukulti-Aššur-aṣbat, Bingird, Binkird, بنكرد, بنگرد, Bingirdî Muwan, Bin Gerd-i Muan, بنگردى مووان",4,35.37721539926437,45.71499034146485,"KUR.ár-rak-di-a, 𒆳𒌒𒊩𒁲𒀀, URU.a-ra-ak-di, 𒌷𒀀𒊏𒀝𒁲, URU.a-rak-di, 𒌷𒀀𒊩𒁲, URU.ar-ra-ak-di, 𒌷𒅈𒊏𒀝𒁲, URU.ar-ra-ag-di, 𒌷𒅈𒊏𒀝𒁲, URU.ar-rag-di, 𒌷𒅈𒊩𒁲, URU.GIŠ.tukul-ti-AŠ-aṣ-bat, 𒌷𒄑𒆪𒋾𒀸𒊍𒁁, GIŠ.tukul-ti-aš-šur-aṣ-bat, 𒄑𒆪𒋾𒀸𒋩𒊍𒁁, URU.GIŠ.tukul-ti-aš-šur-aṣ-bat, 𒌷𒄑𒆪𒋾𒀸𒋩𒊍𒁁, URU.GIŠ.tukul-ti-aš-šur-DIB-at, 𒌷𒄑𒆪𒋾𒀸𒋩𒁳𒀜",town,"Māzamua, Iraq",10 E1,"Bagg RGTC 7 3/1: 63–64 (Arrakdi), Bagg RGTC 7 3/2: 569–570 (Tukulti-Aššur-aṣbat), Helsinki Atlas: 6 (Arragdi; map 10 E1), Parpola Toponyms: 31 (Arrakdi), Parpola Toponyms: 359 (Tukultī-Aššūr-aṣbat), Radner (2017): <i>A Neo-Assyrian Legal Document from Tell Sitak</i>: 428, <a href='https://zenodo.org/record/6384045' target='_blank'>Pedersén ANE: (Bin Gerd-i Muan)</a>, <a href='https://www.geonames.org/384618/bingird.html' target='_blank'>Geonames: Bingird</a>, <a href='https://www.geonames.org/417099/bingird.html' target='_blank'>Geonames: Bingird</a>, <a href='https://www.ucl.ac.uk/sargon/peoplegodsplaces' target='_blank'>Assyrian empire builders: Arrakdi</a>, <a href='http://oracc.museum.upenn.edu/atae/cbd/qpn-x-places/onebigfile.html' target='_blank'>ATAE Glossary: Places (Arragdi)</a>, <a href='http://oracc.museum.upenn.edu/saao/cbd/qpn-x-places/onebigfile.html' target='_blank'>SAAo Glossary: Places (Arragdi)</a>, <a href='http://oracc.museum.upenn.edu/atae/cbd/qpn-x-places/onebigfile.html' target='_blank'>ATAE Glossary: Places (Arrakdi)</a>, <a href='http://oracc.museum.upenn.edu/saao/cbd/qpn-x-places/onebigfile.html' target='_blank'>SAAo Glossary: Places (Arrakdi)</a>, <a href='http://oracc.museum.upenn.edu/riao/cbd/qpn-x-places/onebigfile.html' target='_blank'>RIAo Glossary: Places (Arrakdia)</a>, <a href='http://oracc.museum.upenn.edu/riao/cbd/qpn-x-places/onebigfile.html' target='_blank'>RIAo Glossary: Places (Arrakdu [OTHER NAME OF TUKULTI-AššUR-AṣBAT])</a>, <a href='http://oracc.museum.upenn.edu/riao/cbd/qpn-x-places/onebigfile.html' target='_blank'>RIAo Glossary: Places (Tukulti-Aššur-aṣbat)</a>"
125,Arrapḫa,"Arrapḫa, Arrapha, Arrapḫum, Arrapḫe, Arrapḫi, Arrapachitis, Karkha de Beth Seluk, Karkūk, Kirkuk, كركوك, ʿArafah, عرفة",1,35.46963498392900,44.39572259774410,"ár-rap-ḫa, 𒌒𒊐𒄩, arrap-ḫa, 𒋰𒋰𒄩, arrap-ḫa.KI, 𒋰𒋰𒄩𒆠, KUR.arrap-ḫa, 𒆳𒋰𒋰𒄩, URU.ár-arrap-ḫa, 𒌷𒌒𒋰𒋰𒄩, URU.a-rap-ḫa, 𒌷𒀀𒊐𒄩, URU.ar-rap-ḫa, 𒌷𒅈𒊐𒄩, URU.ar-rap-ḫi, 𒌷𒅈𒊐𒄭, URU.ár-rap-ḫa, 𒌷𒌒𒊐𒄩, URU.ár-rap-ḫe, 𒌷𒌒𒊐𒄭, URU.arrap-ḫa, 𒌷𒋰𒋰𒄩, URU.arrap-ra-ap-ḫa, 𒌷𒋰𒋰𒊏𒀊𒄩, ar-rap-ḫa-ia, 𒅈𒊐𒄩𒅀, URU.ar-rap-ḫa-a-a, 𒌷𒅈𒊐𒄩𒀀𒀀, URU.arrap-ḫa-a-a, 𒌷𒋰𒋰𒄩𒀀𒀀",city,"Assyria, Arrapḫa province, Iraq",10 D1,"Helsinki Atlas: 6 (map 10 D1), Bagg RGTC 7 2/1: 64–68, <a href='https://zenodo.org/record/6384045' target='_blank'>Pedersén ANE: Arrapha (Kirkuk)</a>, <a href='https://pleiades.stoa.org/places/893941' target='_blank'>Pleiades: Arrapha/Karkha de Beth Seluk</a>, <a href='https://www.geonames.org/98715/mahallat-urfah.html' target='_blank'>Geonames: Maḩallat ‘Urfah (Arrapha/Arripha)</a>, <a href='http://oracc.museum.upenn.edu/saao/knpp/peoplegodsplaces/index.html' target='_blank'>Knowledge and Power: Arrapha</a>, <a href='https://www.ucl.ac.uk/sargon/peoplegodsplaces' target='_blank'>Assyrian empire builders: Arrapha</a>, <a href='http://oracc.museum.upenn.edu/atae/cbd/qpn-x-places/onebigfile.html' target='_blank'>ATAE Glossary: Places</a>, <a href='http://oracc.museum.upenn.edu/saao/cbd/qpn-x-places/onebigfile.html' target='_blank'>SAAo Glossary: Places</a>, <a href='http://oracc.museum.upenn.edu/riao/cbd/qpn-x-places/onebigfile.html' target='_blank'>RIAo Glossary: Places</a>, <a href='http://oracc.museum.upenn.edu/rinap/cbd/qpn-x-places/onebigfile.html' target='_blank'>RINAP Glossary: Places</a>, <a href='http://oracc.museum.upenn.edu/saao/cbd/qpn-x-ethnic/onebigfile.html' target='_blank'>SAAo Glossary: Ethnic</a>, <a href='http://oracc.museum.upenn.edu/rinap/cbd/qpn-x-ethnic/onebigfile.html' target='_blank'>RINAP Glossary: Ethnic</a>"
1140,Arsindu,"Arsindu, Arsiandu",–,–,–,"URU.ár-si-an-du, 𒌷𒌒𒋛𒀭𒁺, URU.ár-si-in-du, 𒌷𒌒𒋛𒅔𒁺","city, fortified city","Māzamua, Iran (?), Iraq (?)",–,"Bagg RGTC 7 3/1: 65, Parpola Toponyms: 33, <a href='http://oracc.museum.upenn.edu/riao/cbd/qpn-x-places/onebigfile.html' target='_blank'>RIAo Glossary: Places (Arsiandu)</a>, <a href='http://oracc.museum.upenn.edu/riao/cbd/qpn-x-places/onebigfile.html' target='_blank'>RIAo Glossary: Places (Arsindu)</a>"
128,Artulu,"Artulu, Kululu Kalesi, Kululu, Kayserı, Aksaray",3,38.9696782,36.1335874,"URU.ar-tu-lu, 𒌷𒅈𒌅𒇻",city,"Tabālu, Turkey","2 B2, 1 D2","Bagg RGTC 7 1: 26, Helsinki Atlas: 6 (Artulu and Artulu (alt. loc.); map 2 B2 and 1 D2), <a href='https://pleiades.stoa.org/places/543726022' target='_blank'>Pleiades: Kululu Kalesi</a>, <a href='https://www.geonames.org/305739/kululu.html' target='_blank'>Geonames: Kululu</a>, <a href='https://pleiades.stoa.org/places/619164' target='_blank'>Pleiades: Aksaray</a>, <a href='https://pleiades.stoa.org/places/629035' target='_blank'>Pleiades: Kayserı</a>, <a href='http://oracc.museum.upenn.edu/riao/cbd/qpn-x-places/onebigfile.html' target='_blank'>RIAo Glossary: Places (Artulu)</a>"
1198,Arubê,"Arubê, Arube",–,–,–,"URU.a-ru-be-e, 𒌷𒀀𒊒𒁁𒂊, URU.a-ru-bé-e, 𒌷𒀀𒊒𒁉𒂊",town,"Nimme, Iraq",–,"Bagg RGTC 7 3/1: 69, Parpola Toponyms: 34, <a href='http://oracc.museum.upenn.edu/riao/cbd/qpn-x-places/onebigfile.html' target='_blank'>RIAo Glossary: Places (Arube)</a>"
1196,Aruni,"Aruni, Arunu, Arun, Kūh-e Kutur (?), Kird Kunī Kūtir (?), كرد كني كوتر, Kūh-e Reš (?), Gird-a Rash (?), Shax-î Girde Ṟesh (?), شاخى گردە ڕەش, Kirda Rashī (?), كرد رشي, Kirdash (?), كردش, Shax-î Kune Kotir (?), شاخى كونە كۆتر, Jabal Kūnah Kawtir (?), جبل كونه كوتر, Kona Koter (?), Kūnah Kutar (?), Kūnah Kūtir (?)",–,–,–,"KUR.a-ru-ni, 𒆳𒀀𒊒𒉌",mountain,"Nimme, Iraq",–,"Bagg RGTC 7 3/1: 69, Parpola Toponyms: 37 (Arun), <a href='https://www.geonames.org/417208/gird-a-rash.html' target='_blank'>Geonames: Gird-a Rash</a>, <a href='https://www.geonames.org/7425916/kird-kuni-kutir.html' target='_blank'>Geonames: Kird Kunī Kūtir</a>, <a href='https://www.geonames.org/7426281/kirda-rashi.html' target='_blank'>Geonames: Kirda Rashī</a>, <a href='https://www.geonames.org/94233/shax-i-kune-kotir.html' target='_blank'>Geonames: Shax-î Kune Kotir</a>, <a href='http://oracc.museum.upenn.edu/riao/cbd/qpn-x-places/onebigfile.html' target='_blank'>RIAo Glossary: Places (Arunu)</a>"
1199,Arura,Arura,–,–,–,"URU.a-ru-ra, 𒌷𒀀𒊒𒊏",town,"Nimme, Iraq",–,"Bagg RGTC 7 3/1: 69–70, Parpola Toponyms: 37, <a href='http://oracc.museum.upenn.edu/riao/cbd/qpn-x-places/onebigfile.html' target='_blank'>RIAo Glossary: Places (Arura)</a>"
130,Arwāda,"Arwāda, Arwada, Arwād, Arwad, Arvad, Armāda, Armada, ʾrwd, ʾrwdj, Arados, Aradus, ʾArwād, אַרְוַד, أرواد, ar-Ruwād",1,34.85621320445058,35.85873404621756,"KUR.a-ru-a-di, 𒆳𒀀𒊒𒀀𒁲, KUR.a-ru-ad-da, 𒆳𒀀𒊒𒀜𒁕, KUR.a-ru-ú-ad-da, 𒆳𒀀𒊒𒌑𒀜𒁕, KUR.a-ru-ú-da, 𒆳𒀀𒊒𒌑𒁕, KUR.a-ru-ud-da, 𒆳𒀀𒊒𒌓𒁕, KUR.ar-u-a-da, 𒆳𒅈𒌋𒀀𒁕, KUR.ar-ú-a-da, 𒆳𒅈𒌑𒀀𒁕, KUR.ar-ú-ad-da, 𒆳𒅈𒌑𒀜𒁕, KUR.ar-ú-da, 𒆳𒅈𒌑𒁕, LÚ-KUR.ar-ú-ad-da, 𒇽𒆳𒅈𒌑𒀜𒁕, URU.a-ru-ad-da, 𒌷𒀀𒊒𒀜𒁕, URU.a-ru-a-di, 𒌷𒀀𒊒𒀀𒁲, URU.ar-ma-da, 𒌷𒅈𒈠𒁕, URU.ar-ma-di, 𒌷𒅈𒈠𒁲, URU.ar-u-a-da, 𒌷𒅈𒌋𒀀𒁕, URU.ar-ú-a-da, 𒌷𒅈𒌑𒀀𒁕, KUR.ar-ma-da-a-ia, 𒆳𒅈𒈠𒁕𒀀𒅀, URU.a-ru-da-a-a, 𒌷𒀀𒊒𒁕𒀀𒀀, URU.ar-ma-da-a-a, 𒌷𒅈𒈠𒁕𒀀𒀀, אַרְוַד, ʾrwd, 𐤀𐤓𐤅𐤃, ʾrwdj, 𐤀𐤓𐤅𐤃𐤉","city, island","Phoenicia, Syria",8 A2,"Helsinki Atlas: 6 (map 8 A2), Bagg RGTC 7 1: 27–29, <a href='https://zenodo.org/record/6384045' target='_blank'>Pedersén ANE: Arwad</a>, <a href='https://pleiades.stoa.org/places/668197' target='_blank'>Pleiades: Arados</a>, <a href='http://oracc.museum.upenn.edu/saao/knpp/peoplegodsplaces/index.html' target='_blank'>Knowledge and Power: Arwad</a>, <a href='https://www.ucl.ac.uk/sargon/peoplegodsplaces' target='_blank'>Assyrian empire builders: Arwad</a>, <a href='http://oracc.museum.upenn.edu/atae/cbd/qpn-x-places/onebigfile.html' target='_blank'>ATAE Glossary: Places</a>, <a href='http://oracc.museum.upenn.edu/saao/cbd/qpn-x-places/onebigfile.html' target='_blank'>SAAo Glossary: Places</a>, <a href='http://oracc.museum.upenn.edu/riao/cbd/qpn-x-places/onebigfile.html' target='_blank'>RIAo Glossary: Places</a>, <a href='http://oracc.museum.upenn.edu/rinap/cbd/qpn-x-places/onebigfile.html' target='_blank'>RINAP Glossary: Places</a>, <a href='http://oracc.museum.upenn.edu/riao/cbd/qpn-x-ethnic/onebigfile.html' target='_blank'>RIAo Glossary: Ethnic</a>, <a href='http://oracc.museum.upenn.edu/rinap/cbd/qpn-x-ethnic/onebigfile.html' target='_blank'>RINAP Glossary: Ethnic</a>"
1142,Arzizu,"Arzizu, Arzizi, Rabat Tapah, Rabat Teppe, Rabat Tapeh, Rabat Tepe, ربت تپه, Shahrak-e Rabţ, شهرک ربط",–,36.21275504350251,45.55519144796109,"KUR.ár-zi-zu, 𒆳𒌒𒍣𒍪, URU.ar-zi-zi, 𒌷𒅈𒍣𒍣, URU.ár-zi-zu, 𒌷𒌒𒍣𒍪, ar-zi-za-a-a, 𒅈𒍣𒍝𒀀𒀀, LÚ.ar-zi-za-a-a, 𒇽𒅈𒍣𒍝𒀀𒀀, URU.ar-zi-za-a-a, 𒌷𒅈𒍣𒍝𒀀𒀀, URU.ár-zi-za-a-a, 𒌷𒌒𒍣𒍝𒀀𒀀","city, fortified city","Māzamua, Iran",–,"Bagg RGTC 7 3/1: 71–72, Parpola Toponyms: 38, <a href='https://zenodo.org/record/6384045' target='_blank'>Pedersén ANE: (Rabat Teppe)</a>, <a href='https://zenodo.org/record/5217600' target='_blank'>CIGS: Rabat Tapeh</a>, <a href='https://pleiades.stoa.org/places/418645876' target='_blank'>Pleiades: Rabat Tapah</a>, <a href='https://www.geonames.org/6686484/shahrak-e-rabt.html' target='_blank'>Geonames: Shahrak-e Rabţ</a>, <a href='https://www.ucl.ac.uk/sargon/peoplegodsplaces' target='_blank'>Assyrian empire builders: Arzizu</a>, <a href='http://oracc.museum.upenn.edu/saao/cbd/qpn-x-ethnic/onebigfile.html' target='_blank'>SAAo Glossary: Ethnic (Arzizaya [ARZIZEAN])</a>, <a href='http://oracc.museum.upenn.edu/atae/cbd/qpn-x-ethnic/onebigfile.html' target='_blank'>ATAE Glossary: Ethnic (Arzizaya [OF ARZIZU]</a>, <a href='http://oracc.museum.upenn.edu/riao/cbd/qpn-x-ethnic/onebigfile.html' target='_blank'>RIAo Glossary: Ethnic (Arzizayu)</a>, <a href='http://oracc.museum.upenn.edu/atae/cbd/qpn-x-places/onebigfile.html' target='_blank'>ATAE Glossary: Places (Arzizi)</a>, <a href='http://oracc.museum.upenn.edu/saao/cbd/qpn-x-places/onebigfile.html' target='_blank'>SAAo Glossary: Places (Arzizi)</a>, <a href='http://oracc.museum.upenn.edu/atae/cbd/qpn-x-places/onebigfile.html' target='_blank'>ATAE Glossary: Places (Arzizu)</a>, <a href='http://oracc.museum.upenn.edu/saao/cbd/qpn-x-places/onebigfile.html' target='_blank'>SAAo Glossary: Places (Arzizu)</a>, <a href='http://oracc.museum.upenn.edu/riao/cbd/qpn-x-places/onebigfile.html' target='_blank'>RIAo Glossary: Places (Arzizu)</a>"
131,Arzâ,"Arzâ, Arzāja, Yurza, Tēl Gamma, תל גמה, Tell Ğāmā, Tell Jemmeh, تل جمه, Tēl Haror, תל הרור, Tall Abū Ḥurēra, Tēl Hesi, תל חסי, al-ʿArīš (?), العريش",1,31.38715529940119,34.44511656136345,"KUR.ar-za-a, 𒆳𒅈𒍝𒀀, URU.ar-za-a, 𒌷𒅈𒍝𒀀, URU.ar-za-a-a, 𒌷𒅈𒍝𒀀𒀀",town,"Levant, Pilistu, Israel",7 C5,"Helsinki Atlas: 6 (map 7 C5), Bagg RGTC 7 1: 29–30, <a href='https://zenodo.org/record/6384045' target='_blank'>Pedersén ANE: (Tell Jemmeh)</a>, <a href='https://zenodo.org/record/5217600' target='_blank'>CIGS: Tel Gamma</a>, <a href='https://pleiades.stoa.org/places/309101265' target='_blank'>Pleiades: Arzâ (T. Ǧāmā)</a>, <a href='https://www.ucl.ac.uk/sargon/peoplegodsplaces' target='_blank'>Assyrian empire builders: Arza</a>, <a href='http://oracc.museum.upenn.edu/riao/cbd/qpn-x-places/onebigfile.html' target='_blank'>RIAo Glossary: Places (Arza)</a>, <a href='http://oracc.museum.upenn.edu/rinap/cbd/qpn-x-places/onebigfile.html' target='_blank'>RINAP Glossary: Places (Arza)</a>, <a href='http://oracc.museum.upenn.edu/saao/cbd/qpn-x-ethnic/onebigfile.html' target='_blank'>SAAo Glossary: Ethnic (Arzaya)</a>"
132,Arzūḫina,"Arzūḫina, Arzuḫina, Aḫi-Zūḫina, Urzūḫina, Azuḫīnum, Azuḫinni, Narzuḫini, Uzuḫinnum, ʾrzḥn, 𐡀𐡓𐡆𐡇𐡍, Gök Tepe, Gök Teppe, گوگ تپه, Lēlān, ليلان, Tall Qara Khogh",3,35.84851047552954,44.83289902143346,"ar-zu-ḫi-na, 𒅈𒍪𒄭𒈾, ár-zu-ḫi-na, 𒌒𒍪𒄭𒈾, ur-zu-ḫi-na, 𒌨𒍪𒄭𒈾, KUR.ur-zu-ḫi-na, 𒆳𒌨𒍪𒄭𒈾, URU.a-ḫi-ÍD.zu-ḫi-na, 𒌷𒀀𒄭𒀀𒇉𒍪𒄭𒈾, URU.ar-zu-ḫi-na, 𒌷𒅈𒍪𒄭𒈾, URU.ar-zu-ḫi-nu, 𒌷𒅈𒍪𒄭𒉡, URU.ár-zu-ḫi-na, 𒌷𒌒𒍪𒄭𒈾, URU.ur-zu-ḫi-nu, 𒌷𒌨𒍪𒄭𒉡, URU.ar-zu-ḫi-na-a-a, 𒌷𒅈𒍪𒄭𒈾𒀀𒀀, URU.ur-zu-ḫi-na-a-a, 𒌷𒌨𒍪𒄭𒈾𒀀𒀀, URU.ur-zu-ḫi-na, 𒌷𒌨𒍪𒄭𒈾, URU.ár-zu-ḫi-na-a-a, 𒌷𒌒𒍪𒄭𒈾𒀀𒀀, KUR.ur-zu-ḫi-na-a-a, 𒆳𒌨𒍪𒄭𒈾𒀀𒀀, 𐡀𐡓𐡆𐡇𐡍","prov. capital, city","Assyria, Arzūḫina province, Iraq",10 D1,"Helsinki Atlas: 6; 24 (map 10 D1), Bagg RGTC 7 2/1: 72–74 (Arzuḫina), <a href='https://zenodo.org/record/6384045' target='_blank'>Pedersén ANE: (Gök Teppe)</a>, <a href='https://pleiades.stoa.org/places/893943' target='_blank'>Pleiades: Arzuhin?</a>, <a href='https://pleiades.stoa.org/places/893944' target='_blank'>Pleiades: Arzuhin?</a>, <a href='http://oracc.museum.upenn.edu/saao/knpp/peoplegodsplaces/index.html' target='_blank'>Knowledge and Power: Arzuhina</a>, <a href='https://www.ucl.ac.uk/sargon/peoplegodsplaces' target='_blank'>Assyrian empire builders: Arzuhina</a>, <a href='https://www.ucl.ac.uk/sargon/peoplegodsplaces' target='_blank'>Assyrian empire builders: Arzuhina, Urzuhina</a>, <a href='http://oracc.museum.upenn.edu/atae/cbd/qpn-x-places/onebigfile.html' target='_blank'>ATAE Glossary: Places (Arzuhina)</a>, <a href='http://oracc.museum.upenn.edu/saao/cbd/qpn-x-places/onebigfile.html' target='_blank'>SAAo Glossary: Places (Arzuhina)</a>, <a href='http://oracc.museum.upenn.edu/saao/cbd/qpn-x-ethnic/onebigfile.html' target='_blank'>SAAo Glossary: Ethnic (Arzuhinaya)</a>"
92,Arâ,"Arâ, Ara, Arra, Arrha, ʿrw, 𐡏𐡓𐡅, Tall ʿAr, ʿAr, 'Ar, Maʿarrat an-Nuʿmān, معرة النعمان, Tall Arrī, تل عري",–,35.48510702656902,36.67946263552606,"URU.a-ra-a, 𒌷𒀀𒊏𒀀, ʿrw, 𐡏𐡓𐡅",town,"Ḫamāt, Syria",–,"Bagg RGTC 7 1: 19–20, <a href='https://zenodo.org/record/6384045' target='_blank'>Pedersén ANE: ('Ar)</a>, <a href='http://oracc.museum.upenn.edu/riao/cbd/qpn-x-places/onebigfile.html' target='_blank'>RIAo Glossary: Places (Ara)</a>, <a href='http://oracc.museum.upenn.edu/rinap/cbd/qpn-x-places/onebigfile.html' target='_blank'>RINAP Glossary: Places (Ara)</a>"
98,Arāši,"Arāši, Rāši",–,–,–,–,region,Iran,11 B3,"Helsinki Atlas: 6 (map 11 B3), Steiner (1991): <i>The Aramaic Text in Demotic Script</i> (JAOS 111/2): 363"
115,Arīdi,"Arīdi, Aridi, Arīdu, Aridu, Jaridu, Jaridi , Iaridu, Tell ʿArāda, Tall ʿArāda, تل عرادة",2,37.0039136181553,40.4022458838304,"URU.a-ri-di, 𒌷𒀀𒊑𒁲, URU.ia-ri-di, 𒌷𒅀𒊑𒁲",town,"Gūzāna province, Syria",3 D3,"Bagg RGTC 7 2/1: 62, Helsinki Atlas (Arīdu (1); map 3 D3), <a href='https://zenodo.org/record/6384045' target='_blank'>Pedersén ANE: (Tell 'Arade)</a>, <a href='https://pleiades.stoa.org/places/811007392' target='_blank'>Pleiades: Aridi</a>, <a href='https://www.geonames.org/173079/tall-aradah.html' target='_blank'>Geonames: Tall ‘Arādah</a>, <a href='https://www.ucl.ac.uk/sargon/peoplegodsplaces' target='_blank'>Assyrian empire builders: Aridu</a>, <a href='http://oracc.museum.upenn.edu/atae/cbd/qpn-x-places/onebigfile.html' target='_blank'>ATAE Glossary: Places (Aridu)</a>, <a href='http://oracc.museum.upenn.edu/saao/cbd/qpn-x-places/onebigfile.html' target='_blank'>SAAo Glossary: Places (Aridu)</a>, <a href='http://oracc.museum.upenn.edu/riao/cbd/qpn-x-places/onebigfile.html' target='_blank'>RIAo Glossary: Places (Iaridu)</a>"
116,Arīdu,"Arīdu, Aridu, Ruwandiz, Rāwandūz, Ṟuwandiz, راوندوز, رواندز",4,36.61207,44.52372,"KUR.a-ri-di, 𒆳𒀀𒊑𒁲, URU.a-ri-di, 𒌷𒀀𒊑𒁲, URU.a-ri-du, 𒌷𒀀𒊑𒁺",fortified city,"Ḫabrūri, Iraq",4 D5,"Bagg RGTC 7 3/1: 60, Helsinki Atlas: 6 (Arīdu (2); map 4 D5), Bagg RGTC 7 1: 62, <a href='https://www.geonames.org/92002/ruwandiz.html' target='_blank'>Geonames: Ṟuwandiz</a>, <a href='http://oracc.museum.upenn.edu/riao/cbd/qpn-x-places/onebigfile.html' target='_blank'>RIAo Glossary: Places (Aridu)</a>"
129,Arūmâ,"Arūmâ, Arumâ, Rûmâ, Rumah, רוּמָה, Ḫirbat ar-Rūma, Khirbet Rumah, Horvat Ruma, Ḥirbe Ruma, חרבת רומה",1,32.78854,35.29285,"URU.a-ru-ma-a, 𒌷𒀀𒊒𒈠𒀀, רוּמָה",town,"Bīt-Ḫumrî, Galilee, Israel",8 A4,"Bagg RGTC 7 1: 27, Helsinki Atlas: 6 (map 8 A4), <a href='https://www.geonames.org/386193/horbat-ruma.html' target='_blank'>Geonames: H̱orbat Ruma</a>, <a href='https://pleiades.stoa.org/places/626129075' target='_blank'>Pleiades: Arumâ</a>, <a href='http://oracc.museum.upenn.edu/riao/cbd/qpn-x-places/onebigfile.html' target='_blank'>RIAo Glossary: Places (Aruma)</a>, <a href='http://oracc.museum.upenn.edu/rinap/cbd/qpn-x-places/onebigfile.html' target='_blank'>RINAP Glossary: Places (Aruma)</a>"
111,Arḫi,"Arḫi, Arhi, Arḫi(...), Arḫa, Arḫu",–,–,–,"URU.ar-ḫi, 𒌷𒅈𒄭","city, district","Urarṭu, East Azerbaijan (?), Iran",5 C2,"Bagg RGTC 7 3/1: 59 (Arḫi([...])), Helsinki Atlas: 6 (map 5 C2), <a href='https://www.ucl.ac.uk/sargon/peoplegodsplaces' target='_blank'>Assyrian empire builders: Arhi</a>, <a href='http://oracc.museum.upenn.edu/saao/cbd/qpn-x-places/onebigfile.html' target='_blank'>SAAo Glossary: Places (Arhi [1])</a>, <a href='http://oracc.museum.upenn.edu/atae/cbd/qpn-x-places/onebigfile.html' target='_blank'>ATAE Glossary: Places (Arhi [1])</a>"
126,Arṣania,"Arṣania, Arsanias, Arsinos, Murat Su, Murat-Su, Murat Suyu, Murat Çayı, Murat Nehri, Murat River",1,39.7,43.03333,"ÍD.ar-ṣa-ni-a, 𒀀𒇉𒅈𒍝𒉌𒀀",river,"Urarṭu, Turkey",3 D2,"Bagg RGTC 7 2/2: 673 (Arṣania 1), Helsinki Atlas: 6 (map 3 D2), Parpola Toponyms: 33, <a href='https://www.geonames.org/304127/murat-cayi.html' target='_blank'>Geonames: Murat Çayı</a>, <a href='https://www.geonames.org/304106/murat-nehri.html' target='_blank'>Geonames: Murat Nehri</a>, <a href='https://pleiades.stoa.org/places/874355' target='_blank'>Pleiades: Arsanias (river)</a>, <a href='http://oracc.museum.upenn.edu/rinap/cbd/qpn-x-waters/onebigfile.html' target='_blank'>RINAP Glossary: Watercourses (Arṣania [1])</a>, <a href='http://oracc.museum.upenn.edu/riao/cbd/qpn-x-waters/onebigfile.html' target='_blank'>RIAo Glossary: Watercourses (Arṣania [1])</a>"
127,Arṣaškun,"Arṣaškun, Elegoana (?), Erciṣ, Erciş",4,39.031111,43.359722,"KUR.ar-ṣa-áš-kun, 𒆳𒅈𒍝𒀾𒆲, URU.ar-ṣa-áš-ku, 𒌷𒅈𒍝𒀾𒆪, URU.ar-ṣa-áš-ku-nu, 𒌷𒅈𒍝𒀾𒆪𒉡, URU.ar-ṣa-áš-ku-u, 𒌷𒅈𒍝𒀾𒆪𒌋, URU.ar-ṣa-áš-ku-un, 𒌷𒅈𒍝𒀾𒆪𒌦, URU.ar-ṣa-áš-kun, 𒌷𒅈𒍝𒀾𒆲, URU.ar-ṣi-áš-kun, 𒌷𒅈𒍢𒀾𒆲, URU.ar-ṣu-áš-kun, 𒌷𒅈𒍮𒀾𒆲","capital, city","Urarṭu, Turkey",4 C2,"Bagg RGTC 7 3/1: 67, Helsinki Atlas: 6 (map 4 C2), Parpola Toponyms: 33, <a href='https://www.geonames.org/315530/ercis.html' target='_blank'>Geonames: Erciş</a>, <a href='https://pleiades.stoa.org/places/874463' target='_blank'>Pleiades: *Elegoana</a>, <a href='http://oracc.museum.upenn.edu/riao/cbd/qpn-x-places/onebigfile.html' target='_blank'>RIAo Glossary: Places (Arṣaškun)</a>"
1273,Arṣuain,"Arṣuain, Arṣania, Arzanēnē, Arzanene, Arzan, Arzen, Erzen, Arzĕn, Արզեն, Arzania, Tigranókerta, Τιγρανόκερτα, Tigranocerta, Cholimma, Chlomaron, Gola Masiya (?), Golamasiyan (?), Yeşilyurt (?)",–,37.976917,41.382269,"URU.ar-ṣa-ni-a, 𒌷𒅈𒍝𒉌𒀀, URU.ar-ṣu-a-in, 𒌷𒅈𒍮𒀀𒅔",town,"Ḫabḫu, Armenia, Turkey",–,"Bagg RGTC 7 3/1: 66 (Arṣania 2), Parpola Toponyms: 33, Barrington Atlas: 89 D2 (Arzanene), <a href='https://www.openstreetmap.org/way/1177723310#map=17/37.978329/41.381700' target='_blank'>OpenStreetMap: Arzen</a>, <a href='https://pleiades.stoa.org/places/874774' target='_blank'>Pleiades: Tigranocerta/Cholimma/Chlomaron</a>, <a href='https://pleiades.stoa.org/places/106515917' target='_blank'>Pleiades: Erzen</a>, <a href='https://zenodo.org/record/5217600' target='_blank'>CIGS: Erzen</a>, <a href='https://vici.org/vici/29783/?lang=en' target='_blank'>Vici.org: Tigranocerta (Arzen, Arzan)</a>, <a href='https://pleiades.stoa.org/places/874367' target='_blank'>Pleiades: Arzanene</a>, <a href='https://www.openstreetmap.org/node/2850966521#map=11/38.0978/41.6670' target='_blank'>OpenStreetMap: Yeşilyurt/Arzan/Erzen/Arzania</a>, <a href='https://imperium.ahlfeldt.se/places/22344.html' target='_blank'>DARE: Tigranocerta/Cholimma/Chlomaron</a>, <a href='http://oracc.museum.upenn.edu/riao/cbd/qpn-x-places/onebigfile.html' target='_blank'>RIAo Glossary: Places (Arṣania [2])</a>"
133,Asatia,"Asatia, Asati",–,–,–,"KUR.a-sa-ti-a-a, 𒆳𒀀𒊓𒋾𒀀𒀀",country,"Naʾiri, Iran, Turkey (?)",–,"Bagg RGTC 7 3/1: 73, Parpola Toponyms: 39 (Asati), <a href='http://oracc.museum.upenn.edu/riao/cbd/qpn-x-ethnic/onebigfile.html' target='_blank'>RIAo Glossary: Ethnic Names (Asatiayu [of Asatia])</a>"
134,Asdūdimmu,"Asdūdimmu, Asdudimmu, Azōtos Paralios, Ἄζωτος παράλιος, Ašdôd-Yam, Ashdod Yam, H̱orbat Ashdod Yam, חרבת אשדוד ים, Minat el-Qal'a, Tēl Mor, תל מור",1,31.77961186167617,34.62149794478812,"URU.as-du-di-im-mu, 𒌷𒊍𒁺𒁲𒅎𒈬","seaport, city","Pilistu, Israel",7 C5,"Helsinki Atlas: 6 (map 7 C5), Bagg RGTC 7 1: 30, <a href='https://zenodo.org/record/6384045' target='_blank'>Pedersén ANE: Asdudimmu (Ashdod Yam / Minat el-Qal'a)</a>, <a href='https://zenodo.org/record/6384045' target='_blank'>Pedersén ANE: Asdudimmu (Tel Mor)</a>, <a href='https://pleiades.stoa.org/places/687843' target='_blank'>Pleiades: Azotos Paralios</a>, <a href='http://oracc.museum.upenn.edu/riao/cbd/qpn-x-places/onebigfile.html' target='_blank'>RIAo Glossary: Places</a>, <a href='http://oracc.museum.upenn.edu/rinap/cbd/qpn-x-places/onebigfile.html' target='_blank'>RINAP Glossary: Places</a>"
135,Asdūdu,"Asdūdu, Sadūdu, Sidūdu, Asdudu, Ašdod, ʾAḏdādu, Ašdôd, ʾAšdôd, אַשְׁדּוֹד, Azōtos, Ἀζωτός, Azotos Mesogeios, Ἄζωτος μεσόγειος, ʾšdd, 𐤀𐤔𐤃𐤃, 'Esdūd, ʾAšdūd, أَشْدُود‎, Tel Ashdod, Tēl Ašdod, Ashdod",1,31.75603844458567,34.65606080488523,"as-du-du, 𒊍𒁺𒁺, KUR.as-du-di, 𒆳𒊍𒁺𒁲, URU.as-du-di, 𒌷𒊍𒁺𒁲, URU.as-du-du, 𒌷𒊍𒁺𒁺, URU.as-du-ú-di, 𒌷𒊍𒁺𒌑𒁲, KUR.as-du-da-a-a, 𒆳𒊍𒁺𒁕𒀀𒀀, KUR.sa-du-da-a-a, 𒆳𒊓𒁺𒁕𒀀𒀀, KUR.si-du-da-a-a, 𒆳𒋛𒁺𒁕𒀀𒀀, URU.as-du-da-a-a, 𒌷𒊍𒁺𒁕𒀀𒀀, 𐤀𐤔𐤃𐤃, אַשְׁדּוֹד","prov. capital, city","Pilistu, Israel",7 C5,"Helsinki Atlas: 6 (map 7 C5), Bagg RGTC 7 1: 30–32, <a href='https://zenodo.org/record/6384045' target='_blank'>Pedersén ANE: Ashdod/Asdudu (Tel Ashdod)</a>, <a href='https://zenodo.org/record/5217600' target='_blank'>CIGS: Asdûdu/Ashdod</a>, <a href='https://pleiades.stoa.org/places/687838' target='_blank'>Pleiades: Ashdod/Azotos (Mesogeios)</a>, <a href='https://www.ucl.ac.uk/sargon/peoplegodsplaces' target='_blank'>Assyrian empire builders: Ashdod</a>, <a href='http://oracc.museum.upenn.edu/saao/cbd/qpn-x-ethnic/onebigfile.html' target='_blank'>SAAo Glossary: Ethnic</a>, <a href='http://oracc.museum.upenn.edu/riao/cbd/qpn-x-ethnic/onebigfile.html' target='_blank'>RIAo Glossary: Ethnic</a>, <a href='http://oracc.museum.upenn.edu/rinap/cbd/qpn-x-ethnic/onebigfile.html' target='_blank'>RINAP Glossary: Ethnic</a>, <a href='http://oracc.museum.upenn.edu/atae/cbd/qpn-x-places/onebigfile.html' target='_blank'>ATAE Glossary: Places</a>, <a href='http://oracc.museum.upenn.edu/saao/cbd/qpn-x-places/onebigfile.html' target='_blank'>SAAo Glossary: Places</a>, <a href='http://oracc.museum.upenn.edu/riao/cbd/qpn-x-places/onebigfile.html' target='_blank'>RIAo Glossary: Places</a>, <a href='http://oracc.museum.upenn.edu/rinap/cbd/qpn-x-places/onebigfile.html' target='_blank'>RINAP Glossary: Places</a>"
136,Asiḫi,"Asiḫi, Asihi, Asiḫu, Asihu, Ašiḫi (?), Ašihi (?), Ašiḫum, İdil, Idil, ادیل, إيدل, ایدیل, Azeḫ, Hazak, Hezek, Khazak",–,37.33481,41.88944,"URU.a-si-ḫi, 𒌷𒀀𒋛𒄭",town,"Izalla, Turkey",–,"Bagg RGTC 7 2/1: 74–75 (Asiḫi 1), Bagg RGTC 7 2/1: 75 (Asiḫi 2), Bagg RGTC 7 2/1: 76 (Ašiḫi), Parpola Toponyms: 40, <a href='http://oracc.museum.upenn.edu/saao/cbd/qpn-x-places/onebigfile.html' target='_blank'>SAAo Glossary: Places (Asihi [1])</a>, <a href='http://oracc.museum.upenn.edu/atae/cbd/qpn-x-places/onebigfile.html' target='_blank'>ATAE Glossary: Places (Asihi [1])</a>, <a href='https://www.geonames.org/311704/idil.html' target='_blank'>Geonames: İdil</a>"
1268,Asiḫu,"Asiḫu, Asiḫū, Asihu, Asiḫi, Asihi, Ašiḫi (?), Ašihi (?), Ašiḫum (?)",–,–,–,"URU.a-si-ḫi, 𒌷𒀀𒋛𒄭, URU.a-si-ḫi-a-a, 𒌷𒀀𒋛𒄭𒀀𒀀",town,Syria,–,"Bagg RGTC 7 2/1: 75 (Asiḫi 2), Bagg RGTC 7 2/1: 74–75 (Asiḫi 1), Bagg RGTC 7 2/1: 76 (Ašiḫi), <a href='http://oracc.museum.upenn.edu/atae/cbd/qpn-x-ethnic/onebigfile.html' target='_blank'>ATAE Glossary: Ethnic Names (Asihaya [from Asihu])</a>, <a href='http://oracc.museum.upenn.edu/atae/cbd/qpn-x-places/onebigfile.html' target='_blank'>ATAE Glossary: Places (Asihu [1] (GN))</a>, <a href='http://oracc.museum.upenn.edu/atae/cbd/qpn-x-places/onebigfile.html' target='_blank'>ATAE Glossary: Places (Asihu [1] (SN))</a>"
137,Astārtu,"Astārtu, Astartu, ʿAštartu, ʿAṯtartu, Ashtarot, Aštārôt, ʿštrt, 𐤏𐤔𐤕𐤓𐤕‎, עַשְׁתְּרֹת, עַשְׁתְּרֹת קַרְנַיִם, Tell Aštara, Tell Ashtara, Tall Aštara, تل الشتارا",1,32.80427790518164,36.01553680544811,"URU.as-tar-tu, 𒌷𒊍𒋻𒌅, 𐤏𐤔𐤕𐤓𐤕‎, עַשְׁתְּרֹת, עַשְׁתְּרֹת קַרְנַיִם",city,"Dimašqa, Syria",8 B4,"Helsinki Atlas: 6 (map 8 B4), Bagg RGTC 7 1: 32, <a href='https://zenodo.org/record/6384045' target='_blank'>Pedersén ANE: Astartu / Ashtarot (Tell Ashtara)</a>, <a href='https://pleiades.stoa.org/places/678227' target='_blank'>Pleiades: Karnaia/Astaroth?</a>, <a href='https://www.geonames.org/5093/tall-ash-shatara.html' target='_blank'>Geonames: Tall ash Shatārā</a>, <a href='http://oracc.museum.upenn.edu/rinap/cbd/qpn-x-places/onebigfile.html' target='_blank'>RINAP Glossary: Places</a>"
145,Atalur,"Atalur, Lallar, Kurt Dağ, Kurt Dağı, Jabal al Kurd, جبل الكرد, Jabal Kurī, جبل كري, Kartal Dağı",2,36.68627,36.63681,"KUR.a-ta-lu-ur, 𒆳𒀀𒋫𒇻𒌨, KUR.lal-la-ar, 𒆳𒇲𒆷𒅈",mountain,"Syria, Turkey (?)",2 C4,"Bagg RGTC 7 1: 34 (Atalur), Bagg RGTC 7 1: 154–155 (Lallar), Bagg RGTC 7 1: 328 (Kartal Dağı), Helsinki Atlas: 7 (map 2 C4), <a href='https://www.geonames.org/305518/kurt-dagi.html' target='_blank'>Geonames: Kurt Dağı</a>, <a href='http://oracc.museum.upenn.edu/riao/cbd/qpn-x-places/onebigfile.html' target='_blank'>RIAo Glossary: Places (Atalur [= MOUNT LALLAR])</a>, <a href='http://oracc.museum.upenn.edu/riao/cbd/qpn-x-places/onebigfile.html' target='_blank'>RIAo Glossary: Places (Lallar)</a>"
146,Atinni,"Atinnu, Atinni, Atanni, Adennu, Addanôn, Adanôn, Adana, ad-Dānā, الدانا, Kəfar Atin (?), Ḫānedān (?)",–,35.6997,36.68736,"URU.a-ti-in-ni, 𒌷𒀀𒋾𒅔𒉌, URU.a-de-en-nu, 𒌷𒀀𒁲𒂗𒉡","city, royal city","Ḫamāt, Syria",–,"Bagg RGTC 7 1: 35 (Atinnu), Parpola Toponyms: 3 (Adennu), Parpola Toponyms: 55, Helsinki Atlas: 8 (Dāna?; map 2 C4), <a href='https://www.geonames.org/174260/ad-dana.html' target='_blank'>Geonames: Ad Dānā</a>, <a href='https://pleiades.stoa.org/places/668179' target='_blank'>Pleiades: *Adana</a>, <a href='http://oracc.museum.upenn.edu/riao/cbd/qpn-x-places/onebigfile.html' target='_blank'>RIAo Glossary: Places (Adennu)</a>, <a href='http://oracc.museum.upenn.edu/riao/cbd/qpn-x-places/onebigfile.html' target='_blank'>RIAo Glossary: Places (Atinnu)</a>, <a href='http://oracc.museum.upenn.edu/rinap/cbd/qpn-x-places/onebigfile.html' target='_blank'>RINAP Glossary: Places (Atinnu)</a>"
147,Atunna,"Atunna, Atuna, Tuna, Atūnu, Tūnu, Dunna, Tynna, Tyanitis, Porsuk, Bohça, Adana",1,37.51473462927993,34.58111267563014,"KUR.a-tu-un-a-a, 𒆳𒀀𒌅𒌦𒀀𒀀, KUR.a-tú-un-a-a, 𒆳𒀀𒌓𒌦𒀀𒀀, KUR.a-tu-na-a-a, 𒆳𒀀𒌅𒈾𒀀𒀀, KUR.tu-na-a-a, 𒆳𒌅𒈾𒀀𒀀, KUR.tu-un-na-a-a, 𒆳𒌅𒌦𒈾𒀀𒀀, KUR.a-tú-na-a-a, 𒆳𒀀𒌓𒈾𒀀𒀀, KUR.at-tu-na-a-a, 𒆳𒀜𒌅𒈾𒀀𒀀, URU.a-tú-na-a-a, 𒌷𒀀𒌓𒈾𒀀𒀀, URU.tu-na-a-a, 𒌷𒌅𒈾𒀀𒀀","city, country","Tabālu, Turkey",1 D3,"Helsinki Atlas: 7 (map 1 D3), Bagg RGTC 7 1: 35–36, <a href='https://zenodo.org/record/6384045' target='_blank'>Pedersén ANE: (Zeyve Höyük / Porsuk-Ulukışla)</a>, <a href='https://pleiades.stoa.org/places/648802' target='_blank'>Pleiades: Tynna/Dana?</a>, <a href='https://pleiades.stoa.org/places/195325997' target='_blank'>Pleiades: *Atuna (kingdom)</a>, <a href='https://pleiades.stoa.org/places/195325998' target='_blank'>Pleiades: *Atuna</a>, <a href='https://www.ucl.ac.uk/sargon/peoplegodsplaces' target='_blank'>Assyrian empire builders: Atunna</a>, <a href='http://oracc.museum.upenn.edu/riao/cbd/qpn-x-ethnic/onebigfile.html' target='_blank'>RIAo Glossary: Ethnic (Atunayu [OF ATUNA])</a>, <a href='http://oracc.museum.upenn.edu/rinap/cbd/qpn-x-ethnic/onebigfile.html' target='_blank'>RINAP Glossary: Ethnic (Atunayu [OF ATUNA])</a>, <a href='http://oracc.museum.upenn.edu/saao/cbd/qpn-x-ethnic/onebigfile.html' target='_blank'>SAAo Glossary: Ethnic (Atunnaya)</a>, <a href='http://oracc.museum.upenn.edu/riao/cbd/qpn-x-ethnic/onebigfile.html' target='_blank'>RIAo Glossary: Ethnic (Aunayu [OF ATUNA])</a>, <a href='http://oracc.museum.upenn.edu/rinap/cbd/qpn-x-ethnic/onebigfile.html' target='_blank'>RINAP Glossary: Ethnic (Aunayu [OF ATUNA])</a>, <a href='http://oracc.museum.upenn.edu/saao/cbd/qpn-x-ethnic/onebigfile.html' target='_blank'>SAAo Glossary: Ethnic (Tunaya)</a>"
148,Aukanê,"Aukanê, Aukane, Miyāne",–,37.421,47.715,"KUR.a-ú-ka-né-e, 𒆳𒀀𒌑𒅗𒉌𒂊, URU.a-ú-ka-né-e, 𒌷𒀀𒌑𒅗𒉌𒂊","city, fortified city, district","Mannāja, Zikirtu, Iran",5 B4,"Bagg RGTC 7 3/1: 79, Helsinki Atlas: 7 (map 5 B4), Parpola Toponyms: 56, <a href='https://www.geonames.org/124082/mianeh.html' target='_blank'>Geonames: Mīāneh</a>, <a href='http://oracc.museum.upenn.edu/riao/cbd/qpn-x-places/onebigfile.html' target='_blank'>RIAo Glossary: Places (Aukane)</a>, <a href='http://oracc.museum.upenn.edu/rinap/cbd/qpn-x-places/onebigfile.html' target='_blank'>RINAP Glossary: Places (Aukane)</a>"
149,Awal,"Awal, Sulaiymah, Suleimah, Salīmah, Sulaima, سليمه, سليمة, Tell Suleimah, Tell es-Suleimeh, Himrin",4,34.16757966483091,45.10316339170866,"a-wa-al.KI, 𒀀𒉿𒀠𒆠",city,"Assyria (?), Babylonia (?), Iraq",–,"<a href='https://zenodo.org/record/6384045' target='_blank'>Pedersén ANE: Awal (Tell es-Suleimeh)</a>, <a href='https://zenodo.org/record/5217600' target='_blank'>CIGS: Awal, Sulaiymah (mod. Himrin)</a>, <a href='https://www.geonames.org/98776/salimah.html' target='_blank'>Geonames: Salīmah</a>, <a href='http://oracc.museum.upenn.edu/riao/cbd/qpn-x-places/onebigfile.html' target='_blank'>RIAo Glossary: Places</a>"
150,Azalla,"Azalla, Izalla, Aṣalli, al-ʿUyānīya, Al ‘Ulayyānīyah, العليانية",–,34.01469,38.0986,"URU.a-za-al-la, 𒌷𒀀𒍝𒀠𒆷, URU.a-za-al-li, 𒌷𒀀𒍝𒀠𒇷, URU.i-za-la, 𒌷𒄿𒍝𒆷",city,Syria,–,"Bagg RGTC 7 1: 36–37 (Azalla 1), Parpola Toponyms: 40 (Aṣalli), <a href='https://www.geonames.org/173308/al-ulayyaniyah.html' target='_blank'>Geonames: Al ‘Ulayyānīyah</a>, <a href='http://oracc.museum.upenn.edu/riao/cbd/qpn-x-places/onebigfile.html' target='_blank'>RIAo Glossary: Places (Azalla)</a>, <a href='http://oracc.museum.upenn.edu/rinap/cbd/qpn-x-places/onebigfile.html' target='_blank'>RINAP Glossary: Places (Azalla)</a>, <a href='http://oracc.museum.upenn.edu/saao/cbd/qpn-x-places/onebigfile.html' target='_blank'>SAAo Glossary: Places (Izalla)</a>"
151,Azamḫul,"Azamḫul, Azamhul, Tell Muhammed Diyab (?), Tall Muḥamad Diyāb, Tall Muḥamad Dijāb, تل محمد دياب",4,36.92458278462991,41.56394388560540,–,town,Syria,–,"<a href='https://zenodo.org/record/6384045' target='_blank'>Pedersén ANE: Azamhul? (Tell Muhammed Diyab)</a>, <a href='https://zenodo.org/record/5217600' target='_blank'>CIGS: Azamhul / Tall Muḥamad Diyāb</a>, <a href='https://books.openedition.org/cdf/4487' target='_blank'>MTT I/3: Tall Muhammed Diyab (HIGEOMES Nr. 89)</a>"
152,Azaqâ,"Azaqâ, Azeqa, Azekah, ʿAzēqāh, עֲזֵקָה, Αζηκα, Tēl ʿAzēqāh, תל עזקה, تل عزيقة, Tēl Zekarya, תל זְכַרְיָה, Tell Zakarīya, Tell Zakariya",1,31.70109603279213,34.93630774457135,"URU.a-za-qa-a, 𒌷𒀀𒍝𒋡𒀀, עֲזֵקָה",city,"Iaʾūdu, Israel",7 C5,"Helsinki Atlas: 7 (map 7 C5), Bagg RGTC 7 1: 37, <a href='https://zenodo.org/record/6384045' target='_blank'>Pedersén ANE: Azeqa (Tell Zakariya)</a>, <a href='http://oracc.museum.upenn.edu/rinap/cbd/qpn-x-places/onebigfile.html' target='_blank'>RINAP Glossary: Places (Azaqa)</a>"
153,Azari,"Azari, Azri, as-Sulaimānīya, As Sulaymānīyah, Al-Sulaimaniya, السليمانية, Sulaimāniya, سلیمانیه, Silêmanî, Slemani, Slēmānī, سلێمانى, Šahrezōr plain, Qeza-î Sharezûr, قەزاى شارەزوور, Qaḑā’ Shahrazūr, قضاء شهرزور, Qaḑā’ Shārazūr, قضاء شارزور",4,35.56496,45.4329,"URU.a-za-ri, 𒌷𒀀𒍝𒊑, URU.az-ri, 𒌷𒊍𒊑",town,"Māzamua, Iraq",11 A1,"Bagg RGTC 7 3/1: 77–78, Helsinki Atlas: 7 (map 11 A1), Parpola Toponyms: 56, <a href='https://www.geonames.org/98463/as-sulaymaniyah.html' target='_blank'>Geonames: As Sulaymānīyah</a>, <a href='https://www.geonames.org/9873303/qeza-i-sharezur.html' target='_blank'>Geonames: Qeza-î Sharezûr</a>, <a href='https://www.ucl.ac.uk/sargon/peoplegodsplaces' target='_blank'>Assyrian empire builders: Azari</a>, <a href='http://oracc.museum.upenn.edu/atae/cbd/qpn-x-places/onebigfile.html' target='_blank'>ATAE Glossary: Places (Azari)</a>, <a href='http://oracc.museum.upenn.edu/saao/cbd/qpn-x-places/onebigfile.html' target='_blank'>SAAo Glossary: Places (Azari)</a>"
154,Azatiwadaya,"Azatiwadaya, Azatiwadaia, Azatiwataya, Karatepe Aslantaş, Karatepe-Aslantaş",1,37.29593799675796,36.25398751793364,–,fortress,"Quwê, Cilicia, Turkey",–,"<a href='https://zenodo.org/record/6384045' target='_blank'>Pedersén ANE: Azatiwadaya (Karatepe Aslantaş)</a>, <a href='https://pleiades.stoa.org/places/869993028' target='_blank'>Pleiades: Karatepe</a>"
1157,Aziru,"Aziru, Azmar Dāġ, Silsilat Jibāl Azmar, Azmar Dāgh, Shax-î Ezmeṟ, Girjeh Range, سلسلة جبال ازمر, شاخى ئەزمەڕ",–,35.63017,45.47669,"KUR.a-zi-ra, 𒆳𒀀𒍣𒊏, KUR.a-zi-ru, 𒆳𒀀𒍣𒊒",mountains,"Māzamua, Iraq",–,"Bagg RGTC 7 3/1: 78, Parpola Toponyms: 58, <a href='https://www.geonames.org/98267/silsilat-jibal-azmar.html' target='_blank'>Geonames: Silsilat Jibāl Azmar</a>, <a href='http://oracc.museum.upenn.edu/riao/cbd/qpn-x-places/onebigfile.html' target='_blank'>RIAo Glossary: Places (Aziru)</a>"
1241,Azma...,"Azma..., Tumma...",–,–,–,"URU.az-ma-x, 𒌷𒊍𒈠x",town,"Assyria, Iraq",–,"Bagg RGTC 7 2/1: 85, Parpola Toponyms: 359 (Tumma...), <a href='http://oracc.museum.upenn.edu/saao/cbd/qpn-x-places/onebigfile.html' target='_blank'>SAAo Glossary: Places (Azma-x [1])</a>, <a href='http://oracc.museum.upenn.edu/atae/cbd/qpn-x-places/onebigfile.html' target='_blank'>ATAE Glossary: Places (Azma-x [1])</a>"
155,Azmu,"Azmu, Zalabiya, Zalebiye, زلابية, Yasīm",4,35.66855372316027,39.84232972974299,"URU.az-mu, 𒌷𒊍𒈬",town,"Bīt-Adini, Middle Euphrates, Syria",3 C5,"Helsinki Atlas: 7 (map 3 C5), Bagg RGTC 7 1: 38, <a href='https://zenodo.org/record/6384045' target='_blank'>Pedersén ANE: (Zalebiye)</a>, <a href='http://oracc.museum.upenn.edu/riao/cbd/qpn-x-places/onebigfile.html' target='_blank'>RIAo Glossary: Places (Azmu)</a>"
156,Azu,"Azu, Azû, Tall Ḥadīdī, Tell Hadidi, Tall al-Ḥadīdī, تل الحديدي, Tall Khirbat Ḩudaydah, Tall Khirbat Hudaydah, تل خربة الحديدة, Tall Khirbat Judaydah",4,36.26368306300280,38.15089325346946,–,–,Syria,–,"<a href='https://zenodo.org/record/6384045' target='_blank'>Pedersén ANE: Azu (Tell Hadidi)</a>, <a href='https://zenodo.org/record/5217600' target='_blank'>CIGS: Tall al-Ḥadīdī</a>, <a href='https://books.openedition.org/cdf/4487' target='_blank'>MTT I/3: Tall Hadidi (HIGEOMES Nr. 49)</a>, <a href='https://www.geonames.org/9060/tall-khirbat-hudaydah.html' target='_blank'>Geonames: Tall Khirbat Ḩudaydah</a>"
157,Azuru,"Azuru, Asuru, Yāzūr, Azor, ʾĀzôr, אָזוֹר‎, Tēl Azor, Azur, أزور‎",1,32.0243,34.80632,"URU.a-zu-ru, 𒌷𒀀𒍪𒊒",town,"Pilistu, Isqalūna, Israel",7 C4,"Helsinki Atlas: 7 (map 7 C4), Bagg RGTC 7 1: 38, <a href='https://pleiades.stoa.org/places/977603752' target='_blank'>Pleiades: Azuru</a>, <a href='http://oracc.museum.upenn.edu/riao/cbd/qpn-x-places/onebigfile.html' target='_blank'>RIAo Glossary: Places (Azuru)</a>, <a href='http://oracc.museum.upenn.edu/rinap/cbd/qpn-x-places/onebigfile.html' target='_blank'>RINAP Glossary: Places (Azuru)</a>"
1269,Ašiḫi,"Ašiḫi, Ašihi, Ašiḫum (?), Asiḫi (?), Asihi (?), Asiḫu (?), Asihu (?)",–,–,–,"URU.a-ši-ḫi, 𒌷𒀀𒅆𒄭",town,"Assyria, Iraq (?), Turkey (?), Syria (?)",–,"Bagg RGTC 7 2/1: 76 (Ašiḫi), Bagg RGTC 7 2/1: 74–75 (Asiḫi 1), Bagg RGTC 7 2/1: 75 (Asiḫi 2)"
140,Ašnaku,"Ašnaku, Ašnakkum, Ašnaḫu, Ašnak, Tall Šāghir Bāzār (?), Tall Chagar Bazar (?), تل شاغر بازار (?), Chagar Bazar (?), Šāġir Bāzār (?), Jāghir Bāzār (?)",4,36.87559250336601,40.89770915490027,"URU.áš-na-ku, 𒌷𒀾𒈾𒆪",city,"Ḫabḫu, Naʾiri, Syria",–,"Bagg RGTC 7 2/1: 76 (Ašnaku (?)), Parpola Toponyms: 41 (Ašnaḫu), <a href='https://zenodo.org/record/6384045' target='_blank'>Pedersén ANE: Ašnakkum? (Chagar Bazar)</a>, <a href='https://zenodo.org/record/5217600' target='_blank'>CIGS: Ašnakkum, Tall Šāghir Bāzār</a>, <a href='https://pleiades.stoa.org/places/480215077' target='_blank'>Pleiades: Ašnakkum</a>, <a href='https://books.openedition.org/cdf/4512' target='_blank'>MTT I/3: Chagar Bazar, Tall (شاغر بازار) (HIGEOMES Nr. 66)</a>, <a href='http://oracc.museum.upenn.edu/riao/cbd/qpn-x-places/onebigfile.html' target='_blank'>RIAo Glossary: Places</a>"
144,Aštamāku,"Aštammaku, Aštamāku, Aštamaku, Abšimmaku, Abtammaku, Išdamugu, Aštakamu, ʾystmk, al-Mastumaḥ, Mastuma, Tall Masṭūma, تل مسطومة, Stūmā, Stūmāk, Stumak",1,35.87781179520431,36.63077131180169,"URU.ab-ši-ma-ku, 𒌷𒀊𒅆𒈠𒆪, URU.ab-ta-ma-ku, 𒌷𒀊𒋫𒈠𒆪, URU.áš-ta-ma-ku, 𒌷𒀾𒋫𒈠𒆪, URU.áš-tam-ma-ku, 𒌷𒀾𒌓𒈠𒆪",town,"Ḫamāt, Syria",2 C5,"Helsinki Atlas: 6 (map 2 C5), Bagg RGTC 7 1: 33–34 (Aštammaku), <a href='https://zenodo.org/record/6384045' target='_blank'>Pedersén ANE: (Mastuma)</a>, <a href='https://pleiades.stoa.org/places/56494917' target='_blank'>Pleiades: Aštamaku</a>, <a href='http://oracc.museum.upenn.edu/riao/cbd/qpn-x-places/onebigfile.html' target='_blank'>RIAo Glossary: Places (Abšimaku [AšTAMMAKU?])</a>, <a href='http://oracc.museum.upenn.edu/riao/cbd/qpn-x-places/onebigfile.html' target='_blank'>RIAo Glossary: Places (Aštammaku)</a>"
141,Aššur,"Aššur, Aššūr, Assur, Ashur, Aššurma, Baltil, Libbi-āli, Libbi-āle, Libbi-ali, Libbi-ale, Ālu-eššu, Alu-eššu, Ālu, Āl-Aššur, Al-Aššur, Ašūr, Āšūr, آشور, Aššûr, אַשּׁוּר, Qalʿat Šarqāṭ, Qal‘at Širqāṭ, Qal'at Sherqat, Qalaat Sherqat, قلعة شرقاط, aš-Šarqāṭ, الشرقاط, Kharā’ib al Ashūrīyīn, خرائب الاشورين",1,35.45626203771533,43.25979491334806,"aš-šur, 𒀸𒋩, aš-šur.KI, 𒀸𒋩𒆠, a-šur₄.KI, 𒀀𒇳𒊬𒆠, <sup>d</sup>aš-šur, 𒀭𒀸𒋩, <sup>d</sup>aš-šur.KI, 𒀭𒀸𒋩𒆠, <sup>d</sup>a-šur, 𒀭𒀀𒋩, <sup>d</sup>a-šur.KI, 𒀭𒀀𒋩𒆠, <sup>d</sup>a-šùr.KI, 𒀭𒀀𒋓𒆠, <sup>d</sup>a-šur₄, 𒀭𒀀𒇳𒊬, URU.aš-šur, 𒌷𒀸𒋩, URU.aš-šur-ma, 𒌷𒀸𒋩𒈠, URU.a-šur, 𒌷𒀀𒋩, URU.a-šùr.KI, 𒌷𒀀𒋓𒆠, URU-<sup>d</sup>aš-šur, 𒌷𒀭𒀸𒋩, URU.KI-<sup>d</sup>a-šur, 𒌷𒆠𒀭𒀀𒋩, URU.AŠ, 𒌷𒀸, áš-šu-ra-a-a, 𒀾𒋗𒊏𒀀𒀀, aš-šur-a-ia, 𒀸𒋩𒀀𒅀, áš-šu-ri, 𒀾𒋗𒊑, áš-šú-ri, 𒀾𒋙𒊑, aš-šu-ri-te, 𒀸𒋗𒊑𒋼, aš-šur-i-te, 𒀸𒋩𒄿𒋼, aš-šú-ri-te, 𒀸𒋙𒊑𒋼, áš-šu-ri-te, 𒀾𒋗𒊑𒋼, aš-šur-i-ti, 𒀸𒋩𒄿𒋾, aš-šu-ri-tim, 𒀸𒋗𒊑𒁴, aš-šur-i-tu, 𒀸𒋩𒄿𒌅, aš-šur-i-tú, 𒀸𒋩𒄿𒌓, áš-šu-ri-tu, 𒀾𒋗𒊑𒌅, aš-šur-ri-te, 𒀸𒋩𒊑𒋼, aš-šur-tú, 𒀸𒋩𒌓, aš-šur-ú, 𒀸𒋩𒌑, áš-šu-ru-u, 𒀾𒋗𒊒𒌋, áš-šu-ru-ú, 𒀾𒋗𒊒𒌑, a-šu-ri-tim, 𒀀𒋗𒊑𒁴, LÚ.aš-šur-a-a, 𒇽𒀸𒋩𒀀𒀀, LÚ.áš-šu-ra-a-a, 𒇽𒀾𒋗𒊏𒀀𒀀, LÚ.aš-šur.KI-a-a-ú, 𒇽𒀸𒋩𒆠𒀀𒀀𒌑, LÚ.aš-šur.KI-ú, 𒇽𒀸𒋩𒆠𒌑, BAL.TIL, 𒁄𒌀, BAL.TIL.KI, 𒁄𒌀𒆠, URU.BAL.TIL, 𒌷𒁄𒌀, URU.BAL.TIL.KI, 𒌷𒁄𒌀𒆠, BAL.TIL.KI-ú, 𒁄𒌀𒆠𒌑, URU.BAL.TIL.KI-u, 𒌷𒁄𒌀𒆠𒌋, lìb-bi-a-lim, 𒊮𒁉𒀀𒅆, lìb-bi-URU, 𒊮𒁉𒌷, li-ib-bi-URU.KI, 𒇷𒅁𒁉𒌷𒆠, URU.lìb-bi-URU, 𒌷𒊮𒁉𒌷, ŠÀ-bi-URU, 𒊮𒁉𒌷, ŠÀ-bi-URU.KI, 𒊮𒁉𒌷𒆠, ŠÀ-URU, 𒊮𒌷, ŠÀ-URU.KI, 𒊮𒌷𒆠, URU.ŠÀ-bi-URU, 𒌷𒊮𒁉𒌷, URU.ŠÀ.URU, 𒌷𒊮𒌷, ŠÀ.URU-a.a, 𒊮𒌷𒀀𒀀, URU.ŠÀ-URU-a-a, 𒌷𒊮𒌷𒀀𒀀, LÚ.ŠÀ-URU-a.a, 𒇽𒊮𒌷𒀀𒀀, URU-GIBIL, 𒌷𒉋, URU-iš-še, 𒌷𒅖𒊺, אַשּׁוּר","capital, city","Assyria, Māt-Aššur, Iraq",10 C1,"Bagg RGTC 7 2/1: 77–80, Helsinki Atlas: 6 (map 10 C1), Parpola Toponyms: 41–54, <a href='https://www.assur.de' target='_blank'>Assur</a>, <a href='https://zenodo.org/record/6384045' target='_blank'>Pedersén ANE: Aššur (Qal'at Sherqat)</a>, <a href='https://zenodo.org/record/5217600' target='_blank'>CIGS: Assur/Qal‘at Širqāṭ</a>, <a href='https://pleiades.stoa.org/places/893945' target='_blank'>Pleiades: Ashur/‘Lamban’?/‘Liba(nai)’?</a>, <a href='https://books.openedition.org/cdf/4487' target='_blank'>MTT I/3: Qalat Sherqat (الشرقاط) (HIGEOMES Nr. 111)</a>, <a href='https://www.geonames.org/6837275/khara-ib-al-ashuriyin.html' target='_blank'>Geonames: Kharā’ib al Ashūrīyīn</a>, <a href='https://www.geonames.org/6837276/qal-at-sharqat.html' target='_blank'>Geonames: Qal‘at Sharqāţ</a>, <a href='http://oracc.museum.upenn.edu/saao/knpp/peoplegodsplaces/index.html' target='_blank'>Knowledge and Power: Assur</a>, <a href='https://www.ucl.ac.uk/sargon/peoplegodsplaces' target='_blank'>Assyrian empire builders: Assur</a>, <a href='http://oracc.museum.upenn.edu/atae/cbd/qpn-x-places/onebigfile.html' target='_blank'>ATAE Glossary: Places (Al-Aššur)</a>, <a href='http://oracc.museum.upenn.edu/saao/cbd/qpn-x-places/onebigfile.html' target='_blank'>SAAo Glossary: Places (Al-Aššur)</a>, <a href='http://oracc.museum.upenn.edu/riao/cbd/qpn-x-places/onebigfile.html' target='_blank'>RIAo Glossary: Places (Alu-eššu)</a>, <a href='http://oracc.museum.upenn.edu/atae/cbd/qpn-x-places/onebigfile.html' target='_blank'>ATAE Glossary: Places (Aššur)</a>, <a href='http://oracc.museum.upenn.edu/saao/cbd/qpn-x-places/onebigfile.html' target='_blank'>SAAo Glossary: Places (Aššur)</a>, <a href='http://oracc.museum.upenn.edu/riao/cbd/qpn-x-places/onebigfile.html' target='_blank'>RIAo Glossary: Places (Aššur)</a>, <a href='http://oracc.museum.upenn.edu/rinap/cbd/qpn-x-places/onebigfile.html' target='_blank'>RINAP Glossary: Places (Aššur)</a>, <a href='http://oracc.museum.upenn.edu/riao/cbd/qpn-x-places/onebigfile.html' target='_blank'>RIAo Glossary: Places (Aššur)</a>, <a href='http://oracc.museum.upenn.edu/saao/cbd/qpn-x-ethnic/onebigfile.html' target='_blank'>SAAo Glossary: Ethnic (Aššuru)</a>, <a href='http://oracc.museum.upenn.edu/riao/cbd/qpn-x-ethnic/onebigfile.html' target='_blank'>RIAo Glossary: Ethnic (Aššuru)</a>, <a href='http://oracc.museum.upenn.edu/rinap/cbd/qpn-x-ethnic/onebigfile.html' target='_blank'>RINAP Glossary: Ethnic (Aššuru)</a>, <a href='http://oracc.museum.upenn.edu/saao/cbd/qpn-x-ethnic/onebigfile.html' target='_blank'>SAAo Glossary: Ethnic (Aššuru)</a>, <a href='http://oracc.museum.upenn.edu/riao/cbd/qpn-x-places/onebigfile.html' target='_blank'>RIAo Glossary: Places (Baltil)</a>, <a href='http://oracc.museum.upenn.edu/rinap/cbd/qpn-x-places/onebigfile.html' target='_blank'>RINAP Glossary: Places (Baltil)</a>, <a href='http://oracc.museum.upenn.edu/saao/cbd/qpn-x-ethnic/onebigfile.html' target='_blank'>SAAo Glossary: Ethnic (Libbalaya)</a>, <a href='http://oracc.museum.upenn.edu/atae/cbd/qpn-x-places/onebigfile.html' target='_blank'>ATAE Glossary: Places (Libbi-ali)</a>, <a href='http://oracc.museum.upenn.edu/saao/cbd/qpn-x-places/onebigfile.html' target='_blank'>SAAo Glossary: Places (Libbi-ali)</a>, <a href='http://oracc.museum.upenn.edu/atae/cbd/qpn-x-places/onebigfile.html' target='_blank'>ATAE Glossary: Places (Libbi-ali)</a>, <a href='http://oracc.museum.upenn.edu/riao/cbd/qpn-x-places/onebigfile.html' target='_blank'>RIAo Glossary: Places (Libbi-ali)</a>"
142,Aššur-iqīša,"Aššūr-iqīša, Aššur-iqīša, Aššur-iqiša, Takyan Höyük, Zāḫū (?)",4,37.17944866157739,42.39524983067043,"URU.aš-šur-BA-šá, 𒌷𒀸𒋩𒁀𒃻","prov. capital, city","Ulluba, Birtu (2) province, Turkey",4 B4,"Helsinki Atlas: 6 (map 4 B4), Bagg RGTC 7 2/1: 81, <a href='https://zenodo.org/record/6384045' target='_blank'>Pedersén ANE: (Takyan Höyük)</a>, <a href='http://oracc.museum.upenn.edu/riao/cbd/qpn-x-places/onebigfile.html' target='_blank'>RIAo Glossary: Places (Aššur-iqiša)</a>, <a href='http://oracc.museum.upenn.edu/rinap/cbd/qpn-x-places/onebigfile.html' target='_blank'>RINAP Glossary: Places (Aššur-iqiša)</a>"
143,Aššur-māssu-urappiš,"Aššur-māssu-urappiš, Aššur-massu-urappiš",–,–,–,"URU.aš-šur-KUR-su-DAGAL.MEŠ, 𒌷𒀸𒋩𒆳𒋢𒂼𒈨𒌍",town,"Muṣur, Egypt",–,"Bagg RGTC 7 2/1: 82, <a href='http://oracc.museum.upenn.edu/riao/cbd/qpn-x-places/onebigfile.html' target='_blank'>RIAo Glossary: Places (Aššur-massu-urappiš)</a>, <a href='http://oracc.museum.upenn.edu/rinap/cbd/qpn-x-places/onebigfile.html' target='_blank'>RINAP Glossary: Places (Aššur-massu-urappiš)</a>"
139,Ašḫāni,"Ašḫāni, Ašḫani, Isḫanikka, Išḫanik, Ḫān Šayḫūn, Ḫān Šaiḫūn, Khan Shaykhun, Chan Schaichun, خان شيخون, aš-Šaʿrāni, aš-Šēḫ Ḥourāni, الشيخ حوراني, ʿAin Saḫnā, عين السحنة",2,35.443288886487,36.64629593527457,"URU.aš-ḫa-ni, 𒌷𒀸𒄩𒉌, URU.áš-ḫa-ni, 𒌷𒀾𒄩𒉌",city,"Ḫamāt, Syria",8 B1,"Helsinki Atlas: 6 (map 8 B1), Bagg RGTC 7 1: 33 (Ašḫani), <a href='https://zenodo.org/record/6384045' target='_blank'>Pedersén ANE: (Khan Shaykhun)</a>, <a href='https://pleiades.stoa.org/places/190803325' target='_blank'>Pleiades: Ašḫāni</a>, <a href='http://oracc.museum.upenn.edu/riao/cbd/qpn-x-places/onebigfile.html' target='_blank'>RIAo Glossary: Places (Ašhani)</a>, <a href='http://oracc.museum.upenn.edu/rinap/cbd/qpn-x-places/onebigfile.html' target='_blank'>RINAP Glossary: Places (Ašhani)</a>"
1322,Aḫ-Sāna,"Aḫ-Sāna, Ah-Sana, Aḫsana, Ahsana, Bīt-rēdûti (?), Nēmetti-šarri (?)",–,–,–,"KUR.aḫ-sa-na, 𒆳𒄴𒊓𒈾, URU.aḫ-sa-na, 𒌷𒄴𒊓𒈾, a-ḫi-ÍD.šá-a-nu, 𒀀𒄭𒀀𒇉𒃻𒀀𒉡, a-ḫi-ÍD.šá-a-ni, 𒀀𒄭𒀀𒇉𒃻𒀀𒉌","city, territory (?)","Babylonia, Iraq",–,"Bagg RGTC 7 2/1: 11, Parpola Toponyms: 6 (Aḫsana), Bagg RGTC 7 2/2: 453–454 (Nēmetti-šarri), <a href='https://publikationen.badw.de/de/rla/index' target='_blank'>Ebeling RlA 1: 58 (Aḫsana)</a>, CT 29 pl. 48, <a href='https://www.ebl.lmu.de/library/K.19484' target='_blank'>eBL: K.19484+Rm.155: 20</a>, <a href='https://cdli.earth/artifacts/365974' target='_blank'>CDLI: P365974</a>, <a href='http://oracc.museum.upenn.edu/atae/cbd/qpn-x-places/onebigfile.html' target='_blank'>ATAE Glossary: Places (Ah-Sana [1])</a>, <a href='http://oracc.museum.upenn.edu/saao/cbd/qpn-x-places/onebigfile.html' target='_blank'>SAAo Glossary: Places (Ah-Sana [1])</a>, <a href='http://oracc.museum.upenn.edu/atae/cbd/qpn-x-places/onebigfile.html' target='_blank'>ATAE Glossary: Places (Ahsana [1])</a>"
1088,Aḫsipuna,Aḫsipuna,–,–,–,"URU.aḫ-si-pu-na, 𒌷𒄴𒋛𒁍𒈾",town,"Parsua (?), Mādāja (?), Iran",–,Bagg RGTC 7 3/1: 9
22,Aḫtâ,"Aḫtâ, Ahta, al-Mīnāʾ, El-Mina, Raʾs al-Basīṭ (?), Ras el-Bassit (?), رأس البسيط (?), Posideion (?), Ποσείδιον (?)",3,36.06158841642915,35.97415328201089,"URU.aḫ-ta-a, 𒌷𒄴𒋫𒀀","city, emporium on the seashore","Ḫamāt (?), Kullanīa (?), Mediterranean coast, Turkey, Syria (?)",2 B4,"Helsinki Atlas: 5 (map 2 B4), Bagg RGTC 7/1: 3, <a href='https://zenodo.org/record/6384045' target='_blank'>Pedersén ANE: (El-Mina)</a>, <a href='https://zenodo.org/record/6384045' target='_blank'>Pedersén ANE: (Ras el-Bassit)</a>, <a href='https://pleiades.stoa.org/places/668340' target='_blank'>Pleiades: Posideion</a>, <a href='http://oracc.museum.upenn.edu/riao/cbd/qpn-x-places/onebigfile.html' target='_blank'>RIAo Glossary: Places (Ahta)</a>, <a href='http://oracc.museum.upenn.edu/rinap/cbd/qpn-x-places/onebigfile.html' target='_blank'>RINAP Glossary: Places (Ahta)</a>"
21,Aḫšūru,"Aḫšūru, Ahšuru, Aḫšūra, Ahšura",–,–,–,"KUR.aḫ-šu-ú-ru, 𒆳𒄴𒋗𒌑𒊒",mountain,"Māzamua, Iraq",–,"Bagg RGTC 7 3/1: 9, Parpola Toponyms: 6, <a href='http://oracc.museum.upenn.edu/riao/cbd/qpn-x-places/onebigfile.html' target='_blank'>RIAo Glossary: Places (Ahšuru [MOUNT AHšURU])</a>, <a href='http://oracc.museum.upenn.edu/rinap/cbd/qpn-x-places/onebigfile.html' target='_blank'>RINAP Glossary: Places (Ahšuru [MOUNT AHšURU])</a>"
1089,Aḫūdu,"Aḫūdu, Aḫudu, Uḫūdu",–,–,–,"URU.a-ḫu-di, 𒌷𒀀𒄷𒁲",fortified city,"Bīt-Amukkāni, Babylonia, Iraq",–,Bagg RGTC 7 3/1: 9–10
138,Aṣūṣi,"Aṣūṣi, Aṣuṣi, Aṣūṣu, Aṣuṣu, Ṣūṣi, Ṣuṣi",–,–,–,"URU.a-ṣu-ṣi, 𒌷𒀀𒍮𒍢, URU.ṣu-ṣi, 𒌷𒍮𒍢",town,"Northern Babylonia (?), Iraq",–,"Bagg RGTC 7 2/1: 74, Parpola Toponyms: 41, <a href='http://oracc.museum.upenn.edu/riao/cbd/qpn-x-places/onebigfile.html' target='_blank'>RIAo Glossary: Places (Aṣuṣu)</a>"
158,Babil,"Babil, Bābil, Rēš ēni Subnat, Rēš-ēni-Subnat, Source of the River Subnat, Source-of-the-River-Subnat, Kebili, Kebeli, Kebeli Köyü, Kebeli Koyu, Kiri-Mali, Kiri Mali",–,37.18729988943402,42.02757880435543,"SAG e-ni ÍD.su-ub-nat, 𒊕 𒂊𒉌 𒀀𒇉𒋢𒌒𒆳, SAG e-ni ÍD.su-ub-na-at, 𒊕 𒂊𒉌 𒀀𒇉𒋢𒌒𒈾𒀜","monument, river",Turkey,4 A4,"Helsinki Atlas: 7 (map 4 A4), Bagg RGTC 7 2/2: 688 (Subnat), <a href='https://zenodo.org/record/6384045' target='_blank'>Pedersén ANE: (Kebeli / Babil / Kiri Mali)</a>, <a href='https://zenodo.org/record/5217600' target='_blank'>CIGS: Kebeli</a>, <a href='https://pleiades.stoa.org/places/708232008' target='_blank'>Pleiades: Kebili (formerly Babil)</a>, <a href='https://www.geonames.org/308385/kebeli.html' target='_blank'>Geonames: Kebeli</a>"
160,Babiti,"Babiti, Babite, Babitu, Baziān, Bāziān, Bazyan, بازيان, Bāziān Pass, Bazyan Pass",2,35.637374,44.972631,"ba-bi-ti, 𒁀𒁉𒋾, URU.ba-bi-te, 𒌷𒁀𒁉𒋼, URU.ba-bi-ti, 𒌷𒁀𒁉𒋾","city, pass","Māzamua, Iraq",10 E1,"Bagg RGTC 7 3/1: 89–90 (Babite 1), Helsinki Atlas: 7 (map 10 E1), Parpola Toponyms: 64, <a href='https://zenodo.org/record/6384045' target='_blank'>Pedersén ANE: (Bazyan)</a>, <a href='https://www.ucl.ac.uk/sargon/peoplegodsplaces' target='_blank'>Assyrian empire builders: Babiti</a>, <a href='http://oracc.museum.upenn.edu/atae/cbd/qpn-x-places/onebigfile.html' target='_blank'>ATAE Glossary: Places (Babiti)</a>, <a href='http://oracc.museum.upenn.edu/saao/cbd/qpn-x-places/onebigfile.html' target='_blank'>SAAo Glossary: Places (Babiti)</a>, <a href='http://oracc.museum.upenn.edu/riao/cbd/qpn-x-places/onebigfile.html' target='_blank'>RIAo Glossary: Places (Babitu)</a>"
1145,Babitu,"Babitu, Babiti, Babite, Bāziān Dāġ, Jabal Darīndī Bāzyān, جبل دريندي بازيان, Qara Dāġ, Qara Dagh, Qarah Dāgh, Qere Dagh, قره داغ, قەرە داغ, Qeredagh, Qaradāgh, قرداغ, Baranand Dāġ, Baranand Dāgh, Shaxî Beranan, شاخى بەرانان",–,35.65959,44.95659,"KUR.ba-be-te, 𒆳𒁀𒁁𒋼, KUR.ba-bi-te, 𒆳𒁀𒁉𒋼, KUR.ba-bi-ti, 𒆳𒁀𒁉𒋾",mountains,"Māzamua, Iraq",–,"Bagg RGTC 7 3/1: 90–91 (Babite 2), Parpola Toponyms: 64, <a href='https://www.geonames.org/7350108/jabal-darindi-bazyan.html' target='_blank'>Geonames: Jabal Darīndī Bāzyān</a>, <a href='https://www.geonames.org/92436/qeredagh.html' target='_blank'>Geonames: Qeredagh</a>, <a href='https://www.geonames.org/417096/baranand-dagh.html' target='_blank'>Geonames: Baranand Dāgh</a>, <a href='https://www.ucl.ac.uk/sargon/peoplegodsplaces' target='_blank'>Assyrian empire builders: Babiti</a>, <a href='http://oracc.museum.upenn.edu/atae/cbd/qpn-x-places/onebigfile.html' target='_blank'>ATAE Glossary: Places (Babiti)</a>, <a href='http://oracc.museum.upenn.edu/saao/cbd/qpn-x-places/onebigfile.html' target='_blank'>SAAo Glossary: Places (Babiti)</a>, <a href='http://oracc.museum.upenn.edu/riao/cbd/qpn-x-places/onebigfile.html' target='_blank'>RIAo Glossary: Places (Babitu)</a>"
161,Badani,"Badāni, Badani",–,–,–,"URU.ba-da-a-ni, 𒌷𒁀𒁕𒀀𒉌",village,"Assyria, Iraq",–,"Bagg RGTC 7 2/1: 88 (Badāni 3), <a href='http://oracc.museum.upenn.edu/atae/cbd/qpn-x-places/onebigfile.html' target='_blank'>ATAE Glossary: Places (Badani [1])</a>"
162,Badāni,"Badāni, Badani, Badānu, Badanu, Fadana, Phaddan, Tall Feddān, Telfidanifevkani, Yukarı Telfidan, Yukarıbeğdeş, Yukari Begdes, Aşağı Telfidan, Aşağıbeğdeş, Asagi Begdes",3,36.84738068077593,38.90450466525078,"URU.ba-da-ni, 𒌷𒁀𒁕𒉌, URU.ba-da-na-a-a, 𒌷𒁀𒁕𒈾𒀀𒀀",village,"Ḫarrānu province, Turkey",3 B4,"Bagg RGTC 7 2/1: 87–88 (Badāni 2), Helsinki Atlas: 7 (map 3 B4; Badānu), <a href='https://zenodo.org/record/6384045' target='_blank'>Pedersén ANE: (Yukarıbeğdeş)</a>, <a href='https://www.geonames.org/296214/yukari-begdes.html' target='_blank'>Geonames: Yukarı Beğdeş</a>, <a href='https://zenodo.org/record/6384045' target='_blank'>Pedersén ANE: (Aşağıbeğdeş)</a>, <a href='https://www.geonames.org/323457/asagi-begdes.html' target='_blank'>Geonames: Aşağı Beğdeş</a>, <a href='https://pleiades.stoa.org/places/658467' target='_blank'>Pleiades: Fadana</a>, <a href='http://oracc.museum.upenn.edu/atae/cbd/qpn-x-ethnic/onebigfile.html' target='_blank'>ATAE Glossary: Ethnic Names (Badanaya [1])</a>, <a href='http://oracc.museum.upenn.edu/saao/cbd/qpn-x-places/onebigfile.html' target='_blank'>SAAo Glossary: Places (Badani [2])</a>, <a href='http://oracc.museum.upenn.edu/atae/cbd/qpn-x-places/onebigfile.html' target='_blank'>ATAE Glossary: Places (Badani [2])</a>"
163,Badānu,"Badānu, Badanu, Badāni, Badani, Badanaya, Badanayu",–,–,–,"URU.ba-da-na-a-a, 𒌷𒁀𒁕𒈾𒀀𒀀",tribe,"Sinai Peninsula (?), Arabian Peninsula (?), Egypt (?), Saudi Arabia (?), Jordan (?), Israel (?)",–,"Bagg RGTC 7 1: 41 (Badāni 1), Parpola Toponyms: 64 (Badanu), <a href='http://oracc.museum.upenn.edu/riao/cbd/qpn-x-ethnic/onebigfile.html' target='_blank'>RIAo Glossary: Ethnic Names (Badanayu [of Badanu])</a>, <a href='http://oracc.museum.upenn.edu/rinap/cbd/qpn-x-ethnic/onebigfile.html' target='_blank'>RINAP Glossary: Ethnic Names (Badanayu [of Badanu])</a>, <a href='http://oracc.museum.upenn.edu/atae/cbd/qpn-x-ethnic/onebigfile.html' target='_blank'>ATAE Glossary: Ethnic Names (Badanaya [1])</a>"
166,Baliḫu,"Baliḫu, Balīḫu, Balihu, Balīḫi, Baliḫi, Balihi, Apqu ša Baliḫā, Baliḫum, Baliḫa, Tall Abyaḍ, Tall Abyad, Tall Abjaḍ, Tell Abyaḍ, Tell Abid, تل ابيض",3,36.68423800368038,38.98545444094779,"URU.ba-li-ḫi, 𒌷𒁀𒇷𒄭, URU.ba-li-ḫu, 𒌷𒁀𒇷𒄷",town,"Ḫarrānu province (?), Syria",3 B4,"Bagg RGTC 7 2/1: 90–91 (Balīḫu 1), Helsinki Atlas: 7 (map 3 B4), Parpola Toponyms: 65 (together with the Balīḫu river), <a href='https://zenodo.org/record/6384045' target='_blank'>Pedersén ANE: (Tell Abid)</a>, <a href='https://books.openedition.org/cdf/4487' target='_blank'>MTT I/3: Tall Abyad / Ajja (HIGEOMES Nr. 216)</a>, <a href='https://www.geonames.org/8559018/tall-abyad.html' target='_blank'>Geonames: Tall Abyaḑ</a>, <a href='http://oracc.museum.upenn.edu/saao/cbd/qpn-x-places/onebigfile.html' target='_blank'>SAAo Glossary: Places (Balihu [1])</a>, <a href='http://oracc.museum.upenn.edu/atae/cbd/qpn-x-places/onebigfile.html' target='_blank'>ATAE Glossary: Places (Balihu [1])</a>, <a href='http://oracc.museum.upenn.edu/riao/cbd/qpn-x-places/onebigfile.html' target='_blank'>RIAo Glossary: Places (Balihu [1])</a>"
164,Balāṭa,"Balāṭa, Balaṭu, Balatu, Balad, Balāṭu, Balāṭāja, Balāṭ, Shahrabadh, Eski Moṣul, Eski Mosul, Aski Mauṣil, اسكي موصل, al-Mauṣil-al-Qadīm, Tall Ğikān, Tall Jikan",3,36.51080923682189,42.73664447373244,"URU.ba-la.MEŠ, 𒌷𒁀𒆷𒈨𒌍, URU.ba-la-ṭa, 𒌷𒁀𒆷𒁕, URU.ba-la-ṭa-a-a, 𒌷𒁀𒆷𒁕𒀀𒀀, URU.ba-laṭ, 𒌷𒁀𒆳, URU.ba-laṭ-a-a, 𒌷𒁀𒆳𒀀𒀀","town, prov. capital","Central Assyria, Province of the crown prince, Iraq",4 B5,"Bagg RGTC 7 2/1: 89–90 (Balāṭāja), Helsinki Atlas: 7 (map 4 B5), Parpola Toponyms: 65 (Balāṭu), <a href='https://zenodo.org/record/6384045' target='_blank'>Pedersén ANE: Balaṭu? (Eski Mosul)</a>, <a href='https://pleiades.stoa.org/places/874379' target='_blank'>Pleiades: Balad/Shahrabadh</a>, <a href='https://books.openedition.org/cdf/4487' target='_blank'>MTT I/3: Eski Mosul (HIGEOMES Nr. 681)</a>, <a href='http://oracc.museum.upenn.edu/rinap/cbd/qpn-x-places/onebigfile.html' target='_blank'>RINAP Glossary: Places (Balaṭaya)</a>, <a href='http://oracc.museum.upenn.edu/saao/cbd/qpn-x-places/onebigfile.html' target='_blank'>SAAo Glossary: Places (Balaṭu and Balaṭ)</a>"
165,Balīḫu,"Balīḫu, Balihu, Balīḫ, Baliḫ, Baliḫa, Baliha, Baliḫi, Balihi, Paliḫi, Palihi, Baluḫašša, Balicha, Bilecha, Balissos, Balissus, Nahr al-Balīḫ, Nahr al Balīkh, Nahr al Balikh, نهر البليخ, Belih, Daisan",1,35.89039,39.1469,"ÍD.ba-li-ḫa, 𒀀𒇉𒁀𒇷𒄩, ÍD.ba-li-ḫi, 𒀀𒇉𒁀𒇷𒄭, ÍD.KASKAL.KUR.A, 𒀀𒇉𒆜𒆳𒀀, ÍD.pa-li-ḫi, 𒀀𒇉𒉺𒇷𒄭, ÍD.KASKAL.KUR-a-a, 𒀀𒇉𒆜𒆳𒀀𒀀",river,"Syria, Turkey",3 C4,"Bagg RGTC 7 2/2: 673–674 (Balīḫu 2), Helsinki Atlas: 7 (map 3 C4), Parpola Toponyms: 65, <a href='https://www.geonames.org/171889/nahr-al-balikh.html' target='_blank'>Geonames: Nahr al Balīkh</a>, <a href='https://pleiades.stoa.org/places/658473968' target='_blank'>Pleiades: Balikh River</a>, <a href='http://oracc.museum.upenn.edu/riao/cbd/qpn-x-waters/onebigfile.html' target='_blank'>RIAo Glossary: Watercourses (Balihu [2])</a>"
167,Banai-barqa,"Banai-barqa, Banajabarqa, Banājabarqa, Banayabarqa, B<sup>e</sup>nê b<sup>e</sup>raq, Bnē Brāq, Bene Beraq, Beneberak, בְנֵי־בְרַק, Ibn Ibrāq, Al-Khayriyya, الخيرية, H̱orbat Bnē Brāq, חרבת בני ברק, Tall Abū Zētūn (?), Tēl Zētūn (?), Tel Zeton (?), תל זיתון",1,32.0372,34.8269,"URU.ba-na-a-a-bar-qa, 𒌷𒁀𒈾𒀀𒀀𒁇𒋡",town,"Isqalūna, Pilistu, Israel",7 C4,"Bagg RGTC 7 1: 42 (Banajabarqa), Helsinki Atlas: 7 (Banai-barqa; map 7 C4), Parpola Toponyms: 65 (Banājabarqa), <a href='https://gaialab.terrawatchers.org/DAAHL/Home.php' target='_blank'>DAAHL: Ancient Bene Beraqsʿ Tel</a>, <a href='https://gaialab.terrawatchers.org/DAAHL/Home.php' target='_blank'>DAAHL: al-Khayriyya</a>, <a href='https://Wikipedia.toolforge.org/Wikipedia.php?pagename=Beneberak&params=32_2_12.03_N_34_49_39.61_E_' target='_blank'>Wikipedia: Beneberak</a>, <a href='https://gaialab.terrawatchers.org/DAAHL/Home.php' target='_blank'>DAAHL: Bene Beraq 1129:82</a>, <a href='https://www.geonames.org/8427204/horbat-bene-beraq.html' target='_blank'>Geonames: H̱orbat Bené Beraq</a>, <a href='https://pleiades.stoa.org/places/687847' target='_blank'>Pleiades: Bene Beraq</a>, <a href='https://zenodo.org/record/6384045' target='_blank'>Pedersén ANE: (Tel Zeton)</a>, <a href='https://www.geonames.org/390324/tel-zeton.html' target='_blank'>Geonames: Tel Zeton</a>, <a href='https://gaialab.terrawatchers.org/DAAHL/Home.php' target='_blank'>DAAHL: Bene Beraq (1) 1129:20</a>, <a href='http://oracc.museum.upenn.edu/riao/cbd/qpn-x-places/onebigfile.html' target='_blank'>RIAo Glossary: Places (Banayabarqa)</a>, <a href='http://oracc.museum.upenn.edu/rinap/cbd/qpn-x-places/onebigfile.html' target='_blank'>RINAP Glossary: Places (Banayabarqa)</a>"
1146,Banbala,Banbala,–,–,–,"URU.ban-ba-la, 𒌷𒉼𒁀𒆷",town,"Māzamua, Iraq",–,"Bagg RGTC 7 3/1: 94, Parpola Toponyms: 66, <a href='http://oracc.museum.upenn.edu/atae/cbd/qpn-x-places/onebigfile.html' target='_blank'>ATAE Glossary: Places (Banbala)</a>, <a href='http://oracc.museum.upenn.edu/saao/cbd/qpn-x-places/onebigfile.html' target='_blank'>SAAo Glossary: Places (Banbala)</a>"
1310,Banniši,"Banniši, Bannēšu, Bannešu",–,–,–,"KUR.ban-ni-ši, 𒆳𒉼𒉌𒅆",mountain,"Babylonia, Gambūlu (?), Iraq",–,"SAA 21 110: rev. 4’ and 5’, <a href='http://oracc.museum.upenn.edu/atae/cbd/qpn-x-places/onebigfile.html' target='_blank'>ATAE Glossary: Places (Bannešu [1])</a>, <a href='http://oracc.museum.upenn.edu/saao/cbd/qpn-x-places/onebigfile.html' target='_blank'>SAAo Glossary: Places (Bannešu [1])</a>"
168,Baqarru,"Baqarru, Baqarri, Baqar, Qabrā, Kapra, Tepe Yaʿqūb, Tall Baqrta, Tell Baqrta, تل باكرتة, Tappe Yaʿqūb, تبه يعقوب",3,35.951768,43.910217,"URU.ba-qar, 𒌷𒁀𒃼, URU.ba-qar-ma, 𒌷𒁀𒃼𒈠, URU.ba-qar-ri, 𒌷𒁀𒃼𒊑",town,"Assyria, Arzūḫina (province) (?)",4 D6,"Bagg RGTC 7 2/1: 92–93 (Baqarri), Helsinki Atlas: 7 (map 4 D6), Parpola Toponyms: 67 (Baqarru), <a href='https://zenodo.org/record/6384045' target='_blank'>Pedersén ANE: (Tell Baqrta EPAS 17)</a>, <a href='http://oracc.museum.upenn.edu/atae/cbd/qpn-x-places/onebigfile.html' target='_blank'>ATAE Glossary: Places (Baqarru)</a>, <a href='http://oracc.museum.upenn.edu/saao/cbd/qpn-x-places/onebigfile.html' target='_blank'>SAAo Glossary: Places (Baqarru)</a>"
1176,Barunakka,Barunakka,–,–,–,"URU.ba-ru-nak-ka, 𒌷𒁀𒊒𒅘𒅗","city, fortified city","Mannāja, Zikirtu, Aukanê, Iran",–,"Bagg RGTC 7 3/1: 101, Parpola Toponyms: 70, <a href='http://oracc.museum.upenn.edu/riao/cbd/qpn-x-places/onebigfile.html' target='_blank'>RIAo Glossary: Places (Barunakka)</a>, <a href='http://oracc.museum.upenn.edu/rinap/cbd/qpn-x-places/onebigfile.html' target='_blank'>RINAP Glossary: Places (Barunakka)</a>"
172,Barzaništa,"Barzaništa, Barzanista, Barzaništun (?), Göktepe",–,37.69504,40.38403,"URU.bar-za-ni-is-ta, 𒌷𒁇𒍝𒉌𒄑𒋫, URU.bar-za-ni-iš-ta, 𒌷𒁇𒍝𒉌𒅖𒋫",town,"Izalla, Turkey",–,"Bagg RGTC 7 2/1: 97–98, Parpola Toponyms: 70 (under Barzaništun), <a href='https://www.geonames.org/314159/goektepe.html' target='_blank'>Geonames: Göktepe</a>, <a href='https://www.ucl.ac.uk/sargon/peoplegodsplaces' target='_blank'>Assyrian empire builders: Barzaništa</a>, <a href='http://oracc.museum.upenn.edu/saao/cbd/qpn-x-places/onebigfile.html' target='_blank'>SAAo Glossary: Places (Barzaništa [1] (GN))</a>, <a href='http://oracc.museum.upenn.edu/saao/cbd/qpn-x-places/onebigfile.html' target='_blank'>SAAo Glossary: Places (Barzaništa [1] (SN))</a>, <a href='http://oracc.museum.upenn.edu/atae/cbd/qpn-x-places/onebigfile.html' target='_blank'>ATAE Glossary: Places (Barzaništa [1])</a>"
173,Barzaništun,"Barzaništun, Barzaništa (?)",–,–,–,"URU.bar-za-ni-iš-tu-un, 𒌷𒁇𒍝𒉌𒅖𒌅𒌦",town,"Bīt-Zamāni, Turkey",–,"Bagg RGTC 7 2/1: 98, Parpola Toponyms: 70, <a href='https://www.ucl.ac.uk/sargon/peoplegodsplaces' target='_blank'>Assyrian empire builders: Barzaništa</a>, <a href='http://oracc.museum.upenn.edu/riao/cbd/qpn-x-places/onebigfile.html' target='_blank'>RIAo Glossary: Places (Barzaništun [1])</a>"
1147,Barzundi,Barzundi,–,–,–,"URU.ba-ar-zu-un-di, 𒌷𒁀𒅈𒍪𒌦𒁲",town,"Māzamua, Iraq",–,"Bagg RGTC 7 3/1: 101, <a href='http://oracc.museum.upenn.edu/atae/cbd/qpn-x-places/onebigfile.html' target='_blank'>ATAE Glossary: Places (Barzundi)</a>, <a href='http://oracc.museum.upenn.edu/saao/cbd/qpn-x-places/onebigfile.html' target='_blank'>SAAo Glossary: Places (Barzundi)</a>"
171,Barūri,"Barūri, Baruri, Baruḫu, Bourira, Burēr, Bureir, Burayr, برير, Tel Beror (?), תל ברור",–,31.5707,34.6407,"URU.bar-ú-ri, 𒌷𒁇𒌑𒊑",town,"Pilistu, Ḫazzat, Assyria (?), Israel, Iraq (?)",–,"Bagg RGTC 7 2/1: 97, Parpola Toponyms: 70 (Baruḫu), <a href='https://gaialab.terrawatchers.org/DAAHL/Home.php' target='_blank'>DAAHL: Burayr</a>, <a href='https://www.geonames.org/295376/bureir.html' target='_blank'>Geonames: Bureir</a>, <a href='https://www.geonames.org/295493/tel-beror.html' target='_blank'>Geonames: Tel Beror</a>, <a href='http://oracc.museum.upenn.edu/saao/cbd/qpn-x-places/onebigfile.html' target='_blank'>SAAo Glossary: Places (Baruri [1])</a>, <a href='http://oracc.museum.upenn.edu/atae/cbd/qpn-x-places/onebigfile.html' target='_blank'>ATAE Glossary: Places (Baruri [1])</a>"
170,Barḫalza,"Barḫalza, Barhalza, Barḫalzu, Barhalzu, Barḫalzi, Barhalzi, Barḫazza, Barhazza, Barḫazi, Barhazi",2,–,–,"bar-ḫal-za, 𒁇𒄬𒍝, KUR.ba-ar-ḫa-zi, 𒆳𒁀𒅈𒄩𒍣, KUR.bar-ḫa-za, 𒆳𒁇𒄩𒍝, KUR.bar-ḫa-zi, 𒆳𒁇𒄩𒍣, KUR.bar-ḫal-za, 𒆳𒁇𒄬𒍝, KUR.bar-ḫal-zi, 𒆳𒁇𒄬𒍣, KUR.bar-ḫal-zu, 𒆳𒁇𒄬𒍪, KUR.bar-ḫa-az-zi, 𒆳𒁇𒄩𒊍𒍣, URU.bar-ḫa-za, 𒌷𒁇𒄩𒍝, URU.bar-ḫal-za, 𒌷𒁇𒄬𒍝, URU.bar-ḫal-zi, 𒌷𒁇𒄬𒍣, KUR.bar-ḫal-za-a-a, 𒆳𒁇𒄬𒍝𒀀𒀀, KUR.bar-ḫal-zi-a-a, 𒆳𒁇𒄬𒍣𒀀𒀀","prov. capital, city, province","Assyria, Barḫalza province, Iraq",4 B5,"Bagg RGTC 7 2/1: 93–95 (Barḫalzu), Helsinki Atlas: 7 (map 4 B5), Parpola Toponyms: 67–68 (Barḫalzi), <a href='http://oracc.museum.upenn.edu/saao/knpp/peoplegodsplaces/index.html' target='_blank'>Knowledge and Power: Barhalzi</a>, <a href='https://www.ucl.ac.uk/sargon/peoplegodsplaces' target='_blank'>Assyrian empire builders: Barhalzi</a>, <a href='http://oracc.museum.upenn.edu/saao/cbd/qpn-x-places/onebigfile.html' target='_blank'>SAAo Glossary: Places (Barhalza [1])</a>, <a href='http://oracc.museum.upenn.edu/atae/cbd/qpn-x-places/onebigfile.html' target='_blank'>ATAE Glossary: Places (Barhalza [1])</a>, <a href='http://oracc.museum.upenn.edu/saao/cbd/qpn-x-ethnic/onebigfile.html' target='_blank'>SAAo Glossary: Ethnic Names (Barhalzaya [from Barhalza])</a>, <a href='http://oracc.museum.upenn.edu/saao/cbd/qpn-x-ethnic/onebigfile.html' target='_blank'>SAAo Glossary: Ethnic Names (Barhalzaya [of Barhalzu])</a>, <a href='http://oracc.museum.upenn.edu/atae/cbd/qpn-x-ethnic/onebigfile.html' target='_blank'>ATAE Glossary: Ethnic Names (Barhalzaya [of Barhalzu])</a>, <a href='http://oracc.museum.upenn.edu/atae/cbd/qpn-x-places/onebigfile.html' target='_blank'>ATAE Glossary: Places (Barhalzi [1])</a>, <a href='http://oracc.museum.upenn.edu/riao/cbd/qpn-x-places/onebigfile.html' target='_blank'>RIAo Glossary: Places (Barhalzu [1])</a>, <a href='http://oracc.museum.upenn.edu/rinap/cbd/qpn-x-places/onebigfile.html' target='_blank'>RINAP Glossary: Places (Barhalzu [1])</a>, <a href='http://oracc.museum.upenn.edu/atae/cbd/qpn-x-places/onebigfile.html' target='_blank'>ATAE Glossary: Places (Barhalzu [1])</a>, <a href='http://oracc.museum.upenn.edu/saao/cbd/qpn-x-places/onebigfile.html' target='_blank'>SAAo Glossary: Places (Barhalzu [1])</a>"
179,Bazi,"Bazi, Bāzi, Bāzu, Bazu",–,–,–,"URU.ba-zi, 𒌷𒁀𒍣",town,"Assyria, Iraq",–,"Bagg RGTC 7 2/1: 99–100 (Bāzi 2 (?)), Parpola Toponyms: 71 (with Bāzu), <a href='http://oracc.museum.upenn.edu/atae/cbd/qpn-x-places/onebigfile.html' target='_blank'>ATAE Glossary: Places (Bazi)</a>, <a href='http://oracc.museum.upenn.edu/saao/cbd/qpn-x-places/onebigfile.html' target='_blank'>SAAo Glossary: Places (Bazi)</a>"
1131,Başbük,Başbük,1,37.35539,39.28069,–,monument,"Tušḫan, Turkey",–,"<a href='https://www.geonames.org/321974/basbuek.html' target='_blank'>Geonames: Başbük</a>, <a href='https://pleiades.stoa.org/places/903458730' target='_blank'>Pleiades: Başbük</a>, <a href='https://www.asor.org/anetoday/2023/04/basbuk-rock-wall-panel' target='_blank'>Önal – Uludağ – Koyuncu – Adalı (2023): The Başbük Rock Wall Panel: Serving Empire, Honoring Syro-Anatolian Gods. The Ancient Near East Today 11/4</a>, <a href='https://doi.org/10.15184/aqy.2022.48' target='_blank'>Önal – Uludağ – Koyuncu – Adalı (2022): An Assyrianised rock wall panel with figures at Başbük in south-eastern Turkey. Antiquity 96/387</a>"
175,Bašimu,"Bašimu, Bašimi, Bašimā, Mišime, Liyān, Liyan, Antiocheia in Persis, Būšehr, Bušehr, Bushahr, Bushehr, Bushire, Bushir, بوشِهر, Bandar-e Būšehr, Bandar-e Būšahr, بندر بوشهر, Bandar Abu Shehr, Abu Shahr, Abu Shehr, Abuschehr, Bandar-e Nāderīye, Bandar Nādirīya, Sabzabad Bushehr, Tepeh Sabzabad, Tul-e Peytul",3,28.90648511027001,50.84723445218776,"URU.ba-ši-mu, 𒌷𒁀𒅆𒈬, URU.ba-ši-ma-a-a, 𒌷𒁀𒅆𒈠𒀀𒀀",city,"Elam, Iran",17 C5,"Bagg RGTC 7 3/1: 102, Helsinki Atlas: 7 (map 17 C5), Parpola Toponyms: 71, <a href='https://zenodo.org/record/6384045' target='_blank'>Pedersén ANE: Liyan (Sabzabad Bushehr)?</a>, <a href='https://pleiades.stoa.org/places/922627' target='_blank'>Pleiades: [Bushahr]/Antiocheia in Persis</a>, <a href='https://www.geonames.org/139817/bushehr.html' target='_blank'>Geonames: Bushehr</a>, <a href='https://www.ancientportsantiques.com/the-catalogue/' target='_blank'>Ancient Ports: Liyan / Tepeh Sabzabad</a>, <a href='http://oracc.museum.upenn.edu/riao/cbd/qpn-x-places/onebigfile.html' target='_blank'>RIAo Glossary: Places (Bašimu [1])</a>, <a href='http://oracc.museum.upenn.edu/rinap/cbd/qpn-x-places/onebigfile.html' target='_blank'>RINAP Glossary: Places (Bašimu [1])</a>, <a href='http://oracc.museum.upenn.edu/atae/cbd/qpn-x-places/onebigfile.html' target='_blank'>ATAE Glossary: Places (Bašimu [1])</a>, <a href='http://oracc.museum.upenn.edu/saao/cbd/qpn-x-places/onebigfile.html' target='_blank'>SAAo Glossary: Places (Bašimu [1])</a>"
181,Baʾali,"Baʾali, Baʾalu, Ḫirbat Balʿama, Khirbet Balama, Khirbet Bel'ameh, Khirbet Bal’ama, Ibleam, יִבְלְעָם, Baʿlabak, Baalbek, Heliopolis",–,34.00675641920309,36.20437112660782,"URU.ba-ʾa-li, URU.ba-aʾ-li, 𒌷𒁀𒀪𒇷",town," Dimašqa (?), Lebanon",–,"Bagg RGTC 7 1: 39, <a href='https://zenodo.org/record/6384045' target='_blank'>Pedersén ANE: Heliopolis (Baalbek)</a>"
182,Baʾali-raʾasi,"Baʾli-rāʾsi, Baʾali-raʾasi, Baʾali-raʾsi, Baʾliraʾsi, Baʾil-rāʾsi, Baʿal Rôš, Roš ha-Niqra, Rosh ha-Niqra, Rosh HaNiqra, ראש הנקרה, רֹאשׁ הַנִּקְרָה, Rās an-Nāqūra, Raʾs an-Nāqūra, رأس الناقورة, Har ha-Karmel (?), הר הכרמל, Har Karmel (?), הר כרמל, Karmel (?), כרמל, Ǧabal al-Karmil (?), جبل الكرمل, Karmēlos (?), Rešbaʿal (?), Rashbaʿl (?)",2,33.09409,35.10378,"KUR.ba-aʾ-li-ra-aʾ-si, KUR.ba-ʾa-li-ra-ʾa-si, 𒆳𒁀𒀪𒇷𒊏𒀪𒋛, KUR.ba-aʾ-li-ra-si, KUR.ba-ʾa-li-ra-si, 𒆳𒁀𒀪𒇷𒊏𒋛",mountain,"Mediterranean coast, Phoenicia, Israel, Lebanon",8 A3,"Bagg RGTC 7 1: 40–41 (Baʾali-raʾsi), Helsinki Atlas: 7 (map 8 A3), Parpola Toponyms: 57 (Baʾliraʾsi), <a href='https://www.geonames.org/294885/rosh-hanikra.html' target='_blank'>Geonames: Rosh Hanikra</a>, <a href='https://www.geonames.org/7648643/rosh-hanikra.html' target='_blank'>Geonames: Rosh Hanikra</a>, <a href='https://www.geonames.org/294579/mount-carmel.html' target='_blank'>Geonames: Mount Carmel</a>, <a href='https://gaialab.terrawatchers.org/DAAHL/Home.php' target='_blank'>DAAHL: Rashbaʿl</a>, <a href='http://oracc.museum.upenn.edu/riao/cbd/qpn-x-places/onebigfile.html' target='_blank'>RIAo Glossary: Places (Baʾali-raʾasi [Mount Baʾali-raʾasi])</a>"
183,Baʾil-gazara,"Baʾil-gazara, Baʾilgazara, Ġazīr (?), Ghazîr (?), Ghazīr (?), Ghazir (?), غزير",–,34.01823,35.66611,"URU.ba-il-ga-za-ra, 𒌷𒁀𒅋𒂵𒍝𒊏",town,"Syro-Palestine, Lebanon (?), Syria (?)",–,"Bagg RGTC 7 1: 41–42, Parpola Toponyms: 57 (Baʾilgazara), <a href='https://www.geonames.org/274939/ghazir.html' target='_blank'>Geonames: Ghazîr</a>, <a href='http://oracc.museum.upenn.edu/rinap/cbd/qpn-x-places/onebigfile.html' target='_blank'>RINAP Glossary: Places (Baʾil-gazara [1])</a>, <a href='http://oracc.museum.upenn.edu/riao/cbd/qpn-x-places/onebigfile.html' target='_blank'>RIAo Glossary: Places (Baʾil-gazara [1])</a>"
184,Baʾli-Ṣapūna,"Baʾli-Ṣapūna, Baʾali-ṣapūna, Baʾliṣapūna, Baʾali-ṣapuna, Baʾil-ṣapūna, Baʾil-ṣapuna, Ṣapūna, Kasion oros, Κάσιον ὄρος, Cassius M., Casius M., Ğabal al-Aqraʿ, Jebel al-ʾAqraʿ, Jebel al-ʾAqra, Jabal al Aqra‘, جبل الاقرع, Jabal Kāssiyūs, Jabal Kassiyus, Mount Cassius, جبل كاسيوس, Cebeli Akra, Kılıç Dağı",2,35.9520301,35.9691563,"KUR.ba-ʾa-li-ṣa-pu-na, 𒆳𒁀𒀪𒇷𒍝𒁍𒈾, KUR.ba-ʾi-il-ṣa-pu-na, 𒆳𒁀𒀪𒅋𒍝𒁍𒈾",mountain,"Ḫatti, Turkey",2 B5,"Bagg RGTC 7 1: 41 (Baʾali-ṣapūna), Helsinki Atlas: 7 (map 2 B5), Parpola Toponyms: 57 (Baʾliṣapūna), <a href='https://pleiades.stoa.org/places/668224' target='_blank'>Pleiades: Jebel al-ʾAqraʿ</a>, <a href='https://www.geonames.org/307903/cebeli-akra.html' target='_blank'>Geonames: Cebeli Akra</a>, <a href='http://oracc.museum.upenn.edu/rinap/cbd/qpn-x-places/onebigfile.html' target='_blank'>RINAP Glossary: Places (Baʾali-ṣapuna [Mount Baʾali-ṣapuna])</a>, <a href='http://oracc.museum.upenn.edu/riao/cbd/qpn-x-places/onebigfile.html' target='_blank'>RIAo Glossary: Places (Baʾali-ṣapuna [Mount Baʾali-ṣapuna])</a>"
174,Baṣiru,"Baṣiru, Baṣīru, Armi (?), Armium (?), Tall Bāzy, Tell Bazi, Tall Bazi, Tall Bazey, Tall Bāzi, تل بازي",–,36.42730801977215,38.27608435837664,–,city,Syria,–,"<a href='https://zenodo.org/record/6384045' target='_blank'>Pedersén ANE: Baṣiru (Tell Bazi)</a>, <a href='https://zenodo.org/record/5217600' target='_blank'>CIGS: Baṣiru / Tall Bāzy</a>, <a href='https://books.openedition.org/cdf/4487' target='_blank'>MTT I/3: Tall Bazi / BAṢĪRU (HIGEOMES Nr. 26)</a>, <a href='https://pleiades.stoa.org/places/17634131' target='_blank'>Pleiades: Tall Bazi</a>"
185,Beer-šeba,"Beersheva, Beer-ševa, Beer-šeba, Beer Sheva, Beʾer Shevaʾ, בְּאֵר שֶׁבַע, بئر السبع, Berosaba, Bersabe, Tel Beʾer Shevaʾ, תל באר שבע, Tell es-Saba', تل السبع",–,31.24500220751011,34.84067964427934,בְּאֵר שֶׁבַע,town,"Iaʾūdu, Israel",–,"<a href='https://zenodo.org/record/6384045' target='_blank'>Pedersén ANE: Beersheva (Tell es-Saba')</a>, <a href='https://zenodo.org/record/5217600' target='_blank'>CIGS: Tel Be'er Sheva</a>, <a href='https://pleiades.stoa.org/places/687846' target='_blank'>Pleiades: Beer Sheva/Berosaba</a>"
186,Ben Shemen Forest,"Assyrian name unknown, Ben Shemen Forest",–,31.93558,34.96537,–,monument,Israel,–,–
187,Benuḫše,"Benuḫše, Benuhše",–,–,–,"URU.be-nu-uḫ-še, 𒌷𒁁𒉡𒄴𒊺",town,"Assyria, Iraq",–,"Bagg RGTC 7 2/1: 102, <a href='http://oracc.museum.upenn.edu/atae/cbd/qpn-x-places/onebigfile.html' target='_blank'>ATAE Glossary: Places (Benuhše [1])</a>"
191,Bethlehem,"Bethlehem, Betlem, Bethleem, Bet Leḥem, Bait Laḥm, בֵּית לֶחֶם, بيت لحم, Βηθλεέμ",–,31.70306,35.19556,"بيت لحم, בֵּית לֶחֶם, Βηθλεέμ",town,"Iaʾūdu, Israel",–,–
192,Bethsaida,"Bethsaida, Bēt Ṣaydā, Bẹt Ṣẹdȧ, Beit Tsaida, בית צידה, Βηθσαΐδά, Ṣaydȧn, צַידָן, Gešur (?), Ioulias, Iulias, Julias, Ἰουλίας, Ioulia, Julia, Ἰουλία, Bait Ṣaidā, بيت صيدا, at-Tall, et-Tell, Et-Tell, al-ʿAraǧ, al-ʿAraj, Tell ʿAraj, Tel ʿAraj, El Araj, al-Maṣʿadīya, Al Mus‘adīyah, المسعدية",–,32.91030924985483,35.63066752721332,"בית צידה, צַידָן",fortified city,"Gešur (?), Israel",–,"<a href='https://zenodo.org/record/6384045' target='_blank'>Pedersén ANE: (Et-Tell)</a>, <a href='https://pleiades.stoa.org/places/678065' target='_blank'>Pleiades: Bethsaida</a>, <a href='https://gaialab.terrawatchers.org/DAAHL/Home.php' target='_blank'>DAAHL: al-ʿAraj</a>, <a href='https://bethsaidaarchaeology.org' target='_blank'>Bethsaida Excavations Project</a>, <a href='https://www.elarajexcavations.com/updates' target='_blank'>El Araj Excavation Project</a>"
193,Beʾrū,"Biʾrû, Beʾrû, Beʾrū, Biruta, Biʾrutu, Biʾrūtu, bjrt, 𐤉𐤓𐤕‎𐤁, Berytos, Bērytos, Berytus, Laodikeia, Colonia Iulia Augusta Felix, Beirut, Bairūt, بَيْرُوت",1,33.89896429056319,35.50723542715227,"URU.bi-iʾ-ru-u, 𒌷𒁉𒀪𒊒𒌋, URU.bi-iʾ-ru-ú, 𒌷𒁉𒀪𒊒𒌑, 𐤉𐤓𐤕‎𐤁","seaport, city","Phoenicia, Ṣīdūnu, Lebanon",8 A3,"Helsinki Atlas: 7 (map 8 A3), Bagg RGTC 7 1: 43–44 (Biʾrû), <a href='https://zenodo.org/record/6384045' target='_blank'>Pedersén ANE: Bi'rutu / Bi'rû /Berytos (Beirut)</a>, <a href='https://pleiades.stoa.org/places/678060' target='_blank'>Pleiades: Beirut</a>"
194,Bikni,"Bikni, Biknu, Bitnik (?), Ququ, Kūh-e Qūqū, Kuh-e Ququ, کوه قوقو, Damāvand (?), دَماوَند, Kūh-e Damāvand (?), كوه دماوند, Demavend Kuh (?), Boneh Kuh (?), Kūh-e Boneh (?), Kuh-e Boneh (?), کوه بنه, Kūh-e Alvand (?), Kūh-i Alwand (?), Kūh-i-Alwand (?), کوه الوند, Badaḫšān (?), Badakhshan (?), بدخشان",2,34.2071,51.031,"KUR.bi-ik-ni, 𒆳𒁉𒅅𒉌, KUR.bi-ik-nu, 𒆳𒁉𒅅𒉡",mountain,"Mādāja, Iran",6 D5,"Bagg RGTC 7 3/1: 105–106, Helsinki Atlas: 7 (map 6 D5), Parpola Toponyms: 72–73, Barrington Atlas: 1353 (Bikni/Bitnik), <a href='https://pleiades.stoa.org/places/944509' target='_blank'>Pleiades: Bikni/Bitnik</a>, <a href='https://www.geonames.org/6860302/kuh-e-ququ.html' target='_blank'>Geonames: Kūh-e Qūqū</a>, <a href='https://www.geonames.org/138041/kuh-e-damavand.html' target='_blank'>Geonames: Kūh-e Damāvand</a>, <a href='https://www.geonames.org/11047860/kuh-e-boneh.html' target='_blank'>Geonames: Kūh-e Boneh</a>, <a href='https://www.geonames.org/143744/kuh-e-alvand.html' target='_blank'>Geonames: Kūh-e Alvand</a>, <a href='https://www.openstreetmap.org/relation/1674535' target='_blank'>OpenStreetMap: Badachšán</a>, <a href='http://oracc.museum.upenn.edu/riao/cbd/qpn-x-places/onebigfile.html' target='_blank'>RIAo Glossary: Places (Bikni [Mount Bikni])</a>, <a href='http://oracc.museum.upenn.edu/rinap/cbd/qpn-x-places/onebigfile.html' target='_blank'>RINAP Glossary: Places (Bikni [Mount Bikni])</a>"
1281,Binši,"Binši, Bienši",–,–,–,"URU.bi-en-ši, 𒌷𒁉𒂗𒅆",town,"Kār-Šarrukīn, Iran",–,"Bagg RGTC 7 3/1: 106 (Binši (?)), <a href='https://www.ucl.ac.uk/sargon/peoplegodsplaces' target='_blank'>Assyrian empire builders: Bienši</a>, <a href='http://oracc.museum.upenn.edu/saao/cbd/qpn-x-places/onebigfile.html' target='_blank'>SAAo Glossary: Places (Bienši [1])</a>, <a href='http://oracc.museum.upenn.edu/atae/cbd/qpn-x-places/onebigfile.html' target='_blank'>ATAE Glossary: Places (Binši [1])</a>, <a href='http://oracc.museum.upenn.edu/saao/cbd/qpn-x-places/onebigfile.html' target='_blank'>SAAo Glossary: Places (Binši [1])</a>"
1193,Birdunu,Birdunu,–,–,–,"URU.bir-du-nu, 𒌷𒄵𒁺𒉡",town,"Assyria (?), Iraq (?)",–,"Bagg RGTC 7 2/1: 104, Parpola Toponyms: 74, <a href='http://oracc.museum.upenn.edu/atae/cbd/qpn-x-places/onebigfile.html' target='_blank'>ATAE Glossary: Places (Birdunu)</a>, <a href='http://oracc.museum.upenn.edu/saao/cbd/qpn-x-places/onebigfile.html' target='_blank'>SAAo Glossary: Places (Birdunu)</a>"
197,Birgiʾ,"Birgiʾ, Barğā, Barja, Barjā, Bardzha, برجا, Ṭabarğā (?), Tabardza (?), Tabarja (?), طبرجا",–,33.64972,35.44278,"URU.bi-ir-gi-iʾ, 𒌷𒁉𒅕𒄀𒀪",town,"Phoenicia, Ṣīdūnu, Lebanon",–,"Bagg RGTC 7 1: 42–43, Parpola Toponyms: 74, <a href='https://www.geonames.org/276965/barja.html' target='_blank'>Geonames: Barja</a>, <a href='https://www.geonames.org/266969/tabarja.html' target='_blank'>Geonames: Tabarja</a>, <a href='http://oracc.museum.upenn.edu/rinap/cbd/qpn-x-places/onebigfile.html' target='_blank'>RINAP Glossary: Places (Birgiʾ [1])</a>, <a href='http://oracc.museum.upenn.edu/riao/cbd/qpn-x-places/onebigfile.html' target='_blank'>RIAo Glossary: Places (Birgiʾ [1])</a>"
1256,Birte,"Birte, Bīrtu",–,–,–,"URU.bir-te, 𒌷𒄵𒋼",town,"Assyria, Iraq",–,"Bagg RGTC 7 2/1: 105 (Birte (??)), Parpola Toponyms: 74 (under Bīrtu), <a href='http://oracc.museum.upenn.edu/atae/cbd/qpn-x-places/onebigfile.html' target='_blank'>ATAE Glossary: Places (Birte [1])</a>"
1259,Birti,Birti,–,–,–,"URU.bir-ti, 𒌷𒄵𒋾",town,"Assyria, Iraq",–,Bagg RGTC 7 3/2: 960 (add. to RGTC 7/2)
1258,Birtu,"Birtu, Bīrtu, Birtha Aspōrakou (?)",–,–,–,"KUR.ḪAL.ṢU, 𒆳𒄬𒍮, URU.ḪAL.ṢU, 𒌷𒄬𒍮",city,"Lāqê (?), Syria, Iraq (?)",–,"Bagg RGTC 7 2/1: 105 (Birtu 1 (?)), <a href='http://oracc.museum.upenn.edu/atae/cbd/qpn-x-places/onebigfile.html' target='_blank'>ATAE Glossary: Places (Birtu [1])</a>"
200,Birtu-ša-Adad-rēmanni,"Birtu-ša-Adad-rēmanni, Birtu-ša-Adad-remanni, Birat-ša-Adad-rēmanni, Birat-ša-Adad-remanni, Fort Adad-rēmanni, Panğvīn, بينجوين, پنجوین",–,35.62054,45.94908,"URU.bir-tu-ša-<sup>m</sup>10-rém-a-ni, 𒌷𒄵𒌅𒊭𒁹𒌋𒀖𒀀𒉌, URU.ḪAL.ṢU-<sup>md</sup>IM-rém-a-ni, 𒌷𒄬𒍮𒁹𒀭𒅎𒀖𒀀𒉌, URU.ḪAL.ṢU-<sup>md</sup>IŠKUR-rém-a-ni, 𒌷𒄬𒍮𒁹𒀭𒅎𒀖𒀀𒉌, URU.ḪAL.ṢU-ša-<sup>md</sup>10-rém-a-ni, 𒌷𒄬𒍮𒊭𒁹𒀭𒌋𒀖𒀀𒉌","town, fortress","Māzamua, Mannāja, Iraq",–,"Bagg RGTC 7 3/1: 110, <a href='https://www.geonames.org/98012/baynjiwayn.html' target='_blank'>Geonames: Baynjiwayn</a>, <a href='http://oracc.museum.upenn.edu/riao/cbd/qpn-x-places/onebigfile.html' target='_blank'>RIAo Glossary: Places (Birtu-ša-Adad-remanni)</a>, <a href='http://oracc.museum.upenn.edu/rinap/cbd/qpn-x-places/onebigfile.html' target='_blank'>RINAP Glossary: Places (Birtu-ša-Adad-remanni)</a>"
1149,Birtu-ša-Gurrāja,"Birtu-ša-Gurrāja, Birtu-ša-Gurraja, Birtu-ša-Gurrāia, Birtu-ša-Gurraia, Fortress-of-the-Gurraeans",–,–,–,"URU.ḪAL.ṢU-ša-gur-ra-a-a, 𒌷𒄬𒍮𒊭𒄥𒊏𒀀𒀀",town,"Māzamua, Iraq",–,Bagg RGTC 7 3/1: 110
201,Biruatti,Biruatti,–,–,–,"KUR.bi-ru-at-ti, 𒆳𒁉𒊒𒀜𒋾",mountain,"Māzamua, Iraq",–,"Bagg RGTC 7 3/1: 111–112, Parpola Toponyms: 75, <a href='http://oracc.museum.upenn.edu/riao/cbd/qpn-x-places/onebigfile.html' target='_blank'>RIAo Glossary: Places (Biruatti [MOUNT BIRUATTI])</a>, <a href='http://oracc.museum.upenn.edu/rinap/cbd/qpn-x-places/onebigfile.html' target='_blank'>RINAP Glossary: Places (Biruatti [MOUNT BIRUATTI])</a>"
1257,Birāte,"Birāte, Birate, Birati, Birāti, Bīrāti, Bīrtu, Birītu, Birrate",–,–,–,"URU.bi-ra-a-ta, 𒌷𒁉𒊏𒀀𒋫, URU.bi-ra-a-te, 𒌷𒁉𒊏𒀀𒋼, URU.bi-ra-a-ti, 𒌷𒁉𒊏𒀀𒋾, URU.bi-ra-ti, 𒌷𒁉𒊏𒋾, URU.bi-rat, 𒌷𒁉𒋥, URU.bir-ta-a-a, 𒌷𒄵𒋫𒀀𒀀, LÚ.bir-ta-a-a, 𒇽𒄵𒋫𒀀𒀀",city,"Babylonia, Iraq",–,"Bagg RGTC 7 3/1: 107 (Birāte 2), Parpola Toponyms: 73 (Birāti), <a href='https://www.ucl.ac.uk/sargon/peoplegodsplaces' target='_blank'>Assyrian empire builders: Birati</a>, <a href='http://oracc.museum.upenn.edu/saao/cbd/qpn-x-places/onebigfile.html' target='_blank'>SAAo Glossary: Places (Birate [2])</a>, <a href='http://oracc.museum.upenn.edu/atae/cbd/qpn-x-places/onebigfile.html' target='_blank'>ATAE Glossary: Places (Birate [2])</a>, <a href='http://oracc.museum.upenn.edu/atae/cbd/qpn-x-ethnic/onebigfile.html' target='_blank'>ATAE Glossary: Ethnic Names (Birataya [of Birate 2])</a>"
196,Birāti,"Birāti, Bīrāti, Birāte, Birate, Birtu, Bīrtu, Birtum, Birthôn, Birthon, Birthas, Virta",3,37.8028239126264,40.9739380857905,"KUR.bir-a-te, 𒆳𒄵𒀀𒋼, URU.bir-a-te, 𒌷𒄵𒀀𒋼, URU.bi-ra-te, 𒌷𒁉𒊏𒋼, URU.bir-tu, 𒌷𒄵𒌅, URU.bir-tu₄, 𒌷𒄵𒌈, URU.ḪAL.ṢU, 𒌷𒄬𒍮","fortress, city, prov. capital (?), province","Ḫabḫu, Ulluba, Turkey",3 D3,"Bagg RGTC 7 3/1: 107–108 (Birāte 3), Bagg RGTC 7 2/1: 105–106 (Birtu 2), Helsinki Atlas: 7 (map 3 D3; Bīrāti (1)), Parpola Toponyms: 74 (Bīrtu), <a href='https://www.google.com/maps/d/u/0/viewer?mid=1XWivnuuHzEfy0BJ6nMOdRbkLojLzahA&ll target='_blank'>Maija Holappa's map</a>, <a href='https://pleiades.stoa.org/places/874403' target='_blank'>Pleiades: Birthon/Virta?</a>, <a href='https://www.ucl.ac.uk/sargon/peoplegodsplaces' target='_blank'>Assyrian empire builders: Birtu</a>, <a href='http://oracc.museum.upenn.edu/saao/knpp/peoplegodsplaces/index.html' target='_blank'>Knowledge and Power: Birtum</a>, <a href='http://oracc.museum.upenn.edu/atae/cbd/qpn-x-places/onebigfile.html' target='_blank'>ATAE Glossary: Places (Birate)</a>, <a href='http://oracc.museum.upenn.edu/saao/cbd/qpn-x-places/onebigfile.html' target='_blank'>SAAo Glossary: Places (Birate)</a>, <a href='http://oracc.museum.upenn.edu/atae/cbd/qpn-x-places/onebigfile.html' target='_blank'>ATAE Glossary: Places (Birtu)</a>, <a href='http://oracc.museum.upenn.edu/saao/cbd/qpn-x-places/onebigfile.html' target='_blank'>SAAo Glossary: Places (Birtu)</a>"
202,Bisuru,"Bisuru, Baśar, Basalla, Bašar, Bisir, Bešri, Ğabal Bišrī, Jabal Bishri, Jebel Bichri, جبل بشري, Al Bishrī, Al Bishri, El Bichri, البشري, Jabal al Bishrī, Jabal al Bishri, Jabal al-Bishri, جبل البشري",1,35.35449,39.28944,"KUR.bi-su-ru, 𒆳𒁉𒋢𒊒, KUR.bé-eš-ri, 𒆳𒁉𒌍𒊑","mountain, mountains",Syria,9 B1,"Bagg RGTC 7 2/1: 107, Helsinki Atlas: 7 (map 9 B1), Parpola Toponyms: 75, <a href='https://www.geonames.org/171363/jabal-al-bishri.html' target='_blank'>Geonames: Jabal al Bishrī</a>, <a href='https://www.geonames.org/171364/al-bishri.html' target='_blank'>Geonames: Al Bishrī</a>, <a href='http://oracc.museum.upenn.edu/riao/cbd/qpn-x-places/onebigfile.html' target='_blank'>RIAo Glossary: Places (Bisuru [Mount Bisuru])</a>"
241,Bitirume,"Bitirume, Batruna, Botrys, Βότρυς, Batrun, Botrus, al-Batrūn, Batroûn, البترون",–,34.25515605017767,35.65830583553905,"URU.bi-ti-ru-me, 𒌷𒁉𒋾𒊒𒈨",town,"Phoenicia, Ṣīdūnu, Lebanon",–,"Bagg RGTC 7 1: 51, <a href='https://zenodo.org/record/6384045' target='_blank'>Pedersén ANE: Batruna / Botrus (Batrun)?</a>, <a href='https://pleiades.stoa.org/places/668214' target='_blank'>Pleiades: Botrys</a>"
242,Biturra,"Biturra, Piturra, Beidul, Bedul, Bedol, بيدول, Lower Bedul, بیدول السفلی, بێدولا ژێری, Upper Bedul (?), بیدول العلیا, بێدولا ژووری",–,36.8690100,43.2424441,"URU.BI-it-ur-ra, URU.bi-it-ur-ra, URU.pí-it-ur-ra, 𒌷𒁉𒀉𒌨𒊏",town,"Assyria, Iraq",–,"Bagg RGTC 7 2/1: 121, Parpola Toponyms: 93, Parpola Toponyms: 279 (under Pitura), <a href='https://www.openstreetmap.org/node/12143033041#map=16/36.86728/43.24332&layers=C' target='_blank'>OpenStreetMap: Lower Bedul</a>, <a href='https://www.openstreetmap.org/way/952709184#map=17/36.864197/43.236952&layers=C' target='_blank'>OpenStreetMap: Upper Bedul</a>, <a href='http://oracc.museum.upenn.edu/riao/cbd/qpn-x-places/onebigfile.html' target='_blank'>RIAo Glossary: Places (Biturra [1])</a>, <a href='http://oracc.museum.upenn.edu/rinap/cbd/qpn-x-places/onebigfile.html' target='_blank'>RINAP Glossary: Places (Biturra [1])</a>"
243,Borsippa,"Borsippa, Barsip, Barsipa, Barzeb, Barsippa, Šušān, Burs, Birs Nimrūd, Birs Nimrud, برس نمرود",1,32.39211536287208,44.34200748367240,"bar-sip.KI, 𒁇𒈨𒆠, BÁR.SIPA, 𒁈𒉺𒇻, BÁR.SÍPA.KI, 𒁈𒉺𒅁𒆠, bur-sip.KI, 𒁓𒈨𒆠, DUMU-bar-sip.KI, 𒌉𒁇𒈨𒆠, DUMU-BÁR.SIPA.KI, 𒌉𒁈𒉺𒇻𒆠, DUMU.MEŠ.bar-sip.KI, 𒌉𒈨𒌍𒁇𒈨𒆠, DUMU.MEŠ-BÁR.SIPA.KI, 𒌉𒈨𒌍𒁈𒉺𒇻𒆠, LÚ.BÁR.SIPA.KI.MEŠ, 𒇽𒁈𒉺𒇻𒆠𒈨𒌍, LÚ.BÁR.SIPA.MEŠ, 𒇽𒁈𒉺𒇻𒈨𒌍, LÚ.DUMU-BÁR.SIPA.KI, 𒇽𒌉𒁈𒉺𒇻𒆠, LÚ.DUMU.MEŠ-BÁR.SIPA.KI, 𒇽𒌉𒈨𒌍𒁈𒉺𒇻𒆠, URU.BÁR.SIPA, 𒌷𒁈𒉺𒇻, URU.BÁR.SIPA.KI, 𒌷𒁈𒉺𒇻𒆠","prov. capital, city","Babylonia, Iraq",10 D4,"Helsinki Atlas: 7 (map 10 D4), Bagg RGTC 7 3/1: 98–100 (Barsip), <a href='https://zenodo.org/record/6384045' target='_blank'>Pedersén ANE: Borsippa (Birs Nimrud)</a>, <a href='https://zenodo.org/record/5217600' target='_blank'>CIGS: Borsippa / Birs Nimrūd</a>, <a href='https://pleiades.stoa.org/places/893964' target='_blank'>Pleiades: Borsippa/Burs</a>, <a href='http://oracc.museum.upenn.edu/saao/knpp/peoplegodsplaces/index.html' target='_blank'>Knowledge and Power: Borsippa</a>, <a href='https://www.ucl.ac.uk/sargon/peoplegodsplaces' target='_blank'>Assyrian empire builders: Borsippa</a>, <a href='http://oracc.museum.upenn.edu/atae/cbd/qpn-x-places/onebigfile.html' target='_blank'>ATAE Glossary: Places (Barsip [BORSIPPA])</a>, <a href='http://oracc.museum.upenn.edu/saao/cbd/qpn-x-places/onebigfile.html' target='_blank'>SAAo Glossary: Places (Barsip [BORSIPPA])</a>, <a href='http://oracc.museum.upenn.edu/riao/cbd/qpn-x-places/onebigfile.html' target='_blank'>RIAo Glossary: Places (Barsip [BORSIPPA])</a>, <a href='http://oracc.museum.upenn.edu/riao/cbd/qpn-x-places/onebigfile.html' target='_blank'>RIAo Glossary: Places (Barsipa [BORSIPPA])</a>, <a href='http://oracc.museum.upenn.edu/rinap/cbd/qpn-x-places/onebigfile.html' target='_blank'>RINAP Glossary: Places (Barsipa [BORSIPPA])</a>, <a href='http://oracc.museum.upenn.edu/saao/cbd/qpn-x-ethnic/onebigfile.html' target='_blank'>SAAo Glossary: Ethnic (Barsipitu [BORSIPPAN])</a>"
1250,Bubuzi,Bubuzi,–,–,–,"URU.bu-bu-zi, 𒌷𒁍𒁍𒍣","city, fortified city","Urarṭu, Armarijalî, Iran, West Azerbaijan",–,"Bagg RGTC 7 3/1: 159–160, Parpola Toponyms: 93, <a href='http://oracc.museum.upenn.edu/rinap/cbd/qpn-x-places/onebigfile.html' target='_blank'>RINAP Glossary: Places (Bubuzi [1])</a>, <a href='http://oracc.museum.upenn.edu/riao/cbd/qpn-x-places/onebigfile.html' target='_blank'>RIAo Glossary: Places (Bubuzi [1])</a>"
245,Bulijanu,"Bulijanu, Buliiana, Buliana, Buliyana, Buliyani, Buliyanu, Bālāne, Balan, Yüceköy, Tall Abade (?)",–,37.60477,41.3396,"URU.bu-li-ia-na, 𒌷𒁍𒇷𒅀𒈾, URU.bu-li-ia-ni, 𒌷𒁍𒇷𒅀𒉌","town, pass","Ḫabḫu, Turkey",–,"Bagg RGTC 7 2/1: 125, Parpola Toponyms: 94 (Bulia), <a href='https://www.geonames.org/296550/yuecekoey.html' target='_blank'>Geonames: Yüceköy/Balan</a>, <a href='https://www.geonames.org/441302/balan.html' target='_blank'>Geonames: Balan</a>, <a href='http://oracc.museum.upenn.edu/riao/cbd/qpn-x-places/onebigfile.html' target='_blank'>RIAo Glossary: Places (Buliyanu [1])</a>"
246,Bumame,"Bumame, Bumami, Tall Māmū, Tall Mamū, Tall Mamu, تل مامو ",–,35.93126,37.02406,"URU.bu-ma-me, 𒌷𒁍𒈠𒈨",town,"Ḫamāt, Syria",–,"Bagg RGTC 7 1: 55, Parpola Toponyms: 94 (Bumami), <a href='https://www.geonames.org/163502/tall-mamu.html' target='_blank'>Geonames: Tall Māmū</a>, <a href='http://oracc.museum.upenn.edu/riao/cbd/qpn-x-places/onebigfile.html' target='_blank'>RIAo Glossary: Places (Bumame [1])</a>, <a href='http://oracc.museum.upenn.edu/rinap/cbd/qpn-x-places/onebigfile.html' target='_blank'>RINAP Glossary: Places (Bumame [1])</a>"
1063,Bunais,"Bunais, Bunāsi, Silsilat Jibāl Azmar, سلسلة جبال ازمر, Kānīrāš-Pass (?), Kanirash Pass (?), Gardaneh-ye Kānī Rash (?), Kānī Rash (?), كانى ڕەش, Qandīl Dāġ (?), Silsilat Jibāl Qandīl (?), سلسلة جبال قنديل, Jabal Ţāslūjah (?), جبل طاسلوجة",–,35.64585,45.47186,"KUR.bu-na-is, 𒆳𒁍𒈾𒄑","mountain, pass","Māzamua, Iraq, Iran (?)",–,"Bagg RGTC 7 3/1: 161–162, Edmonds (1957): <i>Shar Bazhêr and the Basin of the Qalachuwalan</i>. The Geographical Journal 123/3: 318–328, Parpola Toponyms: 94 (under Bunāsi), <a href='https://www.geonames.org/98267/silsilat-jibal-azmar.html' target='_blank'>Geonames: Silsilat Jibāl Azmar</a>, <a href='https://www.geonames.org/7388951/wadi-azmar-ashkula.html' target='_blank'>Geonames: Wādī Azmar Ashkūlā</a>, <a href='https://www.geonames.org/7426423/wadi-azmar-ashkula.html' target='_blank'>Geonames: Wādī Azmar Ashkūlā</a>, <a href='https://www.geonames.org/128806/gardaneh-ye-kani-rash.html' target='_blank'>Geonames: Gardaneh-ye Kānī Rash</a>, <a href='https://www.geonames.org/6779211/silsilat-jibal-qandil.html' target='_blank'>Geonames: Silsilat Jibāl Qandīl</a>, <a href='https://www.geonames.org/383948/jabal-taslujah.html' target='_blank'>Geonames: Jabal Ţāslūjah</a>, <a href='http://oracc.museum.upenn.edu/riao/cbd/qpn-x-places/onebigfile.html' target='_blank'>RIAo Glossary: Places (Bunais [1])</a>"
1064,Bunisa,"Bunisa, Bunāsi, Bunasi, Bunisu",–,–,–,"URU.bu-na-a-si, 𒌷𒁍𒈾𒀀𒋛, KUR.bu-ni-sa-a-a, 𒆳𒁍𒉌𒊓𒀀𒀀, URU.bu-na-i-sa-a-a, 𒌷𒁍𒈾𒄿𒊓𒀀𒀀, URU.bu-ni-sa-a-a, 𒌷𒁍𒉌𒊓𒀀𒀀","fortified city, country","Māzamua, Iraq, Iran (?)",–,"Bagg RGTC 7 3/1: 162, Parpola Toponyms: 94 (Bunāsi), Parpola Toponyms: 94 (Bunisa), Edmonds (1957): <i>Shar Bazhêr and the Basin of the Qalachuwalan</i>. The Geographical Journal 123/3: 318–328, <a href='http://oracc.museum.upenn.edu/riao/cbd/qpn-x-places/onebigfile.html' target='_blank'>RIAo Glossary: Places (Bunasi)</a>, <a href='http://oracc.museum.upenn.edu/riao/cbd/qpn-x-ethnic/onebigfile.html' target='_blank'>RIAo Glossary: Ethnic (Bunisayu)</a>"
248,Buramma,"Buramma, Purammu",–,–,–,"URU.bu-ram-ma, 𒌷𒁍𒉘𒈠",town,"Ḫābūr region (?), Balīḫ basin (?), Syria, Turkey (?)",–,"Bagg RGTC 7 2/1: 126–127, Parpola Toponyms: 281 (Purammu), <a href='http://oracc.museum.upenn.edu/atae/cbd/qpn-x-places/onebigfile.html' target='_blank'>ATAE Glossary: Places (Buramma [1])</a>, <a href='http://oracc.museum.upenn.edu/saao/cbd/qpn-x-places/onebigfile.html' target='_blank'>SAAo Glossary: Places (Buramma [1])</a>"
252,Buruqi,"Buruqi, Buruqu, Burudarri",–,–,–,"URU.bu-ru-qi, 𒌷𒁍𒊒𒆥",town,"Gūzāna province (?), Syria (?), Turkey (?)",–,"Bagg RGTC 7 2/1: 128–129 (Buruqi 1), Parpola Toponyms: 95 (Burudarri), <a href='http://oracc.museum.upenn.edu/atae/cbd/qpn-x-places/onebigfile.html' target='_blank'>ATAE Glossary: Places (Buruqu)</a>"
253,Buruqu,"Buruqu, Buruqi",–,–,–,"URU.bu-ru-qi, 𒌷𒁍𒊒𒆥, URU.bu-ru-qa-a-a, 𒌷𒁍𒊒𒋡𒀀𒀀",town,"Assyria, Ḫalaḫḫu, Iraq",–,"Bagg RGTC 7 2/1: 129 (Buruqi 2), <a href='http://oracc.museum.upenn.edu/atae/cbd/qpn-x-places/onebigfile.html' target='_blank'>ATAE Glossary: Places (Buruqi)</a>, <a href='http://oracc.museum.upenn.edu/saao/cbd/qpn-x-places/onebigfile.html' target='_blank'>SAAo Glossary: Places (Buruqi)</a>"
254,Burušḫanda,"Burušḫanda, Burušhanda, Burušhaddum, Burušḫattum, Purušḫanda, Purushanda, Puruskhanda, Purušḫattum, Purushhattum, Acemhöyük (?), Açemhöyük (?)",4,38.41158900602762,33.83548385023444,–,city,"Hittites, Turkey",–,"<a href='https://zenodo.org/record/6384045' target='_blank'>Pedersén ANE: Burušhanda? (Açemhöyük)</a>, <a href='https://zenodo.org/record/5217600' target='_blank'>CIGS: Acemhöyük</a>, <a href='https://pleiades.stoa.org/places/804216207' target='_blank'>Pleiades: Acemhöyük</a>"
1065,Bustus,"Bustus, Bustis, Buštus, Kangāvar (?), Kangavar (?), کنگاور",–,34.50164245824212,47.96017346954176,"KUR.bu-us-ti-is, 𒆳𒁍𒊻𒋾𒄑, KUR.bu-us-tu-us, 𒆳𒁍𒊻𒌅𒊻, KUR.bu-uš-tu-us, 𒆳𒁍𒍑𒌅𒊻, URU.bu-us-tu-us, 𒌷𒁍𒊻𒌅𒊻",district,"Mādāja, Iran",–,"Bagg RGTC 7 3/1: 163–164, Parpola Toponyms: 95, <a href='https://zenodo.org/record/6384045' target='_blank'>Pedersén ANE: (Kangavar)</a>, <a href='https://www.geonames.org/128831/kangavar.html' target='_blank'>Geonames: Kangāvar</a>, <a href='http://oracc.museum.upenn.edu/riao/cbd/qpn-x-places/onebigfile.html' target='_blank'>RIAo Glossary: Places (Bustus)</a>, <a href='http://oracc.museum.upenn.edu/rinap/cbd/qpn-x-places/onebigfile.html' target='_blank'>RINAP Glossary: Places (Bustus)</a>"
258,Buto,"Buto, Bouto, Tell el-Fara'in",–,31.1962823794272,30.7444900363186,–,city,"Muṣur, Egypt",–,"<a href='https://zenodo.org/record/6384045' target='_blank'>Pedersén ANE: Buto (Tell el-Fara'in)</a>, <a href='https://pleiades.stoa.org/places/727094' target='_blank'>Pleiades: Bouto</a>"
257,Butāmu,"Butāmu, Butamu, Butaynah (?), بتينة (?), Bdama (?), بداما (?), Beitān (?), Bādāmā (?), Bitammā(?)",–,36.46136,36.83682,"URU.bu-ta-a-mu, 𒌷𒁍𒋫𒀀𒈬",town,"Pattinu, Syria",–,"Bagg RGTC 7 1: 56, Parpola Toponyms: 96, Astour (1963): <i>Place-Names from the Kingdom of Alalaḫ...</i> (JNES 22): 224; map, <a href='https://www.geonames.org/8273889/butaynah.html' target='_blank'>Geonames: Butaynah</a>, <a href='https://www.geonames.org/171494/bdama.html' target='_blank'>Geonames: Bdāmā</a>, <a href='http://oracc.museum.upenn.edu/riao/cbd/qpn-x-places/onebigfile.html' target='_blank'>RIAo Glossary: Places (Butamu)</a>"
256,Bušâ,"Bušâ, Buša",–,–,–,"URU.bu-šá-a, 𒌷𒁍𒃻𒀀",town,"Balīḫ basin (?), Syria (?)",–,"Bagg RGTC 7 2/1: 130, <a href='http://oracc.museum.upenn.edu/atae/cbd/qpn-x-places/onebigfile.html' target='_blank'>ATAE Glossary: Places (Buša)</a>, <a href='http://oracc.museum.upenn.edu/saao/cbd/qpn-x-places/onebigfile.html' target='_blank'>SAAo Glossary: Places (Buša)</a>"
255,Buṣruna,"Buṣruna, Busruna, Bostra, Bosora, Col. Nova Traiana Alexandriana, III Cyrenaica (Hadr.) garrison, VI Ferrata (Hadr.) garrison, Buṣra Eski Šām, Buṣrā aš-Šām, بُصْرَىٰ الشَّام, Bosra, Buṣra', بُصْرَىٰ",–,32.52001477294728,36.48213829686946,–,–,"Nabataea, Syria",–,"<a href='https://zenodo.org/record/6384045' target='_blank'>Pedersén ANE: Buṣruna / Bosra (Buṣra')</a>, <a href='https://pleiades.stoa.org/places/678073' target='_blank'>Pleiades: Bostra/Col. Nova Traiana Alexandriana</a>"
159,Bābili,"Bābili, Babili, Bābilim, Bābil, Babil, Babylon, Ka-dingirra, Šuanna, Βαβυλών, Bavel, Babel, Bābel, בָּבֶל, Bābīl, بابيل, Amran",1,32.54036017476352,44.42632915275695,–,"capital, city","Babylonia, Iraq",10 D4,"Helsinki Atlas: 7 (map 10 D4), Bagg RGTC 7 3/1: 80–89, Parpola Toponyms: 58–64, <a href='https://zenodo.org/record/6384045' target='_blank'>Pedersén ANE: Babylon</a>, <a href='https://zenodo.org/record/5217600' target='_blank'>CIGS: Babylon/Bābīl (mod. Amran)</a>, <a href='https://pleiades.stoa.org/places/893951' target='_blank'>Pleiades: Babylon</a>, <a href='http://oracc.museum.upenn.edu/saao/knpp/peoplegodsplaces/index.html' target='_blank'>Knowledge and Power: Babylon</a>, <a href='https://www.ucl.ac.uk/sargon/peoplegodsplaces' target='_blank'>Assyrian empire builders: Babylon</a>, <a href='http://oracc.museum.upenn.edu/saao/cbd/qpn-x-ethnic/onebigfile.html' target='_blank'>SAAo Glossary: Ethnic (Babilaya [BABYLONIAN])</a>, <a href='http://oracc.museum.upenn.edu/rinap/cbd/qpn-x-ethnic/onebigfile.html' target='_blank'>RINAP Glossary: Ethnic (Babilayu [BABYLONIAN])</a>, <a href='http://oracc.museum.upenn.edu/atae/cbd/qpn-x-places/onebigfile.html' target='_blank'>ATAE Glossary: Places (Babili [BABYLON])</a>, <a href='http://oracc.museum.upenn.edu/saao/cbd/qpn-x-places/onebigfile.html' target='_blank'>SAAo Glossary: Places (Babili [BABYLON])</a>, <a href='http://oracc.museum.upenn.edu/riao/cbd/qpn-x-places/onebigfile.html' target='_blank'>RIAo Glossary: Places (Babili [BABYLON])</a>, <a href='http://oracc.museum.upenn.edu/rinap/cbd/qpn-x-places/onebigfile.html' target='_blank'>RINAP Glossary: Places (Babili [BABYLON])</a>, <a href='http://oracc.museum.upenn.edu/rinap/cbd/qpn-x-places/onebigfile.html' target='_blank'>RINAP Glossary: Places (Šuanna [BABYLON])</a>"
1059,Bāra,"Bāra, Bara, Baragird, Girdabor, Girdābur, جردبور",–,35.70139,45.19889,"URU.ba-a-ra, 𒌷𒁀𒀀𒊏, URU.ba-ra-a-a, 𒌷𒁀𒊏𒀀𒀀",town,"Māzamua, Iraq",–,"Bagg RGTC 7 3/1: 95–96, Parpola Toponyms: 67, <a href='https://www.geonames.org/417136/girdabur.html' target='_blank'>Geonames: Girdābur</a>, <a href='http://oracc.museum.upenn.edu/riao/cbd/qpn-x-places/onebigfile.html' target='_blank'>RIAo Glossary: Places (Bara)</a>, <a href='http://oracc.museum.upenn.edu/riao/cbd/qpn-x-ethnic/onebigfile.html' target='_blank'>RIAo Glossary: Ethnic (Barayu)</a>"
177,Bāza,Bāza,–,–,–,"KUR.ba-a-za, 𒆳𒁀𒀀𒍝",territory,"Assyria, Ḫabḫu, Iraq",–,"Bagg RGTC 7 2/1: 99, Parpola Toponyms: 71 (with Bāzu), <a href='http://oracc.museum.upenn.edu/riao/cbd/qpn-x-places/onebigfile.html' target='_blank'>RIAo Glossary: Places (Bazu)</a>"
178,Bāzi,"Bāzi, Bazi, Bāzu, Bazu",–,–,–,"KUR.ba-zi, 𒆳𒁀𒍣",territory,"Pīḫat-Bīt-turtāni, Turkey (?), Iraq (?), Syria (?)",–,"Bagg RGTC 7 2/1: 99 (Bāzi 1), Parpola Toponyms: 71 (with Bāzu), <a href='http://oracc.museum.upenn.edu/riao/cbd/qpn-x-places/onebigfile.html' target='_blank'>RIAo Glossary: Places (Bazi)</a>, <a href='http://oracc.museum.upenn.edu/rinap/cbd/qpn-x-places/onebigfile.html' target='_blank'>RINAP Glossary: Places (Bazi)</a>"
180,Bāzu,"Bāzu, Bazu, Bāṣi, Bazza, Baz, Bīt-Bāzi, Bāṣ, Baṣ, Bezu, Bāsu, Strait of Hormuz (?), Azraq Oasis (?)",–,25.99163,49.49675,"KUR.ba-a-zi, 𒆳𒁀𒀀𒍣, KUR.ba-a-zu, 𒆳𒁀𒀀𒍪, KUR.ba-az-zi, 𒆳𒁀𒊍𒍣, KUR.ba-zu, 𒆳𒁀𒍪, URU.ba-a-ṣi, 𒌷𒁀𒀀𒍢, URU.ba-a-su, 𒌷𒁀𒀀𒋢, URU.ba-zi, 𒌷𒁀𒍣, LÚ.be-zu, 𒇽𒁁𒍪","territory, land, country","Arabian Peninsula (?), Saudi Arabia (?), Iran (?)",–,"Bagg RGTC 7 2/1: 100–101, Parpola Toponyms: 71, <a href='https://www.geonames.org/10861949/wahat-al-azraq.html' target='_blank'>Geonames: Wāḩat al Azraq</a> (?), <a href='http://oracc.museum.upenn.edu/atae/cbd/qpn-x-places/onebigfile.html' target='_blank'>ATAE Glossary: Places (Bazu)</a>, <a href='http://oracc.museum.upenn.edu/riao/cbd/qpn-x-places/onebigfile.html' target='_blank'>RIAo Glossary: Places (Bazu)</a>, <a href='http://oracc.museum.upenn.edu/rinap/cbd/qpn-x-places/onebigfile.html' target='_blank'>RINAP Glossary: Places (Bazu)</a>, <a href='http://oracc.museum.upenn.edu/saao/cbd/qpn-x-places/onebigfile.html' target='_blank'>SAAo Glossary: Places (Bazu)</a>"
188,Bēt-el,"Bēt-el, Bet-el, בֵּית אֵל, Betel, Bethega, Βήθηγά, Bethela, Βήθηλά, Bethel, Beitin (?), بيتين",4,31.92623433858433,35.23912780857168,בֵּית אֵל,town,"Bīt-Ḫumrî, Palestine, West Bank",–,"<a href='https://zenodo.org/record/6384045' target='_blank'>Pedersén ANE: Betel (Beitin)?</a>, <a href='https://pleiades.stoa.org/places/260940008' target='_blank'>Pleiades: Beitin</a>"
189,Bēt-Šean,"Bēt-Šean, Beit Sheʾan, Bet Shean, Bit-Sani, Bīt-Sāni, Beit She'an, Beth Shean, Beth She'an, Bet She'an, Beth Shan, Bet Shan, בית שאן, בֵּית שְׁאָן, Scythopolis, Σκυθόπολις, Nysa, Tel Beit Sheʾan, תל בית שאן, Bisan, Bīsān, Bēsān, بيسان, Tell el-Hosn",–,32.50419181537359,35.50300346740403,"בית שאן, בֵּית שְׁאָן",city,"Canaan, Bīt-Ḫumrî (?), Israel",–,"<a href='https://zenodo.org/record/6384045' target='_blank'>Pedersén ANE: Bet Shean / Bit-Sani / Scythopolis (Tell el-Hosn)</a>, <a href='https://zenodo.org/record/5217600' target='_blank'>CIGS: Beit She'an</a>, <a href='https://pleiades.stoa.org/places/678378' target='_blank'>Pleiades: Scythopolis/Nysa</a>, <a href='http://publikationen.badw.de/de/rla/index#2023' target='_blank'>RlA 2: 50</a>"
190,Bēt-Šemeš,"Bēt-Šemeš, Bet-Šemeš, Bet-Shemesh, Beit Semes, Beit Şemeș, Beit-Shemesh, Bejt-Shemesh, Bet Schemesch, בית שמש, בֵּית שֶׁמֶשׁ, Tel Bet-Shemesh, Tel Bet Shemesh, תל בית שמש, تل بيت شيمش, 'Ain Shems",–,31.75064310533467,34.97457714170638,"בית שמש, בֵּית שֶׁמֶשׁ",town,"Canaan, Iaʾūdu, Israel",–,"<a href='https://zenodo.org/record/6384045' target='_blank'>Pedersén ANE: Bet-Shemesh (Tel Bet-Shemesh)</a>, <a href='https://zenodo.org/record/5217600' target='_blank'>CIGS: Tel Bet Shemesh</a>, <a href='https://pleiades.stoa.org/places/432223402' target='_blank'>Pleiades: Beit Shemesh</a>"
199,Bīrtu,"Bīrtu, Birtu",–,–,–,"URU.ḪAL.ṢU, 𒌷𒄬𒍮",town,–,–,"Bagg RGTC 7 2/1: 106 (Birtu 3 (?)), <a href='http://oracc.museum.upenn.edu/atae/cbd/qpn-x-places/onebigfile.html' target='_blank'>ATAE Glossary: Places (Birtu [3])</a>, <a href='http://oracc.museum.upenn.edu/saao/cbd/qpn-x-places/onebigfile.html' target='_blank'>SAAo Glossary: Places (Birtu [3])</a>"
195,Bīrāti,"Bīrāti, Birāti, Birati, Birāte, Birate, Birtu, Ḫarutu (?), Ḫararāti (?), Ḫararātu (?), Ḥadīṯa, Hadithah, Ḩadīthah, Haditha, حديثة, al-Ḥadīṯa, Al Hadithah, Al Ḩadīthah",3,34.132833,42.382643,"KUR.bi-ra-a-te, 𒆳𒁉𒊏𒀀𒋼, URU.bi-rat, 𒌷𒁉𒋥, KUR.bi-ra-ta-a-a, 𒆳𒁉𒊏𒋫𒀀𒀀, KUR.bi-rat-a-a, 𒆳𒁉𒋥𒀀𒀀, URU.ḪAL.ṢU-a-a, 𒌷𒄬𒍮𒀀𒀀",city,"Babylonia, Assyria, Iraq",10 B2,"Bagg RGTC 7 3/1: 106–107 (Birāte 1), Helsinki Atlas: 7 (map 10 B2; Bīrāti (2)), Parpola Toponyms: 73 (Birāti), <a href='https://books.openedition.org/cdf/4487' target='_blank'>MTT I/3: Ḥadīṯa/Mulḫan (HIGEOMES Nr. 727)</a>, <a href='https://www.geonames.org/96309/hadithah.html' target='_blank'>Geonames: Ḩadīthah</a>, <a href='http://oracc.museum.upenn.edu/saao/knpp/peoplegodsplaces/index.html' target='_blank'>Knowledge and Power: Birati</a>, <a href='https://www.ucl.ac.uk/sargon/peoplegodsplaces' target='_blank'>Assyrian empire builders: Birati</a>, <a href='http://oracc.museum.upenn.edu/saao/cbd/qpn-x-ethnic/onebigfile.html' target='_blank'>SAAo Glossary: Ethnic Names (Birataya [Biratean])</a>, <a href='http://oracc.museum.upenn.edu/atae/cbd/qpn-x-ethnic/onebigfile.html' target='_blank'>ATAE Glossary: Ethnic Names (Birataya [of Birate 1])</a>, <a href='http://oracc.museum.upenn.edu/saao/cbd/qpn-x-ethnic/onebigfile.html' target='_blank'>SAAo Glossary: Ethnic Names (Birataya [of Birate 1])</a>, <a href='http://oracc.museum.upenn.edu/saao/cbd/qpn-x-places/onebigfile.html' target='_blank'>SAAo Glossary: Places (Birate [1] (SN))</a>, <a href='http://oracc.museum.upenn.edu/saao/cbd/qpn-x-places/onebigfile.html' target='_blank'>SAAo Glossary: Places (Birate [1] (GN))</a>, <a href='http://oracc.museum.upenn.edu/atae/cbd/qpn-x-places/onebigfile.html' target='_blank'>ATAE Glossary: Places (Birate [1] (SN))</a>"
203,Bīt-Abdadāni,"Bīt-Abdadāni, Abdadāna",2,–,–,–,territory,–,11 D1,Helsinki Atlas: 7 (map 11 D1)
204,Bīt-Abu-ilāʾī,"Bīt-Abu-ilāʾī, Āl-Abu-ilāʾī, Bīt-Abī-Ilāja, Bit-abu-ilaʾi, Bit-abi-ilaʾi, Bit-abi-ilaya",–,–,–,"URU.É-<sup>m</sup>AD-DINGIR-a-a, 𒌷𒂍𒁹𒀜𒀭𒀀𒀀, URU.É-AD-DINGIR-a-a, 𒌷𒂍𒀜𒀭𒀀𒀀, URU.<sup>m</sup>AD-DINGIR-a-a, 𒌷𒁹𒀜𒀭𒀀𒀀, É-AD-DINGIR-a-a, 𒂍𒀜𒀭𒀀𒀀, É-URU.AD-DINGIR-a-a, 𒂍𒌷𒀜𒀭𒀀𒀀",city,"Syria (?), Iraq (?), Ğazīra",–,"Bagg RGTC 7 2/1: 108-109, Parpola Toponyms: 75 (Bīt-Abī-Ilāja), Luukko (2018). <i>Observations on Neo-Assyrian Practices of Naming Places</i>: 137–138, <a href='http://oracc.museum.upenn.edu/atae/cbd/qpn-x-places/onebigfile.html' target='_blank'>ATAE Glossary: Places (Bit-abi-ilaʾi)</a>, <a href='http://oracc.museum.upenn.edu/saao/cbd/qpn-x-places/onebigfile.html' target='_blank'>SAAo Glossary: Places (Bit-abi-ilaʾi)</a>, <a href='http://oracc.museum.upenn.edu/atae/cbd/qpn-x-places/onebigfile.html' target='_blank'>ATAE Glossary: Places (Bit-abu-ilaʾi)</a>, <a href='http://oracc.museum.upenn.edu/saao/cbd/qpn-x-places/onebigfile.html' target='_blank'>SAAo Glossary: Places (Bit-abu-ilaʾi)</a>"
206,Bīt-Adad-erība,"Bīt-Adad-erība, Bit-Adad-eriba, Tell Baqaq 1-2, Tell Baqāq 2, Tall Baqqaq 2, Tell Baqqaq 2, Tall Buqāq 2, Tall Baqāq, تل بقاق",1,36.68305498805538,42.93540448430602,"URU.É-10-SU, 𒌷𒂍𒌋𒋢, URU.É-<sup>m</sup>10-SU, 𒌷𒂍𒁹𒌋𒋢",town,"Central Assyria, Tamnūna province, Iraq",4 B5,"Helsinki Atlas: 7 (map 4 B5), Bagg RGTC 7 2/1: 109–110, <a href='https://zenodo.org/record/6384045' target='_blank'>Pedersén ANE: Bit-Adad-eriba? (Tell Baqaq 1-2)</a>, <a href='https://zenodo.org/record/5217600' target='_blank'>CIGS: Bit-Adad-eriba / Tall Baqāq</a>, <a href='https://pleiades.stoa.org/places/977603753' target='_blank'>Pleiades: Bīt-Adad-erība</a>"
205,Bīt-Adad-ēreš,"Bīt-Adad-ēreš, Bit-Adad-ereš, Bēt-Adad-ēreš",–,–,–,"URU.É-<sup>m</sup>10-KAM-eš, 𒌷𒂍𒁹𒌋𒄰𒌍",town,"Assyria, Iraq",–,"Bagg RGTC 7 2/1: 109, <a href='http://oracc.museum.upenn.edu/atae/cbd/qpn-x-places/onebigfile.html' target='_blank'>ATAE Glossary: Places (Bit-Adad-ereš)</a>, <a href='http://oracc.museum.upenn.edu/saao/cbd/qpn-x-places/onebigfile.html' target='_blank'>SAAo Glossary: Places (Bit-Adad-ereš)</a>"
207,Bīt-Adini,"Bīt-Adini, Bêt-eden, bytʿdn",3,–,–,–,territory,–,3 B4,Helsinki Atlas: 7 (map 3 B4)
208,Bīt-Agūsi,"Bīt-Agūsi, Arpadda",2,–,–,–,country,–,2 D4,Helsinki Atlas: 7 (map 2 D4)
209,Bīt-Ammān,"Bīt-Ammān, Ammon, ʿAmmān",2,–,–,–,territory,–,7 D5,Helsinki Atlas: 7 (map 7 D5)
210,Bīt-Amukāni,"Bīt-Amukāni, Bīt-Amukkāni",2,–,–,–,territory,–,"16 A2,",Helsinki Atlas: 7 (map 16 A2)
211,Bīt-Bagāia,"Bīt-Bagāia, Kār-Issār, Bīt-Gabāia, Bīt-Gabia",–,–,–,–,fortress,Iran,–,"Radner (2018): <i>The “Lost Tribes of Israel” in the Context of the Resettlement Programme of the Assyrian Empire</i>: 110, Parpola Toponyms: 78"
213,Bīt-Barrūa,"Bīt-Barrūa, Borūğidr",4,–,–,–,territory,–,11 D3,Helsinki Atlas: 7 (map 11 D3)
212,Bīt-Baḫiāni,Bīt-Baḫiāni,2,–,–,–,country,–,3 C4,Helsinki Atlas: 7 (map 3 C4)
214,Bīt-Bunakki,"Bīt-Bunakki, Bit-Bunakki, Bīt-Bunakku, Bit-Bunakku, Zarangūsh, Zarāngūsh, Zarangush, زرانگوش, Hinemini (?)",4,33.2280528819401,47.218005688443,"É-<sup>m</sup>bu-na-ak-ki, 𒂍𒁹𒁍𒈾𒀝𒆠, KUR.É-<sup>m</sup>bu-na-ak-ki, 𒆳𒂍𒁹𒁍𒈾𒀝𒆠, URU.É-bu-na-ki, 𒌷𒂍𒁍𒈾𒆠, URU.É-bu-nak-ka, 𒌷𒂍𒁍𒅘𒅗, URU.É-bu-nak-ki, 𒌷𒂍𒁍𒅘𒆠, URU.É-bu-nak-ku, 𒌷𒂍𒁍𒅘𒆪, URU.É-<sup>m</sup>bu-na-ak-ki, 𒌷𒂍𒁹𒁍𒈾𒀝𒆠, URU.É-<sup>m</sup>bu-na-ki, 𒌷𒂍𒁹𒁍𒈾𒆠, URU.É-<sup>m</sup>bu-na-ku, 𒌷𒂍𒁹𒁍𒈾𒆪",city,"Elam (?), Babylonia (?), Iran",11 C3,"Bagg RGTC 7 3/1: 124–125 (Bīt-Bunakku), Helsinki Atlas: 7 (map 11 C3), Parpola Toponyms: 79, <a href='https://www.geonames.org/111416/zarangush.html' target='_blank'>Geonames: Zarāngūsh</a>, <a href='http://oracc.museum.upenn.edu/saao/knpp/peoplegodsplaces/index.html' target='_blank'>Knowledge and Power: Bit-Bunakki</a>, <a href='https://www.ucl.ac.uk/sargon/peoplegodsplaces' target='_blank'>Assyrian empire builders: Bit-Bunakki</a>, <a href='http://oracc.museum.upenn.edu/atae/cbd/qpn-x-places/onebigfile.html' target='_blank'>ATAE Glossary: Places (Bit-Bunakki)</a>, <a href='http://oracc.museum.upenn.edu/saao/cbd/qpn-x-places/onebigfile.html' target='_blank'>SAAo Glossary: Places (Bit-Bunakki)</a>, <a href='http://oracc.museum.upenn.edu/riao/cbd/qpn-x-places/onebigfile.html' target='_blank'>RIAo Glossary: Places (Bit-Bunakki)</a>, <a href='http://oracc.museum.upenn.edu/riao/cbd/qpn-x-places/onebigfile.html' target='_blank'>RIAo Glossary: Places (Bit-Bunakku)</a>, <a href='http://oracc.museum.upenn.edu/rinap/cbd/qpn-x-places/onebigfile.html' target='_blank'>RINAP Glossary: Places (Bit-Bunakku)</a>"
215,Bīt-Daganna,"Bīt-Daganna, Bit-Daganna, Bīt-Dagan, Bīt-Dagān, Bit-Dagan, Bēt Daǧan, Bejt Dagan, Bēt Dağan, בית דגן, Beit Dagon, Beth Dagon, Beth-dagon, בֵּית־דָּגוֹן, Beit Dajan, Caphar Dagon",–,32.00191,34.82977,"URU.É-da-gan, 𒌷𒂍𒁕𒃶, URU.É-da-gan-na, 𒌷𒂍𒁕𒃶𒈾, בֵּית־דָּגוֹן",town,"Pilistu, Isqalūna, Palestine, Israel",–,"Bagg RGTC 7 1: 48, Parpola Toponyms: 80 (Bīt-Dagān), <a href='https://www.geonames.org/295475/bet-dagan.html' target='_blank'>Geonames: Bet Dagan</a>, <a href='https://pleiades.stoa.org/places/687852' target='_blank'>Pleiades: Beth Dagon</a>, <a href='http://oracc.museum.upenn.edu/atae/cbd/qpn-x-places/onebigfile.html' target='_blank'>ATAE Glossary: Places (Bit-Dagan)</a>, <a href='http://oracc.museum.upenn.edu/saao/cbd/qpn-x-places/onebigfile.html' target='_blank'>SAAo Glossary: Places (Bit-Dagan)</a>, <a href='http://oracc.museum.upenn.edu/riao/cbd/qpn-x-places/onebigfile.html' target='_blank'>RIAo Glossary: Places (Bit-Daganna)</a>, <a href='http://oracc.museum.upenn.edu/rinap/cbd/qpn-x-places/onebigfile.html' target='_blank'>RINAP Glossary: Places (Bit-Daganna)</a>"
216,Bīt-Dakkūri,"Bīt-Dakkūri, Dakkūru, Dakuru",2,–,–,–,territory,–,10 D4,Helsinki Atlas: 7 (map 10 D4)
217,Bīt-Dērāja,"Bīt-Dērāja, Bit-Deraja, Bīt-Dērāia, Bit-Deraia, Bīt-Dērāya, Bit-Deraya, Beth Daraya, Tamertu-ša-Bīt-Dērāja, Bādarājā, Badra (?), Badrah (?), بدرة (?)",–,33.11508,45.93344,"URU.É-de-ra-a-a, 𒌷𒂍𒁲𒊏𒀀𒀀, É-<sup>m</sup>de-ra-a-a, 𒂍𒁹𒁲𒊏𒀀𒀀",city,"Dēru, Jamutbalu, Iraq, northern Levant (?)",–,"Bagg RGTC 7 2/1: 112, <a href='https://www.geonames.org/98198/badrah.html' target='_blank'>Geonames: Badrah</a>, <a href='http://oracc.museum.upenn.edu/atae/cbd/qpn-x-places/onebigfile.html' target='_blank'>ATAE Glossary: Places (Bit-Deraya)</a>, <a href='http://oracc.museum.upenn.edu/saao/cbd/qpn-x-places/onebigfile.html' target='_blank'>SAAo Glossary: Places (Bit-Deraya)</a>, <a href='http://oracc.museum.upenn.edu/riao/cbd/qpn-x-places/onebigfile.html' target='_blank'>RIAo Glossary: Places (Bit-Deraya)</a>, <a href='http://oracc.museum.upenn.edu/rinap/cbd/qpn-x-places/onebigfile.html' target='_blank'>RINAP Glossary: Places (Bit-Deraya)</a>"
218,Bīt-Gabbāri,"Bīt-Gabbāri, Samʾalla, Samʾal",2,–,–,–,"territory, country, province",Syria,2 C4,Helsinki Atlas: 7 (map 2 C4)
219,Bīt-Gisimeja,"Bīt-Gisimeja, Bit-Gisimeja, Bit-Gisimeya, Biqsmayyā (?), Boqsmaïya (?), بقسميا (?), Ḫān al-Qāsimīya (?), مخيم القاسمية (?), القاسمية (?), Bišmizzīn (?), Bechmizzîne (?), بشمزين (?)",–,34.25194,35.765,"URU.É-gi-si-me-ia, 𒌷𒂍𒄀𒋛𒈨𒅀, URU.É-<sup>m</sup>gi-si-me-ia, 𒌷𒂍𒁹𒄀𒋛𒈨𒅀",town,"Phoenicia, Ṣīdūnu, Lebanon",–,"Bagg RGTC 7 1: 49, Parpola Toponyms: 81–82, <a href='https://www.geonames.org/276586/boqsmaiya.html' target='_blank'>Geonames: Boqsmaïya</a>, <a href='https://www.geonames.org/276466/bechmizzine.html' target='_blank'>Geonames: Bechmizzîne</a>, <a href='http://oracc.museum.upenn.edu/riao/cbd/qpn-x-places/onebigfile.html' target='_blank'>RIAo Glossary: Places (Bit-Gisimeya)</a>, <a href='http://oracc.museum.upenn.edu/rinap/cbd/qpn-x-places/onebigfile.html' target='_blank'>RINAP Glossary: Places (Bit-Gisimeya)</a>"
225,Bīt-Iakīn,"Bīt-Iakīn, Bīt-Yakīn",2,–,–,–,territory,"Babylonia, Māt-tâmti, Iraq",16 C2,Helsinki Atlas: 7 (map 16 C2)
1122,Bīt-Ibâ,"Bīt-Ibâ, Bit-Ibâ, Bīt-Ibā",–,–,–,"É-<sup>m</sup>i-ba-a, 𒂍𒁹𒄿𒁀𒀀, É-<sup>m</sup>i-ba-a-a, 𒂍𒁹𒄿𒁀𒀀𒀀",town,"Babylonia, Bīt-Amukkāni",–,Bagg RGTC 7 3/1: 131
226,Bīt-Imbî,"Bīt-Imbi, Bīt-Imbî, Bit-Imbi, Bīt-Imbīja, Bit-Imbija, Bit-Imbiya",–,–,–,"É-<sup>m</sup>im-bi-i, 𒂍𒁹𒅎𒁉𒄿, É-<sup>m</sup>im-bi-ia, 𒂍𒁹𒅎𒁉𒅀, URU.É-im-bi-i, 𒌷𒂍𒅎𒁉𒄿, URU.É-im-bi-ia, 𒌷𒂍𒅎𒁉𒅀, URU.É-im-bi-ía, 𒌷𒂍𒅎𒁉𒐊, URU.É-<sup>md</sup>im-bi-i, 𒌷𒂍𒁹𒀭𒅎𒁉𒄿, URU.É-<sup>m</sup>im-bi-i, 𒌷𒂍𒁹𒅎𒁉𒄿, URU.É-<sup>m</sup>im-bi-ia, 𒌷𒂍𒁹𒅎𒁉𒅀, URU.É-<sup>m</sup>im-bi-ía, 𒌷𒂍𒁹𒅎𒁉𒐊","fortress, city","Elam, Rāši, Iran",–,"Bagg RGTC 7 3/1: 133–134 (Bīt-Imbīja), Parpola Toponyms: 83–84 (Bīt-Imbî), <a href='http://oracc.museum.upenn.edu/saao/knpp/peoplegodsplaces/index.html' target='_blank'>Knowledge and Power: Bit-Imbi</a>, <a href='https://www.ucl.ac.uk/sargon/peoplegodsplaces' target='_blank'>Assyrian empire builders: Bit-Imbi</a>, <a href='http://oracc.museum.upenn.edu/atae/cbd/qpn-x-places/onebigfile.html' target='_blank'>ATAE Glossary: Places (Bit-Imbi)</a>, <a href='http://oracc.museum.upenn.edu/saao/cbd/qpn-x-places/onebigfile.html' target='_blank'>SAAo Glossary: Places (Bit-Imbi)</a>, <a href='http://oracc.museum.upenn.edu/riao/cbd/qpn-x-places/onebigfile.html' target='_blank'>RIAo Glossary: Places (Bit-Imbi)</a>, <a href='http://oracc.museum.upenn.edu/rinap/cbd/qpn-x-places/onebigfile.html' target='_blank'>RINAP Glossary: Places (Bit-Imbi)</a>, <a href='http://oracc.museum.upenn.edu/atae/cbd/qpn-x-places/onebigfile.html' target='_blank'>ATAE Glossary: Places (Bit-Imbiya)</a>, <a href='http://oracc.museum.upenn.edu/saao/cbd/qpn-x-places/onebigfile.html' target='_blank'>SAAo Glossary: Places (Bit-Imbiya)</a>"
1060,Bīt-Ištar,"Bīt-Ištar, Bit-Ištar, Bīt-Issār, Bit-Issar, Ravānsar, Rawānsīr, روانسر",–,34.7153,46.6533,"KUR.É-<sup>d</sup>15, 𒆳𒂍𒀭𒌋𒐊, URU.É-15, 𒌷𒂍𒌋𒐊, URU.É-<sup>d</sup>15, 𒌷𒂍𒀭𒌋𒐊, URU.É-<sup>d</sup>INNIN, 𒌷𒂍𒀭𒈹, URU.É-<sup>d</sup>INANNA, 𒌷𒂍𒀭𒈹",town,"Parsua (?), Mādāja (?), Iran",–,"Bagg RGTC 7 3/1: 134, <a href='https://www.geonames.org/118705/ravansar.html' target='_blank'>Geonames: Ravānsar</a>, <a href='http://oracc.museum.upenn.edu/riao/cbd/qpn-x-places/onebigfile.html' target='_blank'>RIAo Glossary: Places (Bit-Ištar)</a>, <a href='http://oracc.museum.upenn.edu/rinap/cbd/qpn-x-places/onebigfile.html' target='_blank'>RINAP Glossary: Places (Bit-Ištar)</a>"
227,Bīt-Kapsi,"Bīt-Kapsi, Bit-Kapsi, Bīt-Kabsi, Bit-Kabsi, Bījār (?), Bīğār (?), بيجار (?)",2,35.8668,47.60506,"<sup>m</sup>kap-si, 𒁹𒆏𒋛, DUMU-<sup>m</sup>kap-si, 𒌉𒁹𒆏𒋛, URU.É-kap-si, 𒌷𒂍𒆏𒋛, URU.kap-si, 𒌷𒆏𒋛, KUR.É-kap-si, 𒆳𒂍𒆏𒋛, KUR.É-kap-si-a-a, 𒆳𒂍𒆏𒋛𒀀𒀀",territory,Iran,11 C1,"Helsinki Atlas: 7 (map 11 C1), Bagg RGTC 7 3/1: 137–138, <a href='https://www.geonames.org/140521/bijar.html' target='_blank'>Geonames: Bījār</a>, <a href='https://www.ucl.ac.uk/sargon/peoplegodsplaces' target='_blank'>Assyrian empire builders: Bit-Kapsi</a>, <a href='http://oracc.museum.upenn.edu/atae/cbd/qpn-x-places/onebigfile.html' target='_blank'>ATAE Glossary: Places (Bit-Kapsi)</a>, <a href='http://oracc.museum.upenn.edu/riao/cbd/qpn-x-places/onebigfile.html' target='_blank'>RIAo Glossary: Places (Bit-Kapsi)</a>, <a href='http://oracc.museum.upenn.edu/rinap/cbd/qpn-x-places/onebigfile.html' target='_blank'>RINAP Glossary: Places (Bit-Kapsi)</a>, <a href='http://oracc.museum.upenn.edu/saao/cbd/qpn-x-places/onebigfile.html' target='_blank'>SAAo Glossary: Places (Bit-Kapsi)</a>, <a href='http://oracc.museum.upenn.edu/saao/cbd/qpn-x-ethnic/onebigfile.html' target='_blank'>SAAo Glossary: Ethnic (Bit-Kapsiaya [BIT-KAPSIAN])</a>"
1061,Bīt-Kubatti,"Bīt-Kubatti, Bit-Kubatti, Bīt-Kubati, Bit-Kubati, Kird Qariyat Čiarza (?), Tepe Qebristan (?)",–,35.09844,45.54416,"É-ku-bat, 𒂍𒆪𒁁, É-<sup>m</sup>ku-bat-ti, 𒂍𒁹𒆪𒁁𒋾",fortified city,"Māt-kaššî, Iraq",–,"Bagg RGTC 7 3/1: 140, <a href='https://www.geonames.org/7454986/qabristani-bawah.html' target='_blank'>Geonames: Qabristānī Bāwah</a>, <a href='http://oracc.museum.upenn.edu/riao/cbd/qpn-x-places/onebigfile.html' target='_blank'>RIAo Glossary: Places (Bit-Kubatti)</a>, <a href='http://oracc.museum.upenn.edu/rinap/cbd/qpn-x-places/onebigfile.html' target='_blank'>RINAP Glossary: Places (Bit-Kubatti)</a>"
228,Bīt-Purūtaš,Bīt-Purūtaš,3,–,–,–,country,–,2 B2,Helsinki Atlas: 7 (map 2 B2)
229,Bīt-Ramannu,Bīt-Ramannu,–,–,–,–,town,"Central Assyria, East Ğazīra",–,Bagg RGTC 7 2/1: 117
1062,Bīt-Ramatua,"Bīt-Ramatua, Bit-Ramatua, Nārtu-šaplītu, Nartu-šaplitu, Rūdḫāne-ye Malāyer (?), Rūd-e Gāmāsīāb (?), رودخانه گاماسیاب (?)",–,–,–,"É-<sup>m</sup>ra-ma-tu-a, 𒂍𒁹𒊏𒈠𒌅𒀀, É-<sup>m</sup>ra-ma-ti-ia, 𒂍𒁹𒊏𒈠𒋾𒅀",territory,"Mādāja, Iran",–,"Bagg RGTC 7 3/1: 144–154, <a href='http://oracc.museum.upenn.edu/riao/cbd/qpn-x-places/onebigfile.html' target='_blank'>RIAo Glossary: Places (Bit-Ramatua)</a>, <a href='http://oracc.museum.upenn.edu/rinap/cbd/qpn-x-places/onebigfile.html' target='_blank'>RINAP Glossary: Places (Bit-Ramatua)</a>"
230,Bīt-Ruḫūbu,"Bīt-Ruḫūbu, Bīt-Ramannu, Beth Rehov",1,–,–,–,country,–,8 A3,Helsinki Atlas: 7 (map 8 A3)
231,Bīt-Sagbat,"Bīt-Sagbat, Ecbatana, Ekbatana, Hamadan, Ḫamadān, Teppe-ye Hekmatana",3,34.80522537438698,48.51695701845878,–,city,"Mādāja, Iran",11 D2,"Helsinki Atlas: 7 (map 11 D2), <a href='https://zenodo.org/record/6384045' target='_blank'>Pedersén ANE: Hamadan / Ecbatana (Teppe-ye Hekmatana)</a>"
836,Bīt-Sangibūti,"Bīt-Sangibūti, Sangibūtu, Singibūtu, Šingibutu, Bīt-Singibūti, Singibūti, Sangibūti, Šāhābād Plain, Eslāmābād-e Gharb, اسلام آباد غرب, Šāhābād-e Ġarb, شاه آباد غرب",2,34.1089,46.52988,"KUR.É-sa-an-gi-bu-te, 𒆳𒂍𒊓𒀭𒄀𒁍𒋼, KUR.É-sa-an-gi-bu-ti, 𒆳𒂍𒊓𒀭𒄀𒁍𒋾, KUR.É-si-in-gi-bu-ti, 𒆳𒂍𒋛𒅔𒄀𒁍𒋾, KUR.sa-an-gi-bu-ti, 𒆳𒊓𒀭𒄀𒁍𒋾, KUR.si-in-gi-bu-ti, 𒆳𒋛𒅔𒄀𒁍𒋾, KUR.si-in-gi-bu-te, 𒆳𒋛𒅔𒄀𒁍𒋼, KUR.si-in-gi-bu-tú, 𒆳𒋛𒅔𒄀𒁍𒌓, KUR.sin-gi-bu-te, 𒆳𒌍𒄀𒁍𒋼, KUR.šin-gi-bu-tú, 𒆳𒊿𒄀𒁍𒌓, URU.É-sa-an-gi-bu-ti, 𒌷𒂍𒊓𒀭𒄀𒁍𒋾, KUR.sin-gi-bu-ta-a-a, 𒆳𒌍𒄀𒁍𒋫𒀀𒀀",territory,"Mādāja, Ḫarḫār, Iran",11 B2,"Bagg RGTC 7 3/1: 148–149 (Bīt-Sangibūti 1), Helsinki Atlas: 16; 30 (Sangibūtu (2); map 11 B2), Parpola Toponyms: 88 (Bīt-Sangibūti), Parpola Toponyms: 303 (Sangibutu), Zimansky (1990): <i>Urartian Geography and Sargon's Eighth Campaign</i>. JANES 49/1: 15, <a href='https://www.geonames.org/30996/eslamabad-e-gharb.html' target='_blank'>Geonames: Eslāmābād-e Gharb</a>, <a href='https://www.ucl.ac.uk/sargon/peoplegodsplaces' target='_blank'>Assyrian empire builders: Šingibutu</a>, <a href='http://oracc.museum.upenn.edu/riao/cbd/qpn-x-ethnic/onebigfile.html' target='_blank'>RIAo Glossary: Ethnic (Bit-Sangibutayu [OF BIT-SANGIBUTU])</a>, <a href='http://oracc.museum.upenn.edu/rinap/cbd/qpn-x-ethnic/onebigfile.html' target='_blank'>RINAP Glossary: Ethnic (Bit-Sangibutayu [OF BIT-SANGIBUTU])</a>, <a href='http://oracc.museum.upenn.edu/riao/cbd/qpn-x-places/onebigfile.html' target='_blank'>RIAo Glossary: Places (Bit-Sangibuti)</a>, <a href='http://oracc.museum.upenn.edu/rinap/cbd/qpn-x-places/onebigfile.html' target='_blank'>RINAP Glossary: Places (Bit-Sangibuti)</a>, <a href='http://oracc.museum.upenn.edu/atae/cbd/qpn-x-places/onebigfile.html' target='_blank'>ATAE Glossary: Places (Šingibutu)</a>, <a href='http://oracc.museum.upenn.edu/saao/cbd/qpn-x-places/onebigfile.html' target='_blank'>SAAo Glossary: Places (Šingibutu)</a>"
1110,Bīt-Saʾalli,"Bīt-Saʾalli, Bīt-Šaʾalli, Bit-Šaʾalli, Bīt-Sāla",–,–,–,"DUMU-<sup>m</sup>šá-ʾa-al-li, 𒌉𒁹𒃻𒀪𒀠𒇷, KUR-šá-ʾa-al-li, 𒆳𒃻𒀪𒀠𒇷, KUR.É-<sup>m</sup>sa-ʾa-al, 𒆳𒂍𒁹𒊓𒀪𒀠, KUR.É-<sup>m</sup>sa-ʾa-al-la, 𒆳𒂍𒁹𒊓𒀪𒀠𒆷, KUR.É-<sup>m</sup>sa-ʾa-al-li, 𒆳𒂍𒁹𒊓𒀪𒀠𒇷, KUR.É-<sup>m</sup>sa-ʾa-al-lu, 𒆳𒂍𒁹𒊓𒀪𒀠𒇻, KUR.É-<sup>m</sup>sa-a-la, 𒆳𒂍𒁹𒊓𒀀𒆷","Chaldean tribe, territory","Southern Babylonia, Iraq",–,"Bagg RGTC 7 3/1: 145–146, Parpola Toponyms: 88, <a href='https://www.ucl.ac.uk/sargon/peoplegodsplaces' target='_blank'>Assyrian empire builders: Bit-Ša'alli</a>"
1340,Bīt-Sîn-ibni,"Bīt-Sîn-ibni, Bit-Sîn-ibni, Bit-Sin-ibni",–,–,–,"LÚ.URU.É-<sup>d</sup>30-ib-ni, 𒇽𒌷𒂍𒀭𒌍𒅁𒉌",town,"Dēru, Jamutbalu, Rāši (?), Iran, Iraq (?)",–,"Bagg RGTC 7 2/1: 118–119, <a href='https://www.ucl.ac.uk/sargon/peoplegodsplaces' target='_blank'>Assyrian empire builders: Bit-Sin-ibni</a>, <a href='http://oracc.museum.upenn.edu/saao/cbd/qpn-x-places/onebigfile.html' target='_blank'>SAAo Glossary: Places (Bit-Sin-ibni [1])</a>, <a href='http://oracc.museum.upenn.edu/atae/cbd/qpn-x-places/onebigfile.html' target='_blank'>ATAE Glossary: Places (Bit-Sin-ibni [1])</a>"
236,Bīt-Tābti,"Bīt-Tābti, Dašt-e Kavīr",2,–,–,–,region,–,off map,Helsinki Atlas: 7 (off map)
237,Bīt-Zamāni,"Bīt-Zamāni, Āmidu, Amēdu, Amidu, Amidi, Amida, Amedu, Āmid, Diyarbakir, Diyarbakır",1,–,–,–,province,Turkey,3 C2,Helsinki Atlas: 8 (map 3 C2)
240,Bīt-Zualza,"Bīt-Zualzaš, Bit-Zualzaš, Bīt-Zualza, Bit-Zualza, Bīt-Balza",3,–,–,"KUR.É-zu-al-za, 𒆳𒂍𒍪𒀠𒍝, KUR.É-zu-al-za-áš, 𒆳𒂍𒍪𒀠𒍝𒀾, URU.É-zu-al-za-áš, 𒌷𒂍𒍪𒀠𒍝𒀾","territory, country","Bīt-Sangibūti (?), Iran",11 C2,"Bagg RGTC 7 3/1: 157–158 (Bīt-Zualzaš), Helsinki Atlas: 8 (map 11 C2), Parpola Toponyms: 78 (Bīt-Balza), Parpola Toponyms: 92 (Bīt-Zualzaš), <a href='https://www.geonames.org/753/mahidasht.html' target='_blank'>Geonames: Māhīdasht</a>, <a href='https://www.geonames.org/131962/harsin.html' target='_blank'>Geonames: Harsīn</a>, <a href='https://www.ucl.ac.uk/sargon/peoplegodsplaces' target='_blank'>Assyrian empire builders: Bit-Zualza</a>, <a href='http://oracc.museum.upenn.edu/atae/cbd/qpn-x-places/onebigfile.html' target='_blank'>ATAE Glossary: Places (Bit-Zualza)</a>, <a href='http://oracc.museum.upenn.edu/saao/cbd/qpn-x-places/onebigfile.html' target='_blank'>SAAo Glossary: Places (Bit-Zualza)</a>, <a href='http://oracc.museum.upenn.edu/riao/cbd/qpn-x-places/onebigfile.html' target='_blank'>RIAo Glossary: Places (Bit-Zualzaš)</a>, <a href='http://oracc.museum.upenn.edu/rinap/cbd/qpn-x-places/onebigfile.html' target='_blank'>RINAP Glossary: Places (Bit-Zualzaš)</a>"
239,Bīt-Zīzê,Bīt-Zīzê,–,–,–,–,town,Gūzāna,–,"Bagg RGTC 7 2/1: 123/–124, PNA 2/2: 753"
1132,Bīt-kāri,"Bīt-kāri, Bit-kari, Bēt-kāri, Bet-kari, Bīt-karrāja, Bīt-karrāia, Bīt-karraya, Bit-karraya, Bēt-karrāja, Bēt-karrāia, Bet-karraya",–,–,–,"É-ka-a-ri, 𒂍𒅗𒀀𒊑, É-ka-ri, 𒂍𒅗𒊑, KUR.É-ka-a-ri, 𒆳𒂍𒅗𒀀𒊑, KUR.É-KAR / URU.É-KAR, 𒆳𒂍𒋼𒀀 / 𒌷𒂍𒋼𒀀, KUR.É-ka-ar-ra-a-a, 𒆳𒂍𒅗𒅈𒊏𒀀𒀀","territory (?), province (?)","Mādāja (?), Iran",–,"Bagg RGTC 7 3/1: 138–139, <a href='https://publikationen.badw.de/de/rla/index#9737' target='_blank'>Radner: RlA 11. p. 65 (no. 78)</a>, <a href='https://www.ucl.ac.uk/sargon/peoplegodsplaces' target='_blank'>Assyrian empire builders: Bit-kari</a>, <a href='http://oracc.museum.upenn.edu/saao/knpp/peoplegodsplaces/index.html' target='_blank'>Knowledge and Power: Bet-kari</a>, <a href='http://oracc.museum.upenn.edu/atae/cbd/qpn-x-places/onebigfile.html' target='_blank'>ATAE Glossary: Places (Bit-kari)</a>, <a href='http://oracc.museum.upenn.edu/saao/cbd/qpn-x-places/onebigfile.html' target='_blank'>SAAo Glossary: Places (Bit-kari)</a>"
1324,Bīt-rēdûti,"Bīt-rēdûti, Bit-reduti, Bit-Riduti, Nēmetti-šarri (?), Nemetti-šarri (?), Aḫ-Sāna (?)",–,–,–,"É-re-du-ti, 𒂍𒊑𒁺𒋾",city,"Babylonia, Iraq",–,"Bagg RGTC 7 2/1: 117, Parpola Toponyms: 88, Bagg RGTC 7 2/1: 11 (Aḫ-Sāna), Bagg RGTC 7 2/2: 453–454 (Nēmetti-šarri), Grayson Chronicles: 168 (ABC 21: iv 4)"
238,Bīt-zitti,"Bīt-zitti, Bīt-Zitti, Bit-Zitti, Zaitā, Zeitā, زيتا",–,33.5025,35.40028,"URU.É-zi-it-ti, 𒌷𒂍𒍣𒀉𒋾, URU.É-zi-it-te, 𒌷𒂍𒍣𒀉𒋼, URU.É-zi-it-tú, 𒌷𒂍𒍣𒀉𒌓",town,"Phoenicia, Ṣīdūnu, Lebanon",–,"Bagg RGTC 7 1: 54–55, Parpola Toponyms: 92, <a href='https://www.geonames.org/265877/zeita.html' target='_blank'>Geonames: Zeïta</a>, <a href='http://oracc.museum.upenn.edu/riao/cbd/qpn-x-places/onebigfile.html' target='_blank'>RIAo Glossary: Places (Bit-Zitti)</a>, <a href='http://oracc.museum.upenn.edu/rinap/cbd/qpn-x-places/onebigfile.html' target='_blank'>RINAP Glossary: Places (Bit-Zitti)</a>"
234,Bīt-Šabāia,"Bīt-Šabāia, Bīt-Šabāja, Bit-Šabaya, Bīt-Šabāyu, Bit-Šabayu, Bīt-Šabi, Bīt-Garbāja",3,34.46333,41.5045,"É-<sup>m</sup>šá-ba-a-ia, É-<sup>m</sup>gar-ba-a-ia, 𒂍𒁹𒃻𒁀𒀀𒅀","territory, tribe, town (?)","Sūḫu, Iraq",9 D2,"Bagg RGTC 7 2/1: 119 (Bīt-Šabāja), Helsinki Atlas: 7 (map 9 D2), Parpola Toponyms: 89 (Bīt-Šabāja), <a href='https://www.google.com/maps/d/u/0/viewer?mid=1XWivnuuHzEfy0BJ6nMOdRbkLojLzahA&ll target='_blank'>Maija Holappa's map</a>, <a href='http://oracc.museum.upenn.edu/riao/cbd/qpn-x-places/onebigfile.html' target='_blank'>RIAo Glossary: Places (Bit-Šabayu [1])</a>"
235,Bīt-Šilāni,"Bīt-Šilāni, Bit-Šilani, Bīt-Silāni, Bīt-Ašillāni, Bīt-Šillāni, Bīt-Sillāni, Šilāni, Silāni",–,–,–,"A-<sup>m</sup>si-la-a-ni, 𒀀𒁹𒋛𒆷𒀀𒉌, <sup>m</sup>ši-la-a-ni, 𒁹𒅆𒆷𒀀𒉌, KUR.É-si-la-a-ni, 𒆳𒂍𒋛𒆷𒀀𒉌, KUR.É-ši-la-a-ni, 𒆳𒂍𒅆𒆷𒀀𒉌, KUR.É-<sup>m</sup>a-šil-a-ni, 𒆳𒂍𒁹𒀀𒋻𒀀𒉌, KUR.É-<sup>m</sup>si-la-a-ni, 𒆳𒂍𒁹𒋛𒆷𒀀𒉌, KUR.É-<sup>m</sup>ši-la-a-ni, 𒆳𒂍𒁹𒅆𒆷𒀀𒉌, KUR.É-<sup>m</sup>ši-la-nu, 𒆳𒂍𒁹𒅆𒆷𒉡, KUR.É-ši-la-nu, 𒆳𒂍𒅆𒆷𒉡, KUR.É-<sup>m</sup>šil-a-ni, 𒆳𒂍𒁹𒋻𒀀𒉌, KUR.É-<sup>m</sup>šil-la-na, 𒆳𒂍𒁹𒋻𒆷𒈾, KUR.si-la-a-ni<sub>7</sub>, 𒆳𒋛𒆷𒀀𒉏, KUR.É-si-la-a-ni<sub>7</sub>, 𒆳𒂍𒋛𒆷𒀀𒉏","territory, country, Chaldean tribe","Southern Babylonia, Iraq",–,"Bagg RGTC 7 3/1: 151–152 (Bīt-Šillāni), Parpola Toponyms: 89, <a href='https://www.ucl.ac.uk/sargon/peoplegodsplaces' target='_blank'>Assyrian empire builders: Bit-Šilani</a>"
233,Bīt-ša-muḫḫi-āli,"Bīt-ša-muḫḫi-āli, Bītu-ša-muḫḫi-āli",–,–,–,–,town,"Central Assyria, East Ğazīra",–,RGTC 7 2/1: 119
220,Bīt-Ḫalupê,Bīt-Ḫalupê,2,–,–,–,territory,–,9 C1,Helsinki Atlas: 7 (map 9 C1)
221,Bīt-Ḫamban,"Bīt-Ḫamban, Cambadene",2,–,–,–,territory,–,11 C2,Helsinki Atlas: 7 (map 11 C2)
222,Bīt-Ḫazaʾil,"Bīt-Ḫazaʾil, Bīt-Ḫazāʾil, Bīt-Ḫazaʾili, Bit-Haza-il, Ša-imērīšu, Ša-emārīšu, Ša-imerišu, Dimašqa, Dimmašqa, Aram, אֲרָם, ארם, Damascus",1,–,–,"É-<sup>m</sup>ḫa-za-aʾ-i-li, 𒂍𒁹𒄩𒍝𒀪𒄿𒇷, ša-KUR.ANŠE-šu, 𒊭𒆳𒀲𒋗, ša-KUR.ANŠE-šú, 𒊭𒆳𒀲𒋙, šá-KUR.ANŠE-šu, 𒃻𒆳𒀲𒋗, šá-KUR.ANŠE-šú, 𒃻𒆳𒀲𒋙, šá-i-ma-ri-šú, 𒃻𒄿𒈠𒊑𒋙, šá-i-me-ri-šú, 𒃻𒄿𒈨𒊑𒋙, KUR.ANŠE-šú, 𒆳𒀲𒋙, KUR.i-me-ri, 𒆳𒄿𒈨𒊑, KUR.šá-ANŠE-šú, 𒆳𒃻𒀲𒋙, KUR.šá-ANŠE.NÍTA-šu, 𒆳𒃻𒀲𒀴𒋗, KUR.šá-ANŠE.NÍTA-šú, 𒆳𒃻𒀲𒀴𒋙, KUR.ANŠE-šú-a-a, 𒆳𒀲𒋙𒀀𒀀, KUR.šá-ANŠE.NÍTA-šu-a-a, 𒆳𒃻𒀲𒀴𒋗𒀀𒀀, KUR.šá-ANŠE.NÍTA-šú-a-a, 𒆳𒃻𒀲𒀴𒋙𒀀𒀀, KUR.šá-ANŠE.NÍTA.MEŠ-šu-a-a, 𒆳𒃻𒀲𒀴𒈨𒌍𒋗𒀀𒀀, LÚ.si-me-ri-šu-a-a, 𒇽𒋛𒈨𒊑𒋗𒀀𒀀, KUR.di-maš-qa, 𒆳𒁲𒈦𒋡, KUR.dim-maš-qa, 𒆳𒁴𒈦𒋡, אֲרָם, ארם","country, province","Syria, Jordan",8 B3,"Helsinki Atlas: 7 (map 8 B3), Bagg RGTC 7 1: 49 (Bīt-Ḫazāʾil), Bagg RGTC 7 1: 238–239 (Ša-imērīšu), Bagg RGTC 7 1: 60–62 (Dimašqa), Parpola Toponyms: 328 (Ša-emārīšu), Parpola Toponyms: 103–104 (Dimašqa), <a href='https://www.ucl.ac.uk/sargon/peoplegodsplaces' target='_blank'>Assyrian empire builders: Damascus</a>, <a href='http://oracc.museum.upenn.edu/riao/cbd/qpn-x-places/onebigfile.html' target='_blank'>RIAo Glossary: Places (Bit-Haza-il [ARAM])</a>, <a href='http://oracc.museum.upenn.edu/rinap/cbd/qpn-x-places/onebigfile.html' target='_blank'>RINAP Glossary: Places (Bit-Haza-il [ARAM])</a>, <a href='http://oracc.museum.upenn.edu/riao/cbd/qpn-x-places/onebigfile.html' target='_blank'>RIAo Glossary: Places (Ša-imerišu [DAMASCUS])</a>, <a href='http://oracc.museum.upenn.edu/rinap/cbd/qpn-x-places/onebigfile.html' target='_blank'>RINAP Glossary: Places (Ša-imerišu [DAMASCUS])</a>, <a href='http://oracc.museum.upenn.edu/riao/cbd/qpn-x-ethnic/onebigfile.html' target='_blank'>RIAo Glossary: Ethnic (Ša-imerišuayu [OF DAMASCUS])</a>, <a href='http://oracc.museum.upenn.edu/rinap/cbd/qpn-x-ethnic/onebigfile.html' target='_blank'>RINAP Glossary: Ethnic (Ša-imerišuayu [OF DAMASCUS])</a>, <a href='http://oracc.museum.upenn.edu/saao/cbd/qpn-x-places/onebigfile.html' target='_blank'>SAAo Glossary: Places (Dimašqa [DAMASCUS])</a>, <a href='http://oracc.museum.upenn.edu/riao/cbd/qpn-x-places/onebigfile.html' target='_blank'>RIAo Glossary: Places (Dimašqa [DAMASCUS])</a>, <a href='http://oracc.museum.upenn.edu/saao/cbd/qpn-x-places/onebigfile.html' target='_blank'>SAAo Glossary: Places (Dimmašqa [DAMASCUS])</a>, <a href='http://oracc.museum.upenn.edu/saao/knpp/peoplegodsplaces/index.html' target='_blank'>Knowledge and Power: Aram</a>, <a href='https://www.ucl.ac.uk/sargon/peoplegodsplaces' target='_blank'>Assyrian empire builders: Aram</a>"
1338,Bīt-Ḫaʾiri,"Bīt-Ḫaʾiri, Bīt-Ḫāʾiri, Bit-Haʾiri, Bit-Haʾir, Bit-Haʾiraya",–,–,–,"URU.É-ḫa-a-ir, 𒌷𒂍𒄩𒀀𒅕, URU.É-<sup>m</sup>ḫa-ʾi-i-ri, 𒌷𒂍𒁹𒄩𒀪𒄿𒊑, URU.É-<sup>m</sup>ḫa-ʾi-ri, 𒌷𒂍𒁹𒄩𒀪𒊑, É-<sup>m</sup>ḫa-a-i-ri, 𒂍𒁹𒄩𒀀𒄿𒊑, LÚ.URU.É-ḫa-a-ir-a-a, 𒇽𒌷𒂍𒄩𒀀𒅕𒀀𒀀","town, fortress","Dēru, Jamutbalu, Rāši (?), Iran, Iraq (?)",–,"Bagg RGTC 7 2/1: 113, Parpola Toponyms: 82 (Bīt-Ḫāʾiri), <a href='https://www.ucl.ac.uk/sargon/peoplegodsplaces' target='_blank'>Assyrian empire builders: Bit-Haʾir</a>, <a href='http://oracc.museum.upenn.edu/saao/cbd/qpn-x-places/onebigfile.html' target='_blank'>SAAo Glossary: Places (Bit-Haʾir [1])</a>, <a href='http://oracc.museum.upenn.edu/saao/cbd/qpn-x-places/onebigfile.html' target='_blank'>SAAo Glossary: Places (Bit-Haʾiri [1])</a>, <a href='http://oracc.museum.upenn.edu/saao/cbd/qpn-x-ethnic/onebigfile.html' target='_blank'>SAAo Glossary: Ethnic Names (Bit-Haʾiraya [of Bit-Haʾiri])</a>, <a href='http://oracc.museum.upenn.edu/atae/cbd/qpn-x-ethnic/onebigfile.html' target='_blank'>ATAE Glossary: Ethnic Names (Bit-Haʾiraya [of Bit-Haʾiri])</a>, <a href='http://oracc.museum.upenn.edu/atae/cbd/qpn-x-places/onebigfile.html' target='_blank'>ATAE Glossary: Places (Bit-Haʾiri [1])</a>, <a href='http://oracc.museum.upenn.edu/riao/cbd/qpn-x-places/onebigfile.html' target='_blank'>RIAo Glossary: Places (Bit-Haʾiri [1])</a>, <a href='http://oracc.museum.upenn.edu/rinap/cbd/qpn-x-places/onebigfile.html' target='_blank'>RINAP Glossary: Places (Bit-Haʾiri [1])</a>"
223,Bīt-Ḫumrî,"Bīt-Ḫumrî, Israel, byt ʿmry, Bīt-Ḫumria",1,–,–,–,country,Israel,7 C4,Helsinki Atlas: 7 (map 7 C4)
224,Bīt-Ḫurāpî,"Bīt-Ḫurāpî, Bīt-Ḫurapî, Bit-Hurapi, Bīt-Ḫurābî, Bit-Hurabi",–,–,–,"URU.É—ḫu-ra-pi-i, 𒌷𒊏𒉿𒄿, URU.É—ḫu-ra-bi-i, 𒌷𒊏𒁉𒄿",town,"Assyria, Nineveh province (?), Iraq",–,"Bagg RGTC 7 2/1: 115, Parpola Toponyms: 83 (Bīt-Ḫurapî), <a href='http://oracc.museum.upenn.edu/atae/cbd/qpn-x-places/onebigfile.html' target='_blank'>ATAE Glossary: Places (Bit-Hurapi)</a>, <a href='http://oracc.museum.upenn.edu/saao/cbd/qpn-x-places/onebigfile.html' target='_blank'>SAAo Glossary: Places (Bit-Hurapi)</a>"
1286,Bīt-ḫardini,"Bīt-ḫardini, Bit-hardini",–,–,–,"URU.É-ḫar-di-ni, 𒌷𒂍𒄯𒁲𒉌",town,"Assyria, Nineveh province (?), Iraq",–,"Bagg RGTC 7 2/1: 115, <a href='http://oracc.museum.upenn.edu/atae/cbd/qpn-x-places/onebigfile.html' target='_blank'>ATAE Glossary: Places (Bit-hardini [1])</a>, <a href='https://oracc.museum.upenn.edu/atae/szibaniba/P282764' target='_blank'>Billa 083</a>"
232,Bīt-Ṣupūri,"Bīt-Ṣupūri, Bīt-Ṣupuri, Bit-Ṣupuri, bt ṣpr, 𐤁𐤕 𐤑𐤐𐤓‎, Ornithopolis, Ormithōnpolis, Ornithon Polis, Ὀρνίθων πόλις, Ṣfārīya (?), Ṣfaray (?), Bṣfaray (?), صفاراي (?), Tell Burāq (?), Tall al-Burāq (?), ʿAdlūn (?), عدلون (?), ʿAin Ṣaufar (?), عين صوفر (?), Mazraʿat Bṣaffūr (?), مزرعة بصفّور (?)",4,33.55528,35.49389,"URU.É-ṣu-pu-ri, 𒌷𒂍𒍮𒁍𒊑, URU.É-<sup>m</sup>ṣu-pu-ri, 𒌷𒂍𒁹𒍮𒁍𒊑, bt ṣpr, 𐤁𐤕 𐤑𐤐𐤓‎",town,"Phoenicia, Ṣīdūnu, Lebanon",8 A3,"Helsinki Atlas: 7 (map 8 A3), Bagg RGTC 7 1: 53–54, Parpola Toponyms: 89, <a href='https://www.geonames.org/267946/sfaray.html' target='_blank'>Geonames: Sfâray</a>, <a href='https://pleiades.stoa.org/places/678000' target='_blank'>Pleiades: ‘Ad Nonum’/Ornithon Polis?</a>, <a href='https://zenodo.org/record/6384045' target='_blank'>Pedersén ANE: (Tell el-Burak)</a>, <a href='https://www.geonames.org/280696/aadloun.html' target='_blank'>Geonames: Aadloûn</a>, <a href='https://www.geonames.org/277414/ain-saoufar.html' target='_blank'>Geonames: Aïn Saoufar</a>, <a href='https://www.geonames.org/270620/mazraat-bsaffour.html' target='_blank'>Geonames: Mazraat Bsaffoûr</a>, <a href='http://oracc.museum.upenn.edu/riao/cbd/qpn-x-places/onebigfile.html' target='_blank'>RIAo Glossary: Places (Bit-Ṣupuri)</a>, <a href='http://oracc.museum.upenn.edu/rinap/cbd/qpn-x-places/onebigfile.html' target='_blank'>RINAP Glossary: Places (Bit-Ṣupuri)</a>"
244,Būia,"Būja, Buja, Būya, Buya, Būia, Bûia, Buia, Čam-e Čaqlāve, Cham-ī Chaqalāwah, Cham-i-Chaqlawa, Chaqlāwah Chāy, Nahr Shaqlāwah, Tanjero, Nahr Tānjarū Jamī Qilaysān, Chemî Tancero, Nahr Tānjaraw, Nahr Tānjarū, تانجرو, نهر تانجرو, Ab-i-Tanjero, Āv-ī Tanjero, Čam-ī Gogasur (?), Cham-ī Gogasur (?), Chām-ī Kūkāsūr (?), Āw-i Gōgasūr (?), Āw-ē Gōgasūr (?), Māvākān Cāy (?), Māwākān Chāy (?), Māwākān Chāi (?), Māwākān Chāy (?), Qalā Chuwālan (?), Chamī Qalā Chuwālān (?), Jamī Qalā Juwalān (?), Ṟûbarî Qeła Chwalan (?), Aw-e Qalā Chuwalān (?), Āv-i-Qal‘a Cholān (?), جم قلا جولان, چمي قلا چوالان, Rūdkhāneh-ye Qezel Owzan (?), Qezel Ūzan (?), رودخانه قزل اوزن, Čam-e Qezel Ūzan (?), Cham Kizil (?), Nahr Qizil (?), نهر قزل, Āb-e Qezel (?), Āb-i-Kizil (?), Āb-i-Qizil (?), Cham-i Qizil (?)",2,–,–,"ÍD.bu-ú-ia, 𒀀𒇉𒁍𒌑𒅀",river,"Māzamua, Iraq, Iran (?)",11 B1,"Bagg RGTC 7 3/2: 748, Helsinki Atlas: 7 (map 11 B1), Parpola Toponyms: 94, <a href='https://www.geonames.org/97392/cham-i-chaqalawah.html' target='_blank'>Geonames: Cham-ī Chaqalāwah</a>, <a href='https://www.geonames.org/90317/nahr-tanjaru-jami-qilaysan.html' target='_blank'>Geonames: Nahr Tānjarū Jamī Qilaysān</a>, <a href='https://www.geonames.org/96458/cham-i-gogasur.html' target='_blank'>Geonames: Cham-ī Gogasur</a>, <a href='https://www.geonames.org/93564/mawakan-chay.html' target='_blank'>Geonames: Māwākān Chāy</a>, <a href='https://www.geonames.org/92674/chami-qala-chuwalan.html' target='_blank'>Geonames: Chamī Qalā Chuwālān</a>, <a href='https://www.geonames.org/119309/rudkhaneh-ye-qezel-owzan.html' target='_blank'>Geonames: Rūdkhāneh-ye Qezel Owzan</a>, <a href='https://www.geonames.org/8074881/rudkhaneh-ye-qezel-owzan.html' target='_blank'>Geonames: Rūdkhāneh-ye Qezel Owzan</a>, <a href='https://www.geonames.org/6689147/rudkhaneh-ye-qezel-owzan.html' target='_blank'>Geonames: Rūdkhāneh-ye Qezel Owzan</a>, <a href='https://www.geonames.org/6648126/rudkhaneh-ye-qezel-owzan.html' target='_blank'>Geonames: Rūdkhāneh-ye Qezel Owzan</a>, <a href='https://www.geonames.org/92239/nahr-qizil.html' target='_blank'>Geonames: Nahr Qizil</a>, <a href='http://oracc.museum.upenn.edu/riao/cbd/qpn-x-waters/onebigfile.html' target='_blank'>RIAo Glossary: Waters (Buya)</a>, <a href='http://oracc.museum.upenn.edu/rinap/cbd/qpn-x-waters/onebigfile.html' target='_blank'>RINAP Glossary: Waters (Buya)</a>"
247,Būr-marʾīna,"Būr-marʾīna, Burmarʾina, Burmarina, Marinā, Marīna, Marinâ, Marinâ ša Bīt-Adini, Marīna ša šadê, brmrn, Tell Šiʾūḫ Fawqāni, Tell esh-Shiyukh Fawqani, Tell Shiukh Fawqani, Tall al-Shiyūkh Fūqānī, Tall ash-Shiyukh, Tall Šijūḫ Fawqānī, تل الشيوخ فوقاني, Šiyuḫ Fawqānī, Es-Shiough, Šijūḫ Fawqānī",1,36.78755124230915,38.03596813475002,"URU.bur-mar-ʾi-na, 𒌷𒁓𒈥𒀪𒈾, URU.ma-ri-na-a šá É-<sup>m</sup>a-di-ni, 𒌷𒈠𒊑𒈾𒀀𒃻𒂍𒁹𒀀𒁲𒉌, brmrn, 𐡁𐡓𐡌𐡓𐡍",town,"Bīt-Adini, Syria",3 B4,"Helsinki Atlas: 8 (map 3 B4), Bagg RGTC 7 1: 55, Parpola Toponyms: 95, <a href='https://zenodo.org/record/6384045' target='_blank'>Pedersén ANE: Burmarina (Tell esh-Shiyukh Fawqani)</a>, <a href='https://zenodo.org/record/5217600' target='_blank'>CIGS: Burmarina / Tall al-Shiyūkh Fūqānī</a>, <a href='https://pleiades.stoa.org/places/727743777' target='_blank'>Pleiades: Bur-mar'ina</a>, <a href='https://books.openedition.org/cdf/4439' target='_blank'>MTT I/2: Marīna (HIGEOMES Nr. 118)</a>, <a href='https://books.openedition.org/cdf/4487' target='_blank'>MTT I/3: Tall ash-Shiyukh Fawqani (HIGEOMES Nr. 118)</a>, <a href='http://oracc.museum.upenn.edu/riao/cbd/qpn-x-places/onebigfile.html' target='_blank'>RIAo Glossary: Places (Marina)</a>"
251,Būru-Wēr,"Būru-Wēr, Buresa, Buruʾesa, Buru'esa",–,–,–,"URU.bu-ru-e-er (?), 𒌷𒁍𒊒𒂊𒅕, URU.bu-ru-e-sa (?), 𒌷𒁍𒊒𒂊𒊓",town,"Assyria, Kalḫu province (?)",–,"Bagg RGTC 7 2/1: 129 (Būru-Wēr (?)), <a href='http://oracc.museum.upenn.edu/atae/cbd/qpn-x-places/onebigfile.html' target='_blank'>ATAE Glossary: Places (Buruʾesa)</a>"
249,Būrāte,"Būrāte, Būrāti, Burāti, Burate, Burati",–,–,–,"URU.bu-ra-a-te, 𒌷𒁍𒊏𒀀𒋼",town,"Ḫābūr triangle, Syria",–,"Bagg RGTC 7 1: 127 (Būrāte 1), Zadok 1995: 237 (3.6.4.5)"
250,Būrāti,"Būrāte, Būrāti, Burāti, Burate, Burati",–,–,–,"URU.bu-ra-a-ti, 𒌷𒁍𒊏𒀀𒋾, URU.bu-ra-a-te, 𒌷𒁍𒊏𒀀𒋼","fortress, town","Elam, Iran",–,"Bagg RGTC 7 1: 127 (Būrāte 2), Parpola Toponyms: 95 (Burāti), <a href='https://www.ucl.ac.uk/sargon/peoplegodsplaces' target='_blank'>Assyrian empire builders: Burati</a>, <a href='http://oracc.museum.upenn.edu/atae/cbd/qpn-x-places/onebigfile.html' target='_blank'>ATAE Glossary: Places (Burati)</a>, <a href='http://oracc.museum.upenn.edu/saao/cbd/qpn-x-places/onebigfile.html' target='_blank'>SAAo Glossary: Places (Burati)</a>"
1305,Cudi Dağı Hasanah,"Cudi Dağı Hasanah, Ğudi Dağ Ḥasanah, Ḥasanah, Hessana, Khessana, Kösreli, Kosreli, Kösreli Köyü, Cudi Dağı, Ğudi Dağ, Judi Dagh, Cudi Dagh",1,37.34138,42.42521,–,monument,"Nipur, Turkey",–,"Erkanal (1987): <i>1986 Cudi Dağı Araştırması</i>. Araştırma Sonuçları Toplantısı 5/2: 111–118, Kreppner (2000): <i>Public Space in Nature: The Case of Neo-Assyrian Rock-Reliefs</i>. AoF 29: 369–370, Helsinki Atlas: 24 (map 4 B4), <a href='https://www.geonames.org/306263/koesreli.html' target='_blank'>Geonames: Kösreli</a>"
1306,Cudi Dağı Şah,"Cudi Dağı Şah, Ğudi Dağ Šeḫ, Şah, Sah, Šeḫ, Shakh, Çağlayan, Caglayan, Cudi Dağı, Ğudi Dağ, Judi Dagh, Cudi Dagh",1,37.38182,42.33012,–,monument,"Nipur, Turkey",–,"Erkanal (1987): <i>1986 Cudi Dağı Araştırması</i>. Araştırma Sonuçları Toplantısı 5/2: 111–118, Kreppner (2000): <i>Public Space in Nature: The Case of Neo-Assyrian Rock-Reliefs</i>. AoF 29: 369–370, Helsinki Atlas: 24 (map 4 B4), <a href='https://www.geonames.org/408545/caglayan.html' target='_blank'>Geonames: Çağlayan</a>, <a href='https://zenodo.org/record/5217600' target='_blank'>CIGS: Cudi Dağı</a>"
259,Daban,"Daban, Rūdḫāne-ye Gangir",3,–,–,–,river,–,11 A3,Helsinki Atlas: 8 (map 11 A3)
274,Dabinu,"Dabinu, Diban, Dibon, Dībōn, דִּיבוֹן, Diʾbān, Dhiban, ذيبان",–,31.50182193575066,35.77646120526224,"KUR.da-ab-i-na-a-a (?), 𒆳𒁕𒀊𒄿𒈾𒀀𒀀 (?), djbn, 𐤃𐤉𐤁𐤍, דִּיבוֹן","capital, city","Māʾab, Jordan",–,"Bagg RGTC 7 1: 263 (Ṭābilu), <a href='https://zenodo.org/record/6384045' target='_blank'>Pedersén ANE: Diban</a>, <a href='https://pleiades.stoa.org/places/697654' target='_blank'>Pleiades: Dibon</a>, <a href='https://www.ucl.ac.uk/sargon/peoplegodsplaces' target='_blank'>Assyrian empire builders: Dabinu</a>, <a href='http://oracc.museum.upenn.edu/saao/cbd/qpn-x-ethnic/onebigfile.html' target='_blank'>SAAo Glossary: Ethnic (Dabinaya [DIBONITE])</a>"
261,Dadiualla,"Dadiualla, Dadi-ualla, Šadi-Samalla, Tall al-Ḥusainiyeh, Husaynīyah, Ḩusaynīyah, حسينية",–,36.68203,43.24538,"URU.da-di-ú-al-la, 𒌷𒁕𒁲𒌑𒀠𒆷",town,"Assyria, Talmūsa province, Iraq",–,"Bagg RGTC 7 2/1: 131, Parpola Toponyms: 329 (Šadi-Samalla), <a href='https://www.geonames.org/6999625/husayniyah.html' target='_blank'>Geonames: Ḩusaynīyah</a>, <a href='http://oracc.museum.upenn.edu/saao/cbd/qpn-x-people/onebigfile.html' target='_blank'>SAAo Glossary: People (Dadi-ualla)!!!</a>"
262,Daduni,"Daduni, Dadunu",–,–,–,"KUR.da-du-ni, 𒆳𒁕𒁺𒉌","mountain (?), territory (?)","Zabban, Iraq",–,"Bagg RGTC 7 2/1: 131, Parpola Toponyms: 96, <a href='https://www.ucl.ac.uk/sargon/peoplegodsplaces' target='_blank'>Assyrian empire builders: Dadunu</a>, <a href='http://oracc.museum.upenn.edu/atae/cbd/qpn-x-places/onebigfile.html' target='_blank'>ATAE Glossary: Places (Dadunu)</a>, <a href='http://oracc.museum.upenn.edu/saao/cbd/qpn-x-places/onebigfile.html' target='_blank'>SAAo Glossary: Places (Dadunu)</a>"
1158,Dagara,Dagara,–,–,–,"KUR.da-ga-ra, 𒆳𒁕𒂵𒊏, URU.da-ga-ra, 𒌷𒁕𒂵𒊏","city, country","Māzamua, Iraq",–,"Bagg RGTC 7 3/1: 166, Parpola Toponyms: 96, <a href='http://oracc.museum.upenn.edu/riao/cbd/qpn-x-places/onebigfile.html' target='_blank'>RIAo Glossary: Places (Dagara)</a>"
1067,Daiaeni,"Daiaeni, Dajaeni, Daiēnu, Daiēni, Dajēni, Diaueḫe, Taochoi, Tauchoi, Τάοχοι",–,40.5784818904,41.669213866,"KUR.da-ia-a-ni, 𒆳𒁕𒅀𒀀𒉌, KUR.da-ia-e-ni, 𒆳𒁕𒅀𒂊𒉌, KUR.da-ia-ni, 𒆳𒁕𒅀𒉌, URU.da-ia-e-ni, 𒌷𒁕𒅀𒂊𒉌, KUR.da-ie-ni, 𒆳𒁕𒅀𒉌",territory,"Naʾiri, Urarṭu, Turkey",–,"Bagg RGTC 7 3/1: 167–168, Parpola Toponyms: 97, <a href='https://pleiades.stoa.org/places/857343' target='_blank'>Pleiades: Taochoi</a>, <a href='https://books.openedition.org/cdf/4439' target='_blank'>MTT I/2: Dajēni (HIGEOMES Nr. –)</a>, <a href='http://oracc.museum.upenn.edu/riao/cbd/qpn-x-places/onebigfile.html' target='_blank'>RIAo Glossary: Places (Daiaeni)</a>"
263,Daiašeti,"Daiašeti, Dajašeti, Daiašetu, Dajašetu, Sitha (?), ruins of al-Aswad (?)",4,33.52024,43.04159,"URU.da-ia-še-ti, 𒌷𒁕𒅀𒊺𒋾",town,"Sūḫu, Iraq",–,"Bagg RGTC 7 1: 132, Parpola Toponyms: 97, Musil (1927): <i>The Middle Euphrates: A Topographical Itinerary</i>: 203 and map e9, <a href='https://pleiades.stoa.org/places/894008' target='_blank'>Pleiades: Idu/Diacira/Hit</a>, <a href='http://oracc.museum.upenn.edu/riao/cbd/qpn-x-places/onebigfile.html' target='_blank'>RIAo Glossary: Places (Daiašetu)</a>"
264,Dalaimme,"Dalaimme, Dalhūn, Dalhoun, دلهون",–,33.62667,35.4675,"URU.da-la-im-me, 𒌷𒁕𒆷𒅎𒈨",town,"Phoenicia, Ṣīdūnu, Lebanon",–,"Bagg RGTC 7 1: 57–58, Parpola Toponyms: 97, <a href='https://www.geonames.org/275853/dalhoun.html' target='_blank'>Geonames: Dalhoûn</a>, <a href='https://www.geonames.org/173428/al-munyah.html' target='_blank'>Geonames: Al Munyah</a>, <a href='http://oracc.museum.upenn.edu/riao/cbd/qpn-x-places/onebigfile.html' target='_blank'>RIAo Glossary: Places (Dalaimme)</a>, <a href='http://oracc.museum.upenn.edu/rinap/cbd/qpn-x-places/onebigfile.html' target='_blank'>RINAP Glossary: Places (Dalaimme)</a>"
265,Damdammusa,"Damdammusa, Damdammusu, Damdammusi, Dandammusu, Kaziktepe (?), Pornak (?), Sardebar (?), Sardeoua (?), Tauşantepe (?), Aktepe (?)",4,37.72463,40.56995,"URU.da-am-da-mu-sa, 𒌷𒁕𒄠𒁕𒈬𒊓, URU.dam<sup>am</sup>-dam-mu-si, 𒌷𒁮𒄠𒁮𒈬𒋛, URU.dam<sup>am</sup>-dam-mu-su, 𒌷𒁮𒄠𒁮𒈬𒋢, URU.dam-dam-mu-sa, 𒌷𒁮𒁮𒈬𒊓",city,"Nirbu, Bīt-Zamāni, Turkey",–,"Bagg RGTC 7 2/1: 133–134, Bagg RGTC 7 2/2: 740 (Aktepe; Dandammusu); 748 (Pornak; Damdammusu; Sinabu), Parpola Toponyms: 98, <a href='https://pleiades.stoa.org/places/874681' target='_blank'>Pleiades: Sardeoua/‘Sardebar’</a>, <a href='https://zenodo.org/record/6384045' target='_blank'>Pedersén ANE: Damdammusa? (Kaziktepe)</a>, <a href='https://zenodo.org/record/6384045' target='_blank'>Pedersén ANE: Aktepe</a>, <a href='http://oracc.museum.upenn.edu/riao/cbd/qpn-x-places/onebigfile.html' target='_blank'>RIAo Glossary: Places (Damdammusa)</a>"
266,Dan,"Dan, דן, Tell Qadi, تل القاضي, Tel Dan, תל דן",–,33.24855518974393,35.65252280199174,דן,town,"Canaan, Bīt-Ḫumrî, Israel",–,"<a href='https://zenodo.org/record/6384045' target='_blank'>Pedersén ANE: Dan (Tell Qadi)</a>, <a href='https://pleiades.stoa.org/places/678109' target='_blank'>Pleiades: Dan</a>"
268,Danabu,"Danabu, Dababu, Din<sup>e</sup>hābâ, Dinehābâ, Dinhabah, דִּנְהָבָה, Danaba, Abila Dekapoleos, Seleukeia, Tall Ābil, Quwailibī, Ḏunaiba, ذنيبّة, دنيبة, Danova (?), Ṣaidnāyā (?), صيدنايا",3,32.68241,35.8689,"KUR.da-na-bi, 𒆳𒁕𒈾𒁉, URU.da-an-a-bi, 𒌷𒁕𒀭𒀀𒁉, URU.da-na-bi, 𒌷𒁕𒈾𒁉, URU.da-na-bu, 𒌷𒁕𒈾𒁍, URU.da-na-pa-a-a, 𒌷𒁕𒈾𒉺𒀀𒀀","town, fortified city","Dimašqa, Syria (?), Jordan (?)",8 A3,"Helsinki Atlas: 8 (map 8 A3), Bagg RGTC 7 1: 59–60, Parpola Toponyms: 98, <a href='https://pleiades.stoa.org/places/668236' target='_blank'>Pleiades: ‘Danova’</a>, <a href='https://pleiades.stoa.org/places/677992' target='_blank'>Pleiades: Abila Dekapoleos/Seleukeia</a>, <a href='https://www.ucl.ac.uk/sargon/peoplegodsplaces' target='_blank'>Assyrian empire builders: Danabu</a>, <a href='http://oracc.museum.upenn.edu/saao/cbd/qpn-x-ethnic/onebigfile.html' target='_blank'>SAAo Glossary: Ethnic (Danabaya)</a>, <a href='http://oracc.museum.upenn.edu/atae/cbd/qpn-x-places/onebigfile.html' target='_blank'>ATAE Glossary: Places (Danabi)</a>, <a href='http://oracc.museum.upenn.edu/saao/cbd/qpn-x-places/onebigfile.html' target='_blank'>SAAo Glossary: Places (Danabi)</a>, <a href='http://oracc.museum.upenn.edu/atae/cbd/qpn-x-places/onebigfile.html' target='_blank'>ATAE Glossary: Places (Danabu)</a>, <a href='http://oracc.museum.upenn.edu/saao/cbd/qpn-x-places/onebigfile.html' target='_blank'>SAAo Glossary: Places (Danabu)</a>, <a href='http://oracc.museum.upenn.edu/riao/cbd/qpn-x-places/onebigfile.html' target='_blank'>RIAo Glossary: Places (Danabu)</a>"
1066,Daqalu,"Daqalu, Daqala, Dagalā, Til-Daqalu, Diqlâ, דִּקְלָה, Beth Deqla, Bayt-Dagalâ",–,31.731945,45.005407,"URU.da-qa-la, 𒌷𒁕𒋡𒆷, URU.da-qa-lu, 𒌷𒁕𒋡𒇻",fortified city,"Bīt-Amukkāni, Babylonia, Iraq",–,"Bagg RGTC 7 3/1: 172, Parpola Toponyms: 99, Zadok (1985): <i>Zur Geographie Babyloniens während des sargonidischen...</i>. Die Welt des Orients 16: 60, <a href='http://oracc.museum.upenn.edu/riao/cbd/qpn-x-places/onebigfile.html' target='_blank'>RIAo Glossary: Places (Daqalu)</a>, <a href='http://oracc.museum.upenn.edu/rinap/cbd/qpn-x-places/onebigfile.html' target='_blank'>RINAP Glossary: Places (Daqalu)</a>"
270,Dawali,"Assyrian name unknown, Dawali, Dawālī, Ad-Dawālī, Ad Dawālī",–,34.45357,41.99118,–,–,"Sūḫu, Iraq",–,RIMB 2: 309
271,Dedan,"Dadanu, Dedan, Dadān, דְּדָן, Lihyan, لحيان, al-'Ula (?), al-ʿUlā (?), الْعُلَا",4,26.66662976870679,37.91062410669038,–,town,Saudi Arabia,–,"<a href='https://zenodo.org/record/6384045' target='_blank'>Pedersén ANE: Dedan?</a>, <a href='https://pleiades.stoa.org/places/814671' target='_blank'>Pleiades: Dedan/al-'Ula</a>"
273,Diati,Diati,–,–,–,–,town,Assyria,–,RGTC 7 2/1: 140–141
275,Dibar,"Dibar, Ğabal ʿAbd al-ʿAzīz",2,–,–,–,mountain,–,3 D4,Helsinki Atlas: 8 (map 3 D4)
276,Dibirāti,Dibirāti,–,–,–,–,town,Arrapḫa province (?),–,RGTC 7 2/1: 141
277,Diglat,"Diglat, Idiglat, Tigris, Diğla",1,–,–,–,river,–,10 C2,Helsinki Atlas: 8 (map 10 C2)
278,Dilbat,"Dilbat, Dilbatu, Talbat, Tell Dulaim, Tell Dailam, Tall al-Dilaiym, تل الدليم, Deilam",1,32.29571615001174,44.46622078649037,"dil-bat, 𒀸𒁁, dil-bat.KI, 𒀸𒁁𒆠, URU.dil-bat.KI, 𒌷𒀸𒁁𒆠, URU.dil-bat, 𒌷𒀸𒁁, LÚ.dil-bat.KI.MEŠ-u, 𒇽𒀸𒁁𒆠𒈨𒌍𒌋, LÚ.URU.dil-bat.KI-ú-a, 𒇽𒌷𒀸𒁁𒆠𒌑𒀀, LÚ.dil-bat.KI.MEŠ, 𒇽𒀸𒁁𒆠𒈨𒌍",city,"Babylonia, Iraq",10 D4,"Helsinki Atlas: 8 (map 10 D4), Bagg RGTC 7 3/1: 174–175, Parpola Toponyms: 103, <a href='https://zenodo.org/record/6384045' target='_blank'>Pedersén ANE: Dilbat (Deilam)</a>, <a href='https://zenodo.org/record/5217600' target='_blank'>CIGS: Dilbat / Tall al-Dilaiym</a>, <a href='https://pleiades.stoa.org/places/893987' target='_blank'>Pleiades: Dilbat</a>, <a href='http://oracc.museum.upenn.edu/saao/knpp/peoplegodsplaces/index.html' target='_blank'>Knowledge and Power: Dilbat</a>, <a href='https://www.ucl.ac.uk/sargon/peoplegodsplaces' target='_blank'>Assyrian empire builders: Dilbat</a>, <a href='http://oracc.museum.upenn.edu/atae/cbd/qpn-x-places/onebigfile.html' target='_blank'>ATAE Glossary: Places (Dilbat)</a>, <a href='http://oracc.museum.upenn.edu/saao/cbd/qpn-x-places/onebigfile.html' target='_blank'>SAAo Glossary: Places (Dilbat)</a>, <a href='http://oracc.museum.upenn.edu/riao/cbd/qpn-x-places/onebigfile.html' target='_blank'>RIAo Glossary: Places (Dilbat)</a>, <a href='http://oracc.museum.upenn.edu/rinap/cbd/qpn-x-places/onebigfile.html' target='_blank'>RINAP Glossary: Places (Dilbat)</a>, <a href='http://oracc.museum.upenn.edu/saao/cbd/qpn-x-ethnic/onebigfile.html' target='_blank'>SAAo Glossary: Ethnic (Dilbataya [DILBATEAN])</a>"
280,Dimašqa,"Dimašqa, Dimmašqa, Dimašqu, Dammaśq, dmšq, dmśq, 𐡃𐡌𐡔𐡒, Dammeśeq, דמשק, דַּמֶּשֶׂק, Darmeśeq, דַרְמֶשֶׂק‎, דרמשק, Demetrias, Damaskos, Δαμασκὸς, Damascus, Dimašq, دمشق, aš-Šām, الشَّام",1,33.51012387661223,36.30920594609906,"URU.di-ma-áš-qi, 𒌷𒁲𒈠𒀾𒆥, URU.di-maš-qa, 𒌷𒁲𒈦𒋡, URU.di-maš-qi, 𒌷𒁲𒈦𒆥, URU.di-maš-qí, 𒌷𒁲𒈦𒆠, URU.di-maš-qu, 𒌷𒁲𒈦𒄣, URU.dim-maš-qa, 𒌷𒁴𒈦𒋡, URU.di-maš-qa-a-a, 𒌷𒁲𒈦𒋡𒀀𒀀, dmšq, דַּמֶּשֶׂק, דמשק, drmšq, דַרְמֶשֶׂק, דרמשק, dmśq, 𐡃𐡌𐡔𐡒","city, capital, prov. capital","Bīt-Ḫazaʾil, Syria",8 B3,"Helsinki Atlas: 8 (map 8 B3), Bagg RGTC 7 1: 60–62, Parpola Toponyms: 103–104, <a href='https://zenodo.org/record/6384045' target='_blank'>Pedersén ANE: Damaskus</a>, <a href='https://pleiades.stoa.org/places/678106' target='_blank'>Pleiades: Damascus</a>, <a href='http://oracc.museum.upenn.edu/saao/knpp/peoplegodsplaces/index.html' target='_blank'>Knowledge and Power: Damascus</a>, <a href='https://www.ucl.ac.uk/sargon/peoplegodsplaces' target='_blank'>Assyrian empire builders: Damascus</a>, <a href='http://oracc.museum.upenn.edu/atae/cbd/qpn-x-places/onebigfile.html' target='_blank'>ATAE Glossary: Places (Dimašqa [DAMASCUS])</a>, <a href='http://oracc.museum.upenn.edu/saao/cbd/qpn-x-places/onebigfile.html' target='_blank'>SAAo Glossary: Places (Dimašqa [DAMASCUS])</a>, <a href='http://oracc.museum.upenn.edu/riao/cbd/qpn-x-places/onebigfile.html' target='_blank'>RIAo Glossary: Places (Dimašqa [DAMASCUS])</a>, <a href='http://oracc.museum.upenn.edu/rinap/cbd/qpn-x-places/onebigfile.html' target='_blank'>RINAP Glossary: Places (Dimašqa [DAMASCUS])</a>, <a href='http://oracc.museum.upenn.edu/saao/cbd/qpn-x-ethnic/onebigfile.html' target='_blank'>SAAo Glossary: Ethnic (Dimašqaya [DAMASCENE])</a>, <a href='http://oracc.museum.upenn.edu/saao/cbd/qpn-x-places/onebigfile.html' target='_blank'>SAAo Glossary: Places (Dimmašqa [DAMASCUS])</a>"
281,Dinanu,"Dinanu, dynn, bynn, Tall Abū Danna, Tell Abu Danne, Abū Dānā, Abu Dana, أبو دانا, Abū Z̧annah, Abu Zannah, أبو ظنة",–,36.17888927342603,37.45161182028342,"URU.di-na-nu, 𒌷𒁲𒈾𒉡, dynn, 𐡃𐡉𐡍𐡍, bynn, 𐡁𐡉𐡍𐡍",city,"Bīt-Agūsi, Syria",–,"Bagg RGTC 7 1: 62, Parpola Toponyms: 105, <a href='https://zenodo.org/record/6384045' target='_blank'>Pedersén ANE: (Tell Abu Danne)</a>, <a href='https://www.geonames.org/174547/abu-zannah.html' target='_blank'>Geonames: Abū Z̧annah</a>, <a href='http://oracc.museum.upenn.edu/riao/cbd/qpn-x-places/onebigfile.html' target='_blank'>RIAo Glossary: Places (Dinanu [1])</a>, <a href='http://oracc.museum.upenn.edu/rinap/cbd/qpn-x-places/onebigfile.html' target='_blank'>RINAP Glossary: Places (Dinanu [1])</a>"
282,Diniktum,Diniktum (?),4,32.83361346623915,45.34361553310157,–,city,"Babylonia, Iraq",–,<a href='https://zenodo.org/record/6384045' target='_blank'>Pedersén ANE: Diniktum? (D851)</a>
283,Diqūqīna,"Diqūqīna, Diqukīna, Diqukina, Ṭāwūq (?), Daqūq (?), Daqūqā (?), داقوق",–,35.13923,44.44907,"URU.di-qu-qi-na, 𒌷𒁲𒄣𒆥𒈾, KUR.di-qu-ki-na, 𒆳𒁲𒄣𒆠𒈾, URU.di-qu-qi-na-a-a, 𒌷𒁲𒄣𒆥𒈾𒀀𒀀",town,"Laḫīru (1) (?), Iraq",–,"Bagg RGTC 7 2/1: 143–144, Parpola Toponyms: 105, <a href='https://www.geonames.org/90220/daquq.html' target='_blank'>Geonames: Dāqūq</a>, <a href='http://oracc.museum.upenn.edu/saao/knpp/peoplegodsplaces/index.html' target='_blank'>Knowledge and Power: Diquqina</a>, <a href='http://oracc.museum.upenn.edu/atae/cbd/qpn-x-places/onebigfile.html' target='_blank'>ATAE Glossary: Places (Diquqina)</a>, <a href='http://oracc.museum.upenn.edu/saao/cbd/qpn-x-places/onebigfile.html' target='_blank'>SAAo Glossary: Places (Diquqina)</a>, <a href='http://oracc.museum.upenn.edu/saao/cbd/qpn-x-ethnic/onebigfile.html' target='_blank'>SAAo Glossary: Ethnic (Diquqinaya [FROM DIQUQINA])</a>"
284,Dohuk,"Dohuk, Dohok",–,36.86249,42.91942,–,monument,Iraq,–,–
285,Dummutu,"Dummutu, Dummete, Dummetu, Zenobia, Ḥalabīya, حلبية, Tall Ḏimme (?)",4,35.68683,39.82767,"URU.du-um-me-te, 𒌷𒁺𒌝𒈨𒋼, URU.du-um-mu-tú, 𒌷𒁺𒌝𒈬𒌓",town,"Bīt-Adini, Syria",3 C5,"Helsinki Atlas: 8 (map 3 C5), Bagg RGTC 7 1: 62–63, <a href='https://pleiades.stoa.org/places/894185' target='_blank'>Pleiades: Zenobia</a>, <a href='https://zenodo.org/record/6384045' target='_blank'>Pedersén ANE: Zenobia (Halabiye)</a>, <a href='https://www.geonames.org/170042/halabiyah.html' target='_blank'>Geonames: Ḩalabīyah</a>"
287,Dunnu-ša-Uzībi,"Dunnu-ša-Uzībi, Dunnu-ša-Uzibi, Giricano, Giriçano, Giricano Höyüğü",–,37.81700579502202,40.75006205201868,–,town,Turkey,–,"<a href='https://zenodo.org/record/6384045' target='_blank'>Pedersén ANE: Dunnu-ša-Uzibi (Giricano)</a>, <a href='https://zenodo.org/record/5217600' target='_blank'>CIGS: Giricano</a>, <a href='https://pleiades.stoa.org/places/293088342' target='_blank'>Pleiades: Giricano</a>, <a href='https://books.openedition.org/cdf/4487' target='_blank'>MTT I/3: Giricano/DUNNU-ŠA-UZĪBI (HIGEOMES Nr. 165)</a>"
286,Dunnāte,Dunnāte,–,–,–,–,town,Central Assyria (?),–,RGTC 7 2/1: 146
313,Duʾūa,"Duʾūa, Duʾa, Duʾua",–,–,–,–,town,"Central Assyria, Kalḫu province",–,RGTC 7 2/1: 164
260,Dābigu,"Dābigu, Dabigu, Dābiq, Adabiq, Adabig, Dabekon, Dabekov, Tell Dabiq, Tall Dābiq, تل دابق",1,36.53975772825272,37.26848559026516,"URU.da-bi-gi, 𒌷𒁕𒁉𒄀, URU.da-bi-gu, 𒌷𒁕𒁉𒄖","town, fortified city","Bīt-Adini, Syria",2 D4,"Helsinki Atlas: 8 (map 2 D4), Bagg RGTC 7 1: 57 (Dabigu), <a href='https://zenodo.org/record/6384045' target='_blank'>Pedersén ANE: Dabigu / Dabekov (Tell Dabiq)</a>, <a href='https://pleiades.stoa.org/places/727743778' target='_blank'>Pleiades: Dabigu</a>"
267,Dāna,"Dāna, Dana, ad-Dāna, ad-Dānā, الدانا",2,36.21254,36.76998,"URU.da-a-na, 𒌷𒁕𒀀𒈾",town,"Unqi (?), Ḫamāt (?), Syria",2 C4,"Helsinki Atlas: 8 (map 2 C4), Bagg RGTC 7 1: 58, Parpola Toponyms: 98, <a href='https://www.geonames.org/174259/ad-dana.html' target='_blank'>Geonames: Ad Dānā</a>, <a href='http://oracc.museum.upenn.edu/saao/knpp/peoplegodsplaces/index.html' target='_blank'>Knowledge and Power: Dana</a>, <a href='http://oracc.museum.upenn.edu/atae/cbd/qpn-x-places/onebigfile.html' target='_blank'>ATAE Glossary: Places (Dana)</a>, <a href='http://oracc.museum.upenn.edu/saao/cbd/qpn-x-places/onebigfile.html' target='_blank'>SAAo Glossary: Places (Dana)</a>"
269,Dāri-abu,"Dāri-abu, Dari-abu, Dāra-abūʾa, Dara-abuʾa",–,–,–,"URU.dà-ri-AD, 𒌷𒆕𒊑𒀜",town,"Assyria (?), Iraq",–,"Bagg RGTC 7 2/1: 136, <a href='http://oracc.museum.upenn.edu/atae/cbd/qpn-x-places/onebigfile.html' target='_blank'>ATAE Glossary: Places (Dara-abuʾa)</a>"
272,Dēru,"Dēru, Dēr, Der, Dîr, Bīt-Dērāja (?), Bīt-Dērāia (?), Beth Daraya (?), Tell ʿAgar, Tall ‘Aqār, Tell Aqar, Tall al-ʿAqar, تل عقار, Badra, بدرة",1,33.12349225590192,45.93197073930094,"BÀD.KI, 𒂦𒆠, BÀD.AN.KI, 𒂦𒀭𒆠, de-e-ri, 𒁲𒂊𒊑, de-ri, 𒁲𒊑, KUR.de-e-ri, 𒆳𒁲𒂊𒊑, URU.BÀD, 𒌷𒂦, URU.BÀD.AN.KI, 𒌷𒂦𒀭𒆠, URU.de-e-ri, 𒌷𒁲𒂊𒊑, URU.de-eʾ-ri, 𒌷𒁲𒀪𒊑, URU.de-ri, 𒌷𒁲𒊑, URU.de-ru, 𒌷𒁲𒊒","prov. capital, city, province","Dēru, Jamutbalu, Iraq",11 A3,"Bagg RGTC 7 2/1: 138–140, Helsinki Atlas: 8 (map 11 A3), Parpola Toponyms: 100–101 (Dēr), <a href='https://zenodo.org/record/6384045' target='_blank'>Pedersén ANE: Der (Tell Aqar)</a>, <a href='https://zenodo.org/record/5217600' target='_blank'>CIGS: Der/Tall ‘Aqār</a>, <a href='https://pleiades.stoa.org/places/903013' target='_blank'>Pleiades: Deru/Beth Daraya/Badra</a>, <a href='http://oracc.museum.upenn.edu/saao/knpp/peoplegodsplaces/index.html' target='_blank'>Knowledge and Power: Der</a>, <a href='https://www.ucl.ac.uk/sargon/peoplegodsplaces' target='_blank'>Assyrian empire builders: Der</a>, <a href='http://oracc.museum.upenn.edu/riao/cbd/qpn-x-places/onebigfile.html' target='_blank'>RIAo Glossary: Places (Deri)</a>, <a href='http://oracc.museum.upenn.edu/rinap/cbd/qpn-x-places/onebigfile.html' target='_blank'>RINAP Glossary: Places (Deri)</a>, <a href='http://oracc.museum.upenn.edu/riao/cbd/qpn-x-places/onebigfile.html' target='_blank'>RIAo Glossary: Places (Deru)</a>, <a href='http://oracc.museum.upenn.edu/rinap/cbd/qpn-x-places/onebigfile.html' target='_blank'>RINAP Glossary: Places (Deru)</a>, <a href='http://oracc.museum.upenn.edu/atae/cbd/qpn-x-places/onebigfile.html' target='_blank'>ATAE Glossary: Places (Deru [DER])</a>, <a href='http://oracc.museum.upenn.edu/riao/cbd/qpn-x-places/onebigfile.html' target='_blank'>RIAo Glossary: Places (Deru [DER])</a>, <a href='http://oracc.museum.upenn.edu/saao/cbd/qpn-x-places/onebigfile.html' target='_blank'>SAAo Glossary: Places (Deru [DER])</a>, <a href='http://oracc.museum.upenn.edu/riao/cbd/qpn-x-places/onebigfile.html' target='_blank'>RIAo Glossary: Places (Deru [DER])</a>, <a href='http://oracc.museum.upenn.edu/saao/cbd/qpn-x-ethnic/onebigfile.html' target='_blank'>SAAo Glossary: Ethnic (Deraya [FROM DER])</a>"
1104,Dūr-Abī-Jataʾ,"Dūr-Abī-Jataʾ, Dūr-Abī-Yataʾ, Dūr-Abī-Iataʾ, Dūr-Abī-Jateʾ, Dūr-Abī-Iateʾ, Dūr-Abijataʾ",–,–,–,"URU.BÀD-<sup>m</sup>a-bi-ia-ta-aʾ, 𒌷𒂦𒁹𒀀𒁉𒅀𒋫𒀪",fortified city,"Bīt-Dakkūri, Iraq",–,Bagg RGTC 7 3/1: 184
288,Dūr-Abīḫāra,"Dūr-Abīḫāra, Dur-Abiḫara, Dūr-Abi-ḫāra, Dur-Abi-ḫara, Dūr-ša-Abi-ḫāru, Dūr-Atḫara, Dur-Athara, Dūr-Nabû, Dur-Nabû, Dūr-Nabium, Šaiḫ Yaʿqūb al-Yūsuf, Šaiḫ Yaʾqūb al-Yūsuf, Shaykh Ya‘qūb al Yūsuf, شيخ يعقوب اليوسف, Tschehariz, Seboʾa Tscherib",4,32.75,46.25,"URU.BÀD-<sup>m</sup>AD-ḫa-ra, 𒌷𒂦𒁹𒀜𒄩𒊏, URU.BÀD-<sup>m</sup>AD-ḫa-ri, 𒌷𒂦𒁹𒀜𒄩𒊑, BÀD-šá-<sup>m</sup>AD-ḫa-ru, 𒂦𒃻𒁹𒀜𒄩𒊒, URU.BÀD-<sup>d</sup>AG, 𒌷𒂦𒀭𒀝","town, prov. capital","Babylonia, Gambūlu, Iraq",11 B4,"Helsinki Atlas: 8 (map 11 B4), Bagg RGTC 7 3/1: 183 (Dūr-Abi-ḫāra), Bagg RGTC 7 3/1: 193 (Dūr-Nabû (2)), <a href='https://www.geonames.org/90905/shaykh-ya-qub-al-yusuf.html' target='_blank'>Geonames: Shaykh Ya‘qūb al Yūsuf</a>"
1103,Dūr-Adad-nērārī,"Dūr-Adad-nērārī, Dur-Adad-nerari, Dūr-Adad-nārārī, Dur-Adad-narari, Bīt-Kapan (?), Tall Fidēn, Tell Fidēn, Tell Fiden, الفيدن",4,35.36333340366294,40.56285443246396,"URU.BÀD-<sup>m</sup>10-ERÍN-TÁḪ, URU.BÀD-<sup>m</sup>10-ERIM-TÁḪ, 𒌷𒂦𒁹𒌋𒂟𒃮",town,"Lāqê, Syria",–,"Bagg RGTC 7 2/1: 147, <a href='https://zenodo.org/record/6384045' target='_blank'>Pedersén ANE: (Tell Fiden)</a>, <a href='https://books.openedition.org/cdf/4513' target='_blank'>MTT I/3: Tall Fiden (aB Bīt-Kapan)</a>, <a href='http://oracc.museum.upenn.edu/riao/cbd/qpn-x-places/onebigfile.html' target='_blank'>RIAo Glossary: Places (Dur-Adad-nerari [1])</a>"
1105,Dūr-Addu,"Dūr-Addu, Dūr-Adad, Dur-Addu, Dur-Adad",–,–,–,"URU.BÀD-ad-du, 𒌷𒂦𒀜𒁺",town,"Babylonia (?), Iraq (?)",–,Bagg RGTC 7 3/1: 184 (Dūr-Addu ??)
289,Dūr-Aššur,"Dūr-Aššur, Dūr-Aššūr, Dur-Aššur, Atlila, Yasim Tepe (?), Tepe Yāsīn (?), Yasin Teppe (?), Bakr Āwā (?), Bakr Awa (?), قرية بكراوه, بکراوه, بەکراوە",4,35.22150098124557,45.94018329849395,"URU.at-li-la, 𒌷𒀜𒇷𒆷, URU.BÀD-aš-šur, 𒌷𒂦𒀸𒋩","prov. capital, city","Māzamua, Iraq, Kurdistan",11 A1,"Bagg RGTC 7 3/1: 74–75 (Atlila), Bagg RGTC 7 3/1: 186 (Dūr-Aššūr 2), Helsinki Atlas: 8 (map 11 A1), Parpola Toponyms: 55 (Atlila), Parpola Toponyms: 108 (Dūr-Aššūr), <a href='https://zenodo.org/record/6384045' target='_blank'>Pedersén ANE: Dur-Aššur? (Bakr Awa)</a>, <a href='https://zenodo.org/record/5217600' target='_blank'>CIGS: Bakr Āwā</a>, <a href='http://oracc.museum.upenn.edu/atae/cbd/qpn-x-places/onebigfile.html' target='_blank'>ATAE Glossary: Places (Dur-Aššur)</a>, <a href='http://oracc.museum.upenn.edu/saao/cbd/qpn-x-places/onebigfile.html' target='_blank'>SAAo Glossary: Places (Dur-Aššur)</a>, <a href='http://oracc.museum.upenn.edu/riao/cbd/qpn-x-places/onebigfile.html' target='_blank'>RIAo Glossary: Places (Dur-Aššur)</a>, <a href='http://oracc.museum.upenn.edu/rinap/cbd/qpn-x-places/onebigfile.html' target='_blank'>RINAP Glossary: Places (Dur-Aššur)</a>, <a href='http://oracc.museum.upenn.edu/riao/cbd/qpn-x-places/onebigfile.html' target='_blank'>RIAo Glossary: Places (Atlila)</a>"
291,Dūr-Aššur-ketti-lēšir,"Dūr-Aššur-ketti-lēšir, Dur-Aššur-ketti-lešir, Dūr-Aššur-ketti-lēšer, Dur-Aššur-ketti-lešer, Dūr-Aššur-ketta-lēšir, Dūr-Aššur-ketti-lēṣir, Dūr-Aššūr-ketti-lēṣir, Tall Bdēri, Tell Bdēri, Tell Bderi, Tall Budayrī, Tall Budayri, Tell Budayri, تل بديري",1,36.38755279815428,40.8136865551638,–,town,"Syria, Mari",3 D4,"Helsinki Atlas: 8 (map 3 D4), <a href='https://zenodo.org/record/6384045' target='_blank'>Pedersén ANE: Dur-Aššur-ketti-lešer (Tell Bderi)</a>, <a href='https://zenodo.org/record/5217600' target='_blank'>CIGS: Dur-Aššur-ketti-lešer/Tall Budayrī</a>, <a href='https://books.openedition.org/cdf/4439' target='_blank'>MTT I/2: Dūr-Aššur-ketta-lēšir/Tall Bdēri (HIGEOMES Nr. 30)</a>"
290,Dūr-Aššūr,"Dūr-Aššūr, Dūr-Aššur, Dur-Aššur",–,–,–,"URU.BÀD-aš-šur, 𒌷𒂦𒀸𒋩",town,"Iraq, Ğazīra",–,Bagg RGTC 7 2/1: 148 (Dūr-Aššur 1)
293,Dūr-Balāṭi,"Dūr-Balāṭi, Dūr-balāṭi, Dur-Balaṭi, Dur-balaṭi, Uḥēmir (?), Nîšân Al-Uḥejmer (?)",4,33.2782,43.80364,"URU.BÀD-TI.LA, 𒌷𒂦𒋾𒆷",town,"Babylonia, Iraq",10 C3,"Helsinki Atlas: 8 (map 10 C3; 33° 15' N, 43° 50' E; without giving the modern name of the locality), Bagg RGTC 7 3/1: 186 (Dūr-balāṭi 2), Parpola Toponyms: 109, Musil (1927): <i>The Middle Euphrates: A Topographical Itinerary</i>: 202, <a href='https://courses.washington.edu/otap/svoboda/public/musil/musil_na_map/musil_na_map.html' target='_blank'>Musil (1926): map of Northern Arabia: Al-Uḥejmer (f19)</a>, <a href='https://pleiades.stoa.org/places/894028/tall-al-uhemir' target='_blank'>Pleiades: Tall al-Uḥēmir</a>, <a href='http://oracc.museum.upenn.edu/riao/cbd/qpn-x-places/onebigfile.html' target='_blank'>RIAo Glossary: Places (Dur-Balaṭi)</a>"
294,Dūr-Balīḫāia,"Dūr-Balīḫāia, Dūr-Balīḫāja, Dūr-Baliḫāya, Dūr-Bilīḫi, Dūr-Bilīḫāja, Dur-Bilihai, Dur-Balihayu, Dur-Balihaya, Dūr-ša-Balīḫāja, Dur-ša-Balihaya, Dūr-Illatāja",4,32.33101,45.60197,"BÀD-šá-<sup>md</sup>KASKAL.KUR-a-a, 𒂦𒃻𒁹𒀭𒆜𒆳𒀀𒀀, URU.BÀD-bi-li-ḫa-a-a, 𒌷𒂦𒁉𒇷𒄩𒀀𒀀, URU.BÀD-KASKAL.KUR-a-a, 𒌷𒂦𒆜𒆳𒀀𒀀, URU.BÀD-<sup>d</sup>KASKAL.KUR-a-a, 𒌷𒂦𒀭𒆜𒆳𒀀𒀀, URU.BÀD-šá-<sup>md</sup>KASKAL.KUR-a-a, 𒌷𒂦𒃻𒁹𒀭𒆜𒆳𒀀𒀀",city,"Bīt-Saʾalli, Southern Babylonia, Iraq",11 A4,"Bagg RGTC 7 3/1: 187, Helsinki Atlas: 8 (map 11 A4; approximate location), Parpola Toponyms: 109 (Dūr-Bilīḫi), Parpola Toponyms:  110 (Dūr-Illatāja), <a href='https://www.ucl.ac.uk/sargon/peoplegodsplaces' target='_blank'>Assyrian empire builders: Dur-Balihaya</a>"
296,Dūr-Bēl-ilāʾī,"Dūr-Bēl-ilāʾī, Dur-Bel-ilaʾi, Dūr-Bēl-ilāja, Inǧāna (near), Injānah, Injana, انجانة",–,34.47541,44.62882,"URU.BÀD-EN-DINGIR-a-a, 𒌷𒂦𒂗𒀭𒀀𒀀, URU.BÀD-<sup>m</sup>EN-DINGIR-a-a, 𒌷𒂦𒁹𒂗𒀭𒀀𒀀",town,"Laḫīru (?), Iraq",–,"Bagg RGTC 7 2/1: 150, Parpola Toponyms: 109, <a href='https://www.geonames.org/95452/injanah.html' target='_blank'>Geonames: Injānah</a>, <a href='https://www.ucl.ac.uk/sargon/peoplegodsplaces' target='_blank'>Assyrian empire builders: Dur-Bel-ilaʾi</a>, <a href='http://oracc.museum.upenn.edu/atae/cbd/qpn-x-places/onebigfile.html' target='_blank'>ATAE Glossary: Places (Dur-Bel-ilaʾi)</a>, <a href='http://oracc.museum.upenn.edu/saao/cbd/qpn-x-places/onebigfile.html' target='_blank'>SAAo Glossary: Places (Dur-Bel-ilaʾi)</a>"
295,Dūr-Bēl-Ḫarrān-bēlī-uṣur,"Dūr-Bēl-Ḫarrān-bēlī-uṣur, Dūr-Bēl-Ḫarrān-bēlu-uṣur, Dūr-Bēl-Harrān-bēlu-uṣur, Dur-Bel-Harran-belu-uṣur, Dur-Bel-Harran-beli-usur, Tall ʿAbṭa, Tell ʿAbṭa, Tell Abtah, تل عبطة, Tall al Abţakh, Tall al Abţaḩ, تل الابطخ",1,36.214524,42.162221,"URU.BÀD-<sup>m</sup>EN-KASKAL-UMUN-PAP, URU.BÀD-<sup>m</sup>EN-KASKAL-U-PAP, 𒌷𒂦𒁹𒂗𒆜𒌋𒉽",town,"Province of nāgir ekalli (?), Iraq",4 B6,"Bagg RGTC 7 2/1: 150, Helsinki Atlas: 8 (map 4 B6), Parpola Toponyms: 109 (Dūr-Bēl-Ḫarrān-bēlu-uṣur), <a href='https://zenodo.org/record/6384045' target='_blank'>Pedersén ANE: (Tell Abtah)</a>, <a href='https://pleiades.stoa.org/places/111343632' target='_blank'>Pleiades: Dur-Bel-Harran-belu-uṣur</a>, <a href='https://www.geonames.org/6786759/tall-al-abtakh.html' target='_blank'>Geonames: Tall al Abţakh</a>, <a href='http://oracc.museum.upenn.edu/riao/cbd/qpn-x-places/onebigfile.html' target='_blank'>RIAo Glossary: Places (Dur-Bel-Harran-beli-usur)</a>"
297,Dūr-Iakīn,"Dūr-Iakīn, Dur-Iakin, Dūr-Jakīn, Dur-Jakin, Dur-Yakin, Tall Abū Ṣālabīkh, Tall Abū Salābīḫ, Tell Abu Salabikh, تل أبو صلابيخ, Tall Abū Şabīḩ, Tall Abu Sabih, تل ابو صبيح, Aginis (?), Ampē (?), Durine (?), Duragine (?), Tell el-Lahm (?), Tell al-Lahm (?), تل اللحم",4,30.7546,47.1341,"URU.BÀD-ia-ki-ni, 𒌷𒂦𒅀𒆠𒉌, URU.BÀD-ia-kin₇, URU.BÀD-ia-GIN, 𒌷𒂦𒅀𒁺, URU.BÀD-ša-<sup>m</sup>ia-kin₇, URU.BÀD-ša-<sup>m</sup>ia-GIN, 𒌷𒂦𒊭𒁹𒅀𒁺, URU.BÀD-<sup>m</sup>ia-ki-na, 𒌷𒂦𒁹𒅀𒆠𒈾, URU.BÀD-<sup>m</sup>ia-ki-ni, 𒌷𒂦𒁹𒅀𒆠𒉌, URU.BÀD-<sup>m</sup>ia-ki-in-ni, 𒌷𒂦𒁹𒅀𒆠𒅔𒉌, BÀD-šá-É-<sup>m</sup>ia-ki-ni, 𒂦𒃻𒂍𒁹𒅀𒆠𒉌, BÀD-šá-<sup>m</sup>ia-ki-na, 𒂦𒃻𒁹𒅀𒆠𒈾, BÀD-šá-<sup>m</sup>ia-ki-nu, 𒂦𒃻𒁹𒅀𒆠𒉡, URU.BÀD-ia-ki-na-a-a, 𒌷𒂦𒅀𒆠𒈾𒀀𒀀","capital, city","Babylonia, Bīt-Iakīn, Iraq",16 C2,"Bagg RGTC 7 3/1: 189–190 (Dūr-Jākīn), Helsinki Atlas: 8 (map 16 C2), Parpola Toponyms: 110–111 (Dūr-Jākīn), Roux (1960): <i><a href='https://hdl.handle.net/10079/digcoll/2846327' target='_blank'>Recently discovered ancient sites in the Hammar Lake district (Southern Iraq)</a></i>. Sumer 16: 24–27 and 31 (map), <a href='https://zenodo.org/record/5217600' target='_blank'>CIGS: Tall Abū Ṣālabīkh</a>, <a href='https://www.geonames.org/6763772/tall-abu-sabih.html' target='_blank'>Geonames: Tall Abū Şabīḩ</a>, <a href='https://zenodo.org/record/6384045' target='_blank'>Pedersén ANE: Dur-Jakin (Tell Abu Salabikh)</a>, <a href='https://pleiades.stoa.org/places/912953' target='_blank'>Pleiades: Tell al-Lahm</a>, <a href='https://www.ucl.ac.uk/sargon/peoplegodsplaces' target='_blank'>Assyrian empire builders: Dur-Yakin</a>, <a href='http://oracc.museum.upenn.edu/saao/cbd/qpn-x-places/onebigfile.html' target='_blank'>SAAo Glossary: Places (Dur-Yakin [1])</a>, <a href='http://oracc.museum.upenn.edu/rinap/cbd/qpn-x-places/onebigfile.html' target='_blank'>RINAP Glossary: Places (Dur-Yakin [1])</a>, <a href='http://oracc.museum.upenn.edu/riao/cbd/qpn-x-places/onebigfile.html' target='_blank'>RIAo Glossary: Places (Dur-Yakin [1])</a>, <a href='http://oracc.museum.upenn.edu/atae/cbd/qpn-x-places/onebigfile.html' target='_blank'>ATAE Glossary: Places (Dur-Yakin [1])</a>, <a href='http://oracc.museum.upenn.edu/saao/cbd/qpn-x-ethnic/onebigfile.html' target='_blank'>SAAo Glossary: Ethnic Names (Dur-Yakinaya [Dur-Yakinite])</a>, <a href='http://oracc.museum.upenn.edu/atae/cbd/qpn-x-ethnic/onebigfile.html' target='_blank'>ATAE Glossary: Ethnic Names (Dur-Yakinaya [of Dur-Yakin])</a>, <a href='http://oracc.museum.upenn.edu/saao/cbd/qpn-x-ethnic/onebigfile.html' target='_blank'>SAAo Glossary: Ethnic Names (Dur-Yakinaya [of Dur-Yakin])</a>, <a href='http://oracc.museum.upenn.edu/saao/cbd/qpn-x-places/onebigfile.html' target='_blank'>SAAo Glossary: Places (Duru-ša-Yakin [1])</a>"
298,Dūr-Illil,"Dūr-Illil, Dūr-Enlil",–,–,–,–,fortress,"Assyria, border with Mannāja",–,–
299,Dūr-Katlimmu,"Dūr-Katlimmu, Dūr-katlimmu, Dur-Katlimmu, Dūr-Katlimu, Dūr-duklimmu, Dūr-aduklimmu, Dūr-adūklimmu, Dūr-Igitlim, Magdala, Tell Šēḫ Ḥamad, Tall Šēḫ Ḥamad, Tell Sheikh Hamad, Tall al-Šaiykh Hamad, Tall Shekh Hamad, Tall Sheikh Hamad, Tall Schech Hamad, Tall Šaiḫ Ḥamad, تل شيخ حمد, تل الشيخ حمد",1,35.64564240802861,40.74325453402346,"URU.BÀD-kat-lim-mu, 𒌷𒂦𒃰𒅆𒈬, URU.BÀD-kat-li-me, 𒌷𒂦𒃰𒇷𒈨, URU.BÀD-a-du-ku-1-lim, 𒌷𒂦𒀀𒁺𒆪𒁹𒅆, URU.BÀD-a-duk-1-lim, 𒌷𒂦𒀀𒂁𒁹𒅆, URU.BÀD-duk-1-lim, 𒌷𒂦𒂁𒁹𒅆, URU.BÀD-a-duk-<sup>d</sup>LIM, 𒌷𒂦𒀀𒂁𒀭𒅆, URU.BÀD-kat-li-mu, 𒌷𒂦𒃰𒇷𒈬","capital, city","Lāqê, Syria",9 C1,"Bagg RGTC 7 1: 152–153, Helsinki Atlas: 8 (map 9 C1), <a href='https://refubium.fu-berlin.de/handle/fub188/39861' target='_blank'>Berichte der Ausgrabung Tall Šēḫ Ḥamad / Dūr-Katlimmu (BATSH)</a>, <a href='https://zenodo.org/record/6384045' target='_blank'>Pedersén ANE: Dur-Katlimmu / Magdala (Tell Sheikh Hamad)</a>, <a href='https://zenodo.org/record/5217600' target='_blank'>CIGS: Dur-Katlimmu</a>, <a href='https://pleiades.stoa.org/places/893991' target='_blank'>Pleiades: [Dur-Katlimmu]/Magdalu</a>, <a href='https://books.openedition.org/cdf/4487' target='_blank'>MTT I/3: Tall Sheikh Hamad (HIGEOMES Nr. 112)</a>, <a href='http://oracc.museum.upenn.edu/atae/cbd/qpn-x-places/onebigfile.html' target='_blank'>ATAE Glossary: Places (Dur-Katlimmu)</a>, <a href='http://oracc.museum.upenn.edu/saao/cbd/qpn-x-places/onebigfile.html' target='_blank'>SAAo Glossary: Places (Dur-Katlimmu)</a>, <a href='http://oracc.museum.upenn.edu/riao/cbd/qpn-x-places/onebigfile.html' target='_blank'>RIAo Glossary: Places (Dur-Katlimmu)</a>, <a href='http://oracc.museum.upenn.edu/riao/cbd/qpn-x-places/onebigfile.html' target='_blank'>RIAo Glossary: Places (Dur-katlimmu)</a>"
300,Dūr-Kurigalzu,"Dūr-Kurigalzu, Dur-Kurigalzu, Dūr-Kurigalzi, Dur-Kurigalzi, Dur-kurigalzu, Dūr-Galzu, Dur-Galzu, Dur-galzu, Tall ‘Aqarqūf, تل عقرقوف, Tall ‘Akarkūf, تل عكركوف, ʿAgar Qūf, ʿAqarqūf, Aqar Quf",1,33.3537003826707,44.2022487605706,"BÀD-ku-ri-gal-zi, 𒂦𒆪𒊑𒃲𒍣, BÀD-<sup>m</sup>ku-ri-gal-zi, 𒂦𒁹𒆪𒊑𒃲𒍣, URU.BÀD-gal-zi, 𒌷𒂦𒃲𒍣, URU.BÀD-ku-ri-gal-zi, 𒌷𒂦𒆪𒊑𒃲𒍣, URU.BÀD-ku-ri-gal-zu, 𒌷𒂦𒆪𒊑𒃲𒍪, URU.BÀD-<sup>m</sup>ku-ri-gal-zu, 𒌷𒂦𒁹𒆪𒊑𒃲𒍪, URU.ku-ri-gal-zi, 𒌷𒆪𒊑𒃲𒍣, URU.PAD-kìr-ri-gal-zi, 𒌷𒉻𒊑𒃲𒍣, URU.PAD-ku-ri-gal-zi, 𒌷𒉻𒆪𒊑𒃲𒍣",city,"Babylonia, Iraq",10 D3,"Bagg RGTC 7 3/1: 190–191, Helsinki Atlas: 8 (map 10 D3), Parpola Toponyms: 111 (Dūr-Kurigalzi), <a href='https://zenodo.org/record/6384045' target='_blank'>Pedersén ANE: Dur-Kurigalzu (Aqar Quf)</a>, <a href='https://pleiades.stoa.org/places/893988' target='_blank'>Pleiades: Dur-(Kuri)galzu</a>, <a href='https://www.geonames.org/6647830/tall-akarkuf.html' target='_blank'>Geonames: Tall ‘Akarkūf</a>, <a href='http://oracc.museum.upenn.edu/saao/knpp/peoplegodsplaces/index.html' target='_blank'>Knowledge and Power: Dur-Kurigalzu</a>, <a href='https://www.ucl.ac.uk/sargon/peoplegodsplaces' target='_blank'>Assyrian empire builders: Dur-Kurigalzu</a>, <a href='http://oracc.museum.upenn.edu/atae/cbd/qpn-x-places/onebigfile.html' target='_blank'>ATAE Glossary: Places (Dur-Kurigalzu)</a>, <a href='http://oracc.museum.upenn.edu/saao/cbd/qpn-x-places/onebigfile.html' target='_blank'>SAAo Glossary: Places (Dur-Kurigalzu)</a>, <a href='http://oracc.museum.upenn.edu/riao/cbd/qpn-x-places/onebigfile.html' target='_blank'>RIAo Glossary: Places (Dur-Kurigalzu)</a>, <a href='http://oracc.museum.upenn.edu/rinap/cbd/qpn-x-places/onebigfile.html' target='_blank'>RINAP Glossary: Places (Dur-Kurigalzu)</a>"
301,Dūr-Ladīni,"Dūr-Ladīni, Dur-Ladini, Dur-Ladinni, Dūr-Ladīnu, Dur-Ladinu, Dūru-ša-Ladīni, Duru-ša-Ladini, Tulūl al-Ḥālidīja, Tulūl al-Khāldiyah, Tulul Khalidiya, تلول الخالدية, Tall-Ḫālid, Tell Ḫālid, Tell Khaled",3,32.25034217755633,44.70133474996523,"BÀD-<sup>m</sup>la-di-nu, 𒂦𒁹𒆷𒁲𒉡, BÀD-šá-la-di-ni, 𒂦𒃻𒆷𒁲𒉌, URU.BÀD-la-din, 𒌷𒂦𒆷𒁷, URU.BÀD-la-di-ni, 𒌷𒂦𒆷𒁲𒉌, URU.BÀD-<sup>m</sup>la-di-ni, 𒌷𒂦𒁹𒆷𒁲𒉌, URU.BÀD-<sup>m</sup>la-din-na, 𒌷𒂦𒁹𒆷𒁷𒈾, URU.BÀD-<sup>m</sup>la-din-ni, 𒌷𒂦𒁹𒆷𒁷𒉌","city, fortified city","Babylonia, Bīt-Dakkūri, Iraq",10 D4,"Bagg RGTC 7 3/1: 192, Helsinki Atlas: 8 (map 10 D4), Parpola Toponyms: 111, <a href='https://zenodo.org/record/6384045' target='_blank'>Pedersén ANE: (Tulul Khalidiya)</a>, <a href='https://zenodo.org/record/5217600' target='_blank'>CIGS: Tulūl al-Khāldiyah</a>, <a href='https://pleiades.stoa.org/places/68449419' target='_blank'>Pleiades: Tulūl al-Khāldiyah</a>, <a href='https://www.google.com/maps/d/u/0/viewer?mid=1XWivnuuHzEfy0BJ6nMOdRbkLojLzahA&ll target='_blank'>Maija Holappa's map</a>, <a href='https://www.ucl.ac.uk/sargon/peoplegodsplaces' target='_blank'>Assyrian empire builders: Dur-Ladini</a>, <a href='http://oracc.museum.upenn.edu/saao/cbd/qpn-x-places/onebigfile.html' target='_blank'>SAAo Glossary: Places (Dur-Ladini)</a>, <a href='http://oracc.museum.upenn.edu/atae/cbd/qpn-x-places/onebigfile.html' target='_blank'>ATAE Glossary: Places (Dur-Ladini)</a>, <a href='http://oracc.museum.upenn.edu/riao/cbd/qpn-x-places/onebigfile.html' target='_blank'>RIAo Glossary: Places (Dur-Ladini)</a>, <a href='http://oracc.museum.upenn.edu/rinap/cbd/qpn-x-places/onebigfile.html' target='_blank'>RINAP Glossary: Places (Dur-Ladini)</a>, <a href='http://oracc.museum.upenn.edu/atae/cbd/qpn-x-places/onebigfile.html' target='_blank'>ATAE Glossary: Places (Dur-Ladinni)</a>, <a href='http://oracc.museum.upenn.edu/saao/cbd/qpn-x-places/onebigfile.html' target='_blank'>SAAo Glossary: Places (Dur-Ladinni)</a>"
1150,Dūr-Lullumê,"Dūr-Lullumê, Dur-Lullumê, Dūr-Lullumu, Dur-Lullumu, Dūra, Dura, Dūru, Duru, Kelespi, Kalī Sibī, كلي سبي, Kēlasp, Kela Spe, Kēlaspī, Kêle Spî",–,35.5595,45.29556,"URU.BÀD-a-a, 𒌷𒂦𒀀𒀀, URU.BÀD-lu-lu-ma-a-a, 𒌷𒂦𒇻𒇻𒈠𒀀𒀀, URU.BÀD-lu-lu-ma-a-ia, 𒌷𒂦𒇻𒇻𒈠𒀀𒅀, URU.du-ra-a-a, 𒌷𒁺𒊏𒀀𒀀",town,"Māzamua, Iraq",–,"Bagg RGTC 7 3/1: 193, Parpola Toponyms: 112, <a href='https://www.geonames.org/94708/kali-sibi.html' target='_blank'>Geonames: Kalī Sibī</a>, <a href='http://oracc.museum.upenn.edu/riao/cbd/qpn-x-ethnic/onebigfile.html' target='_blank'>RIAo Glossary: Ethnic (Dur-Lullumayu)</a>, <a href='http://oracc.museum.upenn.edu/riao/cbd/qpn-x-ethnic/onebigfile.html' target='_blank'>RIAo Glossary: Ethnic (Duru)</a>"
1100,Dūr-Marduk,"Dūr-Marduk, Dur-Marduk",–,–,–,"URU.BÀD-<sup>d</sup>AMAR.UTU, 𒌷𒂦𒀭𒀫𒌓",town,"Assyria, Raṣappa province (?), Iraq (?), Syria (?), East Ğazīra",–,Bagg RGTC 7 2/1: 154
1102,Dūr-Nabû,"Dūr-Nabû, Dūr-Nabium",–,–,–,"URU.BÀD-<sup>d</sup>PA, 𒌷𒂦𒀭𒉺",town,"Balīḫ basin, Ḫarrānu province (?), Province of turtānu (?), Syria (?), Turkey (?)",–,Bagg RGTC 7 2/1: 154 (Dūr-Nabû (1))
302,Dūr-Nanāia,"Dūr-Nanāia, Dūr-Nanâ, Dūr-Nanāja, Beonan, Bethonan",–,–,–,–,town,"Central Assyria, East Ğazīra",–,RGTC 7 2/1: 154–155
303,Dūr-Papsukkal,"Dūr-Papsukkal, Mandalī",4,33.74939,45.5538,–,city,–,11 A3,Helsinki Atlas: 8 (map 11 A3)
304,Dūr-Samsuiluna,"Dūr-Samsuiluna, Dur-Samsuiluna, Dūr-Samsu-iluna, Dūr Samsuiluna, Khafaja B, Ḫafāǧa, Hafaǧi, خفاجي, Tall Ḫafāǧa",–,33.35095934548329,44.54956019830001,–,city,"Babylonia, Iraq",–,"<a href='https://zenodo.org/record/6384045' target='_blank'>Pedersén ANE: Dur-Samsuiluna (Khafaja B)</a>, <a href='https://pleiades.stoa.org/places/490043590' target='_blank'>Pleiades: Ḫafāǧa</a>"
305,Dūr-Sîn-aḫḫē-erība,"Dūr-Sîn-aḫḫē-erība, Dūr-Sîn-aḫḫē-erība-eššu, Dur-Sin-ahhe-eriba, Aliḫu, Alihu",–,–,–,"URU.BÀD-<sup>m</sup>30-PAB.MEŠ-SU, 𒌷𒂦𒁹𒌍𒉽𒈨𒌍𒋢, URU.BÀD-<sup>m</sup>30-PAB.MEŠ-SU GIBIL, 𒌷𒂦𒁹𒌍𒉽𒈨𒌍𒋢𒉋, URU.BÀD-<sup>md</sup>30-PAB.MEŠ-SU, 𒌷𒂦𒁹𒀭𒌍𒉽𒈨𒌍𒋢, URU.BÀD-<sup>m</sup>30-ŠEŠ.MEŠ-SU, 𒌷𒂦𒁹𒌍𒋀𒈨𒌍𒋢, BÀD-<sup>md</sup>30-ŠEŠ.MEŠ-SU, 𒂦𒁹𒀭𒌍𒋀𒈨𒌍𒋢, URU.a-li-ḫu, 𒌷𒀀𒇷𒄷, URU.a-li-ḫi, 𒌷𒀀𒇷𒄭","prov. capital, city",Assyria,–,"Bagg RGTC 7 3/1: 17 (Aliḫu), Bagg RGTC 7 3/1: 194–195 (Dūr-Sîn-aḫḫē-erība (eššu)), Parpola Toponyms: 12 (Aliḫu), Parpola Toponyms: 112 (Dūr-Sîn-aḫḫē-erība), Radner (2006): RlA 11: 64, <a href='http://oracc.museum.upenn.edu/atae/cbd/qpn-x-places/onebigfile.html' target='_blank'>ATAE Glossary: Places (Alihu)</a>, <a href='http://oracc.museum.upenn.edu/saao/cbd/qpn-x-places/onebigfile.html' target='_blank'>SAAo Glossary: Places (Alihu)</a>, <a href='http://oracc.museum.upenn.edu/atae/cbd/qpn-x-places/onebigfile.html' target='_blank'>ATAE Glossary: Places (Dur-Sin-ahhe-eriba)</a>, <a href='http://oracc.museum.upenn.edu/saao/cbd/qpn-x-places/onebigfile.html' target='_blank'>SAAo Glossary: Places (Dur-Sin-ahhe-eriba)</a>"
1098,Dūr-Sāmedi,"Dūr-Sāmedi, Dūr-Samedi, Dur-Samedi",–,–,–,"URU.BÀD-sa-me-di, 𒌷𒂦𒊓𒈨𒁲",town,"Assyria, Kilīzi province (?), Iraq",–,Bagg RGTC 7 2/1: 156
1151,Dūr-Tukultī-apil-Ešarra,"Dūr-Tukultī-apil-Ešarra, Dur-Tukulti-apil-Ešarra, Dūr-Tiglath-pileser, Dur-Tiglath-pileser, Fort Tiglath-pileser",–,–,–,"URU.BÀD-<sup>m</sup>tukul-ti-A-é-šár-ra, 𒌷𒂦𒁹𒆪𒋾𒀀𒂍𒊹𒊏",town,"Māzamua, Iraq",–,"Bagg RGTC 7 3/1: 196, Parpola Toponyms: 115, <a href='http://oracc.museum.upenn.edu/riao/cbd/qpn-x-places/onebigfile.html' target='_blank'>RIAo Glossary: Places (Dur-Tukulti-apil-Ešarra [DUR-TIGALTH-PILESER])</a>, <a href='http://oracc.museum.upenn.edu/rinap/cbd/qpn-x-places/onebigfile.html' target='_blank'>RINAP Glossary: Places (Dur-Tukulti-apil-Ešarra [DUR-TIGALTH-PILESER])</a>, <a href='http://oracc.museum.upenn.edu/atae/cbd/qpn-x-places/onebigfile.html' target='_blank'>ATAE Glossary: Places (Dur-Tukulti-apil-Ešarra)</a>, <a href='http://oracc.museum.upenn.edu/saao/cbd/qpn-x-places/onebigfile.html' target='_blank'>SAAo Glossary: Places (Dur-Tukulti-apil-Ešarra)</a>"
310,Dūr-Undāsi,"Dūr-Undāsi, Dur-Untaš, Dūr-Untaš, Chogha Zanbil, Côġa Zanbīl",1,32.00811112234913,48.52227156973976,–,city,–,17 A2,"Helsinki Atlas: 8 (map 17 A2), <a href='https://zenodo.org/record/6384045' target='_blank'>Pedersén ANE: Dur-Untaš (Chogha Zanbil)</a>"
292,Dūr-atānāte,"Dūr-atānāte, Dūr-Atānāte, Dur-Atanati, Dur-Atanate, Tawakkal, Tewekuł, Tawakhal, Tawakkul, تەوەكوڵ, Tepe Kurran (?), Teppe Kura (?), Tabah Kird as Suflá (?), تبه كرد السفلى, Tabbah Kurd (?), Tapakurr (?), Tappah Qur‘āt (?), Tappeh Kurāh (?), تەپەكرد, Tall Qara Khogh (?), Qalā Jūghah al ‘Ulyā (?), Qalā Chāghah (?), Qara Chuga (?), Kāra Chuga (?), Qarah Chūgah (?), Qarah Jūkah (?), قلا چاغه",4,35.7159877850154,44.8742754875594,"URU.BÀD-a-ta-na-te, 𒌷𒂦𒀀𒋫𒈾𒋼, URU.BÀD-MÍ.ANŠE.MEŠ, 𒌷𒂦𒊩𒀲𒈨𒌍, URU.BÀD-MÍ.ANŠE.KUR.MEŠ, 𒌷𒂦𒊩𒀲𒆳𒈨𒌍, URU.BÀD-MÍ.ANŠE.KUR.RA.MEŠ, 𒌷𒂦𒊩𒀲𒆳𒊏𒈨𒌍, URU.BÀD-MÍ.ANŠE.MEŠ-te, 𒌷𒂦𒊩𒀲𒈨𒌍𒋼",town,"Arzūḫina (province), Iraq",10 D1,"Bagg RGTC 7 2/1: 149, Helsinki Atlas: 8 (map 10 D1), Parpola Toponyms: 109, Speiser (1926–1927): <i>Southern Kurdistan in the Annals of Ashurnasirpal and Today</i>. AASOR 8: 17 and map, <a href='https://www.geonames.org/90238/tewekul.html' target='_blank'>Geonames: Tewekuł</a>, <a href='https://www.geonames.org/90289/tabah-kird-as-sufla.html' target='_blank'>Geonames: Tabah Kird as Suflá (Tappeh Kurāh)</a>, <a href='https://www.geonames.org/92439/qala-jughah-al-ulya.html' target='_blank'>Geonames: Qalā Jūghah al ‘Ulyā</a>, <a href='https://www.ucl.ac.uk/sargon/peoplegodsplaces' target='_blank'>Assyrian empire builders: Dur-Atanati</a>, <a href='http://oracc.museum.upenn.edu/atae/cbd/qpn-x-places/onebigfile.html' target='_blank'>ATAE Glossary: Places (Dur-Atanate)</a>, <a href='http://oracc.museum.upenn.edu/saao/cbd/qpn-x-places/onebigfile.html' target='_blank'>SAAo Glossary: Places (Dur-Atanate)</a>"
1101,Dūr-kuššia,"Dūr-kuššia, Dur-kuššia, Dūr-Kuššia, Dur-Kuššia",–,–,–,"URU.BÀD-kuš-ši-a, 𒌷𒂦𒋢𒅆𒀀",town,"Raṣappa province (?), Iraq",–,Bagg RGTC 7 2/1: 153
1099,Dūr-pariki,"Dūr-pariki, Dūr-pariqi, Dur-pariki, Dur-pariqi",–,–,–,"URU.BÀD-pa-ri-ki, URU.BÀD-pa-ri-qí, 𒌷𒂦𒉺𒊑𒆠",town,"Central Assyria (?), Iraq (?)",–,Bagg RGTC 7 2/1: 156
309,Dūr-tālitte,"Dūr-tālitte, Dur-talitte, Dūr-Talīti, Dur-Taliti, Dūr-tāliti, Ğamğamāl, Ğamğamal, Jamjamāl, Chamchamāl, Chamchamal, Chemchemāl, Chemchemal, جمجمال",3,35.5366284747094,44.8350760048829,"URU.BÀD-ta-li-te, 𒌷𒂦𒋫𒇷𒋼, URU.BÀD-ta-li-ti, 𒌷𒂦𒋫𒇷𒋾, URU.BÀD-ta-li-tú, 𒌷𒂦𒋫𒇷𒌓, URU.BÀD-ta-lit, 𒌷𒂦𒋫𒀖",town,"Assyria, Arzūḫina province, Iraq",10 D1,"Bagg RGTC 7 2/1: 162–163, Bagg RGTC 7 2/2: 420, Helsinki Atlas: 8 (Dūr-Taliti; map 10 D1), Parpola Toponyms: 114–115 (Dūr-Talīti), Speiser (1926–1927): <i>Southern Kurdistan in the Annals of Ashurnasirpal and Today</i>. AASOR 8: 17 and map, <a href='https://zenodo.org/record/6384045' target='_blank'>Pedersén ANE: Chemchemal</a>, <a href='https://zenodo.org/record/5217600' target='_blank'>CIGS: Jamjamāl</a>, <a href='https://pleiades.stoa.org/places/955698086' target='_blank'>Pleiades: Jamjamāl</a>, <a href='https://www.geonames.org/97417/jamjamal.html' target='_blank'>Geonames: Jamjamāl</a>, <a href='https://www.ucl.ac.uk/sargon/peoplegodsplaces' target='_blank'>Assyrian empire builders: Dur-talitti</a>, <a href='http://oracc.museum.upenn.edu/atae/cbd/qpn-x-places/onebigfile.html' target='_blank'>ATAE Glossary: Places (Dur-Taliti)</a>, <a href='http://oracc.museum.upenn.edu/saao/cbd/qpn-x-places/onebigfile.html' target='_blank'>SAAo Glossary: Places (Dur-Taliti)</a>"
306,Dūr-Šamšī-Adad,"Dūr-Šamšī-Adad, Dur-Šamši-Adad, Dūr-Samsī-Addu, Dur-Samsi-Addu, Dūr-Sumu-epuḫ (?), Dūr-Sumu-epuh (?), Dur-Sumu-Epuh (?), Qalʿat Ḥalwānjī (?), Qalʿat Halwanji (?), Qal'at Halwanji (?), Qalaat Halwanji (?), قلعة حلوانجي, Ḥalwānjī (?), Halwanji (?), حلوانجي",4,36.6440661956529,37.90457984690173,"BÀD-ri, 𒂦𒊑, BÀD.<sup>d</sup>UTU-ši-<sup>d</sup>IŠKUR.KI, 𒂦𒀭𒌓𒅆𒀭𒅎𒆠, BÀD.KI-su-mé-e-pu-uḫ.KI (?), 𒂦𒆠𒋢𒈪𒂊𒁍𒄴𒆠 (?), BÀD-su-mu-e-pu-uḫ.KI (?), 𒂦𒋢𒈬𒂊𒁍𒄴𒆠 (?), BÀD.KI-su-mu-e-pu-uḫ (?), 𒂦𒆠𒋢𒈬𒂊𒁍𒄴 (?), BÀD.KI-su-mu-e-pu-uḫ.KI (?), 𒂦𒆠𒋢𒈬𒂊𒁍𒄴𒆠 (?)",fortress,"Iamḫad (?), Assyria (?), Syria",–,"<a href='https://books.openedition.org/cdf/4393' target='_blank'>MTT I/1: Dur-Samsi-Addu (HIGEOMES Nr. –)</a>, <a href='https://books.openedition.org/cdf/4393' target='_blank'>MTT I/1: Dur-Sumu-Epuh (HIGEOMES Nr. –)</a>, <a href='https://zenodo.org/record/6384045' target='_blank'>Pedersén ANE: Dur-Šamši-Adad? (Qal'at Halwanji)</a>, <a href='https://www.geonames.org/170019/halwanji.html' target='_blank'>Geonames: Ḩalwānjī</a>"
308,Dūr-Šarrukku,"Dūr-Šarrukku, Dur-Šarrukku, Dūr-Šarruku, Dur-Šarruku",3,33.25,44.58333,–,"prov. capital, city",–,10 D3,Helsinki Atlas: 8 (map 10 D3)
1227,Dūr-Šarrukkāja,"Dūr-Šarrukkāja, Dūr-Šarrukkāju, Dur-Šarrukkayu",–,–,–,"URU.BÀD-MAN-GIN-a-a, 𒌷𒂦𒌋𒌋𒁺𒀀𒀀","village, town","Assyria, Laḫīru, Iraq",–,"Bagg RGTC 7 2/1: 160, <a href='http://oracc.museum.upenn.edu/saao/cbd/qpn-x-places/onebigfile.html' target='_blank'>SAAo Glossary: Places (Dur-Šarrukkaya [1] (SN))</a>, <a href='http://oracc.museum.upenn.edu/atae/cbd/qpn-x-places/onebigfile.html' target='_blank'>ATAE Glossary: Places (Dur-Šarrukkaya [1] (SN))</a>, <a href='http://oracc.museum.upenn.edu/saao/cbd/qpn-x-places/onebigfile.html' target='_blank'>SAAo Glossary: Places (Dur-Šarrukkayu [1] (GN))</a>"
307,Dūr-Šarrukīn,"Dūr-Šarrukīn, Dur-Šarrukin, Dur-Šarruken, Dūr-Šarrukēn, Dur-Sharrukin, Khorsabad, Ḫorsābād, Khūrsabāṭ, Khursabad, خورسباط, دور شروكين",1,36.50365,43.23367,"BÀD-LUGAL-GI.NA, 𒂦𒈗𒄀𒈾, BÀD-LUGAL-GI.NA.KI, 𒂦𒈗𒄀𒈾𒆠, BÀD-MAN-GIN, 𒂦𒌋𒌋𒁺, KUR.BÀD-MAN-GIN, 𒆳𒂦𒌋𒌋𒁺, URU.BÀD-LUGAL-GI, 𒌷𒂦𒈗𒄀, URU.BÀD-LUGAL-i-ku, 𒌷𒂦𒈗𒄿𒆪, URU.BÀD-LUGAL-ú-kin, 𒌷𒂦𒈗𒌑𒆥, URU.BÀD-MAN-GI.NA, 𒌷𒂦𒌋𒌋𒄀𒈾, URU.BÀD-MAN-GIN, 𒌷𒂦𒌋𒌋𒁺, URU.BÀD-mLUGAL-GI.NA, 𒌷𒂦𒁹𒈗𒄀𒈾, URU.BÀD-mLUGAL-GIN, 𒌷𒂦𒁹𒈗𒁺, URU.BÀD-mMAN-GI.NA, 𒌷𒂦𒁹𒌋𒌋𒄀𒈾, URU.BÀD-mMAN-GIN, 𒌷𒂦𒁹𒌋𒌋𒁺, URU.BÀD-mMAN-GIN.NA, 𒌷𒂦𒁹𒌋𒌋𒁺𒈾","capital, city",Assyria,4 C5,"Helsinki Atlas: 8 (map 4 C5), <a href='https://zenodo.org/record/6384045' target='_blank'>Pedersén ANE: Dur-Šarrukin (Khorsabad)</a>, <a href='https://zenodo.org/record/5217600' target='_blank'>CIGS: Dur-Šarrukin/Khorsabad</a>, <a href='https://pleiades.stoa.org/places/874458' target='_blank'>Pleiades: Dur-Sharrukin</a>, <a href='http://oracc.museum.upenn.edu/saao/knpp/peoplegodsplaces/index.html' target='_blank'>Knowledge and Power: Dur-Šarruken</a>, <a href='https://www.ucl.ac.uk/sargon/peoplegodsplaces' target='_blank'>Assyrian empire builders: Dur-Šarruken</a>, <a href='http://oracc.museum.upenn.edu/atae/cbd/qpn-x-places/onebigfile.html' target='_blank'>ATAE Glossary: Places (Dur-Šarruken)</a>, <a href='http://oracc.museum.upenn.edu/saao/cbd/qpn-x-places/onebigfile.html' target='_blank'>SAAo Glossary: Places (Dur-Šarruken)</a>, <a href='http://oracc.museum.upenn.edu/riao/cbd/qpn-x-places/onebigfile.html' target='_blank'>RIAo Glossary: Places (Dur-Šarrukin)</a>, <a href='http://oracc.museum.upenn.edu/rinap/cbd/qpn-x-places/onebigfile.html' target='_blank'>RINAP Glossary: Places (Dur-Šarrukin)</a>"
311,Dūru,"Dūru, Anaz",1,37.14,39.027,–,town,–,3 C3,Helsinki Atlas: 8 (map 3 C3)
312,Dūʾru,"Dūʾru, Duʾru, Dor, Dôr, דוֹר, Dora, Dōra, Dōros, Tel Dor, Tel Dōr, תל דור, Tall Dūr, تل دور, Khirbet el-Burj, خربة البرج",1,32.61630150880558,34.91627101227988,"URU.du-uʾ-ri, 𒌷𒁺𒀪𒊑, URU.du-uʾ-ru, 𒌷𒁺𒀪𒊒, MÍ.du-ra-a-a-te, 𒊩𒁺𒊏𒀀𒀀𒋼, דוֹר","prov. capital (?), city","Phoenicia, Israel",7 C4,"Helsinki Atlas: 8 (map 7 C4), Bagg RGTC 7 1: 63, Parpola Toponyms: 106, <a href='https://zenodo.org/record/6384045' target='_blank'>Pedersén ANE: Dor / Du'ru (Tel Dor / Khirbet el-Burj)</a>, <a href='https://pleiades.stoa.org/places/678121' target='_blank'>Pleiades: Dor(a)</a>, Anthony Tamberino (2018): <i><a href='https://sketchfab.com/3d-models/tel-dor-biblical-port-israel-223035f60f1a4787b49a0fe479f5692f' target='_blank'>Tel Dor (Biblical Port). Israel. 3D model</a></i>, <a href='http://oracc.museum.upenn.edu/saao/cbd/qpn-x-ethnic/onebigfile.html' target='_blank'>SAAo Glossary: Ethnic (Duʾraya [FROM DOR])</a>, <a href='http://oracc.museum.upenn.edu/saao/cbd/qpn-x-places/onebigfile.html' target='_blank'>SAAo Glossary: Places (Duʾru [DOR])</a>"
315,Eber-nāri,"Eber-nāri, Eber nāri, Eber-nari, Ebir-nāri, Ebir-nari, Aber Nahara",1,–,–,–,region,–,2 C5,Helsinki Atlas: 8 (map 2 C5)
314,Ebeḫ,"Ebeḫ, Ebeh, Ebiḫ, Ebih, Ğabal Ḥamrīn, Jabal Ḩamrīn, Jabal Hamrin, جبل حمرين, Jibāl Ḩamrīn, جبال حمرين, Hamrin Mountains",2,34.74841,44.1901,–,mountain,–,10 C2,"Helsinki Atlas: 8 (map 10 C2), <a href='https://www.geonames.org/96113/silsilat-jibal-hamrin.html' target='_blank'>Geonames: Silsilat Jibāl Ḩamrīn</a>, <a href='https://www.geonames.org/96111/jabal-hamrin.html' target='_blank'>Geonames: Jabal Ḩamrīn</a>, <a href='https://geohack.toolforge.org/geohack.php?pagename=Hamrin_Mountains&params=35.0325_N_43.6463889_E_region:IQ_type:mountain' target='_blank'>GeoHack: Hamrin Mountains</a>"
1216,Ebirnê,"Ebirnê, Ebirne, Ebirni",–,–,–,"URU.e-bir-né-e, 𒌷𒂊𒄵𒉌𒂊",town,"Assyria (?), Babylonia (?), Iraq (?)",–,"Bagg RGTC 7 3/1: 200, Parpola Toponyms: 116 (Ebirni), <a href='http://oracc.museum.upenn.edu/atae/cbd/qpn-x-places/onebigfile.html' target='_blank'>ATAE Glossary: Places (Ebirne [1])</a>, <a href='http://oracc.museum.upenn.edu/saao/cbd/qpn-x-places/onebigfile.html' target='_blank'>SAAo Glossary: Places (Ebirne [1])</a>"
316,Ebla,"Ebla, Tell Mardikh",1,35.79888167626015,36.79830790607152,–,city,Syria,–,<a href='https://zenodo.org/record/6384045' target='_blank'>Pedersén ANE: Ebla (Tell Mardikh)</a>
317,Ebʾala,"Ebʾala, Ibʾala, Ebala, Ibala, Ebla, Ibla, Ebʾal, Rasm Buldagh (?)",3,35.2006985868702,44.1954494578523,"URU.ib-ʾa-la, 𒌷𒅁𒀪𒆷",town,"Assyria, Iraq",10 D1,"Bagg RGTC 7 2/1: 240 (Ibʾala), Helsinki Atlas: 8 (map 10 D1), Parpola Toponyms: 171 (Ibʾala), <a href='https://www.google.com/maps/d/u/0/viewer?mid=1XWivnuuHzEfy0BJ6nMOdRbkLojLzahA&ll target='_blank'>Maija Holappa's map</a>, <a href='https://zenodo.org/record/6384045' target='_blank'>Pedersén ANE: (Rasm Buldagh)</a>, <a href='http://oracc.museum.upenn.edu/atae/cbd/qpn-x-places/onebigfile.html' target='_blank'>ATAE Glossary: Places (Ibala)</a>, <a href='http://oracc.museum.upenn.edu/saao/cbd/qpn-x-places/onebigfile.html' target='_blank'>SAAo Glossary: Places (Ibala)</a>"
318,Edimgalkalama,"Edimgalkalama, House Great Bond of the Land, bīt-Ištarān",–,33.10945,45.94789,"é-dim-gal-kalam-ma, 𒂍𒁴𒃲𒌦𒈠, É.DIM.GAL.KALAM.MA, 𒂍𒁴𒃲𒌦𒈠, É-AN.GAL, 𒂍𒀭𒃲",temple,"Dēru, Dēru province, Iraq",–,"George (1993): <i>House Most High</i>: 76, <a href='https://pleiades.stoa.org/places/667048536' target='_blank'>Pleiades: Edimgalkalama</a>, <a href='http://oracc.museum.upenn.edu/riao/cbd/qpn-x-temple/onebigfile.html' target='_blank'>RIAo Glossary: Temple (Edimgalkalama)</a>, <a href='http://oracc.museum.upenn.edu/rinap/cbd/qpn-x-temple/onebigfile.html' target='_blank'>RINAP Glossary: Temple (Edimgalkalama)</a>"
1144,Edinu,Edinu,–,–,–,"KUR.e-di-nu, 𒆳𒂊𒁲𒉡",mountain,"Māzamua, Iraq (?), Iran (?)",–,"Bagg RGTC 7 3/1: 200, <a href='http://oracc.museum.upenn.edu/riao/cbd/qpn-x-places/onebigfile.html' target='_blank'>RIAo Glossary: Places (Edinu)</a>"
1191,Ediru,"Ediru, Edir, Rūdkhāneh-ye Qezeljeh Sū, رودخانه قزلجه سو, Nahr Qizljah Şū, نهر قزلجة صو, Chemî Qzłce, Čam-e Qizilja, Cham-i Qiz‘ua, Āv-e Sīval (?), Nahr Sīwayl (?), Āv-i-Sīwail (?), نهر سيويل, Cham Siwayl (?), چم سويل, Ṟûbarî Sîweyl (?), ڕووبارى سيوەيل, Āveh-ye Šalīr (?), Āveh-ye Shalīr (?), Āw-ē Shiler (?), آوه شلیر, Wādī Shilayr (?), وادي شلير, Ṟubarî Shlêr (?), Nahr Shalar (?), Nahr Shilayr (?)",–,–,–,"ÍD.e-di-ir, 𒀀𒇉𒂊𒁲𒅕, ÍD.e-di-ru, 𒀀𒇉𒂊𒁲𒊒",river,"Māzamua, Iraq, Iran",–,"Bagg RGTC 7 3/2: 749, Parpola Toponyms: 116 (Edir), Speiser (1926–1927): <i>Southern Kurdistan in the Annals of Ashurnasirpal and Today</i>. AASOR 8: 27 and map, <a href='https://www.geonames.org/3060/rudkhaneh-ye-qezeljeh-su.html' target='_blank'>Geonames: Rūdkhāneh-ye Qezeljeh Sū</a>, <a href='https://www.geonames.org/92203/cham-i-qiz-ua.html' target='_blank'>Geonames: Cham-i Qiz‘ua</a>, <a href='https://www.geonames.org/90654/nahr-siwayl.html' target='_blank'>Geonames: Nahr Sīwayl</a>, <a href='https://www.geonames.org/91137/aveh-ye-shalir.html' target='_blank'>Geonames: Āveh-ye Shalīr</a>, <a href='http://oracc.museum.upenn.edu/riao/cbd/qpn-x-waters/onebigfile.html' target='_blank'>RIAo Glossary: Waters (Edir)</a>"
319,Ediʾil,"Ediʾil, Edīl, Idalion, Idálion, Ιδάλιον, Idalium, Dali",1,35.01608965104055,33.4248168167272,"KUR.e-di-iʾ-li, 𒆳𒂊𒁲𒀪𒇷, URU.e-di-ʾi-il, URU.e-di-iʾ-il, 𒌷𒂊𒁲𒀪𒅋, URU.e-di-il, 𒌷𒂊𒁲𒅋","capital, city, country","Jadnana, Cyprus",7 B1,"Bagg RGTC 7 1: 64–65, Helsinki Atlas: 8 (map 7 B1), Parpola Toponyms: 116, <a href='https://zenodo.org/record/6384045' target='_blank'>Pedersén ANE: Idalion / Edi'il (Dali)</a>, Pamela Gaber (2017): <a href='https://opencontext.org/projects/df8e4efd-e06b-4b0b-a056-08b6fd199536' target='_blank'>Idalion</a>. Open Context. DOI: https://doi.org/10.6078/M7SJ1HQ1, <a href='https://pleiades.stoa.org/places/707519' target='_blank'>Pleiades: Idalion</a>, <a href='https://www.geonames.org/146589/idalion.html' target='_blank'>Geonames: Idálion</a>, <a href='http://oracc.museum.upenn.edu/riao/cbd/qpn-x-places/onebigfile.html' target='_blank'>RIAo Glossary: Places (Ediʾil [IDALION])</a>, <a href='http://oracc.museum.upenn.edu/rinap/cbd/qpn-x-places/onebigfile.html' target='_blank'>RINAP Glossary: Places (Ediʾil [IDALION])</a>"
320,Edurḫenunna,"Edurḫenunna, Edurhenunna, Adad Temple, House Abode of Plenty",–,–,–,"É.DÚR.ḪÉ.NUN.NA, 𒂍𒂉𒃶𒉣𒈾",temple,"Assyria, Aššur, Kurbail, Iraq",–,"George (1993): <i>House Most High</i>: 80–81, <a href='http://oracc.museum.upenn.edu/atae/cbd/qpn-x-temple/onebigfile.html' target='_blank'>ATAE Glossary: Temple (Edurhenunna)</a>, <a href='http://oracc.museum.upenn.edu/saao/cbd/qpn-x-temple/onebigfile.html' target='_blank'>SAAo Glossary: Temple (Edurhenunna)</a>"
1120,Ein Gedi,"Ein Gedi, Ejn Gedi, ʿEn Gedi, 'En Gedi, עֵין גֶּדִי, عين جدي, Tel Goren, תל גרן, Tell el-Jurn, تل الجرون",–,31.46016983895548,35.38898717423667,–,–,Israel,–,<a href='https://zenodo.org/record/6384045' target='_blank'>Pedersén ANE: 'En Gedi (Tel Goren)</a>
323,Ekal māšarti of Kalḫu,"ekal māšarti Kalḫa, Review Palace of Calah, ekal māšarti of Kalḫu, Fort Shalmaneser",1,36.09408,43.34666,–,"palace, armory, arsenal, review palace","Assyria, Kalḫu",4 C5,Helsinki Atlas: 8 (map 4 C5)
324,Ekal māšarti of Nineveh,"Ekal māšarti of Nineveh, Review Palace of Nineveh, Tell Nebi Yunus",–,36.3480377418,43.1609489586,–,"review palace, fortress, palace",Nineveh province,–,–
325,Ekallāti,"Ekallāti, Ekallati, Ekallāte, Ekallate, Ekallātum, Ekallatum, Ekallat, ʾglh, Tulūl Haikal, Tulul Haikal, Tell Haikal, Tall Haikal, Tall Haīǧal, Tall Hēkal, Tall Hayjal, تل هيجل",3,35.5957698513056,43.2711024712413,"URU.e-gal-lat, 𒌷𒂊𒃲𒆳, URU.É.GAL-a-te, 𒌷𒂍𒃲𒀀𒋼, URU.É.GAL-at, 𒌷𒂍𒃲𒀜, URU.É.GAL.MEŠ, 𒌷𒂍𒃲𒈨𒌍, KUR-a-a, 𒆳𒀀𒀀, URU.É.GAL-a-a, 𒌷𒂍𒃲𒀀𒀀, URU.É.GAL-at-a-a, 𒌷𒂍𒃲𒀜𒀀𒀀, é-kál-la-tim.KI, 𒂍𒆷𒁴𒆠, URU.É.GAL, 𒌷𒂍𒃲, ʾglh, 𐡀𐡂𐡋𐡄",town,"Aššur province, Iraq",10 C1,"Bagg RGTC 7 2/1: 166–167, Helsinki Atlas: 8 (map 10 C1), Parpola Toponyms: 117, <a href='https://zenodo.org/record/6384045' target='_blank'>Pedersén ANE: (Tell Haikal)</a>, <a href='https://books.openedition.org/cdf/4487' target='_blank'>MTT I/3: Tall Haikal (HIGEOMES Nr. 416)</a>, <a href='http://oracc.museum.upenn.edu/saao/knpp/peoplegodsplaces/index.html' target='_blank'>Knowledge and Power: Ekallati</a>, <a href='https://www.ucl.ac.uk/sargon/peoplegodsplaces' target='_blank'>Assyrian empire builders: Ekallati</a>, <a href='http://oracc.museum.upenn.edu/atae/cbd/qpn-x-ethnic/onebigfile.html' target='_blank'>ATAE Glossary: Ethnic (Ekallataya [FROM EKALLATI]</a>, <a href='http://oracc.museum.upenn.edu/riao/cbd/qpn-x-places/onebigfile.html' target='_blank'>RIAo Glossary: Places (Ekallate)</a>, <a href='http://oracc.museum.upenn.edu/rinap/cbd/qpn-x-places/onebigfile.html' target='_blank'>RINAP Glossary: Places (Ekallate)</a>, <a href='http://oracc.museum.upenn.edu/saao/cbd/qpn-x-places/onebigfile.html' target='_blank'>SAAo Glossary: Places (Ekallati)</a>, <a href='http://oracc.museum.upenn.edu/atae/cbd/qpn-x-places/onebigfile.html' target='_blank'>ATAE Glossary: Places (Ekallati)</a>, <a href='http://oracc.museum.upenn.edu/riao/cbd/qpn-x-places/onebigfile.html' target='_blank'>RIAo Glossary: Places (Ekallatu)</a>"
326,Ekalte,"Ekalte, Ekallatum, Yakaltum, Munbaqa, Mumbaqat, Tell Munbaqa, Tall Munbāqa, Tall Munbāqah, تل منباقه",4,36.2183,38.1299,"e-kal-te, 𒂊𒆗𒋼",town,Syria,–,"<a href='https://zenodo.org/record/6384045' target='_blank'>Pedersén ANE: Ekalte (Tell Munbaqa)</a>, <a href='https://zenodo.org/record/5217600' target='_blank'>CIGS: Ekalte, Tall Munbāqah</a>, <a href='https://books.openedition.org/cdf/4487' target='_blank'>MTT I/3: Ekalte/Tall Munbāqa (HIGEOMES Nr. 90)</a>, <a href='https://pleiades.stoa.org/places/703315102' target='_blank'>Pleiades: Ekalte</a>"
327,El-Ghâb,"el-Ghab, el-Ghâb, al-Ghab",–,35.587,36.356,–,monument,Syria,–,<a href='https://pleiades.stoa.org/places/413309735' target='_blank'>Pleiades: Al-Ghab</a>
328,Elamtu,"Elam, Elamtu",1,–,–,–,"territory, country",–,17 A1,Helsinki Atlas: 8 (map 17 A1)
1260,Elamunia,"Elamunia, Alamun, Elamuni, Nahr Rawānduz, Nahr Rawanduz, نهر رواندز, Rūbār Rāwandūz, Rūbār Rawānduz, Rubar Ruwanduz, روبار رواندز, Rūbār-i Rāwandiz, Rūbār-ī Rawandoz, Ṟûbar-î Ṟewanduz",–,36.71532,44.28557,"ÍD.e-la-mu-ni-a, 𒀀𒇉𒂊𒆷𒈬𒉌𒀀",river,Iraq,–,"Bagg RGTC 7 2/2: 676, Parpola Toponyms: 123, <a href='https://www.geonames.org/92000/nahr-rawanduz.html' target='_blank'>Geonames: Nahr Rawānduz</a>, <a href='http://oracc.museum.upenn.edu/rinap/cbd/qpn-x-waters/onebigfile.html' target='_blank'>RINAP Glossary: Watercourses (Elamunia [Upper Zab])</a>, <a href='http://oracc.museum.upenn.edu/riao/cbd/qpn-x-waters/onebigfile.html' target='_blank'>RIAo Glossary: Watercourses (Elamunia [Upper Zab])</a>"
1190,Elaniu,"Elaniu, Jabal Kūnah Gūrig, جبل كونة گورگ, Jabal Kūnākūrik, جبل كوناكورك, Kēw-ē Kunagurg",–,35.73075,45.91057,"KUR.e-la-ni-ú, 𒆳𒂊𒆷𒉌𒌑",mountain,"Māzamua, Iraq",–,"Bagg RGTC 7 3/1: 211–212, Parpola Toponyms: 123, Speiser (1926–1927): <i>Southern Kurdistan in the Annals of Ashurnasirpal and Today</i>. AASOR 8: 27 and map, <a href='https://www.geonames.org/445994/jabal-kunah-gurig.html' target='_blank'>Geonames: Jabal Kūnah Gūrig</a>, <a href='http://oracc.museum.upenn.edu/riao/cbd/qpn-x-places/onebigfile.html' target='_blank'>RIAo Glossary: Places (Elaniu)</a>"
329,Elephantine,"Elephantine, Elephantinē, Geziret Aswan, Gazirat Aswān, Ğazīrat Aswān, Jazirat Aswan, Jezirat Aswan, Aswan Island",1,24.08535806748237,32.88593324468785,–,"city, island","Muṣur, Egypt",–,"<a href='https://www.dainst.org/en/projekt/-/project-display/25953' target='_blank'>Elephantine Reports Online</a>, <a href='https://zenodo.org/record/6384045' target='_blank'>Pedersén ANE: Elephantine</a>, <a href='https://pleiades.stoa.org/places/786021' target='_blank'>Pleiades: Elephantine</a>"
1293,Ellibir,"Ellibir, Halbur, Odur Kalesi (?), Kayaburun (?)",5,39.284729,38.018967,"URU.el-li-bir, 𒌷𒂖𒇷𒄵","fortress, city","Melīdi, Kammānu, Turkey",–,"Bagg RGTC 7 1: 65–66, Parpola Toponyms: 123, <a href='https://publikationen.badw.de/de/rla/index' target='_blank'>Unger RlA 2: 357 (Ellibir)</a>, <a href='https://vici.org/vici/7425/?lang=en' target='_blank'>Vici.org: Odur Kalesi</a>, <a href='https://pleiades.stoa.org/places/629047' target='_blank'>Pleiades: Odur Kalesi</a>, <a href='https://www.geonames.org/308671/kayaburun.html' target='_blank'>Geonames: Kayaburun</a>, <a href='https://pleiades.stoa.org/places/988674926' target='_blank'>Pleiades: Ellibir</a>, <a href='http://oracc.museum.upenn.edu/riao/cbd/qpn-x-places/onebigfile.html' target='_blank'>RIAo Glossary: Places (Ellibir [1])</a>, <a href='http://oracc.museum.upenn.edu/rinap/cbd/qpn-x-places/onebigfile.html' target='_blank'>RINAP Glossary: Places (Ellibir [1])</a>"
330,Ellipi,Ellipi,1,–,–,–,country,Iran,11 B3,"Helsinki Atlas: 8 (map 11 B3), Steiner (1991): <i>The Aramaic Text in Demotic Script</i> (JAOS 111/2): 363"
332,Ellitarbi,"Ellitarbi, Darʾab, Litarba, Litargon, al-Atārib, el-Atārib, al-Aṯārib, Al Atārib, الأتارب, Atārib, Athārib, اتارب, Tarib, Tērib, Térib",1,36.1387006249603,36.8243671812303,"URU.el-li-ta-ar-bi, 𒌷𒂖𒇷𒋫𒅈𒁉, URU.el-li-tar-bi, 𒌷𒂖𒇷𒋻𒁉",town,"Ḫamāt, Syria",2 C4,"Bagg RGTC 7 1: 67, Helsinki Atlas: 8 (map 2 C4), Parpola Toponyms: 124, <a href='https://www.geonames.org/174030/al-atarib.html' target='_blank'>Geonames: Al Atārib</a>, <a href='https://pleiades.stoa.org/places/658521' target='_blank'>Pleiades: Litarba/Litargon</a>, <a href='http://oracc.museum.upenn.edu/riao/cbd/qpn-x-places/onebigfile.html' target='_blank'>RIAo Glossary: Places (Ellitarbi)</a>, <a href='http://oracc.museum.upenn.edu/rinap/cbd/qpn-x-places/onebigfile.html' target='_blank'>RINAP Glossary: Places (Ellitarbi)</a>"
331,Ellišu,"Ellišu, Ullassa, Ulisum, Ullaza, Tripoli, Tripolis, Tall al-Ḫāna (?), Qalʾat al-Qūz (?), Tall Kastina (?), Bāniyās (?), بانياس, Bulunyās (?), Orthosia (?), Ὀρθωσία (?), Orthosias (?)",3,34.4373071828074,35.8383461810007,"URU.el-li-šú, 𒌷𒂖𒇷𒋙",town,"Phoenicia, Lebanon, Syria (?)",8 A2,"Bagg RGTC 7 1: 66, Helsinki Atlas: 8 (map 8 A2), <a href='https://zenodo.org/record/6384045' target='_blank'>Pedersén ANE: Tripolis</a>, <a href='https://www.geonames.org/171830/baniyas.html' target='_blank'>Geonames: Bāniyās</a>, <a href='https://pleiades.stoa.org/places/668325' target='_blank'>Pleiades: Orthosia</a>, <a href='https://www.ancientportsantiques.com/the-catalogue/levant/' target='_blank'>Ancient Ports – Levant: Orthosia/Ullaza</a>, <a href='http://oracc.museum.upenn.edu/riao/cbd/qpn-x-places/onebigfile.html' target='_blank'>RIAo Glossary: Places (Ellišu)</a>, <a href='http://oracc.museum.upenn.edu/rinap/cbd/qpn-x-places/onebigfile.html' target='_blank'>RINAP Glossary: Places (Ellišu)</a>"
333,Elumu,Elumu,–,–,–,–,village,"Gargamīs, Syria",–,PNA 1/1: 4
334,Emar,"Emar, Imar, Imār, Barbalissus, Tell Meskene, Tall Meskene, Tall Maskanah, تل مسكنة, Maskana",1,35.986842,38.111375,–,city,Syria,–,"<a href='https://zenodo.org/record/6384045' target='_blank'>Pedersén ANE: Emar / Barbalissus (Tell Meskene)</a>, <a href='https://pleiades.stoa.org/places/279984092' target='_blank'>Pleiades: Emar</a>, <a href='https://pleiades.stoa.org/places/668208' target='_blank'>Pleiades: Barbalissus</a>, <a href='https://books.openedition.org/cdf/4487' target='_blank'>MTT I/3: Tall Meskene (HIGEOMES Nr. 86)</a>, <a href='https://zenodo.org/record/5217600' target='_blank'>CIGS: Tall Maskanah</a>, <a href='https://web.archive.org/web/20060925230158/http://www.uni-tuebingen.de/emar/en/index.html' target='_blank'>Emar Website</a>"
335,Emesa,"Emesa, Ἔμεσα, Émesa, Hemesa, Colonia Hemesa, Ḥomṣ, Ḥoms, Homs, Ḥimṣ, Hims, Ḥims, حمص, Qal‘at Usāmah Bin Zayd, قلعة أسامة بن زيد, Qal‘at Ḩimş, قلعة حمص",1,34.723504158829,36.7144372519902,–,city,Syria,–,"<a href='https://zenodo.org/record/6384045' target='_blank'>Pedersén ANE: Emesa (Hims)</a>, <a href='https://www.geonames.org/7637142/qal-at-usamah-bin-zayd.html' target='_blank'>Geonames: Qal‘at Usāmah Bin Zayd</a>, <a href='https://pleiades.stoa.org/places/668261' target='_blank'>Pleiades: (H)Emesa</a>"
336,Enu-Šasî,"Enu-Šasî, Tell 'Ayn Sharif (?)",4,33.89112191567177,36.02633340064112,–,–,Lebanon,–,<a href='https://zenodo.org/record/6384045' target='_blank'>Pedersén ANE: Enu-Šasî? (Tell 'Ayn Sharif)</a>
337,Enzite,"Alzi, Ilzi, Alši, Alze, Alzu, Enzi, Enzite, Enzata, Enzatu, Ḫinzuta, Anzitēnē, Handziṭ, Elâsiğ",2,38.67431,39.22321,"KUR.al-zi, 𒆳𒀠𒍣, KUR.en-zi, 𒆳𒂗𒍣, KUR.en-zi-te, 𒆳𒂗𒍣𒋼, KUR.en-zi-i-te, 𒆳𒂗𒍣𒄿𒋼","region, territory","Urarṭu, Turkey",3 B2,"Helsinki Atlas: 8 (map 3 B2), Bagg RGTC 7 2/1: 40–41 (Alzi), Bagg RGTC 7 2/1: 170–171 (Enzi), Parpola Toponyms: 13–14 (Alzi), Parpola Toponyms: 125 (Enzi; Enzite), Parpola Toponyms: 173 (Ilzi), <a href='https://www.geonames.org/315808/elazig.html' target='_blank'>Geonames: Elazığ</a>, <a href='https://pleiades.stoa.org/places/874328' target='_blank'>Pleiades: Anzitene</a>, <a href='https://www.ucl.ac.uk/sargon/peoplegodsplaces' target='_blank'>Assyrian empire builders: Alzi</a>, <a href='http://oracc.museum.upenn.edu/atae/cbd/qpn-x-places/onebigfile.html' target='_blank'>ATAE Glossary: Places (Alzi)</a>, <a href='http://oracc.museum.upenn.edu/saao/cbd/qpn-x-places/onebigfile.html' target='_blank'>SAAo Glossary: Places (Alzi)</a>, <a href='http://oracc.museum.upenn.edu/riao/cbd/qpn-x-places/onebigfile.html' target='_blank'>RIAo Glossary: Places (Alzu)</a>, <a href='http://oracc.museum.upenn.edu/riao/cbd/qpn-x-places/onebigfile.html' target='_blank'>RIAo Glossary: Places (Enzi)</a>, <a href='http://oracc.museum.upenn.edu/rinap/cbd/qpn-x-places/onebigfile.html' target='_blank'>RINAP Glossary: Places (Enzi)</a>, <a href='http://oracc.museum.upenn.edu/riao/cbd/qpn-x-places/onebigfile.html' target='_blank'>RIAo Glossary: Places (Enzite)</a>"
338,Erebuni,"Erebuni, Erebouni, Էրեբունի, Arin-berd, Arin Berd, Արին բերդ",1,40.14062828366144,44.53809905914821,–,fortress,"Urarṭu, Armenia",–,"<a href='https://zenodo.org/record/6384045' target='_blank'>Pedersén ANE: Erebuni (Arin-berd)</a>, <a href='https://zenodo.org/record/5217600' target='_blank'>CIGS: Erebuni/Arin Berd</a>, <a href='https://pleiades.stoa.org/places/863785' target='_blank'>Pleiades: Erebuni</a>, <a href='https://www.geonames.org/11336806/arin-berd.html' target='_blank'>Geonames: Arin-Berd</a>, <a href='https://www.geonames.org/11336813/erebuni.html' target='_blank'>Geonames: Erebuni</a>"
339,Eridu,"Eridu, Eridug, Abū Šaḥrain, Tell Abu Shahrain",1,30.81686971277664,45.99672447851623,–,city,"Babylonia, Iraq",16 B3,"Helsinki Atlas: 8 (map 16 B3), <a href='https://zenodo.org/record/6384045' target='_blank'>Pedersén ANE: Eridu (Tell Abu Shahrain)</a>"
1162,Erimziqi,"Erimziqi, Erimziqu, Zabziqi, Zabziqu",–,–,–,"URU.erim-zi-qi, URU.zab-zi-qi, 𒌷𒂟𒍣𒆥, URU.erim-zi-qa-a-a, URU.zab-zi-qa-a-a, 𒌷𒂟𒍣𒋡𒀀𒀀",town,"Māzamua (?), Iraq (?), Zagros",–,"Bagg RGTC 7 3/1: 216–217, <a href='https://www.ucl.ac.uk/sargon/peoplegodsplaces' target='_blank'>Assyrian empire builders: Erimziqu</a>, <a href='http://oracc.museum.upenn.edu/atae/cbd/qpn-x-ethnic/onebigfile.html' target='_blank'>ATAE Glossary: Ethnic (Erimziqaya [OF ERIMZIQI]</a>, <a href='http://oracc.museum.upenn.edu/saao/cbd/qpn-x-ethnic/onebigfile.html' target='_blank'>SAAo Glossary: Ethnic (Erimziqaya)</a>, <a href='http://oracc.museum.upenn.edu/atae/cbd/qpn-x-places/onebigfile.html' target='_blank'>ATAE Glossary: Places (Erimziqu)</a>, <a href='http://oracc.museum.upenn.edu/saao/cbd/qpn-x-places/onebigfile.html' target='_blank'>SAAo Glossary: Places (Erimziqu)</a>"
340,Eritīa,"Eritīa, Ertīa",3,–,–,–,mountain,–,4 D3,Helsinki Atlas: 8 (map 4 D3)
341,Erudi,Erudi,–,–,–,–,town,Central Assyria,–,RGTC 7 2/1: 172
342,Esagil,"Esagila, Esagil, Esaggil, Esaŋil",–,32.53379,44.42149,"é-sag-íl, 𒂍𒊕𒅍, é-sag-gíl, 𒂍𒊕𒆸, e₂-saŋ-il₂-la, 𒂍𒊕𒅍𒆷",temple,"Babylonia, Babylon, Iraq",–,"<a href='https://pleiades.stoa.org/places/251337021' target='_blank'>Pleiades: Esagila</a>, <a href='http://oracc.museum.upenn.edu/riao/cbd/qpn-x-temple/onebigfile.html' target='_blank'>RIAo Glossary: Temple (Esagil)</a>, <a href='http://oracc.museum.upenn.edu/rinap/cbd/qpn-x-temple/onebigfile.html' target='_blank'>RINAP Glossary: Temple (Esagil)</a>"
1194,Etini,"Etini, Etinu, Daru Dagh, Duru Dāġ, Dārū",–,35.81667,45.56667,"KUR.e-ti-ni, 𒆳𒂊𒋾𒉌, KUR.e-ti-na-a-a, 𒆳𒂊𒋾𒈾𒀀𒀀, KUR.e-ti-ni-a-a, 𒆳𒂊𒋾𒉌𒀀𒀀","mountain (?), mountains (?), country","Nimme, Māzamua, Iraq",–,"Bagg RGTC 7 3/1: 218–219, Parpola Toponyms: 126–127, Levine (1973): <i>Geographical Studies in the Neo-Assyrian Zagros I</i>. Iran 11: 11 (Daru Dagh), Speiser (1926–1927): <i>Southern Kurdistan in the Annals of Ashurnasirpal and Today</i>. AASOR 8: 27 and map, <a href='https://www.geonames.org/97137/daru.html' target='_blank'>Geonames: Dārū</a>, <a href='https://www.ucl.ac.uk/sargon/peoplegodsplaces' target='_blank'>Assyrian empire builders: Etini</a>, <a href='http://oracc.museum.upenn.edu/saao/cbd/qpn-x-ethnic/onebigfile.html' target='_blank'>SAAo Glossary: Ethnic (Etinaya [ETINEAN])</a>, <a href='http://oracc.museum.upenn.edu/atae/cbd/qpn-x-ethnic/onebigfile.html' target='_blank'>ATAE Glossary: Ethnic (Etinaya [OF ETINI]</a>, <a href='http://oracc.museum.upenn.edu/riao/cbd/qpn-x-ethnic/onebigfile.html' target='_blank'>RIAo Glossary: Ethnic (Etinayu [OF ETINI])</a>, <a href='http://oracc.museum.upenn.edu/rinap/cbd/qpn-x-ethnic/onebigfile.html' target='_blank'>RINAP Glossary: Ethnic (Etinayu [OF ETINI])</a>, <a href='http://oracc.museum.upenn.edu/saao/cbd/qpn-x-ethnic/onebigfile.html' target='_blank'>SAAo Glossary: Ethnic (Etiniaya)</a>, <a href='http://oracc.museum.upenn.edu/riao/cbd/qpn-x-places/onebigfile.html' target='_blank'>RIAo Glossary: Places (Etinu)</a>"
321,Eğil,"Eğil, Eǧil, Egil",–,38.2564559364139,40.0796817157582,–,monument,Turkey,3 D2,"Helsinki Atlas: 8 (map 3 D2), <a href='https://www.geonames.org/315953/egil.html' target='_blank'>Geonames: Eğil</a>"
343,Ešarra,"Ešarra, Temple of Aššur",1,35.46081,43.26293,"É.ŠÁR.RA, 𒂍𒊹𒊏, É.ŠÁR.RA.KI, 𒂍𒊹𒊏𒆠",temple,"Assyria, Aššur, Iraq",–,–
344,Ešnunna,"Ešnunna, Tell Asmar, Tell Asmar D244",1,33.48423473616363,44.72803270837709,–,city,"Babylonia, Iraq",–,<a href='https://zenodo.org/record/6384045' target='_blank'>Pedersén ANE: Ešnunna (Tell Asmar D244)</a>
322,Eḫiman,Eḫiman,–,–,–,–,town,Ḫābūr triangle,–,RGTC 7 2/1: 166
1139,Eḫursaggalkurkurra,"Eḫursaggalkurkurra, Ehursaggalkurkurra, Eḫursagkurkurra, Ehursagkurkurra, “House the Great Mountain of the Lands”",1,35.46111,43.26276,"é-ḫur-sag-kur-kur-ra, 𒂍𒄯𒊕𒆳𒆳𒊏, é-ḫur-sag-gal-kur-kur-ra, 𒂍𒄯𒊕𒃲𒆳𒆳𒊏, é-ḫur-sal-gal-kur-kur-ra, 𒂍𒄯𒊩𒃲𒆳𒆳𒊏",temple,"Assyria, Aššur province, Iraq",–,"George (1993): <i>House Most High</i>: 100, <a href='https://pleiades.stoa.org/places/457530554' target='_blank'>Pleiades: Temple of Aššur at Assur</a>, <a href='http://oracc.museum.upenn.edu/saao/knpp/peoplegodsplaces/index.html' target='_blank'>Knowledge and Power: Ehursaggalkurkurra</a>, <a href='http://oracc.museum.upenn.edu/atae/cbd/qpn-x-temple/onebigfile.html' target='_blank'>ATAE Glossary: Temple (Ehursaggalkurkurra [CHAPEL OF AššUR IN EšARRA])</a>, <a href='http://oracc.museum.upenn.edu/saao/cbd/qpn-x-temple/onebigfile.html' target='_blank'>SAAo Glossary: Temple (Ehursaggalkurkurra [CHAPEL OF AššUR IN EšARRA])</a>, <a href='http://oracc.museum.upenn.edu/rinap/cbd/qpn-x-temple/onebigfile.html' target='_blank'>RINAP Glossary: Temple (Ehursaggalkurkurra)</a>, <a href='http://oracc.museum.upenn.edu/riao/cbd/qpn-x-temple/onebigfile.html' target='_blank'>RIAo Glossary: Temple (Ehursaggalkurkurra)</a>, <a href='http://oracc.museum.upenn.edu/atae/cbd/qpn-x-temple/onebigfile.html' target='_blank'>ATAE Glossary: Temple (Ehursagkurkurra)</a>, <a href='http://oracc.museum.upenn.edu/riao/cbd/qpn-x-temple/onebigfile.html' target='_blank'>RIAo Glossary: Temple (Ehursagkurkurra)</a>, <a href='http://oracc.museum.upenn.edu/rinap/cbd/qpn-x-temple/onebigfile.html' target='_blank'>RINAP Glossary: Temple (Ehursagkurkurra)</a>, <a href='http://oracc.museum.upenn.edu/saao/cbd/qpn-x-temple/onebigfile.html' target='_blank'>SAAo Glossary: Temple (Ehursagkurkurra)</a>"
1207,Eṣjōn-gever,"Eṣjōn-gever, Esjōn-geber, ʿEṣyōn Gevēr, ʿEṣyon Geber, ʿEṣyon Gever, Ezion Geber, Ezion-geber, Ezion-Geber, עֶצְיֹן גֶּבֶר, עֶצְיֹון גָּבֶר, Gasion Gabel (?), Tell al-Khulayfa, Tall al Khulayfah, Tell el-Kheleifeh, Tall al Khalifah, Tall al Khalīfah, Tell el-Chulefi, تل الخليفة, Gezîra Fara‘ûn (?), Jazīrat Fir‘awn (?), Jazirat Firawn (?), Geziret Fara'un (?), جزيرة فرعون, Pharaoh's island (?), Jazīrat al Qaryah (?), Geziret el Qreiya (?), جزيرة القرية, Coral island (?)",–,29.5472,34.9803,"עֶצְיֹן גֶּבֶר, עֶצְיֹון גָּבֶר","city, seaport, fortress","Udūmu, Iaʾūdu, Jordan, Egypt (?)",–,"1 Kings 9:26, 2 Chronicles 8:17, <a href='https://www.ancientportsantiques.com/the-catalogue/' target='_blank'>Ancient Ports: Ezion Geber?/Gasion Gabel? (Tell al-Khulayfa)</a>, <a href='https://zenodo.org/record/6384045' target='_blank'>Pedersén ANE: (Tell el-Kheleifeh)?</a>, <a href='https://gaialab.terrawatchers.org/DAAHL/Home.php' target='_blank'>DAAHL: Tall al Khulayfah</a>, <a href='https://www.geonames.org/246603/tall-al-khulayfah.html' target='_blank'>Geonames: Tall al Khulayfah</a>, <a href='https://pleiades.stoa.org/places/746700' target='_blank'>Pleiades: Aelana/Aila</a>, <a href='https://www.ancientportsantiques.com/the-catalogue/' target='_blank'>Ancient Ports: Ezion Geber?/Gasion Gabel? (Geziret Fara'un)</a>, <a href='https://www.geonames.org/356853/jazirat-al-qaryah.html' target='_blank'>Geonames: Jazīrat al Qaryah/Jazīrat Fira‘wn</a>"
345,Faida,"Faida, Faidah (فايدة), Fayda (فايضة)",–,36.757628,42.935313,–,monument,"Assyria, Iraq",4 B5,"Helsinki Atlas: 8 (map 4 B5), <a href='https://qui.uniud.it/notizieEventi/ricerca-e-innovazione/italian-and-kurdish-archaeologists-on-the-trail-of-the-assyrian-empire/' target='_blank'>Italian and Kurdish Archaeologists on the trail of the Assyrian Empire</a>, <a href='http://www.terradininive.com/visita-virtuale-di-faida/?lang=en' target='_blank'>Virtual tour of the Faida canal & rock-reliefs</a>"
347,Gabbutūnu,"Gabbutūnu, Gabbutunu, Gabbutnu, Gibbetôn, Gabbathōnē, Tēl Malot, Tel Malot, תל מלוט, Tel Gibbeton, Tell Gibbeton, Tall Mālāt, Tell Melat, Tell Malot, Tell el Malat, Raʾs Abī Ḥamīd (?), Raʾs Abū Ḥamīd (?), Tel H̱amid (?), Tel Hamid (?), תל חמיד",1,31.8564,34.8653,"URU.gab-bu-tú-nu, 𒌷𒃮𒁍𒌓𒉡",town,"Pilistu, Levant, Israel",7 C5,"Bagg RGTC 7 1: 68 (Gabbutunu), Helsinki Atlas: 8 (map 7 C5), Parpola Toponyms: 127 (Gabbutnu), <a href='https://gaialab.terrawatchers.org/DAAHL/SitesRecordView.php?SiteNo=343100211' target='_blank'>DAAHL: Tell Melat</a>, <a href='https://www.geonames.org/293375/tel-malot.html' target='_blank'>Geonames: Tel Malot</a>, <a href='https://www.geonames.org/390268/tel-hamid.html' target='_blank'>Geonames: Tel H̱amid</a>, <a href='https://gaialab.terrawatchers.org/DAAHL/SitesDataView.php?SiteNo=343105618' target='_blank'>DAAHL: Tel Hamid</a>, <a href='https://pleiades.stoa.org/places/329386245' target='_blank'>Pleiades: Gabbutūnu</a>, <a href='http://oracc.museum.upenn.edu/riao/cbd/qpn-x-places/onebigfile.html' target='_blank'>RIAo Glossary: Places (Gabbutunu)</a>, <a href='http://oracc.museum.upenn.edu/rinap/cbd/qpn-x-places/onebigfile.html' target='_blank'>RINAP Glossary: Places (Gabbutunu)</a>"
346,Gabbāru-ibni,"Āl-Gabbāru-ibni, āl Gabbāru-ibni, Āl-gabbāri-bānî, Gabbāru-ibni, Gabbāri-ibni, Gabbari-ibni, Gabbāri-bānî, Sūr Ğurʿa, Sur Jur'eh, Sūr Jarʿā, Sur Jureh, Sūr Jureh, Ğurʿa",3,34.30691535249198,42.19385797397695,"URU-gab-ba-ri-DÙ, 𒌷𒃮𒁀𒊑𒆕",town,"Sūḫu, Iraq",10 B2,"Helsinki Atlas: 8 (map 10 B2), <a href='https://zenodo.org/record/6384045' target='_blank'>Pedersén ANE: Gabbari-ibni (Sur Jur'eh)</a>, <a href='https://pleiades.stoa.org/places/413309738' target='_blank'>Pleiades: Sur Jureh</a>, <a href='https://books.openedition.org/cdf/4487' target='_blank'>MTT I/3: Sur Jureh / Sūr Jureh / Ğurʿa (HIGEOMES Nr. 198)</a>"
1336,Gabê,"Gabê, Gabe, Gabum, Gabûm",–,–,–,"URU.ga-bé-e, 𒌷𒂵𒁉𒂊",town,"Dēru, Jamutbalu, Iran, Iraq (?)",–,"Bagg RGTC 7 2/1: 175, Parpola Toponyms: 127, <a href='https://www.ucl.ac.uk/sargon/peoplegodsplaces' target='_blank'>Assyrian empire builders: Gabe</a>, <a href='http://oracc.museum.upenn.edu/saao/cbd/qpn-x-places/onebigfile.html' target='_blank'>SAAo Glossary: Places (Gabe [1])</a>, <a href='http://oracc.museum.upenn.edu/atae/cbd/qpn-x-places/onebigfile.html' target='_blank'>ATAE Glossary: Places (Gabe [1])</a>"
1069,Gadisê,"Gadisê, Gadise",–,–,–,"URU.ga-di-se-e, 𒌷𒂵𒁲𒋛𒂊",town,"Balīḫ basin, Syria",–,"Bagg RGTC 7 2/1: 176, Parpola Toponyms: 128, <a href='http://oracc.museum.upenn.edu/saao/knpp/peoplegodsplaces/index.html' target='_blank'>Knowledge and Power: Gadise</a>, <a href='http://oracc.museum.upenn.edu/atae/cbd/qpn-x-places/onebigfile.html' target='_blank'>ATAE Glossary: Places (Gadise)</a>, <a href='http://oracc.museum.upenn.edu/saao/cbd/qpn-x-places/onebigfile.html' target='_blank'>SAAo Glossary: Places (Gadise)</a>"
348,Gambūlu,"Gambūlu, Gambulu, Gambūlum, Gambulum, Gambūlean, Gambulean",2,–,–,–,province,–,11 B4,Helsinki Atlas: 9 (map 11 B4)
1262,Gammagara,"Gammagara, Gaugamela, Tall Gōmel, Tell Gōmal, Tell Gomel, Tall Jūmal, Tall Jumal, تل جومل, Tel Humel, Tel Ḧumel, Til Humal, تەل حومەل",3,36.59236453193145,43.48119421808425,"URU.gam-ma-ga-ra, 𒌷𒃵𒈠𒂵𒊏",town,"Assyria, Iraq",–,"Bagg RGTC 7 2/1: 178, Parpola Toponyms: 129, <a href='https://zenodo.org/record/6384045' target='_blank'>Pedersén ANE: (Tell Gomel)</a>, <a href='https://www.geonames.org/6999621/tall-jumal.html' target='_blank'>Geonames: Tall Jūmal</a>, <a href='https://pleiades.stoa.org/places/874478' target='_blank'>Pleiades: Gaugamela</a>, <a href='http://oracc.museum.upenn.edu/rinap/cbd/qpn-x-places/onebigfile.html' target='_blank'>RINAP Glossary: Places (Gammagara [1])</a>, <a href='http://oracc.museum.upenn.edu/riao/cbd/qpn-x-places/onebigfile.html' target='_blank'>RIAo Glossary: Places (Gammagara [1])</a>"
1143,Gamru,Gamru,–,–,–,"KUR.gam-ru, 𒆳𒃵𒊒",mountain,"Māzamua, Iraq (?), Iran (?)",–,"Bagg RGTC 7 3/1: 224, <a href='http://oracc.museum.upenn.edu/riao/cbd/qpn-x-places/onebigfile.html' target='_blank'>RIAo Glossary: Places (Gamru)</a>"
1317,Ganguḫtu,"Ganguḫtu, Ganguhtu, Ganunguḫtu, Ganunguhtu, Ginḫuḫta, Kiguḫtu, Kiguhtu",–,–,–,"URU.ga-an-gu-uḫ-tu, 𒌷𒂵𒀭𒄖𒄴𒌅, URU.ga-nu-un-gu-uḫ-tu, 𒌷𒂵𒉡𒌦𒄖𒄴𒌅, URU.ki-gu-uḫ-tú, 𒌷𒆠𒄖𒄴𒌓, KUR.gi-in-ḫu-uḫ-ta-a-a, 𒆳𒄀𒅔𒄷𒄴𒋫𒀀𒀀","fortress, fortified city, city","Naʾiri, Niksamma, Parsua, Iran",–,"Bagg RGTC 7 3/1: 224–225, Parpola Toponyms: 129–130, Parpola Toponyms: 130 (Ganu...), Parpola Toponyms: 205 (*Kiguḫtu), <a href='https://www.ucl.ac.uk/sargon/peoplegodsplaces' target='_blank'>Assyrian empire builders: Kiguhtu</a>, <a href='http://oracc.museum.upenn.edu/riao/cbd/qpn-x-ethnic/onebigfile.html' target='_blank'>RIAo Glossary: Ethnic Names (Ganguhtayu [of Ganguhtu])</a>, <a href='http://oracc.museum.upenn.edu/rinap/cbd/qpn-x-places/onebigfile.html' target='_blank'>RINAP Glossary: Places (Ganguhtu [1])</a>, <a href='http://oracc.museum.upenn.edu/saao/cbd/qpn-x-places/onebigfile.html' target='_blank'>SAAo Glossary: Places (Ganguhtu [1])</a>, <a href='http://oracc.museum.upenn.edu/riao/cbd/qpn-x-places/onebigfile.html' target='_blank'>RIAo Glossary: Places (Ganguhtu [1])</a>, <a href='http://oracc.museum.upenn.edu/atae/cbd/qpn-x-places/onebigfile.html' target='_blank'>ATAE Glossary: Places (Ganguhtu [1])</a>, <a href='http://oracc.museum.upenn.edu/saao/cbd/qpn-x-places/onebigfile.html' target='_blank'>SAAo Glossary: Places (Kiguhtu [1])</a>"
349,Gannanāti,"Gannanāti, Gannanāte, Qaṣr-e Šīrīn",4,34.51667,45.58433,–,town,–,11 A2,Helsinki Atlas: 9 (map 11 A2)
350,Gargamīs,"Gargamīs, Karkemish, Karchemiš, Karkemiš, Carchemish, Kark<sup>ə</sup>mīš, Karkemīš, כַּרְכְּמִישׁ‎, Karkamiş, krkymyš, Djerablis, Ğarablūs, جرابلس",1,36.82891571272766,38.01622614415544,–,"country, prov. capital","Turkey, Syria",3 A4,"Helsinki Atlas: 9 (map 3 A4), <a href='https://zenodo.org/record/6384045' target='_blank'>Pedersén ANE: Karkemish</a>, <a href='https://www.orientlab.net/3d-kark' target='_blank'>Karkemish 3D Visualization Project</a>"
1121,Garšana,"Garšana, Tell Baridiyah (?), Tall Baridiyah (?), تل بردية",–,31.44331549333923,46.11918690980465,–,–,Iraq,–,"<a href='https://zenodo.org/record/6384045' target='_blank'>Pedersén ANE: Garšana (Tall Baridiyah)</a>, <a href='https://zenodo.org/record/5217600' target='_blank'>CIGS: Garšana / Tall Baridiyah (?)</a>"
351,Gasur,"Gasur, Nuzi, Yorgan Teppe, Yorgan Tepa, Yūrghan Tapeh, يورغان تبة",1,35.36956130794378,44.2548782342147,–,town,"Assyria, Iraq",–,"<a href='https://zenodo.org/record/6384045' target='_blank'>Pedersén ANE: Gasur / Nuzi (Yorgan Teppe)</a>, <a href='https://zenodo.org/record/5217600' target='_blank'>CIGS: Gasur / Yūrghan Tapeh</a>, <a href='https://pleiades.stoa.org/places/894054' target='_blank'>Pleiades: Nuzi</a>"
353,Gazru,"Gazru, Gezer, גֶּזֶר, גזר, Gazara, Tēl Gezer, Tel Gezer, תל גזר, Tall Ğazar, Tell Jazar, تل الجزر",1,31.85957511834132,34.92048498577623,"URU.ga-az-ru, 𒌷𒂵𒊍𒊒, gzr, גזר",city,"Iaʾūdu, Israel",7 C5,"Bagg RGTC 7 1: 74–75, Helsinki Atlas: 9 (map 7 C5), <a href='https://zenodo.org/record/6384045' target='_blank'>Pedersén ANE: Gezer / Gazru (Tell Jazar)</a>, <a href='https://zenodo.org/record/5217600' target='_blank'>CIGS: Gezer</a>, <a href='https://www.geonames.org/293376/tel-gezer.html' target='_blank'>Geonames: Tel Gezer</a>, <a href='https://pleiades.stoa.org/places/687904' target='_blank'>Pleiades: Gazara</a>, <a href='http://oracc.museum.upenn.edu/rinap/cbd/qpn-x-places/onebigfile.html' target='_blank'>RINAP Glossary: Places (Gazru [1])</a>, <a href='http://oracc.museum.upenn.edu/riao/cbd/qpn-x-places/onebigfile.html' target='_blank'>RIAo Glossary: Places (Gazru [1])</a>"
354,Gazziura,"Gazziura, Gaziura, Gazioura, Γαζίουρα, Turhal",–,40.38857518720807,36.09231201380902,–,town,Turkey,–,"<a href='https://zenodo.org/record/6384045' target='_blank'>Pedersén ANE: Gazziura (Turhal)</a>, <a href='https://pleiades.stoa.org/places/857134' target='_blank'>Pleiades: Gazioura</a>"
355,Gerasa,"Gerasa, Gérasa, Γέρασα, Antiochia ad Chrysorhoam, Jerash, Ǧaraš, جرش",–,32.28023020128563,35.89303455970258,–,city,Jordan,–,"<a href='https://zenodo.org/record/6384045' target='_blank'>Pedersén ANE: Gerasa (Jerash)</a>, <a href='https://pleiades.stoa.org/places/678158' target='_blank'>Pleiades: Gerasa/Antiochia ad Chrysorhoam</a>"
356,Gibeon,"Gibeon, גִּבְעוֹן, Γαβαων, Gabaōn, Gabaon, El-Jib‎, الجيب",–,31.84668393600865,35.18519610124061,–,city,"Canaan, Iaʾūdu, Israel",–,<a href='https://zenodo.org/record/6384045' target='_blank'>Pedersén ANE: Gibeon (El-Jib)</a>
357,Gibʿat Šaul,"Gibeah, Gibea, גִּבְעָה, Gibeah of Benjamin, Gibʿat Šaul, Gibeah of Shaul, Gibʿat Shaul, Givat Shaul, Givat Šaul, Tell el-Fūl, Tell el-Ful, تلّ الفول",–,31.82221455679701,35.23102508749753,–,"capital, city",Israel,–,<a href='https://zenodo.org/record/6384045' target='_blank'>Pedersén ANE: Gib'at Shaul (Tell el-Ful)</a>
358,Gidira,"Gader, Gadara, Gidira, Pompeia, Umm Qeis",1,32.65691832193399,35.6779721590315,–,city,Jordan,8 A4,"Helsinki Atlas: 9 (map 8 A4), <a href='https://zenodo.org/record/6384045' target='_blank'>Pedersén ANE: Gadara (Umm Qeis)</a>"
359,Gilzānu,"Gilzānu, Gelišin Plain",2,–,–,–,country,–,4 E5,Helsinki Atlas: 9 (map 4 E5)
360,Gilʾad,"Gilʾad, Galʾadi, Galʾada, Galʾadda, Galʾaza, Gilead, Gilad, Gilʿad, גִּלְעָד, Jalaad, جلعاد, Ramōt Gilʿād (?), רָמֹת גִּלְעָד, Miṣpeh Gilʿād (?), Galaaditis (?), Galaditis (?), Ḫirbat Ğalʿad, Khirbet Galʿad, Tall al-Ḥiṣn (?), Tall al Ḩişn (?), Tall al Hisn (?), تل الحصن, Ḫirbat al-Hēdamūs (?), Khirbat Umm al Haydamūs (?), Khirbat Umm al Haydamus (?), خربة ام الهيدموس, Tall ar-Rāmīṯ (?), Tell Ramith (?), ar-Rāšūnī (?), Khirbat ar Rāshūnī (?), Khirbat ar Rashuni (?), Rashuni (?)",1,32.0954515,35.7908645,"URU.ga-al-ʾa-a-di, 𒌷𒂵𒀠𒀪𒀀𒁲, גִּלְעָד","town, territory","Bīt-Ḫazaʾil, Jordan",7 D4,"Bagg RGTC 7 1: 68–69 (Galʾadi), Helsinki Atlas: 9 (map 7 D4), Parpola Toponyms: 128 (Galʾaza), <a href='https://pleiades.stoa.org/places/889522883' target='_blank'>Pleiades: Gal'adi</a>, <a href='https://www.geonames.org/249086/tall-al-hisn.html' target='_blank'>Geonames: Tall al Ḩişn</a>, <a href='https://www.geonames.org/12141860/khirbat-umm-al-haydamus.html' target='_blank'>Geonames: Khirbat Umm al Haydamūs</a>, <a href='https://gaialab.terrawatchers.org/DAAHL/Home.php' target='_blank'>DAAHL: Tell Ramith</a>, <a href='https://www.geonames.org/247365/khirbat-ar-rashuni.html' target='_blank'>Geonames: Khirbat ar Rāshūnī</a>, <a href='https://gaialab.terrawatchers.org/DAAHL/Home.php' target='_blank'>DAAHL: Rashuni</a>, <a href='https://pleiades.stoa.org/places/678143' target='_blank'>Pleiades: Gala(a)ditis</a>, <a href='http://oracc.museum.upenn.edu/rinap/cbd/qpn-x-places/onebigfile.html' target='_blank'>RINAP Glossary: Places (Galʾadi [Gilead])</a>, <a href='http://oracc.museum.upenn.edu/riao/cbd/qpn-x-places/onebigfile.html' target='_blank'>RIAo Glossary: Places (Galʾadi [Gilead])</a>"
1177,Gimdakrikka,Gimdakrikka,–,–,–,"URU.gim-da-ak-rik-ka, 𒌷𒁶𒁕𒀝𒋆𒅗","city, fortified city","Mannāja, Zikirtu, Aukanê, Iran",–,"Bagg RGTC 7 3/1: 229, Parpola Toponyms: 132, <a href='http://oracc.museum.upenn.edu/riao/cbd/qpn-x-places/onebigfile.html' target='_blank'>RIAo Glossary: Places (Gimdakrikka)</a>, <a href='http://oracc.museum.upenn.edu/rinap/cbd/qpn-x-places/onebigfile.html' target='_blank'>RINAP Glossary: Places (Gimdakrikka)</a>"
361,Gimir,"Gimir, Gimirrāja, Gōmer, Gomer, גֹּמֶר, Kimmerioi, Κιμμεριοι, Cimmerians",1,–,–,"gi-mir-a-a, 𒄀𒂇𒀀𒀀, gi-mir-i-tú, 𒄀𒂇𒄿𒌓, gi-mir-ra-a-a, 𒄀𒂇𒊏𒀀𒀀, KUR.ga-mir, 𒆳𒂵𒂇, KUR.ga-mir-ra, 𒆳𒂵𒂇𒊏, KUR.gi-mir, 𒆳𒄀𒂇, KUR.gi-mir-a-a, 𒆳𒄀𒂇𒀀𒀀, KUR.gi-mir-ra-a-a, 𒆳𒄀𒂇𒊏𒀀𒀀, KUR.gim-ra-a-a, 𒆳𒁶𒊏𒀀𒀀, KUR.PAB-ir, 𒆳𒉽𒅕, LÚ.ga-me-ra-a-a, 𒇽𒂵𒈨𒊏𒀀𒀀, LÚ.gi-mi-ra-a-a, 𒇽𒄀𒈪𒊏𒀀𒀀, LÚ.gi-mir-a-a, 𒇽𒄀𒂇𒀀𒀀, LÚ.gi-mir-ra-a-a, 𒇽𒄀𒂇𒊏𒀀𒀀, LÚ.gim-ra-a-a, 𒇽𒁶𒊏𒀀𒀀","territory, tribe","Caucasus, Iran, Turkey, Azerbaijan, Armenia, Georgia",–,"Bagg RGTC 7 3/1: 229–231, Parpola Toponyms: 132–134 (Gimirrāja), <a href='http://oracc.museum.upenn.edu/saao/knpp/peoplegodsplaces/index.html' target='_blank'>Knowledge and Power: Cimmerians</a>, <a href='https://www.ucl.ac.uk/sargon/peoplegodsplaces' target='_blank'>Assyrian empire builders: Cimmerians</a>, <a href='http://oracc.museum.upenn.edu/atae/cbd/qpn-x-places/onebigfile.html' target='_blank'>ATAE Glossary: Places (Gimir [CIMMERIA])</a>, <a href='http://oracc.museum.upenn.edu/saao/cbd/qpn-x-places/onebigfile.html' target='_blank'>SAAo Glossary: Places (Gimir [CIMMERIA])</a>, <a href='http://oracc.museum.upenn.edu/saao/cbd/qpn-x-ethnic/onebigfile.html' target='_blank'>SAAo Glossary: Ethnic (Gimiraya [CIMMERIAN])</a>, <a href='http://oracc.museum.upenn.edu/riao/cbd/qpn-x-ethnic/onebigfile.html' target='_blank'>RIAo Glossary: Ethnic (Gimirayu [CIMMERIAN])</a>, <a href='http://oracc.museum.upenn.edu/rinap/cbd/qpn-x-ethnic/onebigfile.html' target='_blank'>RINAP Glossary: Ethnic (Gimirayu [CIMMERIAN])</a>"
362,Gimtu,"Gimtu, Gimti, Gintu, Gat, Gath, Geth, גַּת, Tel es-Safī, Tēl Ẓafit, תל צפית, Tell es-Safi, Tall aṣ-Ṣāfī, تل الصافي",2,31.70328566442808,34.84952427702643,"URU.gi-im-tu, 𒌷𒄀𒅎𒌅, URU.gi-im-tú, 𒌷𒄀𒅎𒌓",city,"Pilistu, Israel",7 C5,"Helsinki Atlas: 9 (map 7 C5), <a href='https://zenodo.org/record/6384045' target='_blank'>Pedersén ANE: Gath (Tell es-Safi)</a>, <a href='https://pleiades.stoa.org/places/889522884' target='_blank'>Pleiades: Gimtu</a>, <a href='http://oracc.museum.upenn.edu/riao/cbd/qpn-x-places/onebigfile.html' target='_blank'>RIAo Glossary: Places (Gimtu [GATH])</a>, <a href='http://oracc.museum.upenn.edu/rinap/cbd/qpn-x-places/onebigfile.html' target='_blank'>RINAP Glossary: Places (Gimtu [GATH])</a>"
363,Gingiliniš,"Gingiliniš, Tepe Chenchi",2,36.48211,43.22937,–,village,–,4 C5,Helsinki Atlas: 9 (map 4 C5)
364,Girmua,"Girmua, Ğarwān, Ğirwān, Jerwan, Jarāwanah, Jirwana, جراونة, Cerwane, Cirwane, جروانە, Ğermawa (?), Garmawa (?), Germawe (?), Garmava (?), Garmāwa (?), گەرماوە, Karmāwah Muḩammad Āghā (?), كرماوه محمد آغا, Garmāwah Hamidah (?), گرماوه همده",2,36.669722,43.393611,"URU.gir-mu-a, 𒌷𒄫𒈬𒀀, URU.gi-ir-mu-a, 𒊒𒄀𒅕𒈬𒀀",village,"Assyria, Iraq",4 C5,"Bagg RGTC 7 2/1: 183, Helsinki Atlas: 9 (map 4 C5), Parpola Toponyms: 134, <a href='http://www.terradininive.com/visita-virtuale-di-faida/?lang=en' target='_blank'>Virtual tour of the Faida canal & rock-reliefs</a>, <a href='https://pleiades.stoa.org/places/248782116' target='_blank'>Pleiades: Girmua</a>, <a href='https://zenodo.org/record/5217600' target='_blank'>CIGS: Jarāwanah</a>, <a href='https://www.geonames.org/95223/jarawanah.html' target='_blank'>Geonames: Jarāwanah</a>, <a href='https://www.geonames.org/384977/karmawah-muhammad-agha.html' target='_blank'>Geonames: Karmāwah Muḩammad Āghā / Garmawa</a>, <a href='http://oracc.museum.upenn.edu/atae/cbd/qpn-x-places/onebigfile.html' target='_blank'>ATAE Glossary: Places (Girmua [1])</a>, <a href='http://oracc.museum.upenn.edu/riao/cbd/qpn-x-places/onebigfile.html' target='_blank'>RIAo Glossary: Places (Girmua [1])</a>, <a href='http://oracc.museum.upenn.edu/rinap/cbd/qpn-x-places/onebigfile.html' target='_blank'>RINAP Glossary: Places (Girmua [1])</a>"
365,Girsu,"Girsu, Jīrsū, جيرسو, Tello, Telloh, Tall Lū, Tall Lūwa, Tall Lūḩ, Talluh, تل لو, Tell Telloh, Tall Tīlūh, تا تيلوه, Tall ar R‘aīyah, تل الرعية",1,31.562028,46.177583,–,city,"Babylonia, Sumer, Iraq",–,"<a href='https://www.ancientportsantiques.com/the-catalogue/' target='_blank'>Ancient Ports: Girsu</a>, <a href='https://zenodo.org/record/6384045' target='_blank'>Pedersén ANE: Girsu (Tello)</a>, <a href='https://www.geonames.org/93976/tall-lu.html' target='_blank'>Geonames: Tall Lū</a>, <a href='https://zenodo.org/record/5217600' target='_blank'>CIGS: Girsu/Tall Tīlūh</a>, <a href='https://pleiades.stoa.org/places/912855' target='_blank'>Pleiades: [Girsu]/Tello(h)</a>"
366,Girūmu,"Girūmu, Girumu, Tell Barghuthiat, Ishan Khilala K94",–,32.70230559346992,44.79478194145845,–,–,Iraq,–,"<a href='https://zenodo.org/record/6384045' target='_blank'>Pedersén ANE: Girumu (Tell Barghuthiat / Ishan Khilala K94)</a>, Ran Zadok (1985): <i>Zur Geographie Babyloniens während des sargonidischen...</i>. Die Welt des Orients 16. pp. 29; 35; 69"
367,Gizilbunda,"Gizilbunda, Gizilbundi",2,–,–,–,territory,–,11 C1,Helsinki Atlas: 9 (map 11 C1)
369,Gordion,"Gordum, Gordion, Górdion, Γόρδιον, Gordium, Vindia, Yassıhüyük, Yassihüyük, Yassihueyuek",1,39.65010326049185,31.97856978497173,–,"capital, city","Phrygia, Turkey",–,"<a href='https://zenodo.org/record/6384045' target='_blank'>Pedersén ANE: Gordion (Yassihüyük)</a>, <a href='https://pleiades.stoa.org/places/609393' target='_blank'>Pleiades: Gordion/Vindia?</a>"
370,Gubal,"Gubal, Ğabla, Gibala, Gibaʾla, Giba'la, Gubla, Gabala, Tell Tuweini, Jableh",2,35.37165568751958,35.93653642277064,–,town,–,8 A1,"Helsinki Atlas: 9 (map 8 A1), <a href='https://zenodo.org/record/6384045' target='_blank'>Pedersén ANE: Giba'la (Tell Tuweini)</a>"
371,Gubla,"Gubla, Byblos, Βύβλος, Gibelet, Gǝbal, Geval, גבל, Ğubail, Gebal, جُبَيْل",1,34.1188008565279,35.64645855813789,"KUR.gu-bal, 𒆳𒄖𒁄, KUR.gu-ub-li, 𒆳𒄖𒌒𒇷, URU.gu-ub-li, 𒌷𒄖𒌒𒇷, URU.gu-ub-la, 𒌷𒄖𒌒𒆷, URU.gu-ub-lu, 𒌷𒄖𒌒𒇻, URU.gub-li, 𒌷𒁺𒇷, KUR.gu-bal-a-a, 𒆳𒄖𒁄𒀀𒀀, KUR.gu-bal-a-ia, 𒆳𒄖𒁄𒀀𒅀, URU.gu-ub-la-a-a, 𒌷𒄖𒌒𒆷𒀀𒀀, KUR.gub-la-a-a, 𒆳𒁺𒆷𒀀𒀀, gbl, 𐤂𐤁𐤋","capital, city","Phoenicia, Lebanon",8 A2,"Helsinki Atlas: 9 (map 8 A2), <a href='https://zenodo.org/record/6384045' target='_blank'>Pedersén ANE: Gubla (Byblos)</a>, <a href='https://pleiades.stoa.org/places/668216' target='_blank'>Pleiades: Byblos</a>, <a href='https://www.ucl.ac.uk/sargon/peoplegodsplaces' target='_blank'>Assyrian empire builders: Gubla</a>, <a href='http://oracc.museum.upenn.edu/atae/cbd/qpn-x-places/onebigfile.html' target='_blank'>ATAE Glossary: Places (Gubla [BYBLOS])</a>, <a href='http://oracc.museum.upenn.edu/saao/cbd/qpn-x-places/onebigfile.html' target='_blank'>SAAo Glossary: Places (Gubla [BYBLOS])</a>, <a href='http://oracc.museum.upenn.edu/riao/cbd/qpn-x-places/onebigfile.html' target='_blank'>RIAo Glossary: Places (Gubla [BYBLOS])</a>, <a href='http://oracc.museum.upenn.edu/rinap/cbd/qpn-x-places/onebigfile.html' target='_blank'>RINAP Glossary: Places (Gubla [BYBLOS])</a>, <a href='http://oracc.museum.upenn.edu/riao/cbd/qpn-x-places/onebigfile.html' target='_blank'>RIAo Glossary: Places (Gubla [GABALA])</a>, <a href='http://oracc.museum.upenn.edu/rinap/cbd/qpn-x-places/onebigfile.html' target='_blank'>RINAP Glossary: Places (Gubla [GABALA])</a>, <a href='http://oracc.museum.upenn.edu/saao/cbd/qpn-x-ethnic/onebigfile.html' target='_blank'>SAAo Glossary: Ethnic (Gublaya [FROM BYBLOS])</a>, <a href='http://oracc.museum.upenn.edu/riao/cbd/qpn-x-ethnic/onebigfile.html' target='_blank'>RIAo Glossary: Ethnic (Gublayu [OF BYBLOS])</a>, <a href='http://oracc.museum.upenn.edu/rinap/cbd/qpn-x-ethnic/onebigfile.html' target='_blank'>RINAP Glossary: Ethnic (Gublayu [OF BYBLOS])</a>"
1223,Gulsunu,Gulsunu,–,–,–,"URU.gul-su-nu, 𒌷𒄢𒋢𒉡",town,"Assyria, Siʾimmê province, Iraq",–,"Bagg RGTC 7 2/1: 184–185, Parpola Toponyms: 136, <a href='http://oracc.museum.upenn.edu/saao/cbd/qpn-x-places/onebigfile.html' target='_blank'>SAAo Glossary: Places (Gulsunu [1])</a>, <a href='http://oracc.museum.upenn.edu/atae/cbd/qpn-x-places/onebigfile.html' target='_blank'>ATAE Glossary: Places (Gulsunu [1])</a>"
1346,Gupna,"Gupna, Gubna",–,–,–,"URU.gu-up-na, URU.gu-ub-na, 𒌷𒄖𒌒𒈾",town,–,–,"Bagg RGTC 7 3/1: 236, Parpola Toponyms: 125 (Gubla), Johns 1901: <i>Assyrian Deeds and Documents...</i> Volume II. Pl. 156"
1152,Gupni-ša-Bēl-Ḫarrān,"Gupni-ša-Bēl-Ḫarrān, Gupni-ša-Bel-Ḫarran, Gupni-ša-Bel-Harran, Gupnu-ša-Bēl-Ḫarrān, Gupnu-ša-Bel-Harran, Vine-of-Bēl-Ḫarrān",–,–,–,"GIŠ.gu-up-ni-ša-<sup>d</sup>EN-KASKAL, 𒄑𒄖𒌒𒉌𒊭𒀭𒂗𒆜",town,"Māzamua, Iraq",–,"Bagg RGTC 7 3/1: 236, <a href='http://oracc.museum.upenn.edu/atae/cbd/qpn-x-places/onebigfile.html' target='_blank'>ATAE Glossary: Places (Gupnu-ša-Bel-Harran [VINE-OF-BEL-HARRAN])</a>, <a href='http://oracc.museum.upenn.edu/saao/cbd/qpn-x-places/onebigfile.html' target='_blank'>SAAo Glossary: Places (Gupnu-ša-Bel-Harran [VINE-OF-BEL-HARRAN])</a>"
372,Gurasimmu,"Gurasimmu, Gursimmu, Gurasim",2,–,–,"LÚ.gu-ra-sim-mu, 𒇽𒄖𒊏𒉆𒈬, LÚ.gúr-a-sim, 𒇽𒃵𒀀𒉆, LÚ.gúr-a-sim-mu, 𒇽𒃵𒀀𒉆𒈬, gúr-sim-mu, 𒃵𒉆𒈬","tribe, Semitic tribe","Babylonia, Iraq",16 A3,"Bagg RGTC 7 3/1: 236–237, Helsinki Atlas: 9 (map 16 A3), Parpola Toponyms: 136, <a href='https://pleiades.stoa.org/places/885556763' target='_blank'>Pleiades: Gurasimmu</a>, <a href='http://oracc.museum.upenn.edu/atae/cbd/qpn-x-ethnic/onebigfile.html' target='_blank'>ATAE Glossary: Ethnic Names (Gurasimmu [1])</a>, <a href='http://oracc.museum.upenn.edu/rinap/cbd/qpn-x-ethnic/onebigfile.html' target='_blank'>RINAP Glossary: Ethnic Names (Gurasimmu [1])</a>, <a href='http://oracc.museum.upenn.edu/saao/cbd/qpn-x-ethnic/onebigfile.html' target='_blank'>SAAo Glossary: Ethnic Names (Gurasimmu [1])</a>, <a href='http://oracc.museum.upenn.edu/riao/cbd/qpn-x-ethnic/onebigfile.html' target='_blank'>RIAo Glossary: Ethnic Names (Gurasimmu [1])</a>"
374,Gurgum,"Gurgum, Marqāsa, Marqasi, Marqas",2,–,–,–,"territory, country, province","Turkey, Assyria",2 C3,Helsinki Atlas: 9 (map 2 C3)
375,Gurru,"Gurru, Gurrāja, Qamurra, Gurrean, Gurreans",–,–,–,"gur-ri, 𒄥𒊑, gur-ru, 𒄥𒊒, gur-ra-a-a, 𒄥𒊏𒀀𒀀, LÚ.gur-a-a, LÚ.qur-a-a, 𒇽𒄥𒀀𒀀, LÚ.gur-ra-a-a, 𒇽𒄥𒊏𒀀𒀀, LÚ.gur-ra-a-a-e-a, 𒇽𒄥𒊏𒀀𒀀𒂊𒀀, LÚ.gur-ru, LÚ.qur-ru, 𒇽𒄥𒊒, LÚ.qa-mur-ra, 𒇽𒋡𒄯𒊏, KUR.qu-ra-a-a, 𒆳𒄣𒊏𒀀𒀀, KUR.gur-ra-a-a, 𒆳𒄥𒊏𒀀𒀀, LÚ.qur-mur-a-a, 𒇽𒄥𒄯𒀀𒀀, LÚ.qur-mur-a-a-e-a, 𒇽𒄥𒄯𒀀𒀀𒂊𒀀, LÚ.qur-mur-ra-a-a, 𒇽𒄥𒄯𒊏𒀀𒀀",tribe,"Assyria (?), Babylonia (?), Iraq",–,"Bagg RGTC 7 2/1: 186–187, Parpola Toponyms: 137 (Gurrāja), Parpola Toponyms: 283 (Qamurra), <a href='http://oracc.museum.upenn.edu/saao/knpp/peoplegodsplaces/index.html' target='_blank'>Knowledge and Power: Gurru</a>, <a href='https://www.ucl.ac.uk/sargon/peoplegodsplaces' target='_blank'>Assyrian empire builders: Gurru</a>, <a href='http://oracc.museum.upenn.edu/saao/cbd/qpn-x-ethnic/onebigfile.html' target='_blank'>SAAo Glossary: Ethnic (Gurraya [GURREAN])</a>"
1178,Gurrusupa,Gurrusupa,–,–,–,"URU.gur-ru-su-pa, 𒌷𒄥𒊒𒋢𒉺","city, fortified city","Mannāja, Zikirtu, Aukanê, Iran",–,"Bagg RGTC 7 3/1: 238, Parpola Toponyms: 137, <a href='http://oracc.museum.upenn.edu/riao/cbd/qpn-x-places/onebigfile.html' target='_blank'>RIAo Glossary: Places (Gurrusupa)</a>, <a href='http://oracc.museum.upenn.edu/rinap/cbd/qpn-x-places/onebigfile.html' target='_blank'>RINAP Glossary: Places (Gurrusupa)</a>"
373,Gurēte,"Gurēte, Gurētu, Gurete, Guretu, Kurdā (?), Kurda (?), Tall Aswād, Tell Aswad, تل اسود",3,36.58434225861848,40.89691717338182,"URU.gu-re-e-te, 𒌷𒄖𒊑𒂊𒋼",town,"Ḫābūr area, Syria",3 D4,"Bagg RGTC 7 2/1: 185, Helsinki Atlas: 9 (map 3 D4), <a href='https://zenodo.org/record/6384045' target='_blank'>Pedersén ANE: (Tell el-Aswad)</a>, <a href='https://www.geonames.org/172388/tall-al-aswad.html' target='_blank'>Geonames: Tall al Aswad</a>, <a href='http://oracc.museum.upenn.edu/riao/cbd/qpn-x-places/onebigfile.html' target='_blank'>RIAo Glossary: Places (Guretu)</a>"
1109,Guzummānu,"Guzummānu, Guzummanu, Guzummāni, Guzummani, Guzumānu, Guzumanu",–,–,–,"KUR.gu-zu-um-ma-ni, 𒆳𒄖𒍪𒌝𒈠𒉌, KUR.gu-zu-um-ma-nu, 𒆳𒄖𒍪𒌝𒈠𒉡, URU.gu-zu-um-ma-nu, 𒌷𒄖𒍪𒌝𒈠𒉡, LÚ.gu-zu-ma-nu, 𒇽𒄖𒍪𒈠𒉡","territory, fortified city","Babylonia, Bīt-Dakkūri, Iraq",–,"Bagg RGTC 7 3/1: 240, Parpola Toponyms: 139, <a href='https://www.ucl.ac.uk/sargon/peoplegodsplaces' target='_blank'>Assyrian empire builders: Guzummanu</a>"
368,Gīʾa,"Giʾ, Gīʾ, Gīʾa, Porphyreōn, Porphyreon Polis, Porphyreonpolis, Gīya, Jiyeh, Jieh, جيه, جية, al-Ğīya, الجية, Ḫān an-Nabī Yūnus, Khan an-Naʿi Yunus, Khan Nebi Yunas",1,33.663081,35.428727,"URU.gi-iʾ, 𒌷𒄀𒀪",town,"Phoenicia, Ṣīdūnu, Lebanon",8 A3,"Bagg RGTC 7 1: 75 (Giʾ), Helsinki Atlas: 9 (map 8 A3), Parpola Toponyms: 132 (Gīʾ), <a href='https://www.geonames.org/7839314/jiyeh.html' target='_blank'>Geonames: Jiyeh</a>, <a href='https://www.ancientportsantiques.com/the-catalogue/' target='_blank'>Ancient Ports: Porphyreonpolis</a>, <a href='https://gaialab.terrawatchers.org/DAAHL/Home.php' target='_blank'>DAAHL: Khan an-Na'i Yunus</a>, <a href='https://pleiades.stoa.org/places/678338' target='_blank'>Pleiades: Porphyreon Polis</a>, <a href='http://oracc.museum.upenn.edu/riao/cbd/qpn-x-places/onebigfile.html' target='_blank'>RIAo Glossary: Places (Giʾ)</a>, <a href='http://oracc.museum.upenn.edu/rinap/cbd/qpn-x-places/onebigfile.html' target='_blank'>RINAP Glossary: Places (Giʾ)</a>"
376,Gūzāna,"Gūzāna, Guzana, Gôzān, gwzn, Gizania, Tell Ḥalaf, Tell Halaf",1,36.82619108015073,40.03950452046467,–,"prov. capital, city",Syria,3 D4,"Helsinki Atlas: 9 (map 3 D4), <a href='https://zenodo.org/record/6384045' target='_blank'>Pedersén ANE: Guzana (Tell Halaf)</a>"
377,Ha-Ma’apil,"Ha-Ma’apil, Kibbutz Hama’apil, HaMa'apil",–,32.37776,34.98405,–,monument,Israel,–,<a href='https://pleiades.stoa.org/places/189103682' target='_blank'>Pleiades: HaMa'apil</a>
422,Hatra,"Hatra, el-Hadhar",1,35.58702654572084,42.71855218530546,–,–,Iraq,–,<a href='https://zenodo.org/record/6384045' target='_blank'>Pedersén ANE: Hatra (el-Hadhar)</a>
437,Hilla,"Hilla, Hillah, Hilah, Al-Ḥilah, Al-Hilla, Al-Hillah, Al Ḩillah, Al Hillah, الحلة",–,32.483333,44.433333,–,–,Iraq,–,"<a href='https://zenodo.org/record/5217600' target='_blank'>CIGS: Al-Ḥilah</a>, <a href='https://www.geonames.org/99347/al-hillah.html' target='_blank'>Geonames: Al Ḩillah</a>"
461,Iabrūdu,"Iabrūdu, Jabrūdu, Jabrudu, Iabrudu, Yabrūd, Yabrud",1,33.96665465390497,36.65995647556744,–,town,Syria,8 B3,"Helsinki Atlas: 10 (map 8 B3), <a href='https://zenodo.org/record/6384045' target='_blank'>Pedersén ANE: Jahariša (Tell Fray)</a>"
462,Iadaʾî,"Iadaʾî, Jadaʾî, Yadaʾî",–,–,–,–,town,Izalla,–,"Bagg RGTC 7 2/1: 267, Zadok, The Ethno-Linguistic character of the Jezireh and adjancent regions in the 9th–7th centuries, in Liverani (1995): 271 (6.3.6), Kessler (1980): <i>Unterzchungen zur historischen Topografie Nordmesopotamiens nach keilschriftlichen Quellen des 1. Jahrtausends v Chr.</i> TAVO Beih; B 26: 47 Anm. 205"
463,Iadburu,"Iadburu, Jadburu, Yadburu, Adburu, Jādibiri, Dibirīna, Dibirina, Idibirīna, Idibirina, Dehlorān, Dehloran, دهلران, Deh Luran, Deh Lūrān, دِه لوران, Deh Lovān, Deh Lovan, دِه لُوان, Dekhlorana",2,32.6941,47.2679,"di-bi-ri-i-na, 𒁲𒁉𒊑𒄿𒈾, i-di-bi-ri-i-na, 𒄿𒁲𒁉𒊑𒄿𒈾, LÚ.ia-ad-bu-ru, 𒇽𒅀𒀜𒁍𒊒, LÚ.KUR.ia-ad-bu-ru, 𒇽𒆳𒅀𒀜𒁍𒊒, KUR.ad-bu-ru, 𒆳𒀜𒁍𒊒, KUR.ia-a-di-bi-ri, 𒆳𒅀𒀀𒁲𒁉𒊑, KUR.ia-ad-bu-ri, 𒆳𒅀𒀜𒁍𒊑, URU.di-bi-ri-na, 𒌷𒁲𒁉𒊑𒈾",territory,"Elam, Iran, Iraq",11 C4,"Bagg RGTC 7 3/1: 307–308 (Jadburu), Helsinki Atlas: 10 (map 11 C4), Parpola Toponyms: 183 (Jadburu), Parpola Toponyms: 101 (Dibirīna), <a href='https://www.geonames.org/136702/dehloran.html' target='_blank'>Geonames: Dehlorān</a>, <a href='https://www.ucl.ac.uk/sargon/peoplegodsplaces' target='_blank'>Assyrian empire builders: Yadburu</a>, <a href='http://oracc.museum.upenn.edu/saao/cbd/qpn-x-places/onebigfile.html' target='_blank'>SAAo Glossary: Places (Yadburu [1])</a>, <a href='http://oracc.museum.upenn.edu/atae/cbd/qpn-x-places/onebigfile.html' target='_blank'>ATAE Glossary: Places (Yadburu [1])</a>, <a href='http://oracc.museum.upenn.edu/rinap/cbd/qpn-x-places/onebigfile.html' target='_blank'>RINAP Glossary: Places (Yadburu [1])</a>, <a href='http://oracc.museum.upenn.edu/riao/cbd/qpn-x-places/onebigfile.html' target='_blank'>RIAo Glossary: Places (Yadburu [1])</a>"
464,Iadnāna,"Iadnāna, Iadnana, Iadanani, Jadnana, Yadnana, Yadanana, Adnana, Alašum, Alašiya, Alasiya, Alashiya, Kittijjîm, כתיים, כִּתִּיִּֽים, Kittim, כִּתִּיִּם, כתים, Elîšâ, Elishah, אלישׁה, אֱלִישָׁ֣ה, Kýpros, Kypros, κύπρος, Insvla Cypros, Insula Cypros, Cyprus",1,35.00304,32.98791,"KUR.ad-na-na, 𒆳𒀜𒈾𒈾, KUR.ia-ad-na-na, 𒆳𒅀𒀜𒈾𒈾, KUR.ia-da-na-na, 𒆳𒅀𒁕𒈾𒈾, KUR.ia-da-na-ni, 𒆳𒅀𒁕𒈾𒉌, KUR.ia-ad-na-na-a-a, 𒆳𒅀𒀜𒈾𒈾𒀀𒀀","region, island",Levant,7 A1,"Bagg RGTC 7 1: 121–122 (Jadnana), Helsinki Atlas: 10 (map 7 A1), Parpola Toponyms: 183 (Jadnana), <a href='https://www.geonames.org/146670/cyprus.html' target='_blank'>Geonames: Cyprus</a>, <a href='https://pleiades.stoa.org/places/707498' target='_blank'>Pleiades: Cyprus (island)</a>, <a href='http://oracc.museum.upenn.edu/saao/knpp/peoplegodsplaces/index.html' target='_blank'>Knowledge and Power: Cyprus</a>, <a href='https://www.ucl.ac.uk/sargon/peoplegodsplaces' target='_blank'>Assyrian empire builders: Cyprus</a>, <a href='http://oracc.museum.upenn.edu/saao/cbd/qpn-x-places/onebigfile.html' target='_blank'>SAAo Glossary: Places (Iadnana [Cyprus])</a>, <a href='http://oracc.museum.upenn.edu/atae/cbd/qpn-x-places/onebigfile.html' target='_blank'>ATAE Glossary: Places (Iadnana [Cyprus])</a>, <a href='http://oracc.museum.upenn.edu/riao/cbd/qpn-x-places/onebigfile.html' target='_blank'>RIAo Glossary: Places (Yadnana [Cyprus])</a>, <a href='http://oracc.museum.upenn.edu/rinap/cbd/qpn-x-places/onebigfile.html' target='_blank'>RINAP Glossary: Places (Yadnana [Cyprus])</a>"
467,Iamutbal,"Iamutbal, Jamutbal, Jamutbalu, Yamutbal, Yamutbala, Yamutbali, Dēru, Jamutbalum",2,–,–,"KUR.ia-mut-ba-la, 𒆳𒅀𒄷𒄭𒁀𒆷, KUR.ia-mut-ba-li, 𒆳𒅀𒄷𒄭𒁀𒇷","region, territory","Iraq, Iran (?)",11 A3,"Bagg RGTC 7 2/1: 270 (Jamutbal(u)), Helsinki Atlas: 10 (map 11 A3), Parpola Toponyms: 184 (Jamutbal), <a href='http://oracc.museum.upenn.edu/riao/cbd/qpn-x-places/onebigfile.html' target='_blank'>RIAo Glossary: Places (Yamutbal [1])</a>, <a href='http://oracc.museum.upenn.edu/rinap/cbd/qpn-x-places/onebigfile.html' target='_blank'>RINAP Glossary: Places (Yamutbal [1])</a>"
468,Iappû,"Iappû, Iappu, Jappû, Jappu, Yappû, Yappu, Yappū, Yapu, jpj, ypy, 𐤉𐤐𐤉, Yȧfo, Yafo, יפו, יָפוֹ, Iapha, Iope, Ἰόπη, Ioppē, Ioppe, Ἰόππη, Flavia Ioppa, Japhe, Joppe, Joppa, Yāfā, Yafa, يافا, يَافَا, Jaffa, Jafa, Giaffa, Yafah, Yafo ha-‘Attiqa, Yafo Ha‘Attiqa, יפו העתיקה, Old Yafo, Tel Yafo",1,32.05405549541103,34.75264313322741,"URU.ia-ap-pu-u, 𒌷𒅀𒀊𒁍𒌋, URU.ia-ap-pu-ú, 𒌷𒅀𒀊𒁍𒌑, URU.ia-ap-pu, 𒌷𒅀𒀊𒁍, URU.ia-pu-u, 𒌷𒅀𒁍𒌋, jpj, ypy, 𐤉𐤐𐤉, jpv, ypv, יפו","seaport, city","Canaan, Isqalūna, Pilistu, Israel",7 C4,"Bagg RGTC 7 1: 124–125 (Jappû), Helsinki Atlas: 10 (map 7 C4), Parpola Toponyms: 184 (Jappû), <a href='http://jaffa.nelc.ucla.edu/' target='_blank'>The Jaffa Cultural Heritage Project (JCHP)</a>, <a href='https://zenodo.org/record/6384045' target='_blank'>Pedersén ANE: Jappû / Ioppe (Yafa)</a>, <a href='https://www.geonames.org/11594748/yafo-ha-attiqa.html' target='_blank'>Geonames: Yafo Ha‘Attiqa</a>, <a href='https://www.ancientportsantiques.com/the-catalogue/' target='_blank'>Ancient Ports: Joppe</a>, <a href='https://pleiades.stoa.org/places/687931' target='_blank'>Pleiades: Ioppe</a>, <a href='https://www.geonames.org/293253/jaffa.html' target='_blank'>Geonames: Jaffa</a>, <a href='http://oracc.museum.upenn.edu/rinap/cbd/qpn-x-places/onebigfile.html' target='_blank'>RINAP Glossary: Places (Yappu [Joppa])</a>, <a href='http://oracc.museum.upenn.edu/riao/cbd/qpn-x-places/onebigfile.html' target='_blank'>RIAo Glossary: Places (Yappu [Joppa])</a>"
469,Iasūbu,"Iasūbu, Jasūbu, Jasubu, Jašubu, Yasubu, Yasupi, Yašubu",2,–,–,"KUR.ia-su-bi, 𒆳𒅀𒋢𒁉, KUR.ia-su-pi, 𒆳𒅀𒋢𒉿, KUR.ia-su-pu, 𒆳𒅀𒋢𒁍, KUR.ia-šu-bu, 𒆳𒅀𒋗𒁍, ia-su-ba-a-a, 𒅀𒋢𒁀𒀀𒀀, KUR.ia-su-ba-a-a, 𒆳𒅀𒋢𒁀𒀀𒀀, iá-a-šu-ba-a-a, 𒐊𒀀𒋗𒁀𒀀𒀀","mountain, territory",Iran,11 A3,"Bagg RGTC 7 2/1: 272–273 (Jasubu), Helsinki Atlas: 10 (map 11 A3), Parpola Toponyms: 185 (Jasubu), <a href='http://oracc.museum.upenn.edu/saao/cbd/qpn-x-places/onebigfile.html' target='_blank'>SAAo Glossary: Places (Yasubu [1])</a>, <a href='http://oracc.museum.upenn.edu/saao/cbd/qpn-x-places/onebigfile.html' target='_blank'>SAAo Glossary: Places (Yasubu [Mount Yasubu])</a>, <a href='http://oracc.museum.upenn.edu/riao/cbd/qpn-x-places/onebigfile.html' target='_blank'>RIAo Glossary: Places (Yasubu [Mount Yasubu])</a>, <a href='http://oracc.museum.upenn.edu/atae/cbd/qpn-x-places/onebigfile.html' target='_blank'>ATAE Glossary: Places (Yasubu [Mount Yasubu])</a>, <a href='http://oracc.museum.upenn.edu/atae/cbd/qpn-x-ethnic/onebigfile.html' target='_blank'>ATAE Glossary: Ethnic Names (Yasubaya [of Yasubu])</a>, <a href='http://oracc.museum.upenn.edu/saao/cbd/qpn-x-ethnic/onebigfile.html' target='_blank'>SAAo Glossary: Ethnic Names (Yasubaya [of Yasubu])</a>, <a href='http://oracc.museum.upenn.edu/saao/cbd/qpn-x-ethnic/onebigfile.html' target='_blank'>SAAo Glossary: Ethnic Names (Yašubaya [1])</a>"
470,Iasūmu,"Iasūmu, Jasūmu, Jasumu, Jasume, Yasume, Yasumu, Jašūmu, Sūmu, Aisūmas, Aisoumas, Ašūmā, Karacadağ, Karaca Dağ, Karacalı Dağ",2,37.7114291,39.8290462,"KUR.ia-su-me, 𒆳𒅀𒋢𒈨","mountain, mountains, territory",Turkey,3 C3,"Bagg RGTC 7 2/1: 273–274 (Jasume 2), Helsinki Atlas: 10 (map 3 C3), Parpola Toponyms: 185–186 (Jasumu), <a href='https://pleiades.stoa.org/places/874308' target='_blank'>Pleiades: Aisoumas (mountain)</a>, <a href='https://www.geonames.org/310165/karaca-dag.html' target='_blank'>Geonames: Karaca Dağ</a>, <a href='https://www.ucl.ac.uk/sargon/peoplegodsplaces' target='_blank'>Assyrian empire builders: Yasumu</a>, <a href='http://oracc.museum.upenn.edu/saao/cbd/qpn-x-places/onebigfile.html' target='_blank'>SAAO Glossary: Places (Yasume [Mount Yasume])</a>, <a href='http://oracc.museum.upenn.edu/saao/cbd/qpn-x-places/onebigfile.html' target='_blank'>SAAO Glossary: Places (Yasumu [1])</a>, <a href='http://oracc.museum.upenn.edu/atae/cbd/qpn-x-places/onebigfile.html' target='_blank'>ATAE Glossary: Places (Yasume [Mount Yasume])</a>"
472,Iaʾūdu,"Iaʾūdu, Jaʾūdu, Yehūdā, Judah",1,–,–,–,"territory, country",Israel,14 B2,Helsinki Atlas: 10 (map 14 B2)
465,Iaḫariša,"Iaḫariša, Iahariša, Jaḫariša, Jahariša, Tall Fray, Tell Fray, Tall Furayy, Tall al-Fray, Tall al Furayy, Tell el Frei, تل الفري",–,35.903544553031,38.38419848613498,–,city,Syria,–,"<a href='https://zenodo.org/record/6384045' target='_blank'>Pedersén ANE: Jahariša (Tell Fray)</a>, <a href='https://zenodo.org/record/5217600' target='_blank'>CIGS: Tall Fray</a>, <a href='https://pleiades.stoa.org/places/687315572' target='_blank'>Pleiades: Tall Fray</a>, <a href='https://books.openedition.org/cdf/4487' target='_blank'>MTT I/3: Tall Fray (HIGEOMES Nr. 41)</a>, <a href='https://www.geonames.org/170343/tall-al-furayy.html' target='_blank'>Geonames: Tall al Furayy</a>"
466,Iaḫdik,"Iaḫdik, Iahdik, Jaḫdik, Jahdik, Yaḫdik, Yahdik",–,–,–,"URU.ia-aḫ-di-ik, 𒌷𒅀𒄴𒁲𒅅",city,"Elam (?), Iran",–,"<a href='http://oracc.museum.upenn.edu/atae/cbd/qpn-x-places/onebigfile.html' target='_blank'>ATAE Glossary: Places (Yahdik)</a>, <a href='http://oracc.museum.upenn.edu/saao/cbd/qpn-x-places/onebigfile.html' target='_blank'>SAAo Glossary: Places (Yahdik)</a>"
471,Iaṭbite,"Iaṭbite, Jaṭbite, Yaṭbite, Iōtapata, Jotapata, Yodefat, Yodfat, Ḫirbat Šifāt",–,32.836897,35.2736,–,city,"Israel, Galilea",–,RGTC 7/1: 127
473,Ibatuni,"Ibatuni, Ibatuna",–,–,–,"LÚ.i-ba-tú-na, 𒇽𒄿𒁀𒌓𒈾",ethnic,"Babylonia (?), Iraq (?)",–,"Parpola Toponyms: 171, <a href='http://oracc.museum.upenn.edu/saao/cbd/qpn-x-ethnic/onebigfile.html' target='_blank'>SAAo Glossary: Ethnic (Ibatuna)</a>"
1335,Ibrat,"Ibrat, Iabrad, Jabrad, al-Kūt, Al-Kut, Al Kūt, Al Kut, الكوت, Kūt al-ʿAmāra, Kūt al ‘Amārah, Kut al Amara, Kut al Amarah, Kūt al-Imāra, Kut al Imāra, Kut al Imara, كوت العمارة",5,32.5128,45.81817,"URU.ib-rat, 𒌷𒅁𒋥",fortress,"Rāši, Iraq",–,"Bagg RGTC 7 3/1: 294, Parpola Toponyms: 171–172, <a href='https://publikationen.badw.de/de/rla/index' target='_blank'> RlA 5: 129–130 (Jabrat/Ibrat)</a>, <a href='https://www.geonames.org/99131/al-kut.html' target='_blank'>Geonames: Al Kūt</a>, <a href='http://oracc.museum.upenn.edu/rinap/cbd/qpn-x-places/onebigfile.html' target='_blank'>RINAP Glossary: Places (Ibrat [1])</a>, <a href='http://oracc.museum.upenn.edu/riao/cbd/qpn-x-places/onebigfile.html' target='_blank'>RIAo Glossary: Places (Ibrat [1])</a>"
474,Idide,"Idide, Idid, Nār-Ḫudḫud, Hudhud, Hithite, Kopratas, Koprates, Āb-e Dez, Ab-e Dez, آب دز, Rūd-e Dez, Rud-e Dez, Rūdkhāneh-ye Dez, Rudkhaneh-ye Dez, رودخانه دز, Rūdkhāneh-ye Sazār, Rudkhaneh-ye Sazar, Rūdkhāneh-ye Sezār, Rudkhaneh-ye Sezar, رودخانه سزار, Rūdkhāneh-ye Āb-e Dez, Rudkhaneh-ye Ab-e Dez, رودخانه آب دز",2,32.09766,48.49975,"ÍD.id-id-e, 𒀀𒇉𒀉𒀉𒂊",river,"Elam, Iran",17 A1,"Bagg RGTC 7 3/2: 750, Helsinki Atlas: 10 (map 17 A1), Parpola Toponyms: 172 (Idid), <a href='https://www.geonames.org/31931/rudkhaneh-ye-dez.html' target='_blank'>Geonames: Rūdkhāneh-ye Dez</a>, <a href='https://www.geonames.org/6746409/rudkhaneh-ye-ab-e-dez.html' target='_blank'>Geonames: Rūdkhāneh-ye Āb-e Dez</a>, <a href='https://www.geonames.org/116140/rudkhaneh-ye-sezar.html' target='_blank'>Geonames: Rūdkhāneh-ye Sezār</a>, <a href='https://www.geonames.org/136273/rudkhaneh-ye-dez.html' target='_blank'>Geonames: Rūdkhāneh-ye Dez</a>, <a href='https://pleiades.stoa.org/places/912835' target='_blank'>Pleiades: Dez/Hithite/Hudhud/Koprates? (river)</a>, <a href='http://oracc.museum.upenn.edu/riao/cbd/qpn-x-waters/onebigfile.html' target='_blank'>RIAo Glossary: Watercourses (Idide [1])</a>, <a href='http://oracc.museum.upenn.edu/rinap/cbd/qpn-x-waters/onebigfile.html' target='_blank'>RINAP Glossary: Watercourses (Idide [1])</a>"
475,Idu,"Idu, Īdu, Ida, Satu Qala, Tall Sātu Qala, Sātū Qalā, ساتو قلا",1,35.874,44.6965,"URU.i-du, 𒌷𒄿𒁺, KUR.i-da-a-a, 𒆳𒄿𒁕𒀀𒀀, URU.i-da-a-a, 𒌷𒄿𒁕𒀀𒀀","town, fortress, region, country","Māzamua, Iraq",11 B1 (obsolete),"Bagg RGTC 7 2/1: 242, Bagg RGTC 7 3/2: 620 (Zamua), Parpola Toponyms: 72 (Ida; Idu), Helsinki Atlas: 10 (map 11 B1; Idu  (region)), <a href='https://zenodo.org/record/6384045' target='_blank'>Pedersén ANE: Idu (Satu Qala)</a>, <a href='https://zenodo.org/record/5217600' target='_blank'>CIGS: Idu / Sātū Qalā</a>, <a href='http://oracc.museum.upenn.edu/riao/cbd/qpn-x-places/onebigfile.html' target='_blank'>RIAo Glossary: Places (Idu)</a>, <a href='http://oracc.museum.upenn.edu/riao/cbd/qpn-x-ethnic/onebigfile.html' target='_blank'>RIAo Glossary: Ethnic (Idayu)</a>"
478,Ilan-ṣura,"Ilan-ṣura, Ilan-ṣur, Ilan-ṣurra, Ilanṣura, Ilansura, Ilanṣurā, Ilanzura, Tall Farfarā, Tall Farfara, Tell Farfara, تل فرفرة, Tall Sharisi (?), Tall Šarīšī (?), تل شرشي",4,36.82263255254318,41.33237455299481,–,"city, country",Syria,–,"<a href='https://zenodo.org/record/6384045' target='_blank'>Pedersén ANE: Ilansura? (Tell Farfara)</a>, <a href='https://books.openedition.org/cdf/4393' target='_blank'>MTT I/1: ILAN-ṢURA (HIGEOMES Nr. 283 or HIGEOMES Nr. 284)</a>, <a href='https://books.openedition.org/cdf/4487' target='_blank'>MTT I/3: Sharisi, Tall (HIGEOMES Nr. 283)</a>, <a href='https://books.openedition.org/cdf/4487' target='_blank'>MTT I/3: Farfara, Tall (HIGEOMES Nr. 284)</a>, <a href='https://publikationen.badw.de/de/rla/index' target='_blank'> RlA 5: 49 (Ilanṣurā/Ilanzura)</a>"
479,Ilgie,"Ilgie, Ilgê, Ilzi",–,–,–,"URU.il-gi-e, 𒌷𒅋𒄀𒂊",town,"Balīḫ basin (?), Syria (?)",–,"Bagg RGTC 7 2/1: 243, Parpola Toponyms: 173 (Ilzi), <a href='http://oracc.museum.upenn.edu/atae/cbd/qpn-x-places/onebigfile.html' target='_blank'>ATAE Glossary: Places (Ilge)</a>, <a href='http://oracc.museum.upenn.edu/saao/cbd/qpn-x-places/onebigfile.html' target='_blank'>SAAo Glossary: Places (Ilge)</a>"
481,Ilimmer,"Ilimmer, Ilimmeru, Illimmeru, Ilimeru, Ilimeri, Mila Mergi, Millet Mergi, Zaw-e Dağ",1,37.006,42.9136,"KUR.i-li-im-me-ru, 𒆳𒄿𒇷𒅎𒈨𒊒, KUR.i-li-me-ru, 𒆳𒄿𒇷𒈨𒊒","mountain, monument","Ulluba, Birāti, Iraq",4 B4,"Bagg RGTC 7 2/1: 244 (Ilimmeru), Helsinki Atlas: 10 (map 4 B4), Parpola Toponyms: 173, <a href='https://zenodo.org/record/5217600' target='_blank'>CIGS: Mila Mergi</a>, <a href='https://pleiades.stoa.org/places/649834357' target='_blank'>Pleiades: Mila Mergi</a>, <a href='https://www.geonames.org/446062/khara-ib-mirki.html' target='_blank'>Geonames: Kharā’ib Mīrkī</a>, <a href='http://oracc.museum.upenn.edu/riao/cbd/qpn-x-places/onebigfile.html' target='_blank'>RIAo Glossary: Places (Ilimmeru [Mount Ilimmeru])</a>, <a href='http://oracc.museum.upenn.edu/rinap/cbd/qpn-x-places/onebigfile.html' target='_blank'>RINAP Glossary: Places (Ilimmeru [Mount Ilimmeru])</a>"
482,Ilištamʾu,"Ilištamʾu, Ilištam'u, Ilištamu, Şiţāmū, Şaţāmū, صطامو, Sitamu, Siţāmū, Sţāmū, Stamo, Satamu, Stamu, سطامو",4,35.48424762911632,35.91583999974111,–,town,Syria,–,"<a href='https://zenodo.org/record/6384045' target='_blank'>Pedersén ANE: Ilištam'u? (Stamo)?</a>, <a href='https://www.geonames.org/164032/sitamu.html' target='_blank'>Geonames: Şiţāmū</a>"
483,Illubru,"Illubru, Illubri, Ilipra, Ellibir (?), Olymbros, Lampron, Namrun, Namrun Kalesi",1,37.16704,34.60218,"URU.il-lu-ub-ri, 𒌷𒅋𒇻𒌒𒊑, URU.il-lu-ub-ru, 𒌷𒅋𒇻𒌒𒊒",city,"Quwê, Ḫilakku (?), Turkey",1 D4,"Bagg RGTC 7 1: 114, Helsinki Atlas: 10 (map 1 D4), Parpola Toponyms: 173, <a href='https://www.geonames.org/10632458/namrun-kalesi.html' target='_blank'>Geonames: Namrun Kalesi</a>, <a href='https://pleiades.stoa.org/places/911351382' target='_blank'>Pleiades: Illubru</a>, <a href='http://oracc.museum.upenn.edu/rinap/cbd/qpn-x-places/onebigfile.html' target='_blank'>RINAP Glossary: Places (Illubru [1])</a>, <a href='http://oracc.museum.upenn.edu/riao/cbd/qpn-x-places/onebigfile.html' target='_blank'>RIAo Glossary: Places (Illubru [1])</a>"
480,Ilḫini,"Ilḫini, Ilhini",–,–,–,"URU.il-ḫi-ni, 𒌷𒅋𒄭𒉌",town,"Gūzāna province, Syria (?), Turkey (?)",–,"Bagg RGTC 7 2/1: 244, Parpola Toponyms: 172–173, <a href='https://www.ucl.ac.uk/sargon/peoplegodsplaces' target='_blank'>Assyrian empire builders: Ilhini</a>, <a href='http://oracc.museum.upenn.edu/atae/cbd/qpn-x-places/onebigfile.html' target='_blank'>ATAE Glossary: Places (Ilhini)</a>, <a href='http://oracc.museum.upenn.edu/saao/cbd/qpn-x-places/onebigfile.html' target='_blank'>SAAo Glossary: Places (Ilhini)</a>"
484,Imgur-Illil,"Imgur-Illil, Imgur-Enlil, Imgur-Bēl, Ḫigi-Bēl, Balāwāt, Balawāt, Balawat, بلاوات",1,36.22944819752733,43.40326615174627,"im-gur-<sup>d</sup>BE, 𒅎𒄥𒀭𒁁, <sup>d</sup>im-gúr-<sup>d</sup>BE, 𒀭𒅎𒃵𒀭𒁁, URU.im-gúr-<sup>d</sup>BE, URU.im-gúr-<sup>d</sup>BAD, 𒌷𒅎𒃵𒀭𒁁, URU.im-gur-<sup>d</sup>BAD, 𒌷𒅎𒄥𒀭𒁁",town,"Assyria, Iraq",4 C5,"Bagg RGTC 7 2/1: 245–246 (Imgur-Enlil), Helsinki Atlas: 11 (map 4 C5), Parpola Toponyms: 173 (Imgur-Bēl), Parpola Toponyms: 161 (Ḫigi-Bēl), <a href='https://zenodo.org/record/6384045' target='_blank'>Pedersén ANE: Imgur-Enlil (Balawat)</a>, <a href='https://zenodo.org/record/5217600' target='_blank'>CIGS: Imgur-Enlil (mod. Balawat)</a>, <a href='https://pleiades.stoa.org/places/924247288' target='_blank'>Pleiades: Balāwāt</a>, <a href='https://www.geonames.org/12061457/balawat.html' target='_blank'>Geonames: Balāwāt</a>, <a href='http://oracc.museum.upenn.edu/riao/cbd/qpn-x-places/onebigfile.html' target='_blank'>RIAo Glossary: Places (Imgur-Enlil [Balawat])</a>, <a href='http://oracc.museum.upenn.edu/saao/cbd/qpn-x-places/onebigfile.html' target='_blank'>SAAo Glossary: Places (Imgur-Enlil [Balawat])</a>, <a href='http://oracc.museum.upenn.edu/atae/cbd/qpn-x-places/onebigfile.html' target='_blank'>ATAE Glossary: Places (Imgur-Enlil [Balawat])</a>, <a href='http://oracc.museum.upenn.edu/saao/cbd/qpn-x-places/onebigfile.html' target='_blank'>SAAo Glossary: Places (Imgur-Illil [Balawat])</a>, <a href='http://oracc.museum.upenn.edu/atae/cbd/qpn-x-places/onebigfile.html' target='_blank'>ATAE Glossary: Places (Imgur-Illil [Balawat])</a>"
485,Immiu,"Immiu, Immiḫa, Immiha, Ammiya, ʿAmyūn, Amyūn, Amyun, Amioûn, Amioun, أميون, Ummu (?), ʿmʾ (?), Imma (?), Yenişehir (?), Yenisehir (?), Yen Chehir (?), El Birke (?)",1,34.3,35.80889,"URU.im-mi-i-ḫa, 𒌷𒅎𒈪𒄿𒄩, URU.im-mi-u, 𒌷𒅎𒈪𒌋",city,"Ḫamāt, Lebanon, Turkey (?)",8 A2,"Bagg RGTC 7 1: 114–115, Helsinki Atlas: 11 (map 8 A2), Parpola Toponyms: 174, Parpola Toponyms: 173 (Immiḫa), <a href='https://www.geonames.org/278936/amioun.html' target='_blank'>Geonames: Amioûn</a>, <a href='https://www.geonames.org/296941/yenisehir.html' target='_blank'>Geonames: Yenişehir</a>, <a href='https://pleiades.stoa.org/places/658486' target='_blank'>Pleiades: Imma</a>, <a href='https://www.ucl.ac.uk/sargon/peoplegodsplaces' target='_blank'>Assyrian empire builders: Immiu</a>, <a href='http://oracc.museum.upenn.edu/atae/cbd/qpn-x-places/onebigfile.html' target='_blank'>ATAE Glossary: Places (Immiu [1])</a>, <a href='http://oracc.museum.upenn.edu/saao/cbd/qpn-x-places/onebigfile.html' target='_blank'>SAAo Glossary: Places (Immiu [1])</a>"
486,Ingirâ,"Ingirâ, Ingira, Anchiale, Anchialeia, Zephyrion, Hadrianopolis, al-Qalamīya, Yümük Tepesi, Yumuktepe, Yümüktepe, Yumru Tepesi, Kazanlı (?), Aulai (?), Aulae (?)",1,36.80123,34.60406,"URU.in-gi-ra-a, 𒌷𒅔𒄀𒊏𒀀",city,"Quwê (?), Ḫilakku (?), Turkey",1 D4,"Bagg RGTC 7 1: 115, Helsinki Atlas: 11 (map 1 D4), Parpola Toponyms: 174, <a href='https://www.geonames.org/296140/yumru-tepesi.html' target='_blank'>Geonames: Yumru Tepesi</a>, <a href='https://www.ancientportsantiques.com/the-catalogue/' target='_blank'>Ancient Ports: Anchialeia</a>, <a href='https://pleiades.stoa.org/places/648555' target='_blank'>Pleiades: Mersin-Yumuktepe</a>, <a href='https://pleiades.stoa.org/places/648810' target='_blank'>Pleiades: Zephyrion/Hadrianopolis</a>, <a href='https://www.geonames.org/308436/kazanli.html' target='_blank'>Geonames: Kazanlı</a>, <a href='https://www.ancientportsantiques.com/the-catalogue/' target='_blank'>Ancient Ports: Aulai (Kazanli)</a>, <a href='http://oracc.museum.upenn.edu/rinap/cbd/qpn-x-places/onebigfile.html' target='_blank'>RINAP Glossary: Places (Ingira [1])</a>, <a href='http://oracc.museum.upenn.edu/riao/cbd/qpn-x-places/onebigfile.html' target='_blank'>RIAo Glossary: Places (Ingira [1])</a>"
487,Inimme,"Inimme, Leontōnpolis, Leontonpolis, an-Nāʿama, en-Nāʿima, Naameh, ناعمة",1,33.747951456342,35.451357135522,"URU.in-im-me, 𒌷𒅔𒅎𒈨",town,"Phoenicia, Sīdūnu, Lebanon",8 A3,"Bagg RGTC 7 1: 115–116, Helsinki Atlas: 11 (map 8 A3), Parpola Toponyms: 175, <a href='https://www.geonames.org/7839998/naameh.html' target='_blank'>Geonames: Naameh</a>, <a href='https://www.ancientportsantiques.com/the-catalogue/' target='_blank'>Ancient Ports: Leontonpolis</a>, <a href='http://oracc.museum.upenn.edu/rinap/cbd/qpn-x-places/onebigfile.html' target='_blank'>RINAP Glossary: Places (Inimme [1])</a>, <a href='http://oracc.museum.upenn.edu/riao/cbd/qpn-x-places/onebigfile.html' target='_blank'>RIAo Glossary: Places (Inimme [1])</a>"
488,Innaia,"Innaia, Innaja, Innaya, Qasemlua, Branduz çay, Bārāndūz Čāy, Bārāndūz Chāy, Baranduz Chay, باراندوز چای, Āb-e Barāndūz, Ab-e Baranduz, Baranduz Rūd, Baranduz Rud, Rūdkhāneh-ye Barāndūz Chāy, Rudkhaneh-ye Baranduz Chay",–,37.40821,45.280495,"ÍD.in-na-a-a, 𒀀𒇉𒅔𒈾𒀀𒀀",river,"Urarṭu, Iran, West Azerbaijan",4 E4,"Bagg RGTC 7 3/2: 751 (Innaja), Helsinki Atlas: 11 (map 4 E4), Parpola Toponyms: 175 (Innaja), <a href='https://www.geonames.org/141417/baranduz-chay.html' target='_blank'>Geonames: Bārāndūz Chāy</a>, <a href='http://oracc.museum.upenn.edu/riao/cbd/qpn-x-waters/onebigfile.html' target='_blank'>RIAo Glossary: Watercourses (Innaya [1])</a>, <a href='http://oracc.museum.upenn.edu/rinap/cbd/qpn-x-waters/onebigfile.html' target='_blank'>RINAP Glossary: Watercourses (Innaya [1])</a>"
489,Irbû,"Irbû, Irbu, Irbuāja, Irbayu, Irbaya, Irbuaya",–,–,–,"URU.ir-ba-a-a, 𒌷𒅕𒁀𒀀𒀀, URU.ir-bu-u-a-a, 𒌷𒅕𒁍𒌋𒀀𒀀",town,"Assyria, Siʾimmê province (?), Iraq",–,"Bagg RGTC 7 2/1: 248–249, Parpola Toponyms: 175 (Irbuāja), <a href='http://oracc.museum.upenn.edu/atae/cbd/qpn-x-ethnic/onebigfile.html' target='_blank'>ATAE Glossary: Ethnic Names (Irbayu [of Irbu])</a>, <a href='http://oracc.museum.upenn.edu/saao/cbd/qpn-x-ethnic/onebigfile.html' target='_blank'>SAAo Glossary: Ethnic Names (Irbayu [of Irbu])</a>, <a href='http://oracc.museum.upenn.edu/saao/cbd/qpn-x-ethnic/onebigfile.html' target='_blank'>SAAo Glossary: Ethnic Names (Irbuaya [from Irbu])</a>, <a href='http://oracc.museum.upenn.edu/saao/cbd/qpn-x-ethnic/onebigfile.html' target='_blank'>SAAo Glossary: Ethnic Names (Irbuaya [of Irbu])</a>, <a href='http://oracc.museum.upenn.edu/atae/cbd/qpn-x-ethnic/onebigfile.html' target='_blank'>ATAE Glossary: Ethnic Names (Irbuaya [of Irbu])</a>"
490,Irgilli,"Irgilli, Irkilli, Tell Irjil, Arjul, Ardjel, Arjel, ارجل",4,35.84845969912327,37.22539086454103,–,town,Syria,–,"<a href='https://zenodo.org/record/6384045' target='_blank'>Pedersén ANE: Irgilli? (Tell Irjil)</a>, <a href='https://www.geonames.org/172991/arjul.html' target='_blank'>Geonames: Arjul</a>"
1071,Irinniḫ,Irinniḫ,–,–,–,"URU.i-ri-in-ni-iḫ, 𒌷𒄿𒊑𒅔𒉌𒄴",town,"Central Assyria, Kalḫu province (?), Iraq",–,Bagg RGTC 7 2/1: 249
1171,Iritu,Iritu,–,–,–,"URU.i-ri-tu, 𒌷𒄿𒊑𒌅",fortified city,"Māzamua, Zamru, Iraq",–,"Bagg RGTC 7 3/1: 297, Parpola Toponyms: 175, <a href='http://oracc.museum.upenn.edu/riao/cbd/qpn-x-places/onebigfile.html' target='_blank'>RIAo Glossary: Places (Iritu)</a>"
491,Irrita,"Irrita, Oylum, Oylum Höyük",–,36.69863585889186,37.17902811024835,–,–,Turkey,–,"<a href='https://zenodo.org/record/6384045' target='_blank'>Pedersén ANE: Irrita (Oylum Höyük)</a>, <a href='https://zenodo.org/record/5217600' target='_blank'>CIGS: Oylum Höyük</a>, <a href='https://pleiades.stoa.org/places/275382665' target='_blank'>Pleiades: Oylum</a>"
493,Isin,"Isin, Insin, Išin, Isina, Išān Baḥriyāt, Ishān Baḥrīyāt, Ishan Bahriyat, إشان نحريات, Išān al-Baḥriyāt, Tall Baḩrīyāt, Tall Bahriyat, تل بحريات",1,31.88437701508951,45.26937063450065,"PA.ŠE.KI, 𒉺𒊺𒆠, PA.TE.SI.KI, 𒉺𒋼𒋛𒆠",city,"Babylonia, Iraq",16 A2,"Bagg RGTC 7 3/1: 299, Helsinki Atlas: 11 (map 16 A2), Parpola Toponyms: 176–177, <a href='https://zenodo.org/record/6384045' target='_blank'>Pedersén ANE: Isin (Ishan Bahriyat)</a>, <a href='https://zenodo.org/record/5217600' target='_blank'>CIGS: Isin/Ishān Baḥrīyāt</a>, <a href='https://www.geonames.org/6731770/tall-bahriyat.html' target='_blank'>Geonames: Tall Baḩrīyāt</a>, <a href='https://pleiades.stoa.org/places/912868' target='_blank'>Pleiades: Isin</a>, <a href='http://oracc.museum.upenn.edu/saao/cbd/qpn-x-places/onebigfile.html' target='_blank'>SAAo Glossary: Places (Isin [1])</a>, <a href='http://oracc.museum.upenn.edu/atae/cbd/qpn-x-places/onebigfile.html' target='_blank'>ATAE Glossary: Places (Isin [1])</a>"
1277,Isiḫimme,"Isiḫimme, Isihimme, Šḥīm, Shḩīm, Shhim, Shaḩīm, Shahim, Shʿim, Chhîm, Chhim, Chehim, شحيم",–,33.62133,35.48698,"URU.i-si-hi-im-me, 𒌷𒄿𒋛𒄭𒅎𒈨",town,"Phoenicia, Ṣīdūnu, Lebanon",–,"Bagg RGTC 7 1: 117, Parpola Toponyms: 176, <a href='https://www.geonames.org/267468/chhim.html' target='_blank'>Geonames: Chhîm</a>, <a href='https://gaialab.terrawatchers.org/DAAHL/Home.php' target='_blank'>DAAHL: Shʿim</a>, <a href='http://oracc.museum.upenn.edu/riao/cbd/qpn-x-places/onebigfile.html' target='_blank'>RIAo Glossary: Places (Isihimme [1])</a>, <a href='http://oracc.museum.upenn.edu/rinap/cbd/qpn-x-places/onebigfile.html' target='_blank'>RINAP Glossary: Places (Isihimme [1])</a>"
1283,Ismeani,Ismeani,–,–,–,"URU.is-me-a-ni, 𒌷𒄑𒈨𒀀𒉌",town,"Assyria, Nineveh province (?), Iraq",–,"Bagg RGTC 7 2/1: 253, <a href='https://oracc.museum.upenn.edu/atae/szibaniba/P282764' target='_blank'>Billa 083</a>"
494,Ispallurê,"Ispallurê, Išpallurê, Ispallure, Išpaluri, Isphrium, Siphrios, Siphrius, Rabat Kalesi, Rebet Kalesi, Rebat Kalesi, Rebat Fortress",–,37.404324,40.198654,"URU.is-pal-lu-re-e, 𒌷𒄑𒁄𒇻𒊑𒂊, URU.iš-pa-lu-ri, 𒌷𒅖𒉺𒇻𒊑, URU.is-pal-lu-ra-a-a, 𒌷𒄑𒁄𒇻𒊏𒀀𒀀",town,"Izalla, Turkey",–,"Bagg RGTC 7 2/1: 253, Parpola Toponyms: 177, <a href='https://vici.org/vici/30421/' target='_blank'>Vici.org: Rebat Fortress (Siphrios)</a>, <a href='https://pleiades.stoa.org/places/874701' target='_blank'>Pleiades: Siphrios</a>, <a href='http://imperium.ahlfeldt.se/places/41331.html' target='_blank'>DARE: Siphrios (Rabat Kalesi)</a>, <a href='http://oracc.museum.upenn.edu/saao/cbd/qpn-x-places/onebigfile.html' target='_blank'>SAAo Glossary: Places (Ispallure [1])</a>, <a href='http://oracc.museum.upenn.edu/atae/cbd/qpn-x-places/onebigfile.html' target='_blank'>ATAE Glossary: Places (Ispallure [1])</a>, <a href='http://oracc.museum.upenn.edu/atae/cbd/qpn-x-places/onebigfile.html' target='_blank'>ATAE Glossary: Places (Išpaluri [1])</a>"
1289,Isparirra,"Isparirra, Išparirra, Išparira, Tall Dairik, Tell Derek, Tall Dayrij, تل ديرج",–,36.49103073922282,43.21036664867358,"URU.is-pa-ri-ir-ra, 𒌷𒄑𒉺𒊑𒅕𒊏, URU.iš-pa-ri-ra, 𒌷𒅖𒉺𒊑𒊏",town,"Assyria, Iraq",–,"Bagg RGTC 7 2/1: 253–254, Parpola Toponyms: 177, <a href='https://zenodo.org/record/6384045' target='_blank'>Pedersén ANE: (Tell Derek)?</a>, <a href='https://www.geonames.org/6860591/qaryat-dayrij.html' target='_blank'>Geonames: Qaryat Dayrij</a>, <a href='http://oracc.museum.upenn.edu/rinap/cbd/qpn-x-places/onebigfile.html' target='_blank'>RINAP Glossary: Places (Isparirra [1])</a>, <a href='http://oracc.museum.upenn.edu/riao/cbd/qpn-x-places/onebigfile.html' target='_blank'>RIAo Glossary: Places (Isparirra [1])</a>, <a href='http://oracc.museum.upenn.edu/atae/cbd/qpn-x-places/onebigfile.html' target='_blank'>ATAE Glossary: Places (Išparita [1])</a>"
495,Isqalūna,"Isqalūna, Isqaluna, Isqalluna, Isqallūna, Išqallūnu, Ašqalūna, Ašqaluna, Asqalūna, Asqaluna, Ašqulūna, Ašquluna, ʾśqln, ʾšqlnj, Ashqelon, Ashkelon, Ashcalon, Askalōn, Askalon, Ἀσκάλων, Ascalon, ʿAsqalān, Ašqelôn, ʾašq<sup>e</sup>lôn, אַשְׁקְלוֹן, ʿAsqalān, عسقلان, Dioklētianoupolis, Peleia, Sariphaia, Migdal Gȧd, Ḫirbat Miǧdalit, Tēl Ašq<sup>e</sup>lon",1,31.66425692863421,34.54732370196898,"URU.is-qa-al-lu-na, 𒌷𒄑𒋡𒀠𒇻𒈾, URU.is-qà-al-lu-na, 𒌷𒄑𒀠𒇻𒈾, URU.is-qa-lu-na, 𒌷𒄑𒋡𒇻𒈾, URU.iš-qa-lu-ni, 𒌷𒅖𒋡𒇻𒉌, URU.iš-qa-lu-ú-ni, 𒌷𒅖𒋡𒇻𒌑𒉌, KUR.as-qa-lu-na-a-a, 𒆳𒊍𒋡𒇻𒈾𒀀𒀀, KUR.is-qa-lu-na-a-a, 𒆳𒄑𒋡𒇻𒈾𒀀𒀀, אַשְׁקְלוֹן, 𐤀𐤎𐤒𐤋𐤍‎, 𐤔𐤒𐤋𐤍𐤉‎𐤀","capital, seaport","Pilistu, Palestine, Israel",7 C5,"Bagg RGTC 7 1: 117–118, Helsinki Atlas: 11 (map 7 C5), Parpola Toponyms: 177, <a href='https://zenodo.org/record/6384045' target='_blank'>Pedersén ANE: Ašqaluna / Isqaluna / Ashqelon</a>, <a href='https://zenodo.org/record/5217600' target='_blank'>CIGS: Isqalluna / Ashqelon / Isqalluna (mod. Ashkelon)</a>, <a href='https://pleiades.stoa.org/places/687839' target='_blank'>Pleiades: Ashqelon / Ascalon</a>, <a href='http://oracc.museum.upenn.edu/saao/knpp/peoplegodsplaces/index.html' target='_blank'>Knowledge and Power: Ashkelon</a>, <a href='http://oracc.museum.upenn.edu/atae/cbd/qpn-x-places/onebigfile.html' target='_blank'>ATAE Glossary: Places</a>, <a href='http://oracc.museum.upenn.edu/saao/cbd/qpn-x-places/onebigfile.html' target='_blank'>SAAo Glossary: Places</a>, <a href='http://oracc.museum.upenn.edu/riao/cbd/qpn-x-places/onebigfile.html' target='_blank'>RIAo Glossary: Places</a>, <a href='http://oracc.museum.upenn.edu/rinap/cbd/qpn-x-places/onebigfile.html' target='_blank'>RINAP Glossary: Places</a>, <a href='http://oracc.museum.upenn.edu/riao/cbd/qpn-x-ethnic/onebigfile.html' target='_blank'>RIAo Glossary: Ethnic</a>, <a href='http://oracc.museum.upenn.edu/rinap/cbd/qpn-x-ethnic/onebigfile.html' target='_blank'>RINAP Glossary: Ethnic</a>"
496,Issēte,"Issētu, Issetu, Issēte, Issete, Issutu, Anatu, Šaqlāwa, Šaqlawa, Shaqlāwah, Shaqlawa, شقلاوة, Qaḑā’ Shaqlāwah, قضاء شقلاوة, Qeza-î Sheqławe, Qeza-i Sheqlawe, قەزاى شەقڵاوە",4,36.39676,44.3443,"URU.1-te, 𒌷𒁹𒋼, URU.1-tú, 𒌷𒁹𒌓, URU.PÚ-te, 𒌷𒇥𒋼",town,"Assyria, Iraq",4 D5,"Bagg RGTC 7 2/1: 254–255 (Issētu), Bagg RGTC 7 3/2: 966 (add. to RGTC 7/2), Helsinki Atlas: 11 (map 4 D5), Parpola Toponyms: 18–19 (Anatu), <a href='https://www.geonames.org/9166591/shaqlawa.html' target='_blank'>Geonames: Shaqlawa</a>, <a href='http://oracc.museum.upenn.edu/saao/knpp/peoplegodsplaces/index.html' target='_blank'>Knowledge and Power: Issete</a>, <a href='https://www.ucl.ac.uk/sargon/peoplegodsplaces' target='_blank'>Assyrian empire builders: Issete</a>, <a href='http://oracc.museum.upenn.edu/saao/cbd/qpn-x-places/onebigfile.html' target='_blank'>SAAo Glossary: Places (Issete [1])</a>, <a href='http://oracc.museum.upenn.edu/saao/cbd/qpn-x-places/onebigfile.html' target='_blank'>SAAo Glossary: Places (Issetu [1])</a>, <a href='http://oracc.museum.upenn.edu/atae/cbd/qpn-x-places/onebigfile.html' target='_blank'>ATAE Glossary: Places (Issetu [1])</a>"
497,Istuanda,"Istuanda, Ištuanda, Ištunda, Patuanda, Wištawanda, Wasutuwanda, Wašutuwanta, Wašuduwanda",3,37.666667,34.333333,"URU.is-tu-an-da-a-a, 𒌷𒄑𒌅𒀭𒁕𒀀𒀀, URU.iš-tu-un-da-a-a, 𒌷𒅖𒌅𒌦𒁕𒀀𒀀, KUR.iš-tu-un-di-a-a, 𒆳𒅖𒌅𒌦𒁲𒀀𒀀","city, country","Tabālu, Turkey",1 D3,"Bagg RGTC 7 1: 119 (Ištunda), Helsinki Atlas: 11 (map 1 D3), Parpola Toponyms: 179 (Ištunda), <a href='https://pleiades.stoa.org/places/405745229' target='_blank'>Pleiades: Ištunda</a>, <a href='https://www.ucl.ac.uk/sargon/peoplegodsplaces' target='_blank'>Assyrian empire builders: Istuanda</a>, <a href='http://oracc.museum.upenn.edu/saao/cbd/qpn-x-ethnic/onebigfile.html' target='_blank'>SAAo Glossary: Ethnic Names (Istuandaya [1])</a>, <a href='http://oracc.museum.upenn.edu/atae/cbd/qpn-x-ethnic/onebigfile.html' target='_blank'>ATAE Glossary: Ethnic Names (Ištundaya [of Ištunda])</a>, <a href='http://oracc.museum.upenn.edu/saao/cbd/qpn-x-ethnic/onebigfile.html' target='_blank'>SAAo Glossary: Ethnic Names (Ištundaya [of Ištunda])</a>, <a href='http://oracc.museum.upenn.edu/rinap/cbd/qpn-x-ethnic/onebigfile.html' target='_blank'>RINAP Glossary: Ethnic Names (Ištundayu [of Ištunda])</a>, <a href='http://oracc.museum.upenn.edu/riao/cbd/qpn-x-ethnic/onebigfile.html' target='_blank'>RIAo Glossary: Ethnic Names (Ištundayu [of Ištunda])</a>"
492,Isāna,"Isāna, Isana, Isani, Tell Rummāneh, Rummānah, Rumana, Rumānāh, Munaireh (?), Munirah (?), Munīrah (?), منيرة, Qaryat Munīrah (?), قرية منيرة, Isān Köi (?), İzan (?), Izan (?), Tell Isān (?)",4,35.82128,43.30786,"i-sa-na, 𒄿𒊓𒈾, URU.i-sa-a-ni, 𒌷𒄿𒊓𒀀𒉌, URU.i-sa-na, 𒌷𒄿𒊓𒈾, URU.i-sa-ni, 𒌷𒄿𒊓𒉌, URU.i-sa-na-a-a, 𒌷𒄿𒊓𒈾𒀀𒀀","prov. capital, city","Assyria, Isāna province, Iraq",2 D4,"Bagg RGTC 7 2/1: 251–252, Helsinki Atlas: 11 (map 2 D4), Parpola Toponyms: 173 (Isana), <a href='https://www.geonames.org/91905/rummanah.html' target='_blank'>Geonames: Rummānah</a>, <a href='https://www.geonames.org/93205/qaryat-munirah.html' target='_blank'>Geonames: Qaryat Munīrah</a>, <a href='https://www.geonames.org/316051/duezbayir.html' target='_blank'>Geonames: Düzbayır (İzan)</a>, <a href='http://oracc.museum.upenn.edu/saao/knpp/peoplegodsplaces/index.html' target='_blank'>Knowledge and Power: Isana</a>, <a href='https://www.ucl.ac.uk/sargon/peoplegodsplaces' target='_blank'>Assyrian empire builders: Isana</a>, <a href='http://oracc.museum.upenn.edu/saao/cbd/qpn-x-places/onebigfile.html' target='_blank'>SAAo Glossary: Places (Isana [1])</a>, <a href='http://oracc.museum.upenn.edu/atae/cbd/qpn-x-places/onebigfile.html' target='_blank'>ATAE Glossary: Places (Isana [1])</a>, <a href='http://oracc.museum.upenn.edu/rinap/cbd/qpn-x-places/onebigfile.html' target='_blank'>RINAP Glossary: Places (Isana [1])</a>, <a href='http://oracc.museum.upenn.edu/riao/cbd/qpn-x-places/onebigfile.html' target='_blank'>RIAo Glossary: Places (Isana [1])</a>, <a href='http://oracc.museum.upenn.edu/saao/cbd/qpn-x-ethnic/onebigfile.html' target='_blank'>SAAo Glossary: Ethnic Names (Isanaya [1])</a>, <a href='http://oracc.museum.upenn.edu/saao/cbd/qpn-x-ethnic/onebigfile.html' target='_blank'>SAAo Glossary: Ethnic Names (Isanaya [of Isana])</a>, <a href='http://oracc.museum.upenn.edu/atae/cbd/qpn-x-ethnic/onebigfile.html' target='_blank'>ATAE Glossary: Ethnic Names (Isanaya [of Isana])</a>"
1242,Isītāti,"Isītāti, Isitati",–,–,–,"URU.i-si-ta-a-ti, 𒌷𒄿𒋛𒋫𒀀𒋾",town,"Assyria, Iraq",–,"Bagg RGTC 7 2/1: 252–253, Parpola Toponyms: 177, <a href='http://oracc.museum.upenn.edu/atae/cbd/qpn-x-places/onebigfile.html' target='_blank'>ATAE Glossary: Places (Isitati [1])</a>, <a href='http://oracc.museum.upenn.edu/saao/cbd/qpn-x-places/onebigfile.html' target='_blank'>SAAo Glossary: Places (Isitati [1])</a>"
504,Ituʾu,"Ituʾu, Utuʾu, Etuʾu, Utuʾ, Itu, Ituʾa, Ituʾe, Ituʾaya, Ituʾayea, Ituʾayeya, Utuʾaya, Utuʾaye",2 (approximate location),33.909175,43.986511,"i-tu-ʾa, i-tu-ʾu, 𒄿𒌅𒀪, KUR.i-tu-ʾa, KUR.i-tu-ʾu, 𒆳𒄿𒌅𒀪, KUR.i-tú, 𒆳𒄿𒌓, KUR.i-tú-a, 𒆳𒄿𒌓𒀀, KUR.i-tú-ʾe, KUR.i-tú-ʾu, 𒆳𒄿𒌓𒀪, KUR.ú-tu-ʾu, 𒆳𒌑𒌅𒀪, LÚ.e-tú-ʾu, 𒇽𒂊𒌓𒀪, LÚ.i-tu-ʾe, LÚ.i-tu-ʾu, 𒇽𒄿𒌅𒀪, LÚ.i-tú-ʾe, LÚ.i-tú-ʾu, 𒇽𒄿𒌓𒀪, URU.i-tú, 𒌷𒄿𒌓, i-tú-ʾa-a-a, 𒄿𒌓𒀪𒀀𒀀, KUR.i-tu-ʾa-a, 𒆳𒄿𒌅𒀪𒀀, KUR.i-tú-ʾa-a-a, 𒆳𒄿𒌓𒀪𒀀𒀀, KUR.ú-tu-u-a-e, 𒆳𒌑𒌅𒌋𒀀𒂊, KUR.ú-tú-u-ʾa-a-a, 𒆳𒌑𒌓𒌋𒀪𒀀𒀀, KUR.i-tu-ʾa-e, KUR.i-tu-ʾe-e, 𒆳𒄿𒌅𒀪𒂊, LÚ.i-tu-a-a, 𒇽𒄿𒌅𒀀𒀀, LÚ.i-tu-ʾa-a-a, 𒇽𒄿𒌅𒀪𒀀𒀀, LÚ.i-tu-ʾa-e-a, 𒇽𒄿𒌅𒀪𒂊𒀀, LÚ.i-tu-ʾe-e, 𒇽𒄿𒌅𒀪𒂊, LÚ.GAL-i-tu-ʾa-a-a, 𒇽𒃲𒄿𒌅𒀪𒀀𒀀, LÚ.i-tu-u-a-a, 𒇽𒄿𒌅𒌋𒀀𒀀, LÚ.i-tu-a-a-e-a, 𒇽𒄿𒌅𒀀𒀀𒂊𒀀, LÚ.i-tu-ʾu-u, 𒇽𒄿𒌅𒀪𒌋, LÚ.i-tu-ú-a-a, 𒇽𒄿𒌅𒌑𒀀𒀀, LÚ.i-tú-ʾa-a-a, 𒇽𒄿𒌓𒀪𒀀𒀀, LÚ.i-tú-ʾa-a-a-e-a, 𒇽𒄿𒌓𒀪𒀀𒀀𒂊𒀀, LÚ.i-tú-a-a, 𒇽𒄿𒌓𒀀𒀀, LÚ.i-tú-u-a-a, 𒇽𒄿𒌓𒌋𒀀𒀀, LÚ.i-tú-u, 𒇽𒄿𒌓𒌋, LÚ.i-tú-ʾu-u, 𒇽𒄿𒌓𒀪𒌋, LÚ.ú-tu-uʾ-a-a, 𒇽𒌑𒌅𒀪𒀀𒀀","Aramaic tribe, territory","Babylonia, Iraq",10 C3,"Bagg RGTC 7 2/1: 259–263, Helsinki Atlas: 11 (map 10 C3), Parpola Toponyms: 179–181, <a href='http://oracc.museum.upenn.edu/saao/cbd/qpn-x-ethnic/onebigfile.html' target='_blank'>SAAo Glossary: Ethnic Names (Ituʾu [1])</a>, <a href='http://oracc.museum.upenn.edu/rinap/cbd/qpn-x-ethnic/onebigfile.html' target='_blank'>RINAP Glossary: Ethnic Names (Ituʾu [1])</a>, <a href='http://oracc.museum.upenn.edu/riao/cbd/qpn-x-ethnic/onebigfile.html' target='_blank'>RIAo Glossary: Ethnic Names (Ituʾu [1])</a>, <a href='http://oracc.museum.upenn.edu/atae/cbd/qpn-x-ethnic/onebigfile.html' target='_blank'>ATAE Glossary: Ethnic Names (Ituʾu [1])</a>, <a href='http://oracc.museum.upenn.edu/riao/cbd/qpn-x-places/onebigfile.html' target='_blank'>RIAo Glossary: Places (Ituʾu [1])</a>, <a href='http://oracc.museum.upenn.edu/atae/cbd/qpn-x-places/onebigfile.html' target='_blank'>ATAE Glossary: Places (Ituʾu [1])</a>, <a href='http://oracc.museum.upenn.edu/saao/cbd/qpn-x-places/onebigfile.html' target='_blank'>SAAo Glossary: Places (Ituʾu [1])</a>"
1332,Itâ,"Itâ, Itaya",–,–,–,"URU.i-ta-a-a, 𒌷𒄿𒋫𒀀𒀀",town,"Ḫatallu, Lāqê (?), Iraq",–,"Bagg RGTC 7 2/1: 258, <a href='http://oracc.museum.upenn.edu/atae/cbd/qpn-x-ethnic/onebigfile.html' target='_blank'>ATAE Glossary: Ethnic Names (Itaya [of Ita])</a>"
1331,Izaja,"Izaja, Izāja, Izaia",–,–,–,"URU.i-za-a-a, 𒌷𒄿𒍝𒀀𒀀","city, country","Mādāja, Iran",–,"Bagg RGTC 7 3/1: 303, Parpola Toponyms: 181 (Izāja), SAA 2: xxix–xxxi, SAA 2: 28"
505,Izalla,"Izalla, Azalla, Azallu, Zalla, Zallu, Izallu, Azalzi, Išalā, byt ṣll, 𐡁𐡉𐡕 𐡑𐡋𐡋‎, ʾÛzāl, אוּזָל, Aṣalli, Iṣalla, Kanni, Nini, Ninili, Ṭūrā ḏIzalā, Izalā, Izala mons, Ṭūro d-Malbash, Melabas, Dibek Daği",1,37.20698,41.47005,"i-za-al, 𒄿𒍝𒀠, ì-zal, 𒉌𒉌, KUR.a-za-al-li, 𒆳𒀀𒍝𒀠𒇷, KUR.a-zal-li, 𒆳𒀀𒉌𒇷, KUR.i-za-la, 𒆳𒄿𒍝𒆷, KUR.i-za-li, 𒆳𒄿𒍝𒇷, KUR.i-zal, 𒆳𒄿𒉌, KUR.i-zal-li, 𒆳𒄿𒉌𒇷, KUR.i-zal-lu, 𒆳𒄿𒉌𒇻, KUR.ì-zal, 𒆳𒉌𒉌, KUR.ì-zal-la, 𒆳𒉌𒉌𒆷, KUR.ì-zal-li, 𒆳𒉌𒉌𒇷, KUR.za-al-lu, 𒆳𒍝𒀠𒇻, KUR.a-za-la-a-a, 𒆳𒀀𒍝𒆷𒀀𒀀, KUR.zal-la-a-a, 𒆳𒉌𒆷𒀀𒀀, KUR.zal-la-a-ia, 𒆳𒉌𒆷𒀀𒅀, byt ṣll, 𐡁𐡉𐡕 𐡑𐡋𐡋‎, אוּזָל","territory, mountains","Ğazīra, Turkey","3 C4 (territory), 3 D3 (mountain)","Helsinki Atlas: 7 (Azalla; territory; map 3 C4), Helsinki Atlas: 11 (Izalla; mountain; map 3 D3), Bagg RGTC 7 2/1: 263–265 (Izalla), Parpola Toponyms: 40 (Aṣalli), Parpola Toponyms: 177 (Iṣalli), Parpola Toponyms: 194 (Kanni), Parpola Toponyms: 162 (Nini; Ninili), <a href='https://www.geonames.org/316762/dibek-dagi.html' target='_blank'>Geonames: Dibek Dağı</a>, <a href='https://www.ucl.ac.uk/sargon/peoplegodsplaces' target='_blank'>Assyrian empire builders: Izalla</a>, <a href='http://oracc.museum.upenn.edu/riao/cbd/qpn-x-places/onebigfile.html' target='_blank'>RIAo Glossary: Places (Azalla)</a>, <a href='http://oracc.museum.upenn.edu/rinap/cbd/qpn-x-places/onebigfile.html' target='_blank'>RINAP Glossary: Places (Azalla)</a>, <a href='http://oracc.museum.upenn.edu/saao/cbd/qpn-x-ethnic/onebigfile.html' target='_blank'>SAAo Glossary: Ethnic (Azallaya)</a>, <a href='http://oracc.museum.upenn.edu/riao/cbd/qpn-x-ethnic/onebigfile.html' target='_blank'>RIAo Glossary: Ethnic (Azallayu)</a>, <a href='http://oracc.museum.upenn.edu/riao/cbd/qpn-x-places/onebigfile.html' target='_blank'>RIAo Glossary: Places (Azallu)</a>, <a href='http://oracc.museum.upenn.edu/atae/cbd/qpn-x-places/onebigfile.html' target='_blank'>ATAE Glossary: Places (Izalla)</a>, <a href='http://oracc.museum.upenn.edu/riao/cbd/qpn-x-places/onebigfile.html' target='_blank'>RIAo Glossary: Places (Izalla)</a>, <a href='http://oracc.museum.upenn.edu/saao/cbd/qpn-x-places/onebigfile.html' target='_blank'>SAAo Glossary: Places (Izalla)</a>, <a href='http://oracc.museum.upenn.edu/riao/cbd/qpn-x-places/onebigfile.html' target='_blank'>RIAo Glossary: Places (Zallu)</a>"
1333,Izduja,"Izduja, Izduia, Izduya",–,–,–,"URU.iz-du-ia, 𒌷𒄑𒁺𒅀",town,"Iraq, Iran (?)",–,"Bagg RGTC 7 2/1: 265, Parpola Toponyms: 181, <a href='http://oracc.museum.upenn.edu/riao/cbd/qpn-x-places/onebigfile.html' target='_blank'>RIAo Glossary: Places (Izduya [1])</a>"
507,Izirtu,"Izirtu, Izirte, Izirti, Zirta, Zirtu, Saqqez, Saqqiz, سَقِّز, Seqiz, سەقز, Sakez, Sakiz, Sakkiz, Sekkez, Sakīz, سَكيز, Saggiz, Saghez, Saghghez, سَغِز, Qalʿaġe Tape (?), Qalaichi (?), Qalāychī (?), Qalaychi (?), قلایچی, Mīyāndōāb (?), Mīāndoāb (?), Miandoab (?), Meyāndoāb (?), Meyandoab (?), Miandowab (?), میاندوآب",2,36.24992,46.2735,"URU.i-zi-ir-ti, 𒌷𒄿𒍣𒅕𒋾, URU.i-zi-ir-tu, 𒌷𒄿𒍣𒅕𒌅, URU.i-zi-ir-tú, 𒌷𒄿𒍣𒅕𒌓, URU.i-zir-te, 𒌷𒄿𒆰𒋼, URU.i-zir-ti, 𒌷𒄿𒆰𒋾, URU.i-zir-tu, 𒌷𒄿𒆰𒌅, URU.i-zir-tú, 𒌷𒄿𒆰𒌓, URU.zi-ir-ta, 𒌷𒍣𒅕𒋫","capital, city","Mannāja, Iran",5 B4,"Bagg RGTC 7 3/1: 304–305, Helsinki Atlas: 11 (map 5 B4), Parpola Toponyms: 181, <a href='https://www.geonames.org/117392/saqqez.html' target='_blank'>Geonames: Saqqez</a>, <a href='https://zenodo.org/record/6384045' target='_blank'>Pedersén ANE: (Qalaichi)</a>, <a href='https://www.geonames.org/6709991/qalaychi.html' target='_blank'>Geonames: Qalāychī</a>, <a href='https://www.geonames.org/124085/miandoab.html' target='_blank'>Geonames: Mīāndoāb</a>, <a href='http://oracc.museum.upenn.edu/saao/cbd/qpn-x-places/onebigfile.html' target='_blank'>SAAo Glossary: Places (Izirtu [1])</a>, <a href='http://oracc.museum.upenn.edu/rinap/cbd/qpn-x-places/onebigfile.html' target='_blank'>RINAP Glossary: Places (Izirtu [1])</a>, <a href='http://oracc.museum.upenn.edu/riao/cbd/qpn-x-places/onebigfile.html' target='_blank'>RIAo Glossary: Places (Izirtu [1])</a>, <a href='http://oracc.museum.upenn.edu/atae/cbd/qpn-x-places/onebigfile.html' target='_blank'>ATAE Glossary: Places (Izirtu [1])</a>"
1334,Izkê,"Izkê, Izke, Iskê, Izkī, Izki, Azkī, Azki, Ziki, إزكي",–,22.93333,57.76667,"URU.iz-ke-e, 𒌷𒄑𒆠𒂊","city, capital","Qadê, Makan, Oman",–,"Bagg RGTC 7 2/1: 265, <a href='http://oracc.museum.upenn.edu/rinap/cbd/qpn-x-places/onebigfile.html' target='_blank'>RINAP Glossary: Places (Izke [1])</a>, <a href='http://oracc.museum.upenn.edu/riao/cbd/qpn-x-places/onebigfile.html' target='_blank'>RIAo Glossary: Places (Izke [1])</a>, <a href='https://www.geonames.org/287814/izki.html' target='_blank'>Geonames: Izkī</a>"
1279,Izuzi,"Izuzi, Izuzu",–,–,–,"URU.i-zu-zi, 𒌷𒄿𒍪𒍣",town,"Kār-Šarrukīn, Iran",–,"Bagg RGTC 7 3/1: 305, <a href='https://www.ucl.ac.uk/sargon/peoplegodsplaces' target='_blank'>Assyrian empire builders: Izuzi</a>, <a href='http://oracc.museum.upenn.edu/atae/cbd/qpn-x-places/onebigfile.html' target='_blank'>ATAE Glossary: Places (Izuzi [1])</a>, <a href='http://oracc.museum.upenn.edu/saao/cbd/qpn-x-places/onebigfile.html' target='_blank'>SAAo Glossary: Places (Izuzi [1])</a>, <a href='http://oracc.museum.upenn.edu/saao/cbd/qpn-x-places/onebigfile.html' target='_blank'>SAAo Glossary: Places (Izuzu [1])</a>"
506,Izībia,"Izībia, Izibia, Uzbia, Uzubia, Zibia, Zīwiye, Ziwiye, Zīvīyeh, Ziviyeh, Zīvyeh, Zivyeh, Ẕiwyah, زیویه, Zīwe, Zīveh, Ziveh, Qal‘eh-ye Tārīkhī-ye Zīvīyeh, Qal`eh-ye Tarikhi-ye Ziviyeh, قلعه تاریخی زیویه",1,36.2739521958,46.6878962311,"URU.i-zi-bi-a, 𒌷𒄿𒍣𒁉𒀀, URU.ú-zu-bi-ia, 𒌷𒌑𒍪𒁉𒅀, URU.uz-bi-a, 𒌷𒊻𒁉𒀀, URU.zi-bi-a, 𒌷𒍣𒁉𒀀","city, fortified city","Mannāja, Iran",5 B4,"Bagg RGTC 7 3/1: 303–304 (Izibia), Helsinki Atlas: 11 (map 5 B4), Parpola Toponyms: 181 (*Izibia), Parpola Toponyms: 378 (Uzbia), <a href='https://pleiades.stoa.org/places/884230' target='_blank'>Pleiades: Ziwiye</a>, <a href='https://zenodo.org/record/5217600' target='_blank'>CIGS: Ẕiwyah</a>, <a href='https://zenodo.org/record/6384045' target='_blank'>Pedersén ANE: (Ziwiye)</a>, <a href='https://www.geonames.org/10971678/qal-eh-ye-tarikhi-ye-ziviyeh.html' target='_blank'>Geonames: Qal‘eh-ye Tārīkhī-ye Zīvīyeh</a>, <a href='https://www.geonames.org/110946/ziviyeh.html' target='_blank'>Geonames: Zīvīyeh</a>, <a href='http://oracc.museum.upenn.edu/rinap/cbd/qpn-x-places/onebigfile.html' target='_blank'>RINAP Glossary: Places (Izibia [1])</a>, <a href='http://oracc.museum.upenn.edu/riao/cbd/qpn-x-places/onebigfile.html' target='_blank'>RIAo Glossary: Places (Izibia [1])</a>"
477,Iēri,"Iēri, Ieri, Jēri, Jâri, Jeri, Yeri, Sardašt, Sardasht, Sar-Dašt, سردشت, Shahr Bazher plateau (?), Sharbazher District (?), Qaḑā’ Shahrbāzār (?), قەزای شارباژێڕ, Shaharbazar (?), Shaharbāzār Qadhā’ (?), Shahrbāzār (?), Šahrbāzār (?), Tell Sitak (?)",4,36.15267,45.47767,"URU.ie-e-ri, 𒌷𒅀𒂊𒊑, URU.ie-ri, 𒌷𒅀𒊑",town,"Māt-nāgir-ekalli (?), Ḫabḫu (?), Ḫabḫu 2 (?), Iran (?), Iraq (?)",5 A4,"Bagg RGTC 7 3/1: 310, Helsinki Atlas: 11 (map 5 A4), Parpola Toponyms: 185 (Jâri), Radner et al (2016): <i>Exploring the Neo-Assyrian Frontier with Western Iran: The 2015 Season at Gird-i Bazar and Qanat-i Dinka</i>: 19–20, <a href='https://www.geonames.org/117111/sardasht.html' target='_blank'>Geonames: Sardasht</a>, <a href='https://www.geonames.org/91176/sharbazher-district.html' target='_blank'>Geonames: Sharbazher District</a>, <a href='https://zenodo.org/record/6384045' target='_blank'>Pedersén ANE: (Tell Sitak)</a>, <a href='https://www.ucl.ac.uk/sargon/peoplegodsplaces' target='_blank'>Assyrian empire builders: Yeri</a>, <a href='http://oracc.museum.upenn.edu/atae/cbd/qpn-x-places/onebigfile.html' target='_blank'>ATAE Glossary: Places (Yeri)</a>, <a href='http://oracc.museum.upenn.edu/saao/cbd/qpn-x-places/onebigfile.html' target='_blank'>SAAo Glossary: Places (Yeri)</a>"
498,Išida,"Išida, Išid",–,–,–,"LÚ.i-ši-da-a-a, 𒇽𒄿𒅆𒁕𒀀𒀀",town,"Assyria, Kalḫu province (?), Iraq",–,"Bagg RGTC 7 1: 256 (Išida (?)), <a href='http://oracc.museum.upenn.edu/atae/cbd/qpn-x-ethnic/onebigfile.html' target='_blank'>ATAE Glossary: Ethnic (Išidaya [FROM IšID])</a>"
499,Iškûzai,"Iškûzai, Iškuza, Ašgûzai, Ašguza, Aškuzum, Iškuzzu, ʾAškenāz, אַשְׁכְּנָז‎, Sakā, Sākai, Σάκαι, Skuthēs, Σκυθης, Skuthoi, Σκυθοι, Sacae, Skythia, Scythians",–,–,–,"iš-ku-za-a.a, 𒅖𒆪𒍝𒀀𒀀, KUR.iš-ku-za, 𒆳𒅖𒆪𒍝, KUR.iš-ku-za-a-a, 𒆳𒅖𒆪𒍝𒀀𒀀, KUR.as-ku-za-a-a, 𒆳𒊍𒆪𒍝𒀀𒀀, KUR.áš-gu-za-a-a, 𒆳𒀾𒄖𒍝𒀀𒀀, URU.as-gu-za-a-a, 𒌷𒊍𒄖𒍝𒀀𒀀, LÚ.iš-ku-za-a-a, 𒇽𒅖𒆪𒍝𒀀𒀀, ʾšknz, אַשְׁכְּנָז‎","territory, ethnic",Iran,–,"Bagg RGTC 7 3/1: 300–301, Parpola Toponyms: 178 (Iškuza), Vera Chamaza (2002): <i>Die Omnipotenz Aššurs</i>: 227, <a href='http://oracc.museum.upenn.edu/saao/knpp/peoplegodsplaces/index.html' target='_blank'>Knowledge and Power: Scythians</a>, <a href='http://oracc.museum.upenn.edu/atae/cbd/qpn-x-places/onebigfile.html' target='_blank'>ATAE Glossary: Places (Iškuza [SCYTHIA])</a>, <a href='http://oracc.museum.upenn.edu/saao/cbd/qpn-x-places/onebigfile.html' target='_blank'>SAAo Glossary: Places (Iškuza [SCYTHIA])</a>, <a href='http://oracc.museum.upenn.edu/saao/cbd/qpn-x-ethnic/onebigfile.html' target='_blank'>SAAo Glossary: Ethnic (Iškuzaya [SCYTHIAN])</a>, <a href='http://oracc.museum.upenn.edu/riao/cbd/qpn-x-ethnic/onebigfile.html' target='_blank'>RIAo Glossary: Ethnic (Iškuzayu [SCYTHIAN])</a>, <a href='http://oracc.museum.upenn.edu/rinap/cbd/qpn-x-ethnic/onebigfile.html' target='_blank'>RINAP Glossary: Ethnic (Iškuzayu [SCYTHIAN])</a>"
500,Išrun,"Išrun, Kuneh Kutur, Kūnah Kutar, Kūnah Kūtir, Shax-î Kune Kotir, شاخى كونە كۆتر, Chiyā-i Kuna Kōtir, Jabal Kūnah Kawtir, جبل كونه كوتر, Baijān Dāġ, Chiyā-i Bējān, Shax-î Bîcane, شاخى بيجانه",–,36.46412,44.92857,"KUR.iš-ru-un, 𒆳𒅖𒊒𒌦",mountains,"Ḫabrūri, Iraq",–,"Bagg RGTC 7 3/1: 302, Parpola Toponyms: 178, <a href='https://www.geonames.org/94233/shax-i-kune-kotir.html' target='_blank'>Geonames: Shax-î Kune Kotir</a>, <a href='https://www.geonames.org/446890/chiya-i-bejan.html' target='_blank'>Geonames: Chiyā-i Bējān</a>, <a href='http://oracc.museum.upenn.edu/riao/cbd/qpn-x-places/onebigfile.html' target='_blank'>RIAo Glossary: Places (Išrun)</a>"
501,Ištaraurâ,"Ištaraurâ, Ištaraura, Rūdkhāneh-ye Sārūq, Rudkhaneh-ye Saruq, رودخانه ساروق, Rūd-e Sārūq, Rud-e Saruq, Saruq Chai, Sārūq Chāi, Sārūq Chāy, Saruq Chay, Sārūq",2,36.4111,46.7501,"ÍD.iš-tar-a-ú-ra-a, 𒀀𒇉𒅖𒋻𒀀𒌑𒊏𒀀",river,Iran,5 B4,"Bagg RGTC 7 3/2: 751, Helsinki Atlas: 11 (map 5 B4), Parpola Toponyms: 179, <a href='https://www.geonames.org/6650585/rudkhaneh-ye-saruq.html' target='_blank'>Geonames: Rūdkhāneh-ye Sārūq</a>, <a href='https://www.geonames.org/116744/rudkhaneh-ye-saruq.html' target='_blank'>Geonames: Rūdkhāneh-ye Sārūq</a>, <a href='https://www.geonames.org/9984974/rudkhaneh-ye-saruq.html' target='_blank'>Geonames: Rūdkhāneh-ye Sārūq</a>, <a href='http://oracc.museum.upenn.edu/riao/cbd/qpn-x-waters/onebigfile.html' target='_blank'>RIAo Glossary: Watercourses (Ištaraura [1])</a>, <a href='http://oracc.museum.upenn.edu/rinap/cbd/qpn-x-waters/onebigfile.html' target='_blank'>RINAP Glossary: Watercourses (Ištaraura [1])</a>"
1278,Ištatti,"Ištatti, Ištattu",–,–,–,"URU.iš-ta-at-ti, 𒌷𒅖𒋫𒀜𒋾",city,"Mannāja, Iran",–,"Bagg RGTC 7 3/1: 301, Parpola Toponyms: 179 (Ištattu), <a href='http://oracc.museum.upenn.edu/riao/cbd/qpn-x-places/onebigfile.html' target='_blank'>RIAo Glossary: Places (Ištatti [1])</a>, <a href='http://oracc.museum.upenn.edu/rinap/cbd/qpn-x-places/onebigfile.html' target='_blank'>RINAP Glossary: Places (Ištatti [1])</a>"
1179,Ištaʾippa,"Ištaʾippa, Ištaippa, Ištaḫup (?), Ištahup (?)",–,–,–,"URU.iš-ta-ip-pa, 𒌷𒅖𒋫𒅁𒉺","city, fortified city","Mannāja, Zikirtu, Aukanê, Iran",–,"Bagg RGTC 7 3/1: 302, Parpola Toponyms: 178 (Ištaḫup), Parpola Toponyms: 179 (Ištaippa), <a href='http://oracc.museum.upenn.edu/riao/cbd/qpn-x-places/onebigfile.html' target='_blank'>RIAo Glossary: Places (Ištaʾippa)</a>, <a href='http://oracc.museum.upenn.edu/rinap/cbd/qpn-x-places/onebigfile.html' target='_blank'>RINAP Glossary: Places (Ištaʾippa)</a>"
1180,Ištaḫup,"Ištaḫup, Ištahup",–,–,–,"URU.iš-ta-ḫup, 𒌷𒅖𒋫𒄽",city,"Urarṭu (?), Mannāja (?), Iran",–,"Bagg RGTC 7 3/1: 302, Parpola Toponyms: 178, <a href='https://www.ucl.ac.uk/sargon/peoplegodsplaces' target='_blank'>Assyrian empire builders: Ištahup</a>, <a href='http://oracc.museum.upenn.edu/atae/cbd/qpn-x-places/onebigfile.html' target='_blank'>ATAE Glossary: Places (Ištahup)</a>, <a href='http://oracc.museum.upenn.edu/saao/cbd/qpn-x-places/onebigfile.html' target='_blank'>SAAo Glossary: Places (Ištahup)</a>"
1181,Išteʾuppu,"Išteʾuppu, Išteubbu",–,–,–,"URU.iš-te-up-pu, 𒌷𒅖𒋼𒌒𒁍","city, country","Mādāja, Iran",–,"Bagg RGTC 7 3/1: 303, Parpola Toponyms: 178 (Ištaḫup), Parpola Toponyms: 179 (Išteubbu), <a href='http://oracc.museum.upenn.edu/riao/cbd/qpn-x-places/onebigfile.html' target='_blank'>RIAo Glossary: Places (Išteʾuppu)</a>, <a href='http://oracc.museum.upenn.edu/rinap/cbd/qpn-x-places/onebigfile.html' target='_blank'>RINAP Glossary: Places (Išteʾuppu)</a>"
502,Išua,"Išua, Isua, Išuwa, Alzi, Enzi, Enzite",2,–,–,"KUR.i-su-a, 𒆳𒄿𒋢𒀀, KUR.i-šu-a, 𒆳𒄿𒋗𒀀",territory,"Urarṭu, Turkey",3 B3,"Bagg RGTC 7 2/1: 258, Helsinki Atlas: 11 (map 3 B3), Parpola Toponyms: 179, <a href='https://books.openedition.org/cdf/4439' target='_blank'>MTT I/2: Išua (HIGEOMES Nr. –)</a>, <a href='http://oracc.museum.upenn.edu/riao/cbd/qpn-x-places/onebigfile.html' target='_blank'>RIAo Glossary: Places (Išua [1])</a>"
508,Jalūna,"Jalūna, Jaluna, Ialūna, Ialuna, Yalūna, Yaluna, Ayalūna",–,–,–,"KUR.ia-lu-na, 𒆳𒅀𒇻𒈾, KUR.ia-lu-na-a-a, 𒆳𒅀𒇻𒈾𒀀𒀀, URU.ia-lu-na, 𒌷𒅀𒇻𒈾, URU.ia-lu-na-a-a, 𒌷𒅀𒇻𒈾𒀀𒀀","town, territory","Assyria, Ḫabūr basin (?), Syria (?), Iraq (?)",–,"Bagg RGTC 7 2/1: 269–270, Parpola Toponyms: 184, <a href='http://oracc.museum.upenn.edu/riao/cbd/qpn-x-places/onebigfile.html' target='_blank'>RIAo Glossary: Places (Ialuna)</a>, <a href='http://oracc.museum.upenn.edu/atae/cbd/qpn-x-places/onebigfile.html' target='_blank'>ATAE Glossary: Places (Yaluna)</a>, <a href='http://oracc.museum.upenn.edu/saao/cbd/qpn-x-ethnic/onebigfile.html' target='_blank'>SAAo Glossary: Ethnic (Yalunaya)</a>"
1243,Jaqa...,Jaqa...,–,–,–,"URU.ia-qa-x, 𒌷𒅀𒋡x",town,"Assyria, Iraq",–,"Bagg RGTC 7 2/1: 271, Parpola Toponyms: 187 (Ja...), <a href='http://oracc.museum.upenn.edu/saao/cbd/qpn-x-places/onebigfile.html' target='_blank'>SAAo Glossary: Places (Jaqa-x [1])</a>, <a href='http://oracc.museum.upenn.edu/atae/cbd/qpn-x-places/onebigfile.html' target='_blank'>ATAE Glossary: Places (Jaqa-x [1])</a>"
1291,Jasubigallu,"Jasubigallu, Iasubigallu, Yasubigallu, Jasubigallāja, Jasubigallāju, Yasubigallayu, Yasubigallian",–,–,–,"ia-su-bi-gal-la-a-a, 𒅀𒋢𒁉𒃲𒆷𒀀𒀀, LÚ.ia-su-bi-gal-la-a-a, 𒇽𒅀𒋢𒁉𒃲𒆷𒀀𒀀","country, territory","Iraq, Iran",–,"Bagg RGTC 7 2/1: 272, Parpola Toponyms: 185 (Jasubigallāja), <a href='http://oracc.museum.upenn.edu/riao/cbd/qpn-x-ethnic/onebigfile.html' target='_blank'>RIAo Glossary: Ethnic Names (Yasubigallayu [Yasubigallian])</a>, <a href='http://oracc.museum.upenn.edu/rinap/cbd/qpn-x-ethnic/onebigfile.html' target='_blank'>RINAP Glossary: Ethnic Names (Yasubigallayu [Yasubigallian])</a>"
1290,Jasume,"Jasume, Yasume",–,–,–,"KUR.ia-su-me, 𒌷𒅀𒋢𒈨",town,"Turkey, Syria (?)",–,"Bagg RGTC 7 2/1: 273 (Jasume 1), Parpola Toponyms: 349 (Tasume), <a href='http://oracc.museum.upenn.edu/saao/cbd/qpn-x-places/onebigfile.html' target='_blank'>SAAo Glossary: Places (Yasumu [1])</a>"
509,Jericho,"Jericho, יְרִיחוֹ, أريحا, Tell es-Sultan, Tulul Abu el-'Alaiq North, Tulul Abu el-'Alaiq South",1,31.87110387112559,35.44397573344146,–,city,"Canaan, Iaʾūdu (?), Palestine, West Bank",–,"<a href='https://zenodo.org/record/6384045' target='_blank'>Pedersén ANE: Jericho (Tell es-Sultan)</a>, <a href='https://zenodo.org/record/6384045' target='_blank'>Pedersén ANE: Jericho (Tulul Abu el-'Alaiq North)</a>, <a href='https://zenodo.org/record/6384045' target='_blank'>Pedersén ANE: Jericho (Tulul Abu el-'Alaiq South)</a>"
512,Jerwan Aqueduct,"Jerwan Aqueduct, Ğirwān Aqueduct",–,36.66952,43.3946,–,"canal, monument","Assyria, Iraq",4 C5,"Helsinki Atlas: 23, 26 (map 4 C5), <a href='https://pleiades.stoa.org/places/10280471' target='_blank'>Pleiades: Jerwan Aqueduct</a>, <a href='http://www.terradininive.com/visita-virtuale-di-faida/?lang=en' target='_blank'>Virtual tour of the Faida canal & rock-reliefs</a>"
513,Jokneam,"Jokneam, Yokneam, יָקְנְעָם, Tel Yoqne'am, תֵּל יָקְנְעָם, Tell Qamun, تل قامون",–,32.66466721782095,35.10883229927659,–,city,"Canaan, Bīt-Ḫumrî, Israel",–,<a href='https://zenodo.org/record/6384045' target='_blank'>Pedersén ANE: Jokneam (Tel Yoqne'am)</a>
514,Judeideh,"Judeideh, Judaide, Jedīdē, Jedide, Jadīdah, Jadidah, Judaydah, Jadida, جديدە, Al Judaydah, الجديدة",–,34.3826,42.0326,–,city,"Sūḫu, Iraq",–,"RIMB 2: 322, <a href='https://www.jstor.org/stable/4200202?seq=5' target='_blank'>Excavations in Iraq 1981-82. Iraq 45/2 (1983): 203 (Map 2)</a>, <a href='https://zenodo.org/record/5217600' target='_blank'>CIGS: Jadīdah</a>, <a href='https://pleiades.stoa.org/places/945906724' target='_blank'>Pleiades: Judeideh</a>, <a href='https://www.geonames.org/95348/jadidah.html' target='_blank'>Geonames: Jadīdah</a>"
1341,Jāʾ,"Jāʾ, Jaʾ, Iaʾ, Iāʾ, Yāʾ, Yaʾ",–,–,–,"KUR.ia-aʾ, 𒆳𒅀𒀪",territory,"Jadnana, Cyprus",–,"Bagg RGTC 7 1: 120, Parpola Toponyms: 182, <a href='http://oracc.museum.upenn.edu/riao/cbd/qpn-x-places/onebigfile.html' target='_blank'>RIAo Glossary: Places (Yaʾ [1])</a>, <a href='http://oracc.museum.upenn.edu/rinap/cbd/qpn-x-places/onebigfile.html' target='_blank'>RINAP Glossary: Places (Yaʾ [1])</a>"
516,Kabinnak,"Kabinnak, Kabinak, Kabnak, Hafttappe, Haft Teppe, هفت تپه",1,32.08056623681272,48.3280832007894,–,city,"Elam, Iran",17 A1,"Helsinki Atlas: 11 (map 17 A1), <a href='https://zenodo.org/record/6384045' target='_blank'>Pedersén ANE: Kabnak (Haft Teppe)</a>"
517,Kabsite,"Kabsite, Kabsitu, Kapsitu, Kapsite, Kawwašte (?)",5,33.51906,43.31733,"kab-si-te, 𒆏𒋛𒋼, URU.kab-si-te, 𒌷𒆏𒋛𒋼",town,"Sūḫu, Iraq",–,"Bagg RGTC 7 1: 275, Parpola Toponyms: 187, Musil (1927): <i>The Middle Euphrates: A Topographical Itinerary</i>: 202–203 and map e9, <a href='http://oracc.museum.upenn.edu/riao/cbd/qpn-x-places/onebigfile.html' target='_blank'>RIAo Glossary: Places (Kapsitu)</a>"
518,Kadeš Barnea,"Kadeš-Barnea, Kadeš Barnea, Kadesh Barnea, קָדֵשׁ, Tell el-Qudeirat (?)",4,30.64804772739211,34.42260933166747,–,fortress,"Egypt, Sinai",–,<a href='https://zenodo.org/record/6384045' target='_blank'>Pedersén ANE: Kadeš Barnea? (Tell el-Qudeirat)</a>
519,Kafar Nahum,"Kafar Nahum, כְּפַר נַחוּם, Kapharnaoúm, Kαφαρναούμ, Kepharnōkón, Κεφαρνωκόν, Kapernaoúm, Kαπερναούμ, Capharnaum, Capernaum, كفر ناحوم",–,32.88092518553389,35.575431599974,כְּפַר נַחוּם,village,Israel,–,<a href='https://zenodo.org/record/6384045' target='_blank'>Pedersén ANE: Kafar Nahum (Capharnaum)</a>
521,Kailete,"Kailete, Kailetu, Kaʾilite, al-Ǧaʿbrijje (?), Al Jābirīyah (?), الجابرية (?)",5,34.44614,41.28924,"URU.ka-i-le-te, URU.ka-i-li-te, 𒌷𒅗𒄿𒇷𒋼",town,"Sūḫu, Iraq",–,"Bagg RGTC 7 1: 276, Parpola Toponyms: 187, Musil (1927): <i>The Middle Euphrates: A Topographical Itinerary</i>: 303 and map d5, <a href='https://www.geonames.org/6763627/al-jabiriyah.html' target='_blank'>Geonames: Al Jābirīyah</a>, <a href='http://oracc.museum.upenn.edu/riao/cbd/qpn-x-places/onebigfile.html' target='_blank'>RIAo Glossary: Places (Kailetu)</a>"
522,Kakkabnaše,"Kakkabnaše, Kakkabnamušat",–,–,–,"URU.kak-kab-na-še, 𒌷𒆕𒆏𒈾𒊺",town,"Balīḫ basin (?), Syria (?), Turkey (?)",–,"Bagg RGTC 7 2/1: 276, Parpola Toponyms: 188 (Kakkabnamušat), <a href='http://oracc.museum.upenn.edu/atae/cbd/qpn-x-places/onebigfile.html' target='_blank'>ATAE Glossary: Places (Kakkabnaše)</a>, <a href='http://oracc.museum.upenn.edu/saao/cbd/qpn-x-places/onebigfile.html' target='_blank'>SAAo Glossary: Places (Kakkabnaše)</a>"
523,Kaldu,"Kaldu, Chaldea",2,–,–,–,territory,–,10 D4,Helsinki Atlas: 11 (map 10 D4)
525,Kallat,"Kallat, Batman Suyu",2,–,–,–,river,–,3 E2,Helsinki Atlas: 11 (map 3 E2)
526,Kalmakarra Cave,Kalmakarra Cave,–,33.03461,47.56946,–,–,Iran,–,<a href='https://pleiades.stoa.org/places/413309734' target='_blank'>Pleiades: Pol-e Dokhtar</a>
524,Kalḫu,"Kalḫu, Calah, Kalhu, Kalchu, Nimrūd, Nimrud",1,36.09863418122325,43.32932208357276,"URU.kal-ḫu, 𒌷𒆗𒄷, URU.kal-ḫi, 𒌷𒆗𒄭","capital, city","Assyria, Iraq",4 C5,"Helsinki Atlas: 11 (map 4 C5), <a href='https://zenodo.org/record/6384045' target='_blank'>Pedersén ANE: Kalhu (Nimrud)</a>"
528,Kannuʾ,"Kannuʾ, Kannēh, Kanneh, כַנֵּה, Baḫrenuf, Baxirnîf, Bakhurnif, باخورنيف, Bākh Nīf, باخ نيف, Bāgh Nīf, باغ نيف",4,36.93319,42.97783,"URU.ka-an-nu-uʾ, 𒌷𒅗𒀭𒉡𒀪, URU.kan-nu-uʾ, 𒌷𒃶𒉡𒀪, LÚ.kan-nu-uʾ-a-a, 𒇽𒃶𒉡𒀪𒀀𒀀, URU.kan-nu-a-a, 𒌷𒃶𒉡𒀀𒀀, URU.kan-nu-uʾ-a-a, 𒌷𒃶𒉡𒀪𒀀𒀀, knh, כַנֵּה",city,"Assyria, Iraq",–,"Bagg RGTC 7 2/1: 287–288, <a href='https://www.geonames.org/384982/bagh-nif.html' target='_blank'>Geonames: Bāgh Nīf</a>, <a href='https://www.ucl.ac.uk/sargon/peoplegodsplaces' target='_blank'>Assyrian empire builders: Kannuʾ</a>, <a href='http://oracc.museum.upenn.edu/atae/cbd/qpn-x-places/onebigfile.html' target='_blank'>ATAE Glossary: Places (Kannuʾ)</a>, <a href='http://oracc.museum.upenn.edu/saao/cbd/qpn-x-places/onebigfile.html' target='_blank'>SAAo Glossary: Places (Kannuʾ)</a>, <a href='http://oracc.museum.upenn.edu/saao/cbd/qpn-x-ethnic/onebigfile.html' target='_blank'>SAAo Glossary: Ethnic (Kannuʾaya)</a>"
1235,Kapar-...ute,Kapar-...ute,–,–,–,"URU.ŠE-<sup>m</sup>x-x-u-te, 𒌷𒊺𒁹xx𒌋𒋼",village,"Assyria, Laḫīru, Iraq",–,"Bagg RGTC 7 2/1: 294, <a href='http://oracc.museum.upenn.edu/saao/cbd/qpn-x-places/onebigfile.html' target='_blank'>SAAo Glossary: Places (Kapar-x-ute [1])</a>, <a href='http://oracc.museum.upenn.edu/atae/cbd/qpn-x-places/onebigfile.html' target='_blank'>ATAE Glossary: Places (Kapar-x-ute [1])</a>"
1236,Kapar-Abu-...,Kapar-Abu-...,–,–,–,"URU.ŠE-<sup>m</sup>AD-x-x, 𒌷𒊺𒁹𒀜xx",village,"Assyria, Iraq",–,"Bagg RGTC 7 2/1: 294, <a href='http://oracc.museum.upenn.edu/saao/cbd/qpn-x-places/onebigfile.html' target='_blank'>SAAo Glossary: Places (Kapar-Abu-x [1])</a>, <a href='http://oracc.museum.upenn.edu/atae/cbd/qpn-x-places/onebigfile.html' target='_blank'>ATAE Glossary: Places (Kapar-Abu-x [1])</a>"
530,Kapar-Akkullāni,"Kapar-Akkullāni, Kapar-Akkullani, village of Akkullānu",–,–,–,"URU.ŠE-<sup>m</sup>ak-ku-la-ni, 𒌷𒊺𒁹𒀝𒆪𒆷𒉌",village,"Assyria, Ḫalaḫḫu, Iraq",–,"Bagg RGTC 7 2/1: 296, <a href='http://oracc.museum.upenn.edu/atae/cbd/qpn-x-places/onebigfile.html' target='_blank'>ATAE Glossary: Places (Kapar-Akkullani)</a>, <a href='http://oracc.museum.upenn.edu/saao/cbd/qpn-x-places/onebigfile.html' target='_blank'>SAAo Glossary: Places (Kapar-Akkullani)</a>"
531,Kapar-Andarānu,Kapar-Andarānu,–,–,–,–,–,–,–,–
529,Kapar-Aḫi-iaqar,"Kapar-Aḫi-iaqar, Kapar-Ahi-iaqar, Kapar-Aḫiqar, Kapar-Ahiqar",–,–,–,"URU.ŠE-<sup>m</sup>PAB-ia-qar, 𒌷𒊺𒁹𒉽𒅀𒃼",village,"Assyria, Laḫīru, Iraq",–,"Bagg RGTC 7 2/1: 295, <a href='http://oracc.museum.upenn.edu/atae/cbd/qpn-x-places/onebigfile.html' target='_blank'>ATAE Glossary: Places (Kapar-Ahi-iaqar [1])</a>, <a href='http://oracc.museum.upenn.edu/saao/cbd/qpn-x-places/onebigfile.html' target='_blank'>SAAo Glossary: Places (Kapar-Ahi-iaqar [1])</a>, <a href='http://oracc.museum.upenn.edu/saao/cbd/qpn-x-places/onebigfile.html' target='_blank'>SAAo Glossary: Places (Kapar-Ahiqar [1])</a>"
1224,Kapar-Baḫāja,"Kapar-Baḫāja, Kapar-Bahaja, Kapar-Baḫāia, Kapar-Bahaia, Kapar-Bahaya",–,–,–,"URU.ŠE-<sup>m</sup>ba-ḫa-a-a, 𒌷𒊺𒁹𒁀𒄩𒀀𒀀",village,"Assyria, Laḫīru, Iraq",–,"Bagg RGTC 7 2/1: 299, <a href='http://oracc.museum.upenn.edu/saao/cbd/qpn-x-places/onebigfile.html' target='_blank'>SAAo Glossary: Places (Kapar-Bahaya [1])</a>, <a href='http://oracc.museum.upenn.edu/atae/cbd/qpn-x-places/onebigfile.html' target='_blank'>ATAE Glossary: Places (Kapar-Bahaya [1])</a>"
532,Kapar-Bisê,"Kapar-Bisê, Kapar-Bise",–,–,–,"URU.ŠE-bi-se-e, 𒌷𒊺𒁉𒋛𒂊",village,"Assyria, Ḫalaḫḫu, Iraq",–,"Bagg RGTC 7 1: 300–301, <a href='http://oracc.museum.upenn.edu/atae/cbd/qpn-x-places/onebigfile.html' target='_blank'>ATAE Glossary: Places (Kapar-Bise)</a>, <a href='http://oracc.museum.upenn.edu/saao/cbd/qpn-x-places/onebigfile.html' target='_blank'>SAAo Glossary: Places (Kapar-Bise)</a>"
1234,Kapar-Dakanâ,"Kapar-Dakanâ, Kapar-Dakana",–,–,–,"URU.ŠE-<sup>m</sup>da-ka-na-a, 𒌷𒊺𒁹𒁕𒅗𒈾𒀀",village,"Assyria, Laḫīru, Iraq",–,"Bagg RGTC 7 2/1: 301–302, <a href='http://oracc.museum.upenn.edu/saao/cbd/qpn-x-places/onebigfile.html' target='_blank'>SAAo Glossary: Places (Kapar-Dakana [1])</a>, <a href='http://oracc.museum.upenn.edu/atae/cbd/qpn-x-places/onebigfile.html' target='_blank'>ATAE Glossary: Places (Kapar-Dakana [1])</a>"
533,Kapar-Dannāia,"Kapar-Dannāia, village of Dannaya, village of Dannāia",–,–,–,–,village,Assyria,–,–
535,Kapar-Itiri,Kapar-Itiri,–,–,–,"URU.ŠE-i-ti-ri, 𒌷𒊺𒄿𒋾𒊑",village,"Assyria, Iraq",–,"Bagg RGTC 7 3/2: 967–968, <a href='http://oracc.museum.upenn.edu/atae/cbd/qpn-x-places/onebigfile.html' target='_blank'>ATAE Glossary: Places (Kapar-Itiri)</a>, <a href='http://oracc.museum.upenn.edu/saao/cbd/qpn-x-places/onebigfile.html' target='_blank'>SAAo Glossary: Places (Kapar-Itiri)</a>"
1238,Kapar-Jaqīri,"Kapar-Jaqīri, Kapar-Iaqīri, Kapar-Yaqiri",–,–,–,"URU.ŠE-<sup>m</sup>ia-qí-ri, 𒌷𒊺𒁹𒅀𒆠𒊑",village,"Assyria, Iraq",–,"Bagg RGTC 7 2/1: 306, <a href='http://oracc.museum.upenn.edu/atae/cbd/qpn-x-places/onebigfile.html' target='_blank'>ATAE Glossary: Places (Kapar-Yaqiri [1])</a>, <a href='http://oracc.museum.upenn.edu/saao/cbd/qpn-x-places/onebigfile.html' target='_blank'>SAAo Glossary: Places (Kapar-Yaqiri [1])</a>"
1233,Kapar-Lū-aḫḫē,"Kapar-Lū-aḫḫē, Kapar-Lu-ahhe",–,–,–,"URU.ŠE-<sup>m</sup>lu-u-PAB-MEŠ, 𒌷𒊺𒁹𒇻𒌋𒉽𒈨𒌍",village,"Assyria, Laḫīru, Iraq",–,"Bagg RGTC 7 2/1: 309, <a href='http://oracc.museum.upenn.edu/saao/cbd/qpn-x-places/onebigfile.html' target='_blank'>SAAo Glossary: Places (Kapar-Lu-ahhe [1])</a>, <a href='http://oracc.museum.upenn.edu/atae/cbd/qpn-x-places/onebigfile.html' target='_blank'>ATAE Glossary: Places (Kapar-Lu-ahhe [1])</a>"
536,Kapar-Mannu-lū-aḫūʾa,Kapar-Mannu-lū-aḫūʾa,–,–,–,–,village,"Central Assyria, Nineveh province",–,Bagg RGTC 7 1/1: 309–310
538,Kapar-Nabû-šimanni,"Kapar-Nabû-išmanni, Kapar-Nabu-išmanni, Kapar-Nabû-šimanni, Kapar-Nabu-šimanni, village of Nabû-šimanni",–,–,–,"URU.ŠE-<sup>md</sup>PA-ḪAL-a-ni, 𒌷𒊺𒁹𒀭𒉺𒄬𒀀𒉌, URU.ŠE-<sup>md</sup>AG-ḪAL-an-ni, 𒌷𒊺𒁹𒀭𒀝𒄬𒀭𒉌, URU.ŠE-<sup>md</sup>AG-ši-man-ni, 𒌷𒊺𒁹𒀭𒀝𒅆𒌋𒌋𒉌",village,"Assyria, Nineveh province (?), Iraq",–,"Bagg RGTC 7 2/1: 311–312, <a href='http://oracc.museum.upenn.edu/atae/cbd/qpn-x-places/onebigfile.html' target='_blank'>ATAE Glossary: Places (Kapar-Nabu-šimanni)</a>, <a href='http://oracc.museum.upenn.edu/saao/cbd/qpn-x-places/onebigfile.html' target='_blank'>SAAo Glossary: Places (Kapar-Nabu-šimanni)</a>"
1230,Kapar-Nabû-šēzib,"Kapar-Nabû-šēzib, Kapar-Nabû-šezib, Kapar-Nabu-šezib",–,–,–,"URU.ŠE-<sup>m</sup><sup>d</sup>PA-še-zib, 𒌷𒊺𒁹𒀭𒉺𒊺𒍦",village,"Assyria, Laḫīru, Iraq",–,"Bagg RGTC 7 2/1: 311, <a href='http://oracc.museum.upenn.edu/saao/cbd/qpn-x-places/onebigfile.html' target='_blank'>SAAo Glossary: Places (Kapar-Nabu-šezib [1])</a>, <a href='http://oracc.museum.upenn.edu/atae/cbd/qpn-x-places/onebigfile.html' target='_blank'>ATAE Glossary: Places (Kapar-Nabu-šezib [1])</a>"
1263,Kapar-Nūni,"Kapar-Nūni, Kapar-Nūnî, Kapar-Nuni",–,–,–,"URU.ŠE-<sup>m</sup>nu-ú-ni, 𒌷𒊺𒁹𒉡𒌑𒉌",village,"Assyria, Barḫalza province, Iraq",–,"Bagg RGTC 7 2/1: 313, <a href='http://oracc.museum.upenn.edu/atae/cbd/qpn-x-places/onebigfile.html' target='_blank'>ATAE Glossary: Places (Kapar-Nuni [1])</a>, <a href='http://oracc.museum.upenn.edu/saao/cbd/qpn-x-places/onebigfile.html' target='_blank'>SAAo Glossary: Places (Kapar-Nuni [1])</a>"
1239,Kapar-Qanâ-il,"Kapar-Qanâ-il, Kapar-Qana-il",–,–,–,"URU.ŠE-<sup>m</sup>qa-na-a-DINGIR, 𒌷𒊺𒁹𒋡𒈾𒀀𒀭",village,"Assyria, Iraq",–,"Bagg RGTC 7 2/1: 313 (Kapar-Qanâ-il (?)), <a href='http://oracc.museum.upenn.edu/atae/cbd/qpn-x-places/onebigfile.html' target='_blank'>ATAE Glossary: Places (Kapar-Qana-il [1])</a>, <a href='http://oracc.museum.upenn.edu/saao/cbd/qpn-x-places/onebigfile.html' target='_blank'>SAAo Glossary: Places (Kapar-Qana-il [1])</a>"
539,Kapar-Qiluḫte,"Kapar-Qiluḫte, Kapar-Kiluḫte, Kiluḫte",–,–,–,–,village,Central Assyria,–,RGTC 7 2/1: 314
1264,Kapar-Rēmūti,"Kapar-Rēmūti, Kapar-Remuti, Kapar-Remutti",–,–,–,"URU.ŠE-<sup>m</sup>ri-mu-ti, 𒌷𒊺𒁹𒊑𒈬𒋾",village,"Assyria, Barḫalza province, Iraq",–,"Bagg RGTC 7 2/1: 315, <a href='http://oracc.museum.upenn.edu/saao/cbd/qpn-x-places/onebigfile.html' target='_blank'>SAAo Glossary: Places (Kapar-Remutti [1])</a>, <a href='http://oracc.museum.upenn.edu/atae/cbd/qpn-x-places/onebigfile.html' target='_blank'>ATAE Glossary: Places (Kapar-Remutti [1])</a>"
1240,Kapar-Saʾīli,"Kapar-Saʾīli, Kapar-Saʾili",–,–,–,"URU.ŠE-<sup>m</sup>sa-ʾi-i-li, 𒌷𒊺𒁹𒊓𒀪𒄿𒇷",village,"Assyria, Iraq",–,"Bagg RGTC 7 2/1: 31, <a href='http://oracc.museum.upenn.edu/saao/cbd/qpn-x-places/onebigfile.html' target='_blank'>SAAo Glossary: Places (Kapar-Saʾili [1])</a>, <a href='http://oracc.museum.upenn.edu/atae/cbd/qpn-x-places/onebigfile.html' target='_blank'>ATAE Glossary: Places (Kapar-Saʾili [1])</a>"
1231,Kapar-Tabālāja,"Kapar-Tabālāja, Kapar-Tabalaya, Kapar-Tabalayu",–,–,–,"URU.ŠE-<sup>m</sup>ta-ba-la-a-a, 𒌷𒊺𒁹𒋫𒁀𒆷𒀀𒀀",village,"Assyria, Laḫīru, Iraq",–,"Bagg RGTC 7 2/1: 320, <a href='http://oracc.museum.upenn.edu/saao/cbd/qpn-x-places/onebigfile.html' target='_blank'>SAAo Glossary: Places (Kapar-Tabalaya [1])</a>, <a href='http://oracc.museum.upenn.edu/atae/cbd/qpn-x-places/onebigfile.html' target='_blank'>ATAE Glossary: Places (Kapar-Tabalaya [1])</a>, <a href='http://oracc.museum.upenn.edu/saao/cbd/qpn-x-places/onebigfile.html' target='_blank'>SAAo Glossary: Places (Kapar-Tabalayu [1])</a>"
1226,Kapar-Tapḫa-ari,"Kapar-Tapḫa-ari, Kapar-Tapha-ari, Kapar-Tapḫāri, Kapar-Taphari, Kapar-Arrapḫa-atal",–,–,–,"URU.ŠE-<sup>m</sup>tap-ḫa-a-ri-x, 𒌷𒊺𒁹𒋰𒄩𒀀𒊑x",village,"Assyria, Laḫīru, Iraq",–,"Bagg RGTC 7 2/1: 320 (Kapar-Tapḫa-ari (?)), <a href='http://oracc.museum.upenn.edu/atae/cbd/qpn-x-places/onebigfile.html' target='_blank'>ATAE Glossary: Places (Kapar-Tapha-ari [1])</a>, <a href='http://oracc.museum.upenn.edu/saao/cbd/qpn-x-places/onebigfile.html' target='_blank'>SAAo Glossary: Places (Kapar-Tapha-ari [1])</a>"
540,Kapar-Usāni,Kapar-Usāni,–,–,–,–,village,Central Assyria,–,RGTC 7 2/1: 323
1347,Kapar-Zunīra,"Kapar-Zunīra, Kapar-Zunira, Kapar-Zuḫīra, Kapar-Zuḫira",–,–,–,"URU.ŠE.zu-uḫ-i-ra, 𒌷𒊺𒍪𒄴𒄿𒊏, URU.ŠE.zu-nì-i-ra, 𒌷𒊺𒍪𒃻𒄿𒊏 ",town,–,–,"Bagg RGTC 7 3/1: 319, Johns 1901: <i>Assyrian Deeds and Documents...</i> Volume II. Pl. 156"
1232,Kapar-Zārūtî,"Kapar-Zārūtî, Kapar-Zaruti",–,–,–,"URU.ŠE-<sup>m</sup>NUMUN-ti-i, 𒌷𒊺𒁹𒆰𒋾𒄿",village,"Assyria, Laḫīru, Iraq",–,"Bagg RGTC 7 2/1: 323, <a href='http://oracc.museum.upenn.edu/saao/cbd/qpn-x-places/onebigfile.html' target='_blank'>SAAo Glossary: Places (Kapar-Zaruti [1])</a>, <a href='http://oracc.museum.upenn.edu/atae/cbd/qpn-x-places/onebigfile.html' target='_blank'>ATAE Glossary: Places (Kapar-Zaruti [1])</a>"
1237,Kapar-gis...,Kapar-gis...,–,–,–,"URU.ŠE-gi-is-x, 𒌷𒊺𒄀𒄑x",village,"Assyria, Iraq",–,Bagg RGTC 7 2/1: 303 (Kapar-gis... (?))
534,Kapar-ikkāri,"Kapar-ikkāri, Kapar-ikkari, village of the Farmer",–,–,–,"URU.ŠE-LÚ.ENGAR, 𒌷𒊺𒇽𒀳",village,"Assyria, Ḫalaḫḫu, Iraq",–,"Bagg RGTC 7 1: 304, <a href='http://oracc.museum.upenn.edu/atae/cbd/qpn-x-places/onebigfile.html' target='_blank'>ATAE Glossary: Places (Kapar-ikkari [VILLAGE OF THE FARMER])</a>, <a href='http://oracc.museum.upenn.edu/saao/cbd/qpn-x-places/onebigfile.html' target='_blank'>SAAo Glossary: Places (Kapar-ikkari [VILLAGE OF THE FARMER])</a>"
537,Kapar-mār-šarri,"Kapar-mār-šarri, Village of the Crown Prince, URU.ŠE A MAN",–,–,–,–,village,"Central Assyria, Kalḫu province (?)",–,RGTC 7 2/1: 310
1225,Kapar-sēgalli,"Kapar-sēgalli, Kapar-segalli, Village of the queen, Kapar-sēgalli-laḫīrāja, Laḫīrean village of the queen",–,–,–,"URU.ŠE-<sup>MÍ</sup>É.GAL, 𒌷𒊺𒊩𒂍𒃲, URU.ŠE-ša-<sup>MÍ</sup>É.GAL, 𒌷𒊺𒊭𒊩𒂍𒃲, URU.ŠE-<sup>MÍ</sup>É.GAL-URU.la-ḫi-ra-a-a, 𒌷𒊺𒊩𒂍𒃲𒌷𒆷𒄭𒊏𒀀𒀀",village,"Assyria, Laḫīru, Iraq",–,"Bagg RGTC 7 2/1: 316–317, <a href='http://oracc.museum.upenn.edu/atae/cbd/qpn-x-places/onebigfile.html' target='_blank'>ATAE Glossary: Places (Kapar-segalli [1])</a>, <a href='http://oracc.museum.upenn.edu/saao/cbd/qpn-x-places/onebigfile.html' target='_blank'>SAAo Glossary: Places (Kapar-segalli [1])</a>, <a href='http://oracc.museum.upenn.edu/saao/cbd/qpn-x-places/onebigfile.html' target='_blank'>SAAo Glossary: Places (Kapar-segalli [Village of the queen])</a>"
1219,Kapar-Ṣil-Bēl,"Kapar-Ṣil-Bēl, Kapar-Ṣil-Bel, Kapar-Ṣilli-Bēl, Kapar-Ṣilli-Bel",–,–,–,"URU.ŠE-<sup>m</sup>ṣil-EN, 𒌷𒊺𒁹𒉣𒂗",village,"Assyria, Laḫīru, Iraq",–,"Bagg RGTC 7 2/1: 318 (Kapar-Ṣil-Bēl 1), <a href='http://oracc.museum.upenn.edu/saao/cbd/qpn-x-places/onebigfile.html' target='_blank'>SAAo Glossary: Places (Kapar-Ṣil-Bel [1])</a>, <a href='http://oracc.museum.upenn.edu/atae/cbd/qpn-x-places/onebigfile.html' target='_blank'>ATAE Glossary: Places (Kapar-Ṣil-Bel [1])</a>"
1220,Kapar-Ṣilli-Bēl,"Kapar-Ṣilli-Bēl, Kapar-Ṣilli-Bel, Kapar-Ṣil-Bēl, Kapar-Ṣil-Bel",–,–,–,"URU.kap-ri-<sup>m</sup>GIŠ.MI-<sup>d</sup>EN, URU.kap-ri-<sup>m</sup>GISSU-<sup>d</sup>EN, 𒌷𒆏𒊑𒁹𒄑𒈪𒀭𒂗",village,"Assyria, Naṣībina province, Syria, Turkey (?)",–,"Bagg RGTC 7 2/1: 318 (Kapar-Ṣil-Bēl 2), <a href='http://oracc.museum.upenn.edu/atae/cbd/qpn-x-places/onebigfile.html' target='_blank'>ATAE Glossary: Places (Kapar-Ṣilli-Bel [2])</a>, <a href='http://oracc.museum.upenn.edu/saao/cbd/qpn-x-places/onebigfile.html' target='_blank'>SAAo Glossary: Places (Kapar-Ṣilli-Bel [2])</a>"
541,Kaprabi,"Kaprabi, Edessa, Urfa",4,37.15211023100964,38.7894711876051,–,town,–,3 B3,"Helsinki Atlas: 11 (map 3 B3), <a href='https://zenodo.org/record/6384045' target='_blank'>Pedersén ANE: Edessa / Urfa</a>"
542,Kapri-Dargilâ,"Kapri-Dargilâ, Kapri-Dargila, Kapridargilâ, Kapridargilā, Kapridargila, Dargilâ Village, Tall Ḫamīs, Tall Khamis, Tall Jamis",3,36.672088,38.204777,"URU.kap-ri-da-ar-gi-la-a, 𒌷𒆏𒊑𒁕𒅈𒄀𒆷𒀀, URU.ŠE-da-ar-gi-la-a, 𒌷𒊺𒁕𒅈𒄀𒆷𒀀",village,"Bīt-Adini, Syria",3 B4,"Bagg RGTC 7 1: 134, Bagg RGTC 7 3/2 (7/1 add.): 931, Helsinki Atlas: 11 (map 3 B4), Parpola Toponyms: 195 (Kapridargilâ), <a href='https://books.openedition.org/cdf/4487' target='_blank'>MTT I/3: Tall Khamis (HIGEOMES Nr. 79)</a>, <a href='http://oracc.museum.upenn.edu/saao/cbd/qpn-x-places/onebigfile.html' target='_blank'>SAAo Glossary: Places (Kapridargila [1])</a>, <a href='http://oracc.museum.upenn.edu/riao/cbd/qpn-x-places/onebigfile.html' target='_blank'>RIAo Glossary: Places (Kapridargila [1])</a>, <a href='http://oracc.museum.upenn.edu/rinap/cbd/qpn-x-places/onebigfile.html' target='_blank'>RINAP Glossary: Places (Kapridargila [1])</a>, <a href='http://oracc.museum.upenn.edu/atae/cbd/qpn-x-places/onebigfile.html' target='_blank'>ATAE Glossary: Places (Kapridargila [1])</a>"
1267,Kapānu,"Kapānu, Kapanu, Kāf, Kaf, Caf, كاف, Qāf, Qaf",–,31.39481,37.50089,"URU.ka-pa-nu, 𒌷𒅗𒉺𒉡",town,"Arabs, Arabian Peninsula, Saudi Arabia",–,"Bagg RGTC 7 2/1: 288, <a href='https://www.geonames.org/105192/kaf.html' target='_blank'>Geonames: Kāf</a>, <a href='http://oracc.museum.upenn.edu/rinap/cbd/qpn-x-places/onebigfile.html' target='_blank'>RINAP Glossary: Places (Kapanu [1])</a>, <a href='http://oracc.museum.upenn.edu/riao/cbd/qpn-x-places/onebigfile.html' target='_blank'>RIAo Glossary: Places (Kapanu [1])</a>"
555,Karabur,"Karabur, Karsanbey, Çatbaşı",–,36.02,36.19,–,monument,Turkey,2 C4,"Helsinki Atlas: 26 (map 2 C4), O. Aytuğ Taşyürek: <i>Some New Assyrian Rock-Reliefs in Turkey</i>: 174–176 and 177 Fig. 10"
556,Karalla,"Karalla, Uramanat",2,–,–,"KUR.kar-al-la, 𒆳𒋼𒀀𒀠𒆷, KUR.kar-al-li, 𒆳𒋼𒀀𒀠𒇷, KUR.kar-al-li-a, 𒆳𒋼𒀀𒀠𒇷𒀀, KUR.kar-al-lu, 𒆳𒋼𒀀𒀠𒇻, KUR.kar-al-lu₄, KUR.kar-al-lum, 𒆳𒋼𒀀𒀠𒈝, KUR.kar-la, 𒆳𒋼𒀀𒆷, KUR.kar-la-a-a, 𒆳𒋼𒀀𒆷𒀀𒀀, KUR.kar-al-la-a-a, 𒆳𒋼𒀀𒀠𒆷𒀀𒀀, URU.kar-al-la, 𒌷𒋼𒀀𒀠𒆷, URU.kar-al-lu, 𒌷𒋼𒀀𒀠𒇻, URU.kar-al-la-a-a, 𒌷𒋼𒀀𒀠𒆷𒀀𒀀","territory, country",Iran,11 B2,"Bagg RGTC 7 3/1: 321–322, Helsinki Atlas: 11 (map 11 B2), Parpola Toponyms: 199–200, <a href='https://www.ucl.ac.uk/sargon/peoplegodsplaces' target='_blank'>Assyrian empire builders: Karalla</a>, <a href='http://oracc.museum.upenn.edu/atae/cbd/qpn-x-places/onebigfile.html' target='_blank'>ATAE Glossary: Places (Karalla)</a>, <a href='http://oracc.museum.upenn.edu/saao/cbd/qpn-x-places/onebigfile.html' target='_blank'>SAAo Glossary: Places (Karalla)</a>, <a href='http://oracc.museum.upenn.edu/riao/cbd/qpn-x-places/onebigfile.html' target='_blank'>RIAo Glossary: Places (Karalla)</a>, <a href='http://oracc.museum.upenn.edu/rinap/cbd/qpn-x-places/onebigfile.html' target='_blank'>RINAP Glossary: Places (Karalla)</a>, <a href='http://oracc.museum.upenn.edu/saao/cbd/qpn-x-ethnic/onebigfile.html' target='_blank'>SAAo Glossary: Ethnic (Karallaya)</a>, <a href='http://oracc.museum.upenn.edu/riao/cbd/qpn-x-ethnic/onebigfile.html' target='_blank'>RIAo Glossary: Ethnic (Karallayu [OF KARALLA])</a>, <a href='http://oracc.museum.upenn.edu/rinap/cbd/qpn-x-ethnic/onebigfile.html' target='_blank'>RINAP Glossary: Ethnic (Karallayu [OF KARALLA])</a>"
557,Karduniaš,"Karduniaš, Babylonia, Sumer and Akkad",2,–,–,–,country,–,10 D3,Helsinki Atlas: 11 (map 10 D3)
558,Karkara,"Karkara, Tell Jidr U004 (?)",4,31.82422351994132,45.70485877242397,–,city,"Babylonia, Iraq",–,<a href='https://zenodo.org/record/6384045' target='_blank'>Pedersén ANE: Karkara? (Tell Jidr U004)</a>
559,Kasappa,"Kasappa, Kušāf, Tell Kašāf, Tell Kashaf",1,35.9982709832384,43.36426091902668,–,town,"Assyria, Iraq",4 C6,"Helsinki Atlas: 11 (map 4 C6), <a href='https://zenodo.org/record/6384045' target='_blank'>Pedersén ANE: Kasappa (Tell Kashaf)</a>"
1300,Kasku,"Kasku, Kaska, Kaski, Kiski, Kaskāja, Kaskaya, Kaskaiya, Kaška",–,–,–,"KUR.ka-as-ku, 𒆳𒅗𒊍𒆪, KUR.kas-ki, 𒆳𒆜𒆠, KUR.kas-ku, 𒆳𒆜𒆪, KUR.ki-is-ki, 𒆳𒆠𒄑𒆠, KUR.kás-ka-a-a, 𒆳𒁉𒅗𒀀𒀀, URU.kas-ka-a-a, 𒌷𒆜𒅗𒀀𒀀, KUR.kas-ka-ia.MEŠ, 𒆳𒆜𒅗𒅀𒈨𒌍","territory, country",Turkey,–,"Bagg RGTC 7 1: 137–138, Parpola Toponyms: 203, <a href='http://oracc.museum.upenn.edu/atae/cbd/qpn-x-places/onebigfile.html' target='_blank'>ATAE Glossary: Places (Kasku [1])</a>, <a href='http://oracc.museum.upenn.edu/riao/cbd/qpn-x-places/onebigfile.html' target='_blank'>RIAo Glossary: Places (Kasku [1])</a>, <a href='http://oracc.museum.upenn.edu/saao/cbd/qpn-x-places/onebigfile.html' target='_blank'>SAAo Glossary: Places (Kasku [1])</a>, <a href='http://oracc.museum.upenn.edu/rinap/cbd/qpn-x-places/onebigfile.html' target='_blank'>RINAP Glossary: Places (Kasku [1])</a>, <a href='http://oracc.museum.upenn.edu/rinap/cbd/qpn-x-ethnic/onebigfile.html' target='_blank'>RINAP Glossary: Ethnic Names (Kaskayu [of Kaska])</a>, <a href='http://oracc.museum.upenn.edu/riao/cbd/qpn-x-ethnic/onebigfile.html' target='_blank'>RIAo Glossary: Ethnic Names (Kaskayu [of Kaska])</a>"
562,Katmuḫi,"Katmuḫi, Katmuḫu, Kadmuḫi, Šaḫuppa, Saḫuppa, Šuḫuppa",2,–,–,–,"country, province",–,3 E3,Helsinki Atlas: 11 (map 3 E3)
563,Kazallu,Kazallu,–,–,–,"ka-za-lu.KI, 𒅗𒍝𒇻𒆠, ka-zal-lu.KI, 𒅗𒉌𒇻𒆠",city,"Babylonia, Iraq",–,Groneberg RGTC 3: 136–237
561,Kašpūna,"Kašpūna, Kašpuna, Rašpūna, Kuzbatu, Kusbā, Koûsba, Kousba, Kūsbā, Kūsibā, كوسبا, al-Mīnāʾ (?), El Mîna (?), Al Mīnā’ (?), الميناء, Al Kashfah (?), الكشفة, Kašfeh (?), Kachfe (?), Kachfé (?), Kashfah (?), كشفة, Ra’s al Khashūfah (?), رأس الخشوفة, Minyat al-Kassāb (?), Kesab (?), Keseb (?), Kessab (?), Kiseb (?), Qasab (?), كسب",2,34.3018502239101,35.8522422901035,"URU.ka-aš₂-pu-na, 𒌷𒅗𒀾𒁍𒈾, URU.ka-aš₂-pu-u₂-na, 𒌷𒅗𒀾𒁍𒌑𒈾, URU.kaš-pu-na, 𒌷𒁉𒁍𒈾, URU.kaš-pu-na-a-a, 𒌷𒁉𒁍𒈾𒀀𒀀",city,"Phoenicia, Ḫamāt, Lebanon, Syria (?)",8 A2,"Bagg RGTC 7 1: 138–139, Helsinki Atlas: 11 (map 8 A2), Parpola Toponyms: 204, Parpola Toponyms: 293 (Rašpūna), <a href='https://www.geonames.org/272176/kousba.html' target='_blank'>Geonames: Koûsba</a>, <a href='https://www.geonames.org/279400/el-mina.html' target='_blank'>Geonames: El Mîna</a>, <a href='https://www.geonames.org/168538/ra-s-al-khashufah.html' target='_blank'>Geonames: Ra’s al Khashūfah/Kashfah</a>, <a href='https://www.geonames.org/168519/kassab.html' target='_blank'>Geonames: Kassab</a>, <a href='https://www.ucl.ac.uk/sargon/peoplegodsplaces' target='_blank'>Assyrian empire builders: Kašpuna</a>, <a href='http://oracc.museum.upenn.edu/atae/cbd/qpn-x-places/onebigfile.html' target='_blank'>ATAE Glossary: Places (Kašpuna [1])</a>, <a href='http://oracc.museum.upenn.edu/riao/cbd/qpn-x-places/onebigfile.html' target='_blank'>RIAo Glossary: Places (Kašpuna [1])</a>, <a href='http://oracc.museum.upenn.edu/rinap/cbd/qpn-x-places/onebigfile.html' target='_blank'>RINAP Glossary: Places (Kašpuna [1])</a>, <a href='http://oracc.museum.upenn.edu/saao/cbd/qpn-x-places/onebigfile.html' target='_blank'>SAAo Glossary: Places (Kašpuna [1])</a>, <a href='http://oracc.museum.upenn.edu/atae/cbd/qpn-x-ethnic/onebigfile.html' target='_blank'>ATAE Glossary: Ethnic Names (Kašpunaya [of Kašpuna])</a>, <a href='http://oracc.museum.upenn.edu/saao/cbd/qpn-x-ethnic/onebigfile.html' target='_blank'>SAAo Glossary: Ethnic Names (Kašpunaya [of Kašpuna])</a>"
520,Kaḫat,"Kaḫat, Kahat, Tall Barrī, Tell Barrī, Tell Barri, Tall Barri, تل بري",3,36.73892803688681,41.12701228520142,"URU.ka-ḫa-at, 𒌷𒅗𒄩𒀜, URU.ka-ḫat, 𒌷𒅗𒉺",town,"Syria, Ḫābūr area",3 E4,"Bagg RGTC 7 1: 276, Helsinki Atlas: 11 (map 3 E4), <a href='https://zenodo.org/record/6384045' target='_blank'>Pedersén ANE: Kahat (Tell Barri)</a>, <a href='https://zenodo.org/record/5217600' target='_blank'>CIGS: Kahat/Tall Barri</a>, <a href='https://pleiades.stoa.org/places/874732' target='_blank'>Pleiades: Tell Barri/Kahat</a>, <a href='https://books.openedition.org/cdf/4487' target='_blank'>MTT I/3: Kaḫat/Tall Barri (HIGEOMES Nr. 23)</a>, <a href='http://oracc.museum.upenn.edu/atae/cbd/qpn-x-places/onebigfile.html' target='_blank'>ATAE Glossary: Places (Kahat)</a>, <a href='http://oracc.museum.upenn.edu/saao/cbd/qpn-x-places/onebigfile.html' target='_blank'>SAAo Glossary: Places (Kahat)</a>, <a href='http://oracc.museum.upenn.edu/riao/cbd/qpn-x-places/onebigfile.html' target='_blank'>RIAo Glossary: Places (Kahat)</a>"
564,Kelenderis,"Kelenderis, Κελένδερις, Celenderis, Ura (?), Aydıncık",–,36.14407566905237,33.32306497950674,–,"seaport, fortresses","Ḫilakku, Cilicia, Turkey",–,<a href='https://zenodo.org/record/6384045' target='_blank'>Pedersén ANE: Kelenderis / Ura? (Aydıncık)</a>
565,Kenk Boğazi,"Kenk Boğazi, Kenk Boğazı",–,37.24166,37.85433,–,–,Turkey,3 A3,Helsinki Atlas: 26 (map 3 A3)
566,Kesentaş relief,"Kesentaş relief, Ergani/Gisgis relief, Ergani relief, Gigis Dağı, Kesentaş, Sincik, Gisgis",–,38.221931,39.58683,–,monument,Turkey,3 C2,"Köroğlu – Yumruk (2014): <i>Ergani/Gisgis (Kesentaş) Yeni Assur Kabartması</i>. Türk Eskiçağ Bilimleri Enstitüsü Haberler 38. 2–8., Helsinki Atlas: 23 (map 3 C2; Arqānia), <a href='https://www.geonames.org/300742/kesentas.html' target='_blank'>Geonames: Kesentaş</a>, <a href='https://www.geonames.org/314452/dagarasi.html' target='_blank'>Geonames: Dağarası/Gisgis</a>"
1297,Kiaka,"Kiaka, Kijaka, Kiakis, Kiakkas, Ciaca, Chiaca, Morhamam",–,38.684612,38.387036,"URU.ki-a-ka, 𒌷𒆠𒀀𒅗","fortress, city","Melīdi, Kammānu, Turkey",–,"Bagg RGTC 7 1: 139, Parpola Toponyms: 205 (Kijaka), <a href='https://pleiades.stoa.org/places/629008' target='_blank'>Pleiades: Kiakis</a>, <a href='http://imperium.ahlfeldt.se/places/34153.html' target='_blank'>DARE: Kiakis</a>, <a href='https://vici.org/vici/7415/' target='_blank'>Vici.org: Kiakis</a>, <a href='https://www.geonames.org/304202/morhamam.html' target='_blank'>Geonames: Morhamam</a>, <a href='http://oracc.museum.upenn.edu/riao/cbd/qpn-x-places/onebigfile.html' target='_blank'>RIAo Glossary: Places (Kiaka [1])</a>, <a href='http://oracc.museum.upenn.edu/rinap/cbd/qpn-x-places/onebigfile.html' target='_blank'>RINAP Glossary: Places (Kiaka [1])</a>"
567,Kibaki,"Kibaki, Kibaku, Kivah, Kivakh, Kiwekh, Kiwex, Mağara, Mağaraköy",1,37.2828184642693,41.5708532083369,"URU.ki-ba-ki, 𒌷𒆠𒁀𒆠, URU.ki-ba-ka-a-a, 𒌷𒆠𒁀𒅗𒀀𒀀",town,"Kāšijēri mountains, Turkey",4 A4,"Bagg RGTC 7 2/1: 341, Helsinki Atlas: 11 (map 4 A4), Parpola Toponyms: 204, <a href='https://www.geonames.org/307432/magarakoey.html' target='_blank'>Geonames: Mağaraköy</a>, <a href='http://oracc.museum.upenn.edu/riao/cbd/qpn-x-places/onebigfile.html' target='_blank'>RIAo Glossary: Places (Kibaki [1])</a>"
1163,Kibatki,Kibatki,–,–,–,"URU.ki-ba-at-ki, 𒌷𒆠𒁀𒀜𒆠",town,"Māzamua (?), Iraq (?), Iran (?)",–,"Bagg RGTC 7 3/1: 337, Parpola Toponyms: 204, <a href='https://www.ucl.ac.uk/sargon/peoplegodsplaces' target='_blank'>Assyrian empire builders: Kibatki</a>, <a href='http://oracc.museum.upenn.edu/atae/cbd/qpn-x-places/onebigfile.html' target='_blank'>ATAE Glossary: Places (Kibatki)</a>, <a href='http://oracc.museum.upenn.edu/saao/cbd/qpn-x-places/onebigfile.html' target='_blank'>SAAo Glossary: Places (Kibatki)</a>"
568,Kilīzi,"Kilīzi, Kilizu, Kilizi, Kalīzi, Kilīzu, Kalzu, Kalzi, Qaṣr Šamāmūk, Qasr Shamamok EPAS 2, Kilīzi",1,36.10508032303698,43.75205944067397,"kàl-zi, 𒆕𒍣, URU.kàl-zi, 𒌷𒆕𒍣, URU.kàl-zu, 𒌷𒆕𒍪, URU.ki-li-zi, 𒌷𒆠𒇷𒍣, URU.kàl-zi-a-a, 𒌷𒆕𒍣𒀀𒀀","prov. capital, city","Assyria, Iraq",4 C5,"Bagg RGTC 7 2/1: 284–285 (Kalzu), Helsinki Atlas: 11 (map 4 C5), <a href='https://zenodo.org/record/6384045' target='_blank'>Pedersén ANE: Kilizu (Qasr Shamamok EPAS 2)</a>, <a href='https://scholar.harvard.edu/jasonur/pages/erbil' target='_blank'>Erbil Plain Archaeological Survey</a>, <a href='https://sketchfab.com/3d-models/site-2-qasr-shemamok-d658c28b789c460998697a621ca7fd4b' target='_blank'>3D model</a>"
569,Kinabu,"Kinabu, Tavşantepe, Aktepe (?)",–,37.83546,40.2019,"ki-na-bu, 𒆠𒈾𒁍, URU.ki-na-bu, 𒌷𒆠𒈾𒁍",fortified city,"Nirbu, Turkey",–,"Bagg RGTC 7 2/1: 341–342, <a href='https://www.geonames.org/10048768/tavsantepe.html' target='_blank'>Geonames: Tavşantepe</a>, <a href='https://zenodo.org/record/6384045' target='_blank'>Pedersén ANE: (Aktepe)</a>, <a href='http://oracc.museum.upenn.edu/atae/cbd/qpn-x-places/onebigfile.html' target='_blank'>ATAE Glossary: Places (Kinabu)</a>, <a href='http://oracc.museum.upenn.edu/riao/cbd/qpn-x-places/onebigfile.html' target='_blank'>RIAo Glossary: Places (Kinabu)</a>"
570,Kindāu,"Kindāu, Qindau, Kār-Sîn",–,–,–,–,fortress,Iran,–,Radner (2018): <i>The “Lost Tribes of Israel” in the Context of the Resettlement Programme of the Assyrian Empire</i>: 110
1326,Kiniḫamanu,"Kiniḫamanu, Kiniḫamānu, Kinihamanu, Kina...mannu",–,–,–,"URU.ki-ni-ha-ma-nu, 𒌷𒆠𒉌𒄩𒈠𒉡, URU.ki-ni-ḫa-man-nu, 𒌷𒆠𒉌𒄩𒌋𒌋𒉡","fortified city, city","Parsua, Iran",–,"Bagg RGTC 7 3/1: 342–343, Parpola Toponyms: 206 (Kina(.)mannu), <a href='http://oracc.museum.upenn.edu/riao/cbd/qpn-x-places/onebigfile.html' target='_blank'>RIAo Glossary: Places (Kiniḫamanu [1])</a>"
1201,Kinneret,"Kinneret, Kinnereth, Kinrot, Kinnerot, Chinnereth, כִנָּֽרֶת, Tel Kinrot, Tel Kinnerot, תל כנרות, Tell el-ʽOrēme, Tell el-'Oreimeh",–,32.86931566059242,35.53972345407124,"כנרת, כִנָּֽרֶת",city,Israel,–,"<a href='https://zenodo.org/record/6384045' target='_blank'>Pedersén ANE: (Tel Kinnerot / Tell el-'Oreimeh)</a>, <a href='https://www.geonames.org/8140293/tel-kinrot.html' target='_blank'>Geonames: Tel Kinrot</a>, <a href='https://kinneret-excavations.org/tel-kinrot' target='_blank'>Kinneret Regional Project: Tel Kinrot</a>"
571,Kipšūna,"Kipšūna, Kipšuna, Kipšūnu, Kipšunu, Kipšuni, Kibšūna, al-ʿAmādiya, Al ‘Amādīyah, Al Amadiya, العمادية, Amādia, ‘Amādīya, Amādīyeh, عمادية, Amedi, Amêdî, Amēdī, Gefše (?)",3,37.09214,43.48769,"URU.kip-šu-na, 𒌷𒄒𒋗𒈾, URU.kip-šu-u-ni, 𒌷𒄒𒋗𒌋𒉌, URU.kip-šu₂-na, 𒌷𒄒𒋙𒈾, URU.kip-šu-ni, 𒌷𒄒𒋗𒉌, URU.kip-šu₂-ni, 𒌷𒄒𒋙𒉌","prov. capital, city","Qumēni, Māt-masenni, Iraq",4 B4,"Bagg RGTC 7 2/1: 343–344, Helsinki Atlas: 11 (map 4 B4), Parpola Toponyms: 208, Yamada (2018): <i>Ulluba and its Surroundings: Tiglath-pileser III’s Province Organization Facing the Urartian Border</i>. SAAS 28: 34, <a href='https://www.geonames.org/99611/al-amadiyah.html' target='_blank'>Geonames: Al ‘Amādīyah</a>, <a href='https://www.ucl.ac.uk/sargon/peoplegodsplaces' target='_blank'>Assyrian empire builders: Kipšuna</a>, <a href='https://www.ucl.ac.uk/sargon/peoplegodsplaces' target='_blank'>Assyrian empire builders: Land of the Treasurer</a>, <a href='http://oracc.museum.upenn.edu/saao/cbd/qpn-x-places/onebigfile.html' target='_blank'>SAAo Glossary: Places (Kipšuna [1])</a>, <a href='http://oracc.museum.upenn.edu/atae/cbd/qpn-x-places/onebigfile.html' target='_blank'>ATAE Glossary: Places (Kipšuna [1])</a>, <a href='http://oracc.museum.upenn.edu/atae/cbd/qpn-x-places/onebigfile.html' target='_blank'>ATAE Glossary: Places (Kipšunu [1])</a>, <a href='http://oracc.museum.upenn.edu/saao/cbd/qpn-x-places/onebigfile.html' target='_blank'>SAAo Glossary: Places (Kipšunu [1])</a>, <a href='http://oracc.museum.upenn.edu/riao/cbd/qpn-x-places/onebigfile.html' target='_blank'>RIAo Glossary: Places (Kipšunu [1])</a>"
573,Kirši,"Kirši, Kirshu, Beydili Kale (?), Meydancıkkale (?)",–,36.27372199912755,33.44176822159159,–,fortress,"Hittites, Turkey",–,<a href='https://zenodo.org/record/6384045' target='_blank'>Pedersén ANE: Kirši (Meydancıkkale)?</a>
575,Kisiru,"Kisiru, Kisiri, Tell Inṯa, Tell Intha, Tall ʿAin Ṭelṯameh, Tell Thameh, Tlemtha",3,36.4953304147864,43.16657620644602,"URU.ki-si-ri, 𒌷𒆠𒋛𒊑",village,"Assyria, Nineveh province (?), Iraq",4 C5,"Bagg RGTC 7 2/1: 345–346 (Kisiri 2), Helsinki Atlas: 12 (Kisiri; map 4 C5), Parpola Toponyms: 209 (Kisiri), <a href='https://zenodo.org/record/6384045' target='_blank'>Pedersén ANE: (Tell Thameh)</a>, <a href='https://www.geonames.org/92086/qaryat-baybukhat.html' target='_blank'>Geonames: Qaryat Bāybūkhat</a>, <a href='http://oracc.museum.upenn.edu/atae/cbd/qpn-x-places/onebigfile.html' target='_blank'>ATAE Glossary: Places (Kisiri)</a>, <a href='http://oracc.museum.upenn.edu/saao/cbd/qpn-x-places/onebigfile.html' target='_blank'>SAAo Glossary: Places (Kisiri)</a>, <a href='http://oracc.museum.upenn.edu/rinap/cbd/qpn-x-places/onebigfile.html' target='_blank'>RINAP Glossary: Places (Kisiri)</a>"
576,Kissik,"Kissik, Kisiga, Dūrum (?), Dūru (?), Duru (?), Tall al-Laḥm, Tell al-Laḥm, Tell al-Lahm, Tell el-Lahm, تل اللحم, Tell Lahm, Īshān Tall al Laḩm, Ishan Tall al Lahm, ايشان تل اللحم",1,30.77403251222117,46.36579049749619,"ki-is-sik.KI, 𒆠𒄑𒋝𒆠, ki-sik.KI, 𒆠𒋝𒆠, kis-sik-ru.KI, 𒆧𒋝𒊒𒆠, URU.ki-si-ik.KI, 𒌷𒆠𒋛𒅅𒆠, URU.ki-is-sik, 𒌷𒆠𒄑𒋝, LÚ.ki-sik-a-a, 𒇽𒆠𒋝𒀀𒀀, URU.ki-sik-a-a, 𒌷𒆠𒋝𒀀𒀀","city, fortified city","Babylonia, Bīt-Iakīn, Iraq",16 B3,"Bagg RGTC 7 3/1: 345–346, Helsinki Atlas: 12 (map 16 B3), Parpola Toponyms: 209–210, <a href='https://zenodo.org/record/6384045' target='_blank'>Pedersén ANE: Kissik / Duru? (Tell el-Lahm)</a>, <a href='https://zenodo.org/record/5217600' target='_blank'>CIGS: Tall al-Laḥam</a>, <a href='https://www.geonames.org/6735862/ishan-tall-al-lahm.html' target='_blank'>Geonames: Īshān Tall al Laḩm</a>, <a href='https://pleiades.stoa.org/places/912953' target='_blank'>Pleiades: Tell al-Lahm</a>, <a href='https://www.ucl.ac.uk/sargon/peoplegodsplaces' target='_blank'>Assyrian empire builders: Kissik</a>, <a href='http://oracc.museum.upenn.edu/saao/cbd/qpn-x-places/onebigfile.html' target='_blank'>SAAo Glossary: Places (Kissik [1])</a>, <a href='http://oracc.museum.upenn.edu/riao/cbd/qpn-x-places/onebigfile.html' target='_blank'>RIAo Glossary: Places (Kissik [1])</a>, <a href='http://oracc.museum.upenn.edu/rinap/cbd/qpn-x-places/onebigfile.html' target='_blank'>RINAP Glossary: Places (Kissik [1])</a>, <a href='http://oracc.museum.upenn.edu/atae/cbd/qpn-x-places/onebigfile.html' target='_blank'>ATAE Glossary: Places (Kissik [1])</a>, <a href='http://oracc.museum.upenn.edu/saao/cbd/qpn-x-ethnic/onebigfile.html' target='_blank'>SAAo Glossary: Ethnic Names (Kissikaya [1])</a>, <a href='http://oracc.museum.upenn.edu/atae/cbd/qpn-x-ethnic/onebigfile.html' target='_blank'>ATAE Glossary: Ethnic Names (Kissikaya [of Kissik])</a>, <a href='http://oracc.museum.upenn.edu/saao/cbd/qpn-x-ethnic/onebigfile.html' target='_blank'>SAAo Glossary: Ethnic Names (Kissikaya [of Kissik])</a>"
577,Kisuatni,"Kisuatni, Kisuatnu, Kissuwatna, Kizzuwatna, Kizuwatna, Karahüyük",4,36.98053,36.046606,"URU.ki-su-at-ni, 𒌷𒆠𒋢𒀜𒉌","city, fortified city","Quwê, Turkey",2 C3,"Bagg RGTC 7 1: 140, Helsinki Atlas: 12 (map 2 C3; Kissuwatna), Parpola Toponyms: 210 (Kissuwatna), <a href='https://pleiades.stoa.org/places/726944834' target='_blank'>Pleiades: Kisuatni</a>, <a href='https://www.geonames.org/436471/karahueyuek-ciftligi.html' target='_blank'>Geonames: Karahüyük Çiftliği</a>, <a href='http://oracc.museum.upenn.edu/riao/cbd/qpn-x-places/onebigfile.html' target='_blank'>RIAo Glossary: Places (Kisuatni [1])</a>"
578,Kisurra,"Kisurra, Abū Ḥaṭab, Abu Hatab, ابو حطب, Tell Abu Hatab, تل ابو حطب, Īshān Abū Ḩaţab, ايشان ابو حطب, Ishān Abū Ḥaṭab, Ishan Abu Hatab, إشان أبو حطب",–,31.838056,45.480556,–,city,"Babylonia, Iraq",–,"<a href='https://zenodo.org/record/6384045' target='_blank'>Pedersén ANE: Kisurra (Abu Hatab)</a>, <a href='https://pleiades.stoa.org/places/797093165' target='_blank'>Pleiades: Kisurra</a>, <a href='https://zenodo.org/record/5217600' target='_blank'>CIGS: Kisurra/Ishān Abū Ḥaṭab</a>, <a href='https://www.geonames.org/6731778/ishan-abu-hatab.html' target='_blank'>Geonames: Īshān Abū Ḩaţab</a>"
1325,Kitpat,"Kitpat, Kitipata, Kitpattia, Kitpataya, Qazvīn (not), Qazvin (not), قزوين, Qasvīn (not), Kazwin (not), Kazvin (not), Kuazvin (not), Kazvinas (not)",–,–,–,"URU.ki-it-pa-at-ti-a, 𒌷𒆠𒀉𒉺𒀜𒋾𒀀, URU.ki-it-pat, 𒌷𒆠𒀉𒉻, URU.ki-ti-pa-ta, 𒌷𒆠𒋾𒉺𒋫, URU.ki-it-pat-a-a, 𒌷𒆠𒀉𒉻𒀀𒀀","city, country","Bīt-Abdadāni, Gizilbunda, Parsua, Iran",–,"Bagg RGTC 7 3/1: 351–352, Parpola Toponyms: 211 (Kitpattia), <a href='https://publikationen.badw.de/de/rla/index' target='_blank'>Röllig RlA 5: 625–626 (Kitpattia)</a>, <a href='https://www.geonames.org/119505/qazvin.html' target='_blank'>Geonames: Qazvin</a>, <a href='http://oracc.museum.upenn.edu/saao/cbd/qpn-x-places/onebigfile.html' target='_blank'>SAAo Glossary: Places (Kitipat [1])</a>, <a href='http://oracc.museum.upenn.edu/atae/cbd/qpn-x-places/onebigfile.html' target='_blank'>ATAE Glossary: Places (Kitipat [1])</a>, <a href='http://oracc.museum.upenn.edu/riao/cbd/qpn-x-places/onebigfile.html' target='_blank'>RIAo Glossary: Places (Kitpat [1])</a>, <a href='http://oracc.museum.upenn.edu/rinap/cbd/qpn-x-places/onebigfile.html' target='_blank'>RINAP Glossary: Places (Kitpat [1])</a>, <a href='http://oracc.museum.upenn.edu/rinap/cbd/qpn-x-ethnic/onebigfile.html' target='_blank'>RINAP Glossary: Ethnic Names (Kitpatayu [of Kitpat])</a>, <a href='http://oracc.museum.upenn.edu/riao/cbd/qpn-x-ethnic/onebigfile.html' target='_blank'>RIAo Glossary: Ethnic Names (Kitpatayu [of Kitpat])</a>"
583,Kitrusu,"Kitrusu, Kitrusi, Khytroi, Chýtroi, Chythroi, Chytroi, Χύτροι, Khytri, Kythaireia, Kitreya, Kythraea, Kythrea, Kitrea, Kythréa, Κυθρέα, Degirmenlik, Değirmenlik",1,35.25161,33.49518,"KUR.ki-it-ru-si, 𒆳𒆠𒀉𒊒𒋛, URU.ki-it-ru-si, 𒌷𒆠𒀉𒊒𒋛","city, capital, country","Jadnana, Cyprus",7 B1,"Bagg RGTC 7 1: 141 (Kitrusi), Helsinki Atlas: 12 (map 7 B1), Parpola Toponyms: 211, <a href='https://www.geonames.org/20027/chytroi.html' target='_blank'>Geonames: Chýtroi</a>, <a href='https://pleiades.stoa.org/places/707496' target='_blank'>Pleiades: Chyt(h)roi</a>, <a href='https://www.geonames.org/146409/kythrea.html' target='_blank'>Geonames: Kythréa</a>, <a href='http://oracc.museum.upenn.edu/rinap/cbd/qpn-x-places/onebigfile.html' target='_blank'>RINAP Glossary: Places (Kitrusi [1])</a>, <a href='http://oracc.museum.upenn.edu/riao/cbd/qpn-x-places/onebigfile.html' target='_blank'>RIAo Glossary: Places (Kitrusi [1])</a>"
1318,Kizaḫasi,"Kizaḫasi, Kizahasi",–,–,–,"URU.ki-za-ha-si, 𒌷𒆠𒍝𒄩𒋛","fortress, fortified city, city","Parsua, Iran",–,"Bagg RGTC 7 3/1: 352, Parpola Toponyms: 212, <a href='https://www.ucl.ac.uk/sargon/peoplegodsplaces' target='_blank'>Assyrian empire builders: Kizahasi</a>, <a href='http://oracc.museum.upenn.edu/saao/cbd/qpn-x-places/onebigfile.html' target='_blank'>SAAo Glossary: Places (Kizahasi [1])</a>, <a href='http://oracc.museum.upenn.edu/atae/cbd/qpn-x-places/onebigfile.html' target='_blank'>ATAE Glossary: Places (Kizahasi [1])</a>"
581,Kišešlu,"Kišešlu, Kār-Nabû",–,–,–,–,fortress,Iran,–,Radner (2018): <i>The “Lost Tribes of Israel” in the Context of the Resettlement Programme of the Assyrian Empire</i>: 110
582,Kištan,"Kištan, Kaysūn, Kaisūm",2,–,–,–,district,–,3 B3,Helsinki Atlas: 12 (map 3 B3)
580,Kišēsim,"Kišēsim, Kišessim, Kār-Nergal, Najafabad, Najafābād, Nağafābād, نجف‌آباد",3,34.6527,47.9761,–,city,–,11 B2,"Helsinki Atlas: 11 (map 11 B2), <a href='https://pleiades.stoa.org/places/811827554' target='_blank'>Pleiades: Najafabad</a>, <a href='https://zenodo.org/record/5217600' target='_blank'>CIGS: Najafābād</a>, Radner (2018): <i>The “Lost Tribes of Israel” in the Context of the Resettlement Programme of the Assyrian Empire</i>: 110"
574,Kiṣirte,"Kiṣirte, Kiṣirtu, Qisirtî, Qsirty, قسرتى, Qisirt-î Serû, قسرتى سەروو, Qişirt al ‘Ulyā, قصرت العليا, Hawrayn, Horen, Hūrīn, هورين",–,35.33936,45.56302,"URU.ki-ṣir-te, 𒌷𒆠𒈲𒋼, URU.ki-ṣir-tu, 𒌷𒆠𒈲𒌅, URU.ki-ṣir-ta-a-a, 𒌷𒆠𒈲𒋫𒀀𒀀",town,"Māzamua, Iraq",–,"Bagg RGTC 7 3/1: 346, Parpola Toponyms: 210, CTN 6: 221, <a href='https://www.geonames.org/92217/qisirt-al-ulya.html' target='_blank'>Geonames: Qişirt al ‘Ulyā</a>, <a href='https://www.geonames.org/95726/hawrayn.html' target='_blank'>Geonames: Hawrayn</a>, <a href='https://www.ucl.ac.uk/sargon/peoplegodsplaces' target='_blank'>Assyrian empire builders: Kiṣirtu</a>, <a href='http://oracc.museum.upenn.edu/atae/cbd/qpn-x-places/onebigfile.html' target='_blank'>ATAE Glossary: Places (Kiṣirtu)</a>, <a href='http://oracc.museum.upenn.edu/saao/cbd/qpn-x-places/onebigfile.html' target='_blank'>SAAo Glossary: Places (Kiṣirtu)</a>, <a href='http://oracc.museum.upenn.edu/riao/cbd/qpn-x-places/onebigfile.html' target='_blank'>RIAo Glossary: Places (Kiṣirtu)</a>"
585,Kubanaše,"Kubanaše, Kubana, Tall Ḥanāfīz, Telhanafiz, Telhanafiz Karakolu, Kafr Tūṯā (?), Kefartut (?), Kefertut (?), Kafartut (?), Arısilli (?), Koçlu (?), Girbel (?), Çakır (?), Tall Beš Taḥtānī (?)",3,36.88444,40.18944,"URU.ku-ba-na-še, 𒌷𒆪𒁀𒈾𒊺, URU.ku, 𒌷𒆪",town,"Gūzāna province, Turkey",3 D4,"Bagg RGTC 7 2/1: 346–347, Helsinki Atlas: 12 (map 3 D4), Parpola Toponyms: 212 (Kubana), <a href='https://www.geonames.org/439235/telhanafiz-karakolu.html' target='_blank'>Geonames: Telhanafiz Karakolu</a>, <a href='https://www.geonames.org/319939/cakir.html' target='_blank'>Geonames: Çakır/Girbel</a>, <a href='https://www.geonames.org/306833/koclu.html' target='_blank'>Geonames: Koçlu/Kefartut</a>, <a href='https://www.ucl.ac.uk/sargon/peoplegodsplaces' target='_blank'>Assyrian empire builders: Kubanaše</a>, <a href='http://oracc.museum.upenn.edu/saao/cbd/qpn-x-places/onebigfile.html' target='_blank'>SAAo Glossary: Places (Kubanaše [1])</a>, <a href='http://oracc.museum.upenn.edu/atae/cbd/qpn-x-places/onebigfile.html' target='_blank'>ATAE Glossary: Places (Kubanaše [1])</a>"
587,Kulimmeri,"Kulimmeri, Kullimeri, Kulimra, Qulmere, Chlomarôn, Klimar, Gre Migro",2,37.9909981386762,41.15722719049933,–,"prov. capital, city","Šubria, Assyria, Turkey",3 E2,"Helsinki Atlas: 12 (map 3 E2), Bagg RGTC 7 2/1: 349–350, <a href='https://zenodo.org/record/6384045' target='_blank'>Pedersén ANE: Kullimeri? (Gre Migro)</a>"
588,Kullab,"Kullab, Kullaba",1,31.323333,45.63489,–,city district,"Babylonia, Uruk, Iraq",16 A2,Helsinki Atlas: 12 (map 16 A2)
1112,Kullaba,"Kullaba, Kullabi, Kulaba, Kullab",–,–,–,"kul-aba<sub>4</sub>, 𒆰𒀕, kul-aba<sub>4</sub>.KI, 𒆰𒀕𒆠, kul-la-ba.KI, 𒆰𒆷𒁀𒆠, URU.kul-la-ba, 𒌷𒆰𒆷𒁀",fortified city,"Bīt-Iakīn, Babylonia, Iraq",–,"Bagg RGTC 7 3/1: 354–355, Parpola Toponyms: 213"
589,Kullanīa,"Kullanīa, Kunulua, Kinalūa, Kinalua, Kullania, Kunalīa, Kalnē, Calneh, Tell Taʿyīnāt, Tell Tayinat",1,36.24858471409405,36.37573366986413,–,"prov. capital, city","Ḫatti, Pattinu, Kullanīa, Turkey",2 C4,"Helsinki Atlas: 12 (map 2 C4), <a href='https://zenodo.org/record/6384045' target='_blank'>Pedersén ANE: Kullania (Tell Tayinat)</a>, <a href='https://tayinat.artsci.utoronto.ca' target='_blank'> Tayinat Archaeological Project (TAP)</a>"
591,Kullar,"Kullar, Ṣilar, Kulaše, Baziān, Bāziān, Bazyan, بازيان, Jabal Darīndī Bāzyān, جبل دريندي بازيان, Kolara (?), Kurkur Dāġ (?)",2,35.65959,44.95659,"KUR.kul-la-ar, 𒆳𒆰𒆷𒅈, KUR.kúl-la-ar, 𒆳𒆷𒅈",mountain,"Māzamua, Iraq",10 E1,"Bagg RGTC 7 3/1: 354–355, Helsinki Atlas: 12 (map 10 E1), Parpola Toponyms: 213 (Kullar), Parpola Toponyms: 323 (Ṣilar), <a href='https://www.geonames.org/7350108/jabal-darindi-bazyan.html' target='_blank'>Geonames: Jabal Darīndī Bāzyān</a>, <a href='https://www.geonames.org/94101/kurkur.html' target='_blank'>Geonames: Kurkur</a>, <a href='http://oracc.museum.upenn.edu/riao/cbd/qpn-x-places/onebigfile.html' target='_blank'>RIAo Glossary: Places (Kullar [MOUNT KULLAR])</a>, <a href='http://oracc.museum.upenn.edu/rinap/cbd/qpn-x-places/onebigfile.html' target='_blank'>RINAP Glossary: Places (Kullar [MOUNT KULLAR])</a>, <a href='http://oracc.museum.upenn.edu/riao/cbd/qpn-x-places/onebigfile.html' target='_blank'>RIAo Glossary: Places (Kullar)</a>"
592,Kulmadara,"Kulmadara, Chôlmadara, Charmodara",1,37.64166,38.74483,–,town,–,3 B3,Helsinki Atlas: 12 (map 3 B3)
593,Kulumān,"Kulumān, Kilmān, not Kermanshah, near Ḫarḫār",–,–,–,–,town,–,–,–
1165,Kumesa,Kumesa,–,–,–,"KUR.ku-me-sa-a-a, 𒆳𒆪𒈨𒊓𒀀𒀀",territory,"Māzamua, Iraq (?), Iran (?)",–,"Bagg RGTC 7 3/1: 357, Parpola Toponyms: 214, <a href='http://oracc.museum.upenn.edu/saao/cbd/qpn-x-ethnic/onebigfile.html' target='_blank'>SAAo Glossary: Ethnic (Kumesaya [KUMESAEAN])</a>, <a href='http://oracc.museum.upenn.edu/atae/cbd/qpn-x-ethnic/onebigfile.html' target='_blank'>ATAE Glossary: Ethnic (Kumesaya [OF KUMESA]</a>"
594,Kumidu,"Kumidu, Kāmid el-Lōz, Kamid el-Loz",–,33.62381849627923,35.82143372904021,–,city,"Lebanon, Phoenicia",–,<a href='https://zenodo.org/record/6384045' target='_blank'>Pedersén ANE: Kumidu (Kamid el-Loz)</a>
595,Kummanni,"Kummanni, Kummiya, Comana Cappadociae (?), Comana (?), Κόμανα (?), Chryse (?), Hierapolis (?), Sirkeli Höyük, Sirkeli Höyüğü, Sirkeli, Şar (?), Şarköy (?)",4,37.00308785005986,35.74341210633926,–,city,"Hittites, Kissuwatna, Quwê, Cilicia, Turkey",–,"<a href='https://doi.org/10.13173/9783447122849' target='_blank'>Novák – Yaşin eds. (2025): <i>Königsbilder Libationskuhlen und Steinbau. Der hethitischen Kultkomplex und die Felsreliefs in Sirkeli Höyük</i></a>, <a href='https://zenodo.org/record/6384045' target='_blank'>Pedersén ANE: (Sirkeli Höyük)</a>, <a href='https://www.openstreetmap.org/way/183186313' target='_blank'>OpenStreetMap: Sirkeli Höyük</a>, <a href='https://zenodo.org/record/6384045' target='_blank'>Pedersén ANE: Kummanni? / Comana Cappadociae (Şar)</a>, <a href='https://pleiades.stoa.org/places/628959' target='_blank'>Pleiades: Comana/Hierapolis/Chryse</a>, <a href='https://www.geonames.org/301874/sarkoey.html' target='_blank'>Geonames: Şarköy</a>"
596,Kumme,"Kumme, Kummu, Beytüşşebap (?), Beystüşşebap (?)",3,37.57144,43.16515,–,city,–,4 B4,"Helsinki Atlas: 12 (map 4 B4), <a href='https://www.geonames.org/438958/beytuessebap.html' target='_blank'>Geonames: Beytüşşebap</a>"
597,Kummuḫi,"Kummuḫi, Kummuḫu, Kummuhu, Kammānu (district), Commagēnē, Samosata, Samsat",1,37.50356288827389,38.49886383064919,–,"prov. capital, city",Turkey,3 B3,"Helsinki Atlas: 12 (map 3 B3), <a href='https://zenodo.org/record/6384045' target='_blank'>Pedersén ANE: Kummuhu / Samosata (Samsat)</a>"
598,Kundu,"Kundu, Anavarza, Kynda",1,37.257,35.91216,–,city,–,2 B3,Helsinki Atlas: 12 (map 2 B3)
599,Kurbail,"Kurbail, Kurbaʾil, ʿAqra, ‘Aqra, ‘Aqrah, Akra, Akre, Akrê, Ākrē, Aora, عقرة",4,36.7565009639971,43.895627659771,"kur-ba-il₃, 𒆳𒁀𒀭, URU.kur-ba-il₃, 𒌷𒆳𒁀𒀭, URU.kur-bi-il₃-a, 𒌷𒆳𒁉𒀭𒀀, URU.kur-ba-il₃-a-a, 𒌷𒆳𒁀𒀭𒀀𒀀, URU.kur-bi-il₃-a-a, 𒌷𒆳𒁉𒀭𒀀𒀀","prov. capital, city, province","Assyria, Kurbail province, Iraq",4 C5,"Bagg RGTC 7 2/1: 354–355, Helsinki Atlas: 12 (map 4 C5), Parpola Toponyms: 217 (Kurbaʾil), <a href='https://www.geonames.org/98822/-aqrah.html' target='_blank'>Geonames: ‘Aqrah</a>, <a href='http://oracc.museum.upenn.edu/saao/knpp/peoplegodsplaces/index.html' target='_blank'>Knowledge and Power: Kurbail</a>, <a href='https://www.ucl.ac.uk/sargon/peoplegodsplaces' target='_blank'>Assyrian empire builders: Kurbail</a>, <a href='http://oracc.museum.upenn.edu/saao/cbd/qpn-x-places/onebigfile.html' target='_blank'>SAAo Glossary: Places (Kurbail [1])</a>, <a href='http://oracc.museum.upenn.edu/atae/cbd/qpn-x-places/onebigfile.html' target='_blank'>ATAE Glossary: Places (Kurbail [1])</a>, <a href='http://oracc.museum.upenn.edu/riao/cbd/qpn-x-places/onebigfile.html' target='_blank'>RIAo Glossary: Places (Kurbail [1])</a>, <a href='http://oracc.museum.upenn.edu/rinap/cbd/qpn-x-places/onebigfile.html' target='_blank'>RINAP Glossary: Places (Kurbail [1])</a>, <a href='http://oracc.museum.upenn.edu/atae/cbd/qpn-x-ethnic/onebigfile.html' target='_blank'>ATAE Glossary: Ethnic Names (Kurbailaya [from Kurbail])</a>, <a href='http://oracc.museum.upenn.edu/saao/cbd/qpn-x-ethnic/onebigfile.html' target='_blank'>SAAo Glossary: Ethnic Names (Kurbailaya [from Kurbail])</a>, <a href='http://oracc.museum.upenn.edu/saao/cbd/qpn-x-ethnic/onebigfile.html' target='_blank'>SAAo Glossary: Ethnic Names (Kurbailaya [of Kurbail])</a>, <a href='http://oracc.museum.upenn.edu/atae/cbd/qpn-x-ethnic/onebigfile.html' target='_blank'>ATAE Glossary: Ethnic Names (Kurbailaya [of Kurbail])</a>"
600,Kurbail (alt. loc.),"Kurbail (alt. loc.), Ğarāhīya, Jarhīyah, Jaraḩīyah, Jerahiyeh, Jrhia, جرهية, Ḫirbat al-Ğarāhīya, Cirhye",4,36.70375484754254,43.21371489127378,–,"prov. capital, city",Iraq,–,"Helsinki Atlas: 12, <a href='https://zenodo.org/record/6384045' target='_blank'>Pedersén ANE: (Jerahiyeh)</a>, <a href='https://www.geonames.org/95245/jarhiyah.html' target='_blank'>Geonames: Jarhīyah</a>"
601,Kurî,"Kurî, Kūrî, Kuri, kry, Kourion, Koúριov, Curias, Curium, Episkopí, Episkopi, Επισκοπή, Piskobu",1,34.67276897397688,32.86383915944204,"KUR.ku-ri-i, 𒆳𒆪𒊑𒄿, URU.ku-ri-i, 𒌷𒆪𒊑𒄿, kry, 𐤊𐤓𐤉‎","city, capital, seaport, country","Jadnana, Cyprus",7 A2,"Bagg RGTC 7 1: 148–149, Helsinki Atlas: 12 (map 7 A2), Parpola Toponyms: 218, <a href='https://zenodo.org/record/6384045' target='_blank'>Pedersén ANE: Kurî / Kourion (Episkopi)</a>, <a href='https://zenodo.org/record/5217600' target='_blank'>CIGS: Kourion</a>, <a href='https://pleiades.stoa.org/places/707549' target='_blank'>Pleiades: Kourion</a>, <a href='https://www.geonames.org/146633/episkopi.html' target='_blank'>Geonames: Episkopí</a>, <a href='http://oracc.museum.upenn.edu/rinap/cbd/qpn-x-places/onebigfile.html' target='_blank'>RINAP Glossary: Places (Kuri [Curium])</a>, <a href='http://oracc.museum.upenn.edu/riao/cbd/qpn-x-places/onebigfile.html' target='_blank'>RIAo Glossary: Places (Kuri [Curium])</a>"
603,Kutalla,"Kutalla, Kutallu, Kutuli, Kutli, Tall Sifr, Tell Sifr, تل سفر, Tall al-Sifr, تل السفر, Tell Ṣifir",1,31.29483036191871,45.96715646701886,"URU.ku-UD-li, URU.ku-tú-li, 𒌷𒆪𒌓𒇷, URU.ku-tal, 𒌷𒆪𒊑",town,"Babylonia, Dēru (?), Jamutbalu (?), Iraq",16 B2,"Bagg RGTC 7 2/1: 358–359 (Kutuli/Kutli), Helsinki Atlas: 12 (map 16 B2), Parpola Toponyms: 119–220 (*Kutallu), Parpola Toponyms: 404 (*Kutallu), <a href='https://zenodo.org/record/6384045' target='_blank'>Pedersén ANE: Kutallu (Tell Ṣifir)</a>, <a href='https://zenodo.org/record/5217600' target='_blank'>CIGS: Kutalla/Tall al-Sifr</a>"
604,Kutê,"Kutê, Kûtâ, Kutû, Gudua, Kutha, Cutha, Tell Ibrāhīm, Tell Ibrahim",1,32.76052056627949,44.61209387401903,–,"prov. capital, city","Babylonia, Iraq",10 D4,"Helsinki Atlas: 12 (map 10 D4), <a href='https://zenodo.org/record/6384045' target='_blank'>Pedersén ANE: Kutû / Gudua / Kutha (Tell Ibrahim)</a>"
1182,Kābani,"Kābani, Kâbani, Kabani",–,–,–,"URU.ka-a-ba-ni, 𒌷𒅗𒀀𒁀𒉌","city, fortified city","Mannāja, Zikirtu, Aukanê, Iran",–,"Bagg RGTC 7 3/1: 311, Parpola Toponyms: 187, <a href='http://oracc.museum.upenn.edu/riao/cbd/qpn-x-places/onebigfile.html' target='_blank'>RIAo Glossary: Places (Kabani)</a>, <a href='http://oracc.museum.upenn.edu/rinap/cbd/qpn-x-places/onebigfile.html' target='_blank'>RINAP Glossary: Places (Kabani)</a>"
527,Kāneš,"Kāneš, Kaneš, Nēša, Neša, Kültepe",–,38.85017107282217,35.6352947895362,–,city,"Hittites, Turkey",–,<a href='https://zenodo.org/record/6384045' target='_blank'>Pedersén ANE: Kaneš/Neša (Kültepe)</a>
543,Kār-Apladad,"Kār-Apladad, Kar-Apladad, Kār-Apla-Adad, Kār-Apladada, Kar-Apladada, Gleieh, Glaiʿā, Glaiʿa, Glay‘a, Glai'a, Gleiʿeh, Glei'eh, Qulēʿa, Qulaiʿa",4,34.29281950830003,42.20482973903148,"LU₂.kar-A.10, 𒇽𒋼𒀀𒀀𒌋, URU.kar-<sup>d</sup>A.<sup>d</sup>10, 𒌷𒋼𒀀𒀭𒀀𒀭𒌋, URU.kar-A.10, 𒌷𒋼𒀀𒀀𒌋",city,"Sūḫu, Iraq",–,"Bagg RGTC 7 2/1: 329, Parpola Toponyms: 195 (Kār-Apladada), RIMB 2: 327 and 329, <i>Excavations in Iraq 1981–82</i>. Iraq 45/2: 203 (map), <a href='https://zenodo.org/record/6384045' target='_blank'>Pedersén ANE: (Glei'eh)</a>, <a href='https://pleiades.stoa.org/places/223856812' target='_blank'>Pleiades: Gleieh</a>, <a href='https://books.openedition.org/cdf/4487' target='_blank'>MTT I/3: Gleieh (HIGEOMES Nr. 199)</a>, <a href='https://zenodo.org/record/5217600' target='_blank'>CIGS: Glay‘a</a>, <a href='http://oracc.museum.upenn.edu/saao/cbd/qpn-x-places/onebigfile.html' target='_blank'>SAAo Glossary: Places (Kar-Apladad [1])</a>, <a href='http://oracc.museum.upenn.edu/atae/cbd/qpn-x-places/onebigfile.html' target='_blank'>ATAE Glossary: Places (Kar-Apladad [1])</a>"
544,Kār-Aššur,"Kār-Aššur, Kar-Aššur, Kār-Aššūr, Ḫumut, Humut",–,–,–,"kar-aš-šur, 𒋼𒀀𒀸𒋩, URU.kar-AN.ŠÁR, 𒌷𒋼𒀀𒀭𒊹, URU.kar-aš-šur, 𒌷𒋼𒀀𒀸𒋩, URU.kar-<sup>d</sup>aš-šur, 𒌷𒋼𒀀𒀭𒀸𒋩, URU.ḫu-mut, 𒌷𒄷𒄷𒄭",city,"Assyria, Laḫīru province (?), Iraq",–,"Bagg RGTC 7 2/1: 330 (Kār-Aššur), Bagg RGTC 7 2/1: 237 (Ḫumut), Parpola Toponyms: 195–196 (Kār-Aššūr), Parpola Toponyms: 169 (Ḫumut), <a href='https://www.ucl.ac.uk/sargon/peoplegodsplaces' target='_blank'>Assyrian empire builders: Kar-Aššur</a>, <a href='http://oracc.museum.upenn.edu/atae/cbd/qpn-x-places/onebigfile.html' target='_blank'>ATAE Glossary: Places (Kar-Aššur)</a>, <a href='http://oracc.museum.upenn.edu/saao/cbd/qpn-x-places/onebigfile.html' target='_blank'>SAAo Glossary: Places (Kar-Aššur)</a>, <a href='http://oracc.museum.upenn.edu/riao/cbd/qpn-x-places/onebigfile.html' target='_blank'>RIAo Glossary: Places (Kar-Aššur)</a>, <a href='http://oracc.museum.upenn.edu/rinap/cbd/qpn-x-places/onebigfile.html' target='_blank'>RINAP Glossary: Places (Kar-Aššur)</a>, <a href='http://oracc.museum.upenn.edu/riao/cbd/qpn-x-places/onebigfile.html' target='_blank'>RIAo Glossary: Places (Humut)</a>, <a href='http://oracc.museum.upenn.edu/rinap/cbd/qpn-x-places/onebigfile.html' target='_blank'>RINAP Glossary: Places (Humut)</a>"
545,Kār-Aššur-aḫu-iddina,"Kār-Aššur-aḫu-iddina, Kār-Aššūr-aḫu-iddina, Kār-Aššur-aḫḫa-iddina, Kār-Esarhaddon, Ṣīdūnu-ṣeḫru (?), Tall al-Burāq, Tell el-Burak, Brak et Tall, براك التل, Palaityros (?), Tall ar-Rašīdīya (?), Tell ar-Rašīdīya (?), تل الرشيديّة",–,33.4821125229799,35.32244653037357,"URU.KAR-<sup>m</sup>aš-šur-PAB-AŠ, 𒌷𒋼𒀀𒁹𒀸𒋩𒉽𒀸, URU.KAR-<sup>md</sup>aš-šur-PAB-AŠ, 𒌷𒋼𒀀𒁹𒀭𒀸𒋩𒉽𒀸, URU.KAR-<sup>md</sup>aš-šur-ŠEŠ-AŠ, 𒌷𒋼𒀀𒁹𒀭𒀸𒋩𒋀𒀸, URU.KAR-<sup>m</sup>aš-šur-ŠEŠ-SUM-na, 𒌷𒋼𒀀𒁹𒀸𒋩𒋀𒋧𒈾, URU.KAR-<sup>md</sup>aš-šur-ŠEŠ-SUM-na, 𒌷𒋼𒀀𒁹𒀭𒀸𒋩𒋀𒋧𒈾",city,"Ṣīdūnu, Lebanon",–,"Bagg RGTC 7 2/1: 135–136, Parpola Toponyms: 196, <a href='https://zenodo.org/record/6384045' target='_blank'>Pedersén ANE: (Tell el-Burak)</a>, <a href='https://www.geonames.org/11806645/brak-et-tall.html' target='_blank'>Geonames: Brak et Tall</a>"
546,Kār-Aššurnasirpal,"Kār-Aššurnasirpal, Kār-Aššur-nāṣir-apli, Kar-Aššur-naṣir-apli, Kar-Aššurnasirpal, Kār-Ashurnasirpal, Kar-Assurnasirpal, Kar-Assurnazirpal, Tall Mašiḥ, Tall Masaikh, Jebel Masaikh",–,34.97379872642226,40.55545771181903,"URU.kar-<sup>m</sup>AŠ-PAB-A, 𒌷𒋼𒀀𒁹𒀸𒉽𒀀",city,"Assyria, Middle Euphrates, Syria",–,"Bagg RGTC 7 2/1: 330–331, <a href='https://zenodo.org/record/6384045' target='_blank'>Pedersén ANE: Kar-Assurnasirpal (Jebel Masaikh)</a>, <a href='https://zenodo.org/record/5217600' target='_blank'>CIGS: Kar-Assurnazirpal; Tall Masaikh</a>, <a href='http://oracc.museum.upenn.edu/riao/cbd/qpn-x-places/onebigfile.html' target='_blank'>RIAo Glossary: Places (Kar-Aššur-naṣir-apli)</a>"
547,Kār-Issār,"Kār-Issār, Kar-Issar, Kār-Ištar, Kar-Ištar, Tell ʿAğāğī, Tell ‘Ajājī",4,34.9916658655436,43.5358669512929,"URU.kar-<sup>d</sup>15, 𒌷𒋼𒀀𒀭𒌋𒐊",town,"Ugār-sallum (?), Iraq",10 C1,"Bagg RGTC 7 2/1: 333 (Kār-Ištar 1), Helsinki Atlas: 11 (map 10 C1), Parpola Toponyms: 197 (Kār-Ištar), <a href='https://www.google.com/maps/d/u/0/viewer?mid=1XWivnuuHzEfy0BJ6nMOdRbkLojLzahA&ll target='_blank'>Maija Holappa's map</a>, <a href='http://oracc.museum.upenn.edu/saao/cbd/qpn-x-places/onebigfile.html' target='_blank'>SAAo Glossary: Places (Kar-Issar [1])</a>, <a href='http://oracc.museum.upenn.edu/atae/cbd/qpn-x-places/onebigfile.html' target='_blank'>ATAE Glossary: Places (Kar-Ištar [1])</a>"
549,Kār-Mullissi,"Kār-Mullissi, Kar-Mullissi, Karmallīs, Keremlīs, Keramlais",1,36.30564176046609,43.40966490335576,–,city,"Assyria, Iraq",4 C5,"Helsinki Atlas: 11 (map 4 C5), <a href='https://zenodo.org/record/6384045' target='_blank'>Pedersén ANE: Kar-Mullissi (Keramlais)</a>"
550,Kār-Nergal,"Kār-Nergal, aṣ-Ṣūwaira",4,32.92616,44.78683,–,town,–,10 D4,Helsinki Atlas: 11 (map 10 D4)
554,Kār-Tukultī-Ninurta,"Kār-Tukultī-Ninurta, Kar-Tukulti-Ninurta, Tulūl al-ʿAgar, Tulul el-'Aqir",1,35.49355124317795,43.27537955768512,–,city,"Assyria, Iraq",10 C1,"Helsinki Atlas: 11 (map 10 C1), <a href='https://zenodo.org/record/6384045' target='_blank'>Pedersén ANE: Kar-Tukulti-Ninurta (Tulul el-'Aqir)</a>"
548,Kār-kaššî,"Kār-kaššî, Kar-kaššî, Kar-kašši, Kār-Kaššî, Kar-Kaššî, Kar-Kašši, Karkaššî, Karkašši, Qarkasia (?)",–,–,–,"kar-kaš-ši-i, 𒋼𒀀𒁉𒅆𒄿, KUR.kar-ka-ši-e, 𒆳𒋼𒀀𒅗𒅆𒂊, KUR.kar-kaš-ši-e, 𒆳𒋼𒀀𒁉𒅆𒂊, KUR.kar-kaš-ši-i, 𒆳𒋼𒀀𒁉𒅆𒄿, KUR.kar-kaš-šá-a-a, 𒆳𒋼𒀀𒁉𒃻𒀀𒀀, URU.kar-kaš-ši-i, 𒌷𒋼𒀀𒁉𒅆𒄿","city, territory, country","Mādāja, Iran",–,"Bagg RGTC 7 3/1: 327–328, Parpola Toponyms: 197, <a href='http://oracc.museum.upenn.edu/saao/knpp/peoplegodsplaces/index.html' target='_blank'>Knowledge and Power: Kar-kašši</a>, <a href='http://oracc.museum.upenn.edu/saao/cbd/qpn-x-ethnic/onebigfile.html' target='_blank'>SAAo Glossary: Ethnic (Kar-Kaššaya)</a>, <a href='http://oracc.museum.upenn.edu/atae/cbd/qpn-x-places/onebigfile.html' target='_blank'>ATAE Glossary: Places (Kar-Kašši)</a>, <a href='http://oracc.museum.upenn.edu/saao/cbd/qpn-x-places/onebigfile.html' target='_blank'>SAAo Glossary: Places (Kar-Kašši)</a>"
551,Kār-nūri,"Kār-nūri, Kar-nuri, ʿAin Sifnī, Ain Sifni, Ain Sufni, ‘Eyn Sifnî, عين سفني, Ash Shaykhān, الشيخان",–,36.69595,43.35202,"URU.kar-nu-ru, 𒌷𒋼𒀀𒉡𒊒, URU.kar-nu-ú-ri, 𒌷𒋼𒀀𒉡𒌑𒊑, URU.ka-ru-nu-ri, 𒌷𒅗𒊒𒉡𒊑",town,"Assyria, Iraq",–,"Bagg RGTC 7 2/1: 335 (near ʿAin Sifnī), <a href='https://www.geonames.org/98293/ash-shaykhan.html' target='_blank'>Geonames: Ash Shaykhān (‘Ayn Sifnī)</a>, <a href='http://oracc.museum.upenn.edu/atae/cbd/qpn-x-places/onebigfile.html' target='_blank'>ATAE Glossary: Places (Kar-nuri)</a>, <a href='http://oracc.museum.upenn.edu/riao/cbd/qpn-x-places/onebigfile.html' target='_blank'>RIAo Glossary: Places (Kar-nuri)</a>, <a href='http://oracc.museum.upenn.edu/rinap/cbd/qpn-x-places/onebigfile.html' target='_blank'>RINAP Glossary: Places (Kar-nuri)</a>"
552,Kār-Šamaš,"Kār-Šamaš, Kar-Šamaš, Kharaib el-Qadisiya (?), Al Qādisīyah (?), Qadisiya (?), Al Jāsīyah (?), الجاسية, Sūr Atharī (?)",3,34.09449,44.00033,"URU.kar-<sup>d</sup>UTU, 𒌷𒋼𒀀𒀭𒌓",town,Iraq,10 D2,"Bagg RGTC 7 2/1: 336, Helsinki Atlas: 11 (map 10 D2), Parpola Toponyms: 198, Ziegler – Otto – Fink (2023): The “Road to Emar” reconsidered: 155–156 (5.C.4 Kar-Šamaš) and 154 (map), <a href='https://www.google.com/maps/d/u/0/viewer?mid=1XWivnuuHzEfy0BJ6nMOdRbkLojLzahA&ll target='_blank'>Maija Holappa's map</a>, <a href='https://zenodo.org/record/6384045' target='_blank'>Pedersén ANE: (Kharaib el-Qadisiya)</a>, <a href='https://www.geonames.org/99020/al-jasiyah.html' target='_blank'>Geonames: Al Jāsīyah</a>, <a href='https://www.ucl.ac.uk/sargon/peoplegodsplaces' target='_blank'>Assyrian empire builders: Kar-Šamaš</a>, <a href='http://oracc.museum.upenn.edu/saao/cbd/qpn-x-places/onebigfile.html' target='_blank'>SAAo Glossary: Places (Kar-Šamaš [1])</a>, <a href='http://oracc.museum.upenn.edu/atae/cbd/qpn-x-places/onebigfile.html' target='_blank'>ATAE Glossary: Places (Kar-Šamaš [1])</a>"
553,Kār-Šamaš-nāṣir,Kār-Šamaš-nāṣir,–,–,–,–,town,Central Assyria,–,RGTC 7 2/1: 336
560,Kāšijēri,"Kašiieri, Kašiiari, Kāšijēri, Kāšiāru, Kašijari, Ṭūr ʿAbdīn",1,–,–,–,mountain,"Ḫanigalbat, Turkey",3 D3,Helsinki Atlas: 11 (map 3 D3)
579,Kīš,"Kīš, Kiš, Kish, Ḫursagkalama, Tell Inġarra, Tell al-Uḥaimir, تل الأحيمر, Uhaimir",1,32.55201843670925,44.58562716252547,–,city,"Babylonia, Iraq",10 D4,"Helsinki Atlas: 11 (map 10 D4), <a href='https://zenodo.org/record/6384045' target='_blank'>Pedersén ANE: Kiš (Tell Uhaimir)</a>"
584,Kızkapanlı,"Kızkapanlı, Kizkapanli, Pazarcık, Kahramanmaraş, Pazarğik",–,37.47166,37.25599,–,–,Turkey,2 D3,Helsinki Atlas: 29 (map 2 D3)
586,Kūkab,"Kūkab, Tell Kawkab",1,36.53183,40.85433,–,mountain,–,3 D4,Helsinki Atlas: 12 (map 3 D4)
602,Kūsu,"Kūsu, Kusu, Kāšu, Kush, Cush, Kuš, Meluḫḫa, Meluhha, Meluḫḫu, Meluhhu, Melaḫḫa, Melahha, Emeluḫḫa, Emeluhha, Aethiopia, Nubia",1,–,–,"ku-sa-a, 𒆪𒊓𒀀, ku-sa-a-a, 𒆪𒊓𒀀𒀀, ku-sa-a-a-te, 𒆪𒊓𒀀𒀀𒋼, KUR.ku-si, 𒆳𒆪𒋛, KUR.ku-su, 𒆳𒆪𒋢, KUR.ku-ši, 𒆳𒆪𒅆, KUR.ku-u-si, 𒆳𒆪𒌋𒋛, KUR.ku-u-su, 𒆳𒆪𒌋𒋢, KUR.ku-ú-si, 𒆳𒆪𒌑𒋛, KUR.ku-ú-su, 𒆳𒆪𒌑𒋢, KUR.ku-ú-ši, 𒆳𒆪𒌑𒅆, KUR.ku-ú-šú, 𒆳𒆪𒌑𒋙, KUR.ku-sa-a-a, 𒆳𒆪𒊓𒀀𒀀, KUR.ku-sa-a-e , 𒆳𒆪𒊓𒀀𒂊, URU.ku-ú-si, 𒌷𒆪𒌑𒋛","territory, country","Nubia, Egypt, Sudan",–,"Bagg RGTC 7 2/1: 356–358, <a href='https://pleiades.stoa.org/places/827790769' target='_blank'>Pleiades: Kush (kingdom)</a>, <a href='http://oracc.museum.upenn.edu/saao/knpp/peoplegodsplaces/index.html' target='_blank'>Knowledge and Power: Cush/Kush</a>, <a href='https://www.ucl.ac.uk/sargon/peoplegodsplaces' target='_blank'>Assyrian empire builders: Cush/Kush</a>, <a href='http://oracc.museum.upenn.edu/atae/cbd/qpn-x-places/onebigfile.html' target='_blank'>ATAE Glossary: Places (Kusu [KUSH; NUBIA])</a>, <a href='http://oracc.museum.upenn.edu/saao/cbd/qpn-x-places/onebigfile.html' target='_blank'>SAAo Glossary: Places (Kusu [KUSH; NUBIA])</a>, <a href='http://oracc.museum.upenn.edu/riao/cbd/qpn-x-places/onebigfile.html' target='_blank'>RIAo Glossary: Places (Kusu [KUSH])</a>, <a href='http://oracc.museum.upenn.edu/rinap/cbd/qpn-x-places/onebigfile.html' target='_blank'>RINAP Glossary: Places (Kusu [KUSH])</a>"
606,Labdūdu,Labdūdu,3,–,–,–,tribe,–,11 A3,Helsinki Atlas: 12 (map 11 A3)
608,Labnāna,"Labnāna, Labnana, Labʾān, Labnāni, Labnānu, Lablana, Niplani, Líbanos, Libanos, Λίβανος, Libanus mons, Lubnān, L<sup>e</sup>bānôn, לבנון, Lebānôn, Lebanon, Jabal Lubnān, جَبَل لُبْنَان, Gibāl Lubnān al-Ġarbīya, Jebel el Gharbi, Silsilat Jabāl Lubnān al Gharbīyah",1,34.3,36.116667,"KUR.lab-na-na, 𒆳𒆗𒈾𒈾, KUR.lab-na-ni, 𒆳𒆗𒈾𒉌, KUR.lab-na-nu, 𒆳𒆗𒈾𒉡, KUR.lab-na-a-ni, 𒆳𒆗𒈾𒀀𒉌, KUR.la-ab-na-an (?), 𒆳𒆷𒀊𒈾𒀭, lab-na-ni, 𒆗𒈾𒉌, lab-na-a-ni, 𒆗𒈾𒀀𒉌, URU.lab-na-na, 𒌷𒆗𒈾𒈾, l<sup>e</sup>bānôn, לבנון, lbnn, 𐡋𐡁𐡍𐡍, 𐤋𐤁𐤍𐤍, lbnt, 𐤋𐤁𐤍𐤕","mountains, mountain",Lebanon,8 A3,"Bagg RGTC 7 1: 152–153, Helsinki Atlas: 12 (map 8 A3), Parpola Toponyms: 221–222, <a href='https://www.geonames.org/272077/lebanon-mountains.html' target='_blank'>Geonames: Lebanon Mountains</a>, <a href='https://pleiades.stoa.org/places/678267' target='_blank'>Pleiades: Libanus M.</a>, <a href='https://www.ucl.ac.uk/sargon/peoplegodsplaces' target='_blank'>Assyrian empire builders: Lebanon/Labnana</a>, <a href='http://oracc.museum.upenn.edu/rinap/cbd/qpn-x-places/onebigfile.html' target='_blank'>RINAP Glossary: Places (Labnana [Mount Lebanon])</a>, <a href='http://oracc.museum.upenn.edu/atae/cbd/qpn-x-places/onebigfile.html' target='_blank'>ATAE Glossary: Places (Labnana [Mount Lebanon])</a>, <a href='http://oracc.museum.upenn.edu/riao/cbd/qpn-x-places/onebigfile.html' target='_blank'>RIAo Glossary: Places (Labnana [Mount Lebanon])</a>, <a href='http://oracc.museum.upenn.edu/saao/cbd/qpn-x-places/onebigfile.html' target='_blank'>SAAo Glossary: Places (Labnana [Mount Lebanon])</a>"
605,Labāʾu,"Labāʾu, Laba'u, Labaʾu, Lebo, Labwa, Lebô, Tell Qasr Labwa",1,34.19973260362815,36.34378640705631,–,city,Lebanon,8 B2,"Helsinki Atlas: 12 (map 8 B2), <a href='https://zenodo.org/record/6384045' target='_blank'>Pedersén ANE: Laba'u / Lebo (Tell Qasr Labwa)</a>"
607,Labīru,Labīru,–,–,–,–,town,Assyria,–,RGTC 7 2/1: 360
609,Ladānu,"Ladānu, Ladanu, Ladāni, Ladani, Qalʿe Dīze area, Rāniya plain",–,–,–,"KUR.la-da-a-ni, 𒆳𒆷𒁕𒀀𒉌",territory,"Ḫabrūri, Iraq",–,"Bagg RGTC 7 3/1: 365 (Ladāni), Parpola Toponyms: 222, <a href='https://www.geonames.org/92615/qeladize.html' target='_blank'>Geonames: Qeładizê</a>, <a href='https://www.geonames.org/92052/raniye.html' target='_blank'>Geonames: Ṟaniye</a>, <a href='http://oracc.museum.upenn.edu/riao/cbd/qpn-x-places/onebigfile.html' target='_blank'>RIAo Glossary: Places (Ladani [1])</a>"
610,Lagaš,"Lagaš, El-Hiba",1,31.41790035849431,46.41028199492222,–,city,"Babylonia, Iraq",–,<a href='https://zenodo.org/record/6384045' target='_blank'>Pedersén ANE: Lagaš (El-Hiba)</a>
612,Laglāgu,"Laglāgu, Tagalāgu, Tagalagi, Lagalaga, Laggalaga, Laggalagi, ʿUlūw Būlāq, ‘Ulūbalāgh, Ulubulagh",–,35.6,45.08333,"URU.la-ag-ga-la-gi, 𒌷𒆷𒀝𒂵𒆷𒄀, URU.la-ag-la-gi, 𒌷𒆷𒀝𒆷𒄀, URU.la-ga-la-ga, 𒌷𒆷𒂵𒆷𒂵, URU.ta-ga-la-gi, 𒌷𒋫𒂵𒆷𒄀",town,"Māzamua, Dagara, Iraq",10 E1,"Bagg RGTC 7 3/1: 365–366 (Lagalaga), Helsinki Atlas: 12 (map 10 E1), Parpola Toponyms: 222 (Lagalaga), Parpola Toponyms: 344 (Talagagi), <a href='https://www.geonames.org/89981/-uluw-bulaq.html' target='_blank'>Geonames: ‘Ulūw Būlāq</a>, <a href='https://www.ucl.ac.uk/sargon/peoplegodsplaces' target='_blank'>Assyrian empire builders: Tagalagi</a>, <a href='http://oracc.museum.upenn.edu/riao/cbd/qpn-x-places/onebigfile.html' target='_blank'>RIAo Glossary: Places (Lagalaga)</a>, <a href='http://oracc.museum.upenn.edu/atae/cbd/qpn-x-places/onebigfile.html' target='_blank'>ATAE Glossary: Places (Laggalagi)</a>, <a href='http://oracc.museum.upenn.edu/saao/cbd/qpn-x-places/onebigfile.html' target='_blank'>SAAo Glossary: Places (Laggalagi)</a>, <a href='http://oracc.museum.upenn.edu/atae/cbd/qpn-x-places/onebigfile.html' target='_blank'>ATAE Glossary: Places (Tagalagi)</a>, <a href='http://oracc.museum.upenn.edu/saao/cbd/qpn-x-places/onebigfile.html' target='_blank'>SAAo Glossary: Places (Tagalagi)</a>"
614,Lakīsu,"Lakīsu, Lakīšu, Lakišu, Lakisu, Lākîš, Lachish, Tell al-Duweir, Tell ed-Duwer",1,31.56522177639388,34.84906710455829,–,"city, admin. center","Iaʾūdu, Israel",7 C5,"Helsinki Atlas: 12 (map 7 C5), <a href='https://zenodo.org/record/6384045' target='_blank'>Pedersén ANE: Lakišu / Lakisu / Lachish (Tell ed-Duwer)</a>, <a href='https://sketchfab.com/3d-models/tel-lachish-2018-993a67a2138d4e6782e71ad3275ead8c' target='_blank'>3D model</a>"
615,Lalar,"Lalar, Lallar",–,–,–,"KUR.la-la-ar, 𒆳𒆷𒆷𒅈",mountain,"Qutû, Iraq",–,"RGTC 5: 176, <a href='https://publikationen.badw.de/de/rla/index' target='_blank'>Rölig RlA 6: 438 (Lallar)</a>, <a href='http://oracc.museum.upenn.edu/riao/cbd/qpn-x-places/onebigfile.html' target='_blank'>RIAo Glossary: Places (Lalar [Mount Lalar])</a>"
1245,Langa...,Langa...,–,–,–,"URU.la-an-ga-x+x, 𒌷𒆷𒀭𒂵xx",town,"Assyria, Iraq",–,"Bagg RGTC 7 2/1: 363, Parpola Toponyms: 224, <a href='http://oracc.museum.upenn.edu/saao/cbd/qpn-x-places/onebigfile.html' target='_blank'>SAAo Glossary: Places (Langa-x [1] [1])</a>, <a href='http://oracc.museum.upenn.edu/atae/cbd/qpn-x-places/onebigfile.html' target='_blank'>ATAE Glossary: Places (Langa-x [1] [1])</a>"
618,Larak,"Larak, Larag, Laraki, Tell al-Ḫayyād, Tall al-Ḥayyād, Tell el-Hayyad, تل الحيد, Tall al Ḩayid al Gharbī, Tall al Hayid al Gharbi, تل الحيد الغربي, Tell Wilaya (?), Tall Wilāyah (?), Tall Wilayah (?), تل ولايه, Tall al-Wilāya (?)",4,32.0470198073546,45.70133630164549,"UD.UD.AG.KI, UD.UD-ak.KI, 𒌓𒌓𒀝𒆠, UD.UD.KI, 𒌓𒌓𒆠, URU.la-rak, 𒌷𒆷𒊩, URU.la-rak-ka, 𒌷𒆷𒊩𒅗, UD.UD.AG-a-a, UD.UD.AK-a-a, 𒌓𒌓𒀝𒀀𒀀, UD.UD.AG.KI-a-a, 𒌓𒌓𒀝𒆠𒀀𒀀, URU.la-rak-a-a, 𒌷𒆷𒊩𒀀𒀀, URU.la-rak-ka-a-a, 𒌷𒆷𒊩𒅗𒀀𒀀, URU.UD.UD.AG-a-a, 𒌷𒌓𒌓𒀝𒀀𒀀, URU.UD.UD-ak.KI-a-a, URU.UD.UD.AG.KI-a-a, 𒌷𒌓𒌓𒀝𒆠𒀀𒀀, LU₂.la-rak-a-a, 𒇽𒆷𒊩𒀀𒀀, LU₂.UD.UD.AG.KI-u₂-a, 𒇽𒌓𒌓𒀝𒆠𒌑𒀀, LU₂.UD.UD.KI-u₂-a, 𒇽𒌓𒌓𒆠𒌑𒀀, LU₂.UD.UD.KI-MEŠ, 𒇽𒌓𒌓𒆠𒈨𒌍, LU₂.UD.UD-ak.KI-a-a, LU₂.UD.UD.AG.KI-a-a, 𒇽𒌓𒌓𒀝𒆠𒀀𒀀",city,"Babylonia, Bīt-Amukkāni, Iraq",11 A4,"Bagg RGTC 7 3/1: 368–370, Helsinki Atlas: 12 (map 11 A4), Parpola Toponyms: 224–225, Adams (1981): <i>Heartland of Cities...</i>: 280 (no. 1306; Figs. 12 and 29; map), <a href='https://zenodo.org/record/6384045' target='_blank'>Pedersén ANE: (Tell el-Hayyad H1306)</a>, <a href='https://www.geonames.org/6759774/tall-al-hayid-al-gharbi.html' target='_blank'>Geonames: Tall al Ḩayid al Gharbī</a>, <a href='https://zenodo.org/record/6384045' target='_blank'>Pedersén ANE: Larak? (Tell Wilaya)</a>, <a href='https://www.geonames.org/6759635/tall-wilayah.html' target='_blank'>Geonames: Tall Wilāyah</a>, <a href='https://www.geonames.org/94014/larak.html' target='_blank'>Geonames: Larak</a>, <a href='https://pleiades.stoa.org/places/813485298' target='_blank'>Pleiades: Larak</a>, <a href='http://oracc.museum.upenn.edu/saao/knpp/peoplegodsplaces/index.html' target='_blank'>Knowledge and Power: Larak</a>, <a href='https://www.ucl.ac.uk/sargon/peoplegodsplaces' target='_blank'>Assyrian empire builders: Larak</a>, <a href='http://oracc.museum.upenn.edu/saao/cbd/qpn-x-places/onebigfile.html' target='_blank'>SAAo Glossary: Places (Larak [1])</a>, <a href='http://oracc.museum.upenn.edu/riao/cbd/qpn-x-places/onebigfile.html' target='_blank'>RIAo Glossary: Places (Larak [1])</a>, <a href='http://oracc.museum.upenn.edu/rinap/cbd/qpn-x-places/onebigfile.html' target='_blank'>RINAP Glossary: Places (Larak [1])</a>, <a href='http://oracc.museum.upenn.edu/atae/cbd/qpn-x-places/onebigfile.html' target='_blank'>ATAE Glossary: Places (Larak [1])</a>, <a href='http://oracc.museum.upenn.edu/saao/cbd/qpn-x-ethnic/onebigfile.html' target='_blank'>SAAo Glossary: Ethnic Names (Larakaya [Larakean])</a>, <a href='http://oracc.museum.upenn.edu/atae/cbd/qpn-x-ethnic/onebigfile.html' target='_blank'>ATAE Glossary: Ethnic Names (Larakaya [of Larak])</a>, <a href='http://oracc.museum.upenn.edu/rinap/cbd/qpn-x-ethnic/onebigfile.html' target='_blank'>RINAP Glossary: Ethnic Names (Larakayu [of Larak])</a>, <a href='http://oracc.museum.upenn.edu/riao/cbd/qpn-x-ethnic/onebigfile.html' target='_blank'>RIAo Glossary: Ethnic Names (Larakayu [of Larak])</a>"
619,Larbusa,"Larbusa, Larbusu, Tall Sitak, Tell Sitak, Tall Sītak, تل سيتك",–,35.642,45.5028,"URU.la-ar-bu-sa, 𒌷𒆷𒅈𒁍𒊓, URU.la-ar-bu-sa-a-a, 𒌷𒆷𒅈𒁍𒊓𒀀𒀀","city, fortified city","Māzamua, Iraq",–,"Bagg RGTC 7 3/1: 370, Parpola Toponyms: 225, Radner (2017): <i>A Neo-Assyrian Legal Document from Tell Sitak</i>: 428–429, <a href='https://zenodo.org/record/5217600' target='_blank'>CIGS: Tall Sītak</a>, <a href='https://zenodo.org/record/6384045' target='_blank'>Pedersén ANE: (Tell Sitak)</a>, <a href='http://oracc.museum.upenn.edu/riao/cbd/qpn-x-ethnic/onebigfile.html' target='_blank'>RIAo Glossary: Ethnic (Larbusayu)</a>, <a href='http://oracc.museum.upenn.edu/riao/cbd/qpn-x-places/onebigfile.html' target='_blank'>RIAo Glossary: Places (Larbusa)</a>"
620,Laribda,"Laribda, aṭ-Ṭajjibe, Aţ Ţayyibah, الطيبة, At Tayyibah, Al Taibah, التيبة, Ain Tayibe, Ourd Oriza, ʿUrd, Gebb al-Qdeim (?), Qudaym (?), Qdeïm (?), قديم, Bīr Qudaym (?), Bir Qudaym (?), Bir Qdeim (?), بير قديم",–,35.08895,38.91597,"URU.la-ri-ib-da, 𒌷𒆷𒊑𒅁𒁕","town, fortified water point",Syria,–,"Bagg RGTC 7 1: 156, Parpola Toponyms: 225, <a href='https://www.geonames.org/172329/at-tayyibah.html' target='_blank'>Geonames: At Tayyibah</a>, <a href='https://www.geonames.org/165753/bir-qudaym.html' target='_blank'>Geonames: Bīr Qudaym</a>, <a href='https://www.geonames.org/165752/bi-r-qudaym.html' target='_blank'>Geonames: Bi’r Qudaym</a>, <a href='http://oracc.museum.upenn.edu/riao/cbd/qpn-x-places/onebigfile.html' target='_blank'>RIAo Glossary: Places (Laribda [1])</a>, <a href='http://oracc.museum.upenn.edu/rinap/cbd/qpn-x-places/onebigfile.html' target='_blank'>RINAP Glossary: Places (Laribda [1])</a>"
621,Larsa,"Larsa, Larsam, as-Sankara, Tulul Sinkara",1,31.2828937478441,45.85330323867281,"ARARMA.KI, 𒌓𒀕𒆠, URU.la-ar-sa, 𒌷𒆷𒅈𒊓",city,"Babylonia, Iraq",16 A2,"Helsinki Atlas: 12 (map 16 A2), <a href='https://zenodo.org/record/6384045' target='_blank'>Pedersén ANE: Larsa (Tulul Sinkara)</a>"
1312,Latašê,"Latašê, Lataše",–,–,–,"URU.la-ta-še-e, 𒌷𒆷𒋫𒊺𒂊",fortress,"Allabria, Lāruete, Iran",–,"Bagg RGTC 7 3/1: 372, Parpola Toponyms: 226, <a href='http://oracc.museum.upenn.edu/riao/cbd/qpn-x-places/onebigfile.html' target='_blank'>RIAo Glossary: Places (Lataše [1])</a>, <a href='http://oracc.museum.upenn.edu/rinap/cbd/qpn-x-places/onebigfile.html' target='_blank'>RINAP Glossary: Places (Lataše [1])</a>"
622,Latiḫu,"Latiḫu, Latiḫi, Latiḫum, Tell Baḥza, Tall Bahza, Aš-Šaddāda (?), Al-Šaddāda (?), الشدادة, Tall Šaddāda (?), Tall Šaḏḏāda (?), Tall Shaddada (?), Tell Shaddada (?)",4,36.081037,40.707036,"URU.la-ti-ḫi, 𒌷𒆷𒋾𒄭",town,"Šadikanni, Syria",3 D4,"Bagg RGTC 7 2/1: 366, Helsinki Atlas: 12 (map 3 D4), <a href='https://books.openedition.org/cdf/4487' target='_blank'>MTT I/3: Tall Bahza (HIGEOMES Nr. 779)</a>, <a href='https://zenodo.org/record/6384045' target='_blank'>Pedersén ANE: (Tell Shaddada)</a>, <a href='https://books.openedition.org/cdf/4487' target='_blank'>MTT I/3: Tall Shaddada (HIGEOMES Nr. 149)</a>, <a href='http://oracc.museum.upenn.edu/riao/cbd/qpn-x-places/onebigfile.html' target='_blank'>RIAo Glossary: Places (Latihu)</a>"
1096,Laḫīra,"Laḫīru, Laḫīra, Laḫīri, Kuwait",4,32.42967,47.17667,–,"prov. capital, city",–,11 C4,Helsinki Atlas: 12 (map 11 C4; Laḫīru (2))
613,Laḫīru,"Laḫīru, Laḫīra, Laḫīri, Lahiru, Lahir, Lair, Askī Kifrī, Eski Kifri",3,34.63333,44.9,–,"prov. capital, city",–,10 D2,"Helsinki Atlas: 12 (map 10 D2), <a href='https://www.geonames.org/98565/aski-kifri.html' target='_blank'>Geonames: Askī Kifrī</a>, <a href='https://pleiades.stoa.org/places/894031' target='_blank'>Pleiades: La(h)ir?</a>"
1209,Libê,Libê,–,–,–,"URU.li-bé-e, 𒌷𒇷𒁉𒂊",fortified city,"Nimme, Iraq",–,"Bagg RGTC 7 3/1: 372, Parpola Toponyms: 226, <a href='http://oracc.museum.upenn.edu/riao/cbd/qpn-x-places/onebigfile.html' target='_blank'>RIAo Glossary: Places (Libe)</a>"
623,Lidir,"Lidir, Ledra, Λήδρα, Ledrae, Lédrai, Λέδραι, Ledroi, Λήδροι, Ledron, Λεδρῶν, Λῆδρον, Leuteon, Λευτεῶν, Leucon, Λευκῶν, Leucotheon, Λευκοθέον, Leucoi Theoi, Λευκοί Θεοί, Leuke ousia, λευκή οὐσία, Leucopolis, Λευκούπολις, Kallinikesis, Callinicesis, Καλλινικησις, Kallinekesis, Καλλινεικησις, Leucosia, Λευκουσία, Levkōsīa, Lefkosia, Λευκωσία, Lefḳoša, Lefkoşa, al-Afqūsīya, al-Afqusiya, الأفقوسية, Nicosia, Nikosia, Nikusiya",1,35.17284,33.35397,"KUR.li-di-ir, 𒆳𒇷𒁲𒅕, URU.li-di-ir, 𒌷𒇷𒁲𒅕","city, capital, country","Jadnana, Cyprus",7 B1,"Bagg RGTC 7 1: 157, Helsinki Atlas: 12 (map 7 B1), Parpola Toponyms: 226–227, <a href='https://en.wikipedia.org/wiki/Nicosia' target='_blank'>Wikipedia: Nicosia</a>, <a href='https://www.geonames.org/146268/nicosia.html' target='_blank'>Geonames: Nicosia</a>, <a href='https://pleiades.stoa.org/places/707558' target='_blank'>Pleiades: Ledroi/Leuke Ousia</a>, <a href='http://oracc.museum.upenn.edu/riao/cbd/qpn-x-places/onebigfile.html' target='_blank'>RIAo Glossary: Places (Lidir [1])</a>, <a href='http://oracc.museum.upenn.edu/rinap/cbd/qpn-x-places/onebigfile.html' target='_blank'>RINAP Glossary: Places (Lidir [1])</a>"
624,Luamma,"Luamma, Luʾama",–,–,–,"URU.lu-a-ma, 𒌷𒇻𒀀𒈠",town,"Assyria, Arrapḫa province, Iraq",–,"Bagg RGTC 7 2/1: 372 (Luamma 2), <a href='http://oracc.museum.upenn.edu/atae/cbd/qpn-x-places/onebigfile.html' target='_blank'>ATAE Glossary: Places (Luʾamma)</a>, <a href='http://oracc.museum.upenn.edu/saao/cbd/qpn-x-places/onebigfile.html' target='_blank'>SAAo Glossary: Places (Luʾamma)</a>"
625,Lubda,"Lubda, Tawūq, Daquq",3,35.13133,44.45683,–,"prov. capital, city",–,10 D1,Helsinki Atlas: 12 (map 10 D1)
626,Luddi,"Luddi, Luddu, Lūdu, Lûd, לוּד, Lydia",–,–,–,"lu-ud-di, 𒇻𒌓𒁲, KUR.lu-ud-di, 𒆳𒇻𒌓𒁲, לוּד",country,"Anatolia, Turkey",–,"Bagg RGTC 7 1: 158, Parpola Toponyms: 227, <a href='https://www.geonames.org/8261120/lydia.html' target='_blank'>Geonames: Lydia</a>, <a href='https://pleiades.stoa.org/places/351685830' target='_blank'>Pleiades: Lydia (Kingdom)</a>, <a href='http://oracc.museum.upenn.edu/riao/cbd/qpn-x-places/onebigfile.html' target='_blank'>RIAo Glossary: Places (Luddu [Lydia])</a>, <a href='http://oracc.museum.upenn.edu/rinap/cbd/qpn-x-places/onebigfile.html' target='_blank'>RINAP Glossary: Places (Luddu [Lydia])</a>"
627,Luddin-ilu,Luddin-ilu,–,–,–,–,town,"Central Assyria (?), East Tigris area (?), Laḫīru (?)",–,RGTC 7 2/1: 373–374
630,Luʾamma,"Luʾamma, Luamma, Lumiḫima",–,–,–,"URU.lu-u-am-ma, 𒌷𒇻𒌋𒄠𒈠",town,"Assyria, Ḫalaḫḫu, Iraq",–,"Bagg RGTC 7 2/1: 372 (Luamma 1), Parpola Toponyms: 229 (Lumiḫima), <a href='http://oracc.museum.upenn.edu/atae/cbd/qpn-x-places/onebigfile.html' target='_blank'>ATAE Glossary: Places (Luʾamma)</a>, <a href='http://oracc.museum.upenn.edu/saao/cbd/qpn-x-places/onebigfile.html' target='_blank'>SAAo Glossary: Places (Luʾamma)</a>"
1298,Luḫsu,"Luḫsu, Luhsu",–,–,–,"URU.lu-uḫ-su, 𒌷𒇻𒄴𒋢","fortress, city","Melīdi, Kammānu, Turkey",–,"Bagg RGTC 7 1: 158, Parpola Toponyms: 228, <a href='https://pleiades.stoa.org/places/522605291' target='_blank'>Pleiades: Luhsu</a>, <a href='http://oracc.museum.upenn.edu/rinap/cbd/qpn-x-places/onebigfile.html' target='_blank'>RINAP Glossary: Places (Luhsu [1])</a>, <a href='http://oracc.museum.upenn.edu/riao/cbd/qpn-x-places/onebigfile.html' target='_blank'>RIAo Glossary: Places (Luhsu [1])</a>"
628,Luḫutu,"Luḫutu, Luʿaš",3,–,–,–,country,–,2 C5,Helsinki Atlas: 12 (map 2 C5)
616,Lāqê,"Lāqê, Laqê, Laqû",2,–,–,–,"territory, country, province",–,9 C1,Helsinki Atlas: 12 (map 9 C1)
617,Lāra...,Lāra...,–,–,–,"URU.la-a-ra-x-x, 𒌷𒆷𒀀𒊏xx",town,"Assyria, Iraq",–,"Bagg RGTC 7 2/1: 365, <a href='http://oracc.museum.upenn.edu/atae/cbd/qpn-x-places/onebigfile.html' target='_blank'>ATAE Glossary: Places (Lara-x)</a>"
1313,Lāruete,"Lāruete, Lâruete, Laruete",–,–,–,"KUR.la-a-ru-e-te, 𒆳𒆷𒀀𒊒𒂊𒋼","territory, district","Allabria, Lāruete, Iran",–,"Bagg RGTC 7 3/1: 371, Parpola Toponyms: 226, <a href='http://oracc.museum.upenn.edu/rinap/cbd/qpn-x-places/onebigfile.html' target='_blank'>RINAP Glossary: Places (Laruete [1])</a>, <a href='http://oracc.museum.upenn.edu/riao/cbd/qpn-x-places/onebigfile.html' target='_blank'>RIAo Glossary: Places (Laruete [1])</a>"
629,Lūsanda,"Lūsanda, Lusanda, Lawasantia, Lawazantia, Lawazantija, Lawazantiya, Luḫuzatia, Luḫuzattia, Luḫuzantiya, Luhuzantiya, Lawasanda, Laḫuwasantia, Laḫuwazantija, Lahuwazantiya, Lauwanzantiya, Lahuzzandiya, Lwsnd, Tatarlı Höyük, Tatarli Höyük, Karahöyük (?), Karahuyuk (?), Karahüyük (?), Karahoyuk (?), Elbistan (?), Minareli Hüyük (?)",4,37.1228868,36.0510041,"URU.lu-sa-an-da, 𒌷𒇻𒊓𒀭𒁕","city, fortified city","Hittites, Kissuwatna, Quwê, Cilicia, Turkey",2 D2,"Bagg RGTC 7 1: 159–160 (Lusanda), Helsinki Atlas: 12 (map 2 D2), Parpola Toponyms: 229 (Lusanda), <a href='https://doi.org/10.13173/9783447122849' target='_blank'>Novák – Yaşin eds. (2025): <i>Königsbilder Libationskuhlen und Steinbau. Der hethitischen Kultkomplex und die Felsreliefs in Sirkeli Höyük</i>: 1–2 and 11 (map)</a>, <a href='https://publikationen.badw.de/de/rla/index' target='_blank'>Hirsch RlA 6: 433–435 (La(ḫu)wazantija/Luḫuzattia. A. Nach altass. Quellen)</a>, <a href='https://publikationen.badw.de/de/rla/index' target='_blank'>Wegner RlA 6: 435–436 (La(ḫu)wazantija/Luḫuzattia. B. Nach heth. Quellen)</a>, <a href='https://www.openstreetmap.org/way/137805500' target='_blank'>OpenStreetMap: Tatarlı Höyük</a>, <a href='https://www.geonames.org/7649277/tatarli.html' target='_blank'>Geonames: Tatarlı</a>, <a href='https://zenodo.org/record/6384045' target='_blank'>Pedersén ANE: (Karahöyük Elbistan)</a>, <a href='https://www.geonames.org/309773/karahueyuek.html' target='_blank'>Geonames: Karahüyük</a>, <a href='http://oracc.museum.upenn.edu/riao/cbd/qpn-x-places/onebigfile.html' target='_blank'>RIAo Glossary: Places (Lusanda [1])</a>"
633,Madaktu,"Madaktu, Tepe Patak, Badake",4,32.5,47.76666,–,city,–,16 D1,Helsinki Atlas: 12 (map 16 D1)
634,Madara,"Madara, Matar",2,37.71416,40.9505,–,city,–,3 D3,Helsinki Atlas: 12 (map 3 D3)
635,Maganiṣi,Maganiṣi,–,–,–,–,town,"Central Assyria, Nineveh province",–,RGTC 7 2/2: 380
636,Maganuba,"Maganuba, Maganūba, Maganubba, Magganubba, Maganisi",–,–,–,"URU.ma-ag-ga-nu-ub-ba, 𒌷𒈠𒀝𒂵𒉡𒌒𒁀, URU.ma-ga-ni-ib, 𒌷𒈠𒂵𒉌𒅁, URU.ma-ga-nu-ba, 𒌷𒈠𒂵𒉡𒁀",town,"Assyria, Dūr-Šarrukīn province, Iraq",–,"Bagg RGTC 7 2/2: 380–381, Parpola Toponyms: 232–233 (Maganisi and Maganūba), <a href='http://oracc.museum.upenn.edu/atae/cbd/qpn-x-places/onebigfile.html' target='_blank'>ATAE Glossary: Places (Maganuba)</a>, <a href='http://oracc.museum.upenn.edu/saao/cbd/qpn-x-places/onebigfile.html' target='_blank'>SAAo Glossary: Places (Maganuba)</a>, <a href='http://oracc.museum.upenn.edu/riao/cbd/qpn-x-places/onebigfile.html' target='_blank'>RIAo Glossary: Places (Maganuba)</a>, <a href='http://oracc.museum.upenn.edu/rinap/cbd/qpn-x-places/onebigfile.html' target='_blank'>RINAP Glossary: Places (Maganuba)</a>"
637,Magidû,"Magidû, מגידו, Megiddo, Megiddô, Μεγιδδώ, Megiddôn, Tel Megiddo, תל מגידו, مجیدو, Tell al-Mutesellim, Tell el-Mutasallim",1,32.58505036917246,35.18451606608361,–,"prov. capita, cityl","Bīt-Ḫumrî, Israel",7 D4,"Helsinki Atlas: 13 (map 7 D4), <a href='https://zenodo.org/record/6384045' target='_blank'>Pedersén ANE: Megiddo (Tell el-Mutasallim)</a>, <a href='https://ochre.lib.uchicago.edu/Megiddo/' target='_blank'>Megiddo III Digital Archive</a>"
638,Magrīsu,"Magrīsu, Magrisu, Magarisu, Magrisi, Magarisi, Makrisu, Makrisā, Magrisa, Magrus, Tell Haṣaka, Tell Hasaka, Tell Abū-Bakr (?), Tell Abu Bakr (?), Tall Abu Bakr (?), أبو بكر (?), Tall Aswād (?), Tell el-Aswad (?), Tall Bēzari (?), Tell Bazari (?), Tall Tnenir (?), Tall Tunainir (?), Tall Tnēnīr (?), Tell Tnenir (?), تينيز (?)",3,36.49933165023837,40.75107557780148,"URU.ma-ag-ri-su, 𒌷𒈠𒀝𒊑𒋢, URU.ma-ga-ri-si, 𒌷𒈠𒂵𒊑𒋛, URU.ma-ga-ri-su, 𒌷𒈠𒂵𒊑𒋢",city,"Ḫābūr area, Syria",3 D4,"Helsinki Atlas: 13 (map 3 D4), Bagg RGTC 7 2/2: 381, <a href='https://zenodo.org/record/6384045' target='_blank'>Pedersén ANE: Magrisu (Tell Hasaka)?</a>, <a href='https://books.openedition.org/cdf/4487' target='_blank'>MTT I/3: Magrisa/Tall Tnenir (HIGEOMES Nr. 137)</a>, <a href='https://zenodo.org/record/6384045' target='_blank'>Pedersén ANE: (Tell Tnenir)</a>, <a href='https://books.openedition.org/cdf/4487' target='_blank'>MTT I/3: Tall Abu Bakr (HIGEOMES Nr. 134)</a>, <a href='https://zenodo.org/record/6384045' target='_blank'>Pedersén ANE: (Tell Abu Bakr)</a>, <a href='https://zenodo.org/record/6384045' target='_blank'>Pedersén ANE: (Tell el-Aswad)</a>, <a href='https://zenodo.org/record/6384045' target='_blank'>Pedersén ANE: (Tell Bazari)</a>, <a href='http://oracc.museum.upenn.edu/riao/cbd/qpn-x-places/onebigfile.html' target='_blank'>RIAo Glossary: Places (Magarisu)</a>, <a href='http://oracc.museum.upenn.edu/atae/cbd/qpn-x-places/onebigfile.html' target='_blank'>ATAE Glossary: Places (Magrisu)</a>, <a href='http://oracc.museum.upenn.edu/saao/cbd/qpn-x-places/onebigfile.html' target='_blank'>SAAo Glossary: Places (Magrisu)</a>, <a href='http://oracc.museum.upenn.edu/riao/cbd/qpn-x-places/onebigfile.html' target='_blank'>RIAo Glossary: Places (Magrisu)</a>"
1205,Mahanaim,"Mahanaim, Maḥanayīm, Maḥanayim, Maḫanaim, Tulul adh-Dhahab, Tall aḏ-Ḏahab al-Ġarbīya, Tall adh-Dhahab al-Gharbi, Tall adh Dhahab al Gharbī, Tall adh Dhahab al Gharbi, Tell edh Dhahab el Gharbī, Tell edh Dhahab el Gharbi, تل الذهب الغربي, Dhahab el Gharbiyeh, Tall Ḥağğāğ (?), Tall Ḩajjāj (?), Tall Hajjaj (?), تل حجاج, Hajjaj (?)",–,32.18575,35.68667,מַּחֲנַיִם,"city, fortress","Bīt-Ḫumrî, Jordan",–,"Finkelstein – Ornan (2024): <i>An Israelite Residency at Mahanaim in Transjordan?</i> Tel Aviv 51. <a href='https://doi.org/10.1080/03344355.2024.2385148' target='_blank'>https://doi.org/10.1080/03344355.2024.2385148</a>, Bagg RGTC 7 1: 69 (under Galʾadi), <a href='https://www.geonames.org/249673/tall-adh-dhahab-al-gharbi.html' target='_blank'>Geonames: Tall adh Dhahab al Gharbī</a>, <a href='https://gaialab.terrawatchers.org/DAAHL/Home.php' target='_blank'>DAAHL: Dhahab el Gharbiyeh</a>, <a href='https://www.geonames.org/249322/tall-hajjaj.html' target='_blank'>Geonames: Tall Ḩajjāj</a>, <a href='https://gaialab.terrawatchers.org/DAAHL/Home.php' target='_blank'>DAAHL: Hajjaj</a>"
1126,Malgium,"Malgium, Malkum, Tell Yassir",–,32.56149180512663,45.10001575131218,–,city,"Babylonia, Iraq",–,<a href='https://zenodo.org/record/6384045' target='_blank'>Pedersén ANE: Malgium (Tell Yassir)</a>
1134,Malilatu,"Malilatu, Malilati, Amlilatu, Šululat",–,–,–,"URU.am-li-la-tu, 𒌷𒄠𒇷𒆷𒌅, URU.ma-li-la-ti, 𒌷𒈠𒇷𒆷𒋾, URU.ma-li-la-tu, 𒌷𒈠𒇷𒆷𒌅, LÚ.URU.ma-li-la-ta-a-a, 𒇽𒌷𒈠𒇷𒆷𒋫𒀀𒀀",city,"Bīt-Saʾalli, Babylonia, Iraq",–,"Bagg RGTC 7 3/1: 387, Parpola Toponyms: 15 (Amlilatu) and 338 (Šululat), <a href='http://oracc.museum.upenn.edu/saao/knpp/peoplegodsplaces/index.html' target='_blank'>Knowledge and Power: Malilatu</a>, <a href='https://www.ucl.ac.uk/sargon/peoplegodsplaces' target='_blank'>Assyrian empire builders: Malilatu</a>, <a href='http://oracc.museum.upenn.edu/saao/cbd/qpn-x-ethnic/onebigfile.html' target='_blank'>SAAo Glossary: Ethnic (Malilataya)</a>, <a href='http://oracc.museum.upenn.edu/atae/cbd/qpn-x-places/onebigfile.html' target='_blank'>ATAE Glossary: Places (Malilati)</a>, <a href='http://oracc.museum.upenn.edu/saao/cbd/qpn-x-places/onebigfile.html' target='_blank'>SAAo Glossary: Places (Malilati)</a>, <a href='http://oracc.museum.upenn.edu/riao/cbd/qpn-x-places/onebigfile.html' target='_blank'>RIAo Glossary: Places (Malilatu)</a>, <a href='http://oracc.museum.upenn.edu/rinap/cbd/qpn-x-places/onebigfile.html' target='_blank'>RINAP Glossary: Places (Malilatu)</a>"
643,Mallanāte,"Mallanāte, Mallanate, Mallanat, Mallanatu, Malnate, Maʾalanate, Maʾallanate, Mallanum",–,–,–,"URU.ma-ʾa-la-na-te, 𒌷𒈠𒀪𒆷𒈾𒋼, URU.ma-al-la-a-nat, 𒌷𒈠𒀠𒆷𒀀𒆳, URU.ma-al-la-na-te, 𒌷𒈠𒀠𒆷𒈾𒋼, URU.ma-al-na-a-te, 𒌷𒈠𒀠𒈾𒀀𒋼, URU.ma-al-na-ʾa-te, 𒌷𒈠𒀠𒈾𒀪𒋼, URU.ma-al-na-te, 𒌷𒈠𒀠𒈾𒋼, URU.ma-al-la-nat, 𒌷𒈠𒀠𒆷𒆳, URU.ma-al-la-na-tú, 𒌷𒈠𒀠𒆷𒈾𒌓, ma-al-la-na-a-te, 𒈠𒀠𒆷𒈾𒀀𒋼, ma-al-na-a-te, 𒈠𒀠𒈾𒀀𒋼, ma-ʾa-la-na-te, 𒈠𒀪𒆷𒈾𒋼",town,"Balīḫ basin, Syria (?), Turkey (?)",–,"Bagg RGTC 7 2/2: 385–386, <a href='http://oracc.museum.upenn.edu/atae/cbd/qpn-x-places/onebigfile.html' target='_blank'>ATAE Glossary: Places (Mallanate [1])</a>"
644,Maltai,Maltai,–,36.84055104045721,42.94502528609934,–,monument,"Assyria, Iraq",4 B5,"Helsinki Atlas: 27 (map 4 B5), <a href='https://zenodo.org/record/6384045' target='_blank'>Pedersén ANE: (Maltai relief)</a>, <a href='https://zenodo.org/record/6384045' target='_blank'>Pedersén ANE: (Maltai)?</a>, <a href='http://www.terradininive.com/visita-virtuale-di-faida/?lang=en' target='_blank'>Virtual tour of the Faida canal & rock-reliefs</a>"
640,Malāḫu,"Malāḫu, Malaḥ d'Ezraʿa",3,32.79999,36.33333,–,city,–,8 B4,Helsinki Atlas: 13 (map 8 B4)
645,Mandiru,"Mandiru, Maddiru, Madiru, Mandiraja, Maddiraja",–,–,–,"LÚ.man-di-ra-a-a, 𒇽𒌋𒌋𒁲𒊏𒀀𒀀, KUR.ma-di-ra-a-a, 𒆳𒈠𒁲𒊏𒀀𒀀, URU.man-di-ra-a-a, 𒌷𒌋𒌋𒁲𒊏𒀀𒀀, URU.man-di-ri-a-a, 𒌷𒌋𒌋𒁲𒊑𒀀𒀀",town,"Babylonia, Iran",–,"Bagg RGTC 7 3/1: 388, Parpola Toponyms: 236 (Mandiraja), <a href='https://www.ucl.ac.uk/sargon/peoplegodsplaces' target='_blank'>Assyrian empire builders: Mandiru</a>, <a href='http://oracc.museum.upenn.edu/saao/cbd/qpn-x-ethnic/onebigfile.html' target='_blank'>SAAo Glossary: Ethnic (Mandiraya / MANDIRAEAN)</a>, <a href='http://oracc.museum.upenn.edu/atae/cbd/qpn-x-ethnic/onebigfile.html' target='_blank'>ATAE Glossary: Ethnic (MANDIRAEAN)</a>, <a href='http://oracc.museum.upenn.edu/atae/cbd/qpn-x-ethnic/onebigfile.html' target='_blank'>ATAE Glossary: Ethnic (OF MANDIRU)</a>"
646,Manisa,"Manisa, Manisaya",–,–,–,"KUR.ma-ni-sa-a-a, 𒆳𒈠𒉌𒊓𒀀𒀀, KUR.ma-ni-sa-a-a-u, 𒆳𒈠𒉌𒊓𒀀𒀀𒌋","territory, land","Babylonia (?), Iraq (?), Iran (?)",–,"Bagg RGTC 7 3/1: 389, Parpola Toponyms: 236, <a href='http://oracc.museum.upenn.edu/saao/cbd/qpn-x-ethnic/onebigfile.html' target='_blank'>SAAo Glossary: Ethnic (Manisaya)</a>, <a href='http://oracc.museum.upenn.edu/atae/cbd/qpn-x-ethnic/onebigfile.html' target='_blank'>ATAE Glossary: Ethnic (Manisaya)</a>, <a href='http://oracc.museum.upenn.edu/atae/cbd/qpn-x-ethnic/onebigfile.html' target='_blank'>ATAE Glossary: Ethnic (Manisaya [OF MANISA])</a>"
647,Manna,"Manna, Minni, Mannea",1,–,–,–,country,–,5 B4,Helsinki Atlas: 13 (map 5 B4)
648,Manṣuāti,"Manṣuāti, Manṣuati, Manṣuāte, Manṣuate, Manṣuātu, Manṣuatu, Maṣyāf, Masyaf, Maṣyāt, Maṣyāṭ, Maṣyād, Mnḏt",2,35.06586371340886,36.34311724379263,–,"prov. capital, city",Syria,8 B1,"Helsinki Atlas: 13 (map 8 B1), <a href='https://zenodo.org/record/6384045' target='_blank'>Pedersén ANE: Manṣuate? (Masyaf)</a>"
649,Manṣuāti (alt. loc.),"Manṣuāti (alt. loc.), Massyas, al-Biqāʾ",3,33.747,35.8945,–,"prov. capital, city",–,–,–
650,Marad,"Marad, Wanna wa Sadūm, Tell es-Sadum",1,32.09228098772893,44.7842540907332,–,city,"Babylonia, Iraq",10 D4,"Helsinki Atlas: 13 (map 10 D4), <a href='https://zenodo.org/record/6384045' target='_blank'>Pedersén ANE: Marad (Tell es-Sadum)</a>"
1127,Mardaman,"Mardaman, Mardama, Bassetki, Bassatki, باستكي",1,36.9584448431981,42.72121014748242,–,city,"Asyria, Iraq",–,<a href='https://zenodo.org/record/6384045' target='_blank'>Pedersén ANE: Mardaman / Mardama (Bassetki)</a>
651,Mardijanê,"Mardijanê, Maride, Mardīn",3,37.31333,40.72083,–,town,–,3 D3,Helsinki Atlas: 13 (map 3 D3)
652,Margu,"Margu, Alexandria, Ἀλεξάνδρεια, Antiokia Margiana, Ἀντιόχεια ἡ ἐν τῇ Μαργιανῇ, Antiócheia Énudros, Ἀντιόχεια Ἔνυδρος, Antiocheia, Antiochia, Ἀντιόχεια, Merv, Erk Kala, Gyaur Kala",–,37.66922438556556,62.192087137371,–,city,Iran,–,"<a href='https://zenodo.org/record/6384045' target='_blank'>Pedersén ANE: Margu / Antiokia Margiana (Merv / Erk Kala / Gyaur Kala)</a>, <a href='https://pleiades.stoa.org/places/961873' target='_blank'>Pleiades: Alexandria/Antiochia/Merv</a>"
653,Mari,"Mari, Tell Hariri, تل حريري",1,34.55048884495861,40.8900285084387,–,"city, country",Syria,–,<a href='https://zenodo.org/record/6384045' target='_blank'>Pedersén ANE: Mari (Tell Hariri)</a>
654,Mariametu,Mariametu,–,–,–,–,town,Ḫābūr area,–,RGTC 7 2/2: 391
655,Marib,"Marib, مَأْرِب",1,15.4257539535008,45.33241744638529,–,"capital, city","Sabaʾa, Yemen, Arabian Peninsula",–,<a href='https://zenodo.org/record/6384045' target='_blank'>Pedersén ANE: Marib</a>
656,Marqāsa,"Gurgum, Marqāsa, Marqasi, Marqas, Germanikeia, Γερμανίκεια, Marʿāš, Maraş, Kahramanmaraş",1,37.58709466837328,36.92542835294774,–,"prov. capital, city","Gurgum, Marqāsa, Turkey",2 C3,"Helsinki Atlas: 13 (map 2 C3), <a href='https://zenodo.org/record/6384045' target='_blank'>Pedersén ANE: Marqas / Gurgum / Germanikeia (Kahramanmaraş)</a>"
657,Marratu,"Marratu, Persian Gulf",2,–,–,–,sea,–,17 B4,Helsinki Atlas: 13 (map 17 B4)
658,Marubištu,"Marubištu, Ḫorramābād",4,33.48733,48.3585,–,"capital, city",–,11 D3,Helsinki Atlas: 13 (map 11 D3)
660,Maruri,"Maruri, Maruru, Marūru",–,–,–,"URU.ma-ru-ri, 𒌷𒈠𒊒𒊑, URU.ma-ru-ru, 𒌷𒈠𒊒𒊒",town,"Babylonia, Bīt-Iakīn (?), Iraq",–,"Bagg RGTC 7 3/1: 396, Parpola Toponyms: 242, <a href='https://www.ucl.ac.uk/sargon/peoplegodsplaces' target='_blank'>Assyrian empire builders: Maruru</a>, <a href='http://oracc.museum.upenn.edu/atae/cbd/qpn-x-places/onebigfile.html' target='_blank'>ATAE Glossary: Places (Maruru)</a>, <a href='http://oracc.museum.upenn.edu/saao/cbd/qpn-x-places/onebigfile.html' target='_blank'>SAAo Glossary: Places (Maruru)</a>"
659,Marūm,"Marūm, Marum, Merôm, מֵרוֹם, Madōn, מָדוֹן, Marrhōn, Qarne H̱ittim, Qarn Ḥiṭṭīn, Qarnei Hittin, קרני חיטין, Horns of Hattin, Qurūn Hattīn, قرون حطين, Khirbat Hittin, Ḥirbe Qarnei Ḥitim, H̱orbat Qarne H̱ittim, חרבת קרני חטים, Giveat Ḥalav (?), Giv‘at H̱alav (?), גבעת חלב, Meron (?), Meiron (?), Meirun (?), Meirūn (?), Merion (?), מירון",3,32.7982445,35.4595528,"URU.ma-ru-um, 𒌷𒈠𒊒𒌝, mrwm, מרום, mdwn, מדון",town,"Bīt-Ḫumrî, Galilea, Israel",8 A4,"Bagg RGTC 7 1: 171–172 (Marum), Helsinki Atlas: 13 (map 8 A4), Parpola Toponyms: 241 (Marum), <a href='https://www.geonames.org/294719/horbat-qarne-hittim.html' target='_blank'>Geonames: H̱orbat Qarné H̱ittim</a>, <a href='https://www.geonames.org/294918/giv-at-halav.html' target='_blank'>Geonames: Giv‘at H̱alav</a>, <a href='https://pleiades.stoa.org/places/678284' target='_blank'>Pleiades: Meron</a>, <a href='https://www.geonames.org/294258/meron.html' target='_blank'>Geonames: Meron</a>, <a href='http://oracc.museum.upenn.edu/rinap/cbd/qpn-x-places/onebigfile.html' target='_blank'>RINAP Glossary: Places (Marum [1])</a>, <a href='http://oracc.museum.upenn.edu/riao/cbd/qpn-x-places/onebigfile.html' target='_blank'>RIAo Glossary: Places (Marum [1])</a>"
661,Masāka,"Masāka, Amasakku, Tell Muḥammad (2)",4,36.9255,41.1835,–,town,–,3 E4,Helsinki Atlas: 13 (map 3 E4)
1215,Masʾa,"Masʾa, Mašʾa, Maśśāʾ, Massa, מַשָּׂא",–,–,–,"URU.ma-as-ʾa-a-a, 𒌷𒈠𒊍𒀪𒀀𒀀, LÚ.mas-ʾa-a-a, 𒇽𒈦𒀪𒀀𒀀, maš-ʾa-a-a, 𒈦𒀪𒀀𒀀, מַשָּׂא",Arabic tribe,"Arabian Peninsula, Saudi Arabia, Jordan (?), Palestine (?)",–,"Bagg RGTC 7 2/2: 394 (*Masʾa), Parpola Toponyms: 242, <a href='http://oracc.museum.upenn.edu/saao/knpp/peoplegodsplaces/index.html' target='_blank'>Knowledge and Power: Masʾa</a>, <a href='https://www.ucl.ac.uk/sargon/peoplegodsplaces' target='_blank'>Assyrian empire builders: Mašʾa</a>, <a href='http://oracc.museum.upenn.edu/saao/cbd/qpn-x-ethnic/onebigfile.html' target='_blank'>SAAo Glossary: Ethnic Names (Masʾa [1])</a>, <a href='http://oracc.museum.upenn.edu/atae/cbd/qpn-x-ethnic/onebigfile.html' target='_blank'>ATAE Glossary: Ethnic Names (Masʾa [1])</a>, <a href='http://oracc.museum.upenn.edu/rinap/cbd/qpn-x-ethnic/onebigfile.html' target='_blank'>RINAP Glossary: Ethnic Names (Masʾayu [of Masʾa])</a>, <a href='http://oracc.museum.upenn.edu/riao/cbd/qpn-x-ethnic/onebigfile.html' target='_blank'>RIAo Glossary: Ethnic Names (Masʾayu [of Masʾa])</a>"
665,Matiātu,"Matiātu, Matiatu, Matiāte, Matiate, Midyāt",1,37.41418721778389,41.37739487559983,–,city,Turkey,3 E3,"Helsinki Atlas: 13 (map 3 E3), <a href='https://zenodo.org/record/6384045' target='_blank'>Pedersén ANE: Matiate (Midyat)?</a>"
666,Maturaba,Maturaba,–,–,–,–,town,"Central Assyria, Arzūḫina province",–,RGTC 7 2/2: 420
1287,Maza...ate,"Maza...ate, Maza-x-ate",–,–,–,"URU.ma-za-x-a-te, 𒌷𒈠𒍝x𒀀𒋼",town,"Assyria, Nineveh province (?), Iraq",–,"Bagg RGTC 7 2/2: 420, <a href='http://oracc.museum.upenn.edu/atae/cbd/qpn-x-places/onebigfile.html' target='_blank'>ATAE Glossary: Places (Maza-x-ate [1])</a>, <a href='https://oracc.museum.upenn.edu/atae/szibaniba/P282764' target='_blank'>Billa 083</a>"
668,Mazani,Mazani,–,–,–,–,village,Assyria,–,Bagg RGTC 7 2/2: 420 (Mazani (?))
662,Maškan-šapir,"Maškan-šapir, Mashkan-shapir, Tell Abu Duwari H639",1,32.40592205014379,45.22081809163556,–,city,"Babylonia, Iraq",–,<a href='https://zenodo.org/record/6384045' target='_blank'>Pedersén ANE: Maškan-šapir (Tell Abu Duwari H639)</a>
663,Mašqīte,"Mašqīte, Mašqītu, Mašqitu, Maškitu, Srejser (?), Şurayşīr (?), صريصير (?)",5,34.52853,41.76389,"URU.maš-qi-te, 𒌷𒈦𒆥𒋼",town,"Sūḫu, Iraq",–,"Bagg RGTC 7 2: 396–397, Parpola Toponyms: 243 (Mašqītu), Musil (1927): <i>The Middle Euphrates: A Topographical Itinerary</i>: 203 and map c6, <a href='https://www.geonames.org/6829743/murayjat-as-suraysir.html' target='_blank'>Geonames: Murayjāt aş Şurayşīr</a>, <a href='http://oracc.museum.upenn.edu/riao/cbd/qpn-x-places/onebigfile.html' target='_blank'>RIAo Glossary: Places (Maškitu)</a>"
639,Maḫalliba,"Maḫalliba, Maḥālib",1,33.35,35.48333,–,city,–,8 A3,Helsinki Atlas: 13 (map 8 A3)
673,Meluḫḫa,"Meluḫḫa, Meluhha, Meluḫḫu, Meluhhu, Melaḫḫa, Melahha, Emeluḫḫa, Emeluhha, Kūsu, Kusu, Kāšu, Kush, Cush, Kuš, Aethiopia, Nubia",1,–,–,"me-luḫ-ḫa, KUR.me-luḫ, KUR.me-luḫ-ḫa, KUR.me-luḫ-ḫi, KUR.mi-luḫ-ḫa, KUR.me-luḫ-ḫe, KUR.me-luḫ-ḫe-e, KUR.me-luḫ-ḫe-e.KI, LÚ.me-luḫ-ḫe-e, KUR.eme-luḫ-ḫa, KUR.me-lu-ḫi, KUR.me-luḫ-x-ḫa","territory, country","Nubia, Egypt, Sudan, India",–,"Bagg RGTC 7 2/2: 422–424, <a href='https://pleiades.stoa.org/places/827790769' target='_blank'>Pleiades: Kush (kingdom)</a>"
672,Melīdi,"Melīdi, Melīde, Melitēnē, Melid, Meliddu, Kammānu, Kammanu, Kammanūja, Malataya Plain",1,–,–,"KUR.me-li-di, KUR.me-li-i-di, KUR.me-lid-di, KUR.me-lid-du, KUR.ma-li-da-a-a, KUR.me-li-da-a-a, KUR.me-lid-a-a, KUR.me-lid-da-a-a, KUR.mé-li-da-a-a, KUR.mi-li-da-a-a, KUR.mi-lid-da-a-a, LÚ.mi-li-da-a-a, KUR.kam-ma-ni, KUR.kam-ma-nu, KUR.kam-ma-nu-a-a","country, province","Kummuḫi, Pīḫat-Bīt-turtāni-šumēli, Province of turtānu šumēlu, Turkey",3 A2,"Bagg RGTC 7 1: 132 (Kammanu) and 172–174 (Meliddu), Helsinki Atlas: 13 (map 3 A2), <a href='https://pleiades.stoa.org/places/319432673' target='_blank'>Pleiades: Kammanu/Meliddu (kingdom)</a>"
1097,Melīdu,"Melīdu, Melīdi, Meliddu, Melidu, Malitija, Melid, Melide, Melitēna, Melitene, Melitēnē, Rhōmanopolis, Rōmanopolis, XII Fulminata garrison, Arslantepe, Eski Malatya",1,38.38189432571755,38.36103033161447,"URU.me-li-di, 𒌷𒈨𒇷𒁲, URU.me-li-du, 𒌷𒈨𒇷𒁺, URU.me-lid, 𒌷𒈨𒀖, URU.me-lid-di, 𒌷𒈨𒀖𒁲, URU.me-lid-du, 𒌷𒈨𒀖𒁺, URU.mi-li-di, 𒌷𒈪𒇷𒁲, URU.me-li-da-a-a, 𒌷𒈨𒇷𒁕𒀀𒀀, URU.me-lid-da-a-a, 𒌷𒈨𒀖𒁕𒀀𒀀, LÚ.mi-li-da-a-a, 𒇽𒈪𒇷𒁕𒀀𒀀","prov. capital, city","Melīdi, Anatolia, Kummuḫi, Province of turtānu šumēlu, Turkey",3 B2,"Helsinki Atlas: 13 (map 3 B2), Bagg RGTC 7/1: 172–174, <a href='https://zenodo.org/record/6384045' target='_blank'>Pedersén ANE: Melid (Arslantepe)</a>, <a href='https://pleiades.stoa.org/places/629040' target='_blank'>Pleiades: Melitene</a>"
674,Mempi,"Mempi, Men-nefer, Memfis, Memphis, Μέμφις, مَنْف",1,29.85544341017299,31.25643621452586,"URU.me-em-pi, URU.me-im-pi, 𒌷𒈨𒅎𒉿, URU.me-in-pu, 𒌷𒈨𒅔𒁍, URU.mi-in-pu, 𒌷𒈪𒅔𒁍",city,"Muṣur, Egypt",–,"Bagg RGTC 7 2/2: 424–425, <a href='https://zenodo.org/record/6384045' target='_blank'>Pedersén ANE: Memphis</a>"
1155,Mesu,"Mesu, Waldana, Walana, Walāna, Walānah, Waldāna, Waldānah, ولانة",–,35.58214,45.54579,"URU.me-su, 𒌷𒈨𒋢",town,"Māzamua, Iraq",–,"Bagg RGTC 7 3/1: 410 (Mesu 2), Parpola Toponyms: 247 (Mēsu), <a href='https://www.geonames.org/89732/walanah.html' target='_blank'>Geonames: Walānah</a>, <a href='http://oracc.museum.upenn.edu/riao/cbd/qpn-x-places/onebigfile.html' target='_blank'>RIAo Glossary: Places (Mesu)</a>"
1282,Metuna,"Metuna, Metūna, Métoûné, Al Matūnah, Al Matunah, El Métouné, El Metoune, المتونة, El Imtune, Tall Dibba (?), Tell Dibbé (?), Tell Debbé (?), Tell Debbe (?), تل دبة, Tall Dabbah (?), Tell Debbeh (?), Tall ad Dabba (?), تل الدبة, Tall ad Dabbah (?), Mothana (?), Motha (?), Motho (?), Muthanah (?), Mutḩānah (?), al-Mubattan (?), Imtān (?), Imtan (?), إمتان, Aymtān (?), Aymtan (?), Imtâne (?), Imtane (?), Imthān (?), Imthan (?), Al Mutayn (?), al-Mēdān (?), Al Mīdān (?), Al Midan (?), Al Maydān (?), Al Maydan (?), El Mīdān (?), El Midan (?), El-Meidân (?), El-Meidan (?), الميدان",–,32.9508391960519,36.60092606099333,"URU.me-tu-na, 𒌷𒈨𒌅𒈾",town,"Dimašqa, Syria, Jordan (?)",–,"Bagg RGTC 7 1: 175, Parpola Toponyms: 247, <a href='https://zenodo.org/record/6384045' target='_blank'>Pedersén ANE: (Metuna)?</a>, <a href='https://www.geonames.org/173483/al-matunah.html' target='_blank'>Geonames: Al Matūnah</a>, <a href='https://zenodo.org/record/6384045' target='_blank'>Pedersén ANE: (Tell Debbeh)</a>, <a href='https://www.geonames.org/171021/tall-ad-dabbah.html' target='_blank'>Geonames: Tall ad Dabbah</a>, <a href='https://www.geonames.org/169377/imtan.html' target='_blank'>Geonames: Imtān</a>, <a href='https://pleiades.stoa.org/places/678289' target='_blank'>Pleiades: Motha(na)/Motho?</a>, <a href='https://www.geonames.org/250532/al-midan.html' target='_blank'>Geonames: Al Mīdān</a>, <a href='https://gaialab.terrawatchers.org/DAAHL/Home.php' target='_blank'>DAAHL: Al Maydan</a>, <a href='http://oracc.museum.upenn.edu/riao/cbd/qpn-x-places/onebigfile.html' target='_blank'>RIAo Glossary: Places (Metuna [1])</a>, <a href='http://oracc.museum.upenn.edu/rinap/cbd/qpn-x-places/onebigfile.html' target='_blank'>RINAP Glossary: Places (Metuna [1])</a>"
677,Mezê,Mezê,–,–,–,–,town,"Assyria, Gūzāna province",–,RGTC 7 2/2: 428
675,Mešta,"Mešta, Hasanlu",2,37.00458,45.45889,–,city,–,5 A3,Helsinki Atlas: 13 (map 5 A3)
671,Meḫinî,Meḫinî,–,–,–,–,town,–,–,RGTC 7 2/2: 421
679,Milawanda,"Milawanda, Millawanda, Milawata, Miletos (?), Mīlētos (?), Μῑ́λητος (?), Miletus (?)",4,37.53126624309395,27.2803076179143,–,city,"Caria, Turkey",–,<a href='https://zenodo.org/record/6384045' target='_blank'>Pedersén ANE: Miletus / Milawanda?</a>
680,Milqia,"Milqia, ʿAin Kawa, mlqy",3,36.22916,43.99166,–,town,–,4 D5,Helsinki Atlas: 13 (map 4 D5)
681,Minūʾ,"Minūʾ, Minuʾ, Munūʾ, Munuʾ",–,–,–,"URU.mi-nu-uʾ, 𒌷𒈪𒉡𒀪, URU.mu-nu-uʾ, 𒌷𒈬𒉡𒀪",town,"Babylonia, Iraq",–,"Bagg RGTC 7 3/1: 412, Parpola Toponyms: 248 (Minuʾ), <a href='https://www.ucl.ac.uk/sargon/peoplegodsplaces' target='_blank'>Assyrian empire builders: Minuʾ</a>, <a href='https://www.ucl.ac.uk/sargon/peoplegodsplaces' target='_blank'>Assyrian empire builders: Munuʾ</a>, <a href='http://oracc.museum.upenn.edu/atae/cbd/qpn-x-places/onebigfile.html' target='_blank'>ATAE Glossary: Places (Minuʾ)</a>, <a href='http://oracc.museum.upenn.edu/saao/cbd/qpn-x-places/onebigfile.html' target='_blank'>SAAo Glossary: Places (Minuʾ)</a>, <a href='http://oracc.museum.upenn.edu/atae/cbd/qpn-x-places/onebigfile.html' target='_blank'>ATAE Glossary: Places (Munuʾ)</a>, <a href='http://oracc.museum.upenn.edu/saao/cbd/qpn-x-places/onebigfile.html' target='_blank'>SAAo Glossary: Places (Munuʾ)</a>"
682,Missi,Missi,2,–,–,–,territory,–,11 C1,Helsinki Atlas: 13 (map 11 C1)
1117,Mouth of the Wadi Tharthar,"Mouth of the Wadi Tharthar, piāte ša Tartāra",4,34.237918,43.117905,"pi-a-te ša ÍD.tar-ta-ra, 𒉿𒀀𒋼 𒊭 𒀀𒇉𒋻𒋫𒊏, pi-a-te šá ÍD.tar-ta-ra, 𒉿𒀀𒋼 𒃻 𒀀𒇉𒋻𒋫𒊏",part of river,"Assyria, Iraq",–,"Tukulti-Ninurta II 05, ll. 46–47"
683,Mubî,"Mubî, Mubi, Mūbu, Mubu",–,–,–,"URU.mu-bi-a-a, 𒌷𒈬𒁉𒀀𒀀, LÚ.mu-bi-a-a, 𒇽𒈬𒁉𒀀𒀀",town,"Assyria, Iraq",–,"Bagg RGTC 7 2/2: 430, <a href='http://oracc.museum.upenn.edu/atae/cbd/qpn-x-places/onebigfile.html' target='_blank'>ATAE Glossary: Ethnic (Mubiaya [FROM MUBU])</a>"
684,Mugdan,"Mugdan, Mukdan, Umm el-Jir K97 (?), Umm al-Jir (?), Umm al-Jīr (?), أم الجير",4,32.64979821251404,44.8501833826793,–,city,"Babylonia, Iraq",–,"<a href='https://zenodo.org/record/6384045' target='_blank'>Pedersén ANE: Mugdan? (Umm el-Jir K97)</a>, <a href='https://zenodo.org/record/5217600' target='_blank'>CIGS: Mukdan (Umm al-Jīr)</a>"
686,Mulu...,Mulu...,–,–,–,–,"city, town",Assyria,–,–
685,Mulî,"Mulî, Muli, Mulû, Muti (?), Bolkar Dağları, Bolgar Dağlari, Bozoğlan, Bulgar Dağlari",2,37.248,34.3643,"KUR.mu-li-i, 𒆳𒈬𒇷𒄿",mountain,"Tabālu, Turkey",1 D3,"Bagg RGTC 7 1: 176, Helsinki Atlas: 13 (map 1 D3), Parpola Toponyms: 248–249, <a href='https://www.geonames.org/320904/bolkar-daglari.html' target='_blank'>Geonames: Bolkar Dağları</a>, <a href='https://www.geonames.org/10631915/bolkar-daglari.html' target='_blank'>Geonames: Bolkar Dağları</a>, <a href='https://pleiades.stoa.org/places/890432544' target='_blank'>Pleiades: Bolkar Dağları</a>, <a href='http://oracc.museum.upenn.edu/riao/cbd/qpn-x-places/onebigfile.html' target='_blank'>RIAo Glossary: Places (Muli [Mount Muli])</a>"
1159,Mulūgani,"Mulūgani, Mulugani",–,–,–,"URU.mu-lu-ú-ga-ni, 𒌷𒈬𒇻𒌑𒂵𒉌",city,"Māzamua (?), Iraq (?), Iran (?)",–,"Bagg RGTC 7 3/1: 414, Parpola Toponyms: 249, <a href='http://oracc.museum.upenn.edu/riao/cbd/qpn-x-places/onebigfile.html' target='_blank'>RIAo Glossary: Places (Mulugani)</a>, <a href='http://oracc.museum.upenn.edu/rinap/cbd/qpn-x-places/onebigfile.html' target='_blank'>RINAP Glossary: Places (Mulugani)</a>"
1138,Muski,"Muski, Musku, Muški, Mušku",–,–,–,"KUR.mu-us-ki, 𒆳𒈬𒊻𒆠, KUR.mu-uš-ki, 𒆳𒈬𒍑𒆠, KUR.muš-ki, 𒆳𒈲𒆠, KUR.muš-ka-a-ia.MEŠ, 𒆳𒈲𒅗𒀀𒅀𒈨𒌍, KUR.muš-ki.MEŠ, 𒆳𒈲𒆠𒈨𒌍","territory, country",Turkey,–,"Bagg RGTC 7 2/2: 432 (Musku 2), Parpola Toponyms: 252–253 (together with Bagg's Musku 1), <a href='http://oracc.museum.upenn.edu/riao/cbd/qpn-x-places/onebigfile.html' target='_blank'>RIAo Glossary: Places (Musku)</a>, <a href='http://oracc.museum.upenn.edu/riao/cbd/qpn-x-ethnic/onebigfile.html' target='_blank'>RIAo Glossary: Ethnic (Mušku)</a>, <a href='http://oracc.museum.upenn.edu/riao/cbd/qpn-x-places/onebigfile.html' target='_blank'>RIAo Glossary: Places (Mušku)</a>"
690,Musru,"Musru, Muṣru, Muṣri, Ğabal Bāšiqā, Jabal Ba‘shīqah, Jabal Ba'shiqah, جبل بعشيقة, Chiya-i Be`shiqe, Chiya-î Be‘shîqe, چياى بەعشيقە, Shax-i Be`shiqe, Shax-î Be‘shîqe, شاخى بەعشيقە, Ğabal Maqlūb, Jabal Maqlūb, Jabal Maqlub, جبل مقلوب, Chiya-î Meqlub, Chiya-i Meqlub, چياى مەقلوب, Shax-î Meqlub, Shax-i Meqlub, شاخى مەقلوب",1,36.51297,43.35249,"mu-uṣ-ri, mu-us-ri, 𒈬𒊻𒊑, KUR.mu-uṣ-ri, KUR.mu-us-ri, 𒆳𒈬𒊻𒊑",mountain,"Assyria, Iraq",4 C5,"Bagg RGTC 7 2/2: 433 (Muṣri 2), Helsinki Atlas: 13 (Musru; map 4 C5), Parpola Toponyms: 249–250 (Musru), <a href='https://www.geonames.org/97862/jabal-ba-shiqah.html' target='_blank'>Geonames: Jabal Ba‘shīqah</a>, <a href='https://www.geonames.org/93672/jabal-maqlub.html' target='_blank'>Geonames: Jabal Maqlūb</a>, <a href='http://oracc.museum.upenn.edu/riao/cbd/qpn-x-places/onebigfile.html' target='_blank'>RIAo Glossary: Places (Muṣri [Mount Muṣri])</a>, <a href='http://oracc.museum.upenn.edu/rinap/cbd/qpn-x-places/onebigfile.html' target='_blank'>RINAP Glossary: Places (Muṣri [Mount Muṣri])</a>"
689,Musīna-aplu-iddina,"Musīna-aplu-iddina, Musina-aplu-iddina, Musinâ",–,–,–,"URU.mu-si-na-A-AŠ, 𒌷𒈬𒋛𒈾𒀀𒀸",town,"Arpadda province, Syria",–,"Bagg RGTC 7 1: 178, Parpola Toponyms: 249 (Musinâ), <a href='http://oracc.museum.upenn.edu/atae/cbd/qpn-x-places/onebigfile.html' target='_blank'>ATAE Glossary: Places (Musina-aplu-iddina)</a>, <a href='http://oracc.museum.upenn.edu/saao/cbd/qpn-x-places/onebigfile.html' target='_blank'>SAAo Glossary: Places (Musina-aplu-iddina)</a>"
1265,Mutianni,Mutianni,–,–,–,"URU.mu-ti-an-ni, 𒌷𒈬𒋾𒀭𒉌",town,"Assyria, Barḫalza province, Iraq",–,"Bagg RGTC 7 2/2: 438, Parpola Toponyms: 253, <a href='https://www.ucl.ac.uk/sargon/peoplegodsplaces' target='_blank'>Assyrian empire builders: Mutianni</a>, <a href='http://oracc.museum.upenn.edu/saao/cbd/qpn-x-places/onebigfile.html' target='_blank'>SAAo Glossary: Places (Mutianni [1])</a>, <a href='http://oracc.museum.upenn.edu/atae/cbd/qpn-x-places/onebigfile.html' target='_blank'>ATAE Glossary: Places (Mutianni [1])</a>"
694,Mutkīnu,"Mutkīnu, Tell ʿAbīr",2,36.692,38.09983,–,town,–,3 B4,Helsinki Atlas: 13 (map 3 B4)
1124,Muttabal,"Muttabal, Mutabal, Mutiabal",–,–,–,"mu-ta-bal.KI, 𒈬𒋫𒁄𒆠, URU.mu-ta-bal, 𒌷𒈬𒋫𒁄, mut-ta-bal, 𒄷𒄭𒋫𒁄","Amorite tribe, territory",Babylonia,–,Bagg RGTC 7 3/1: 418
693,Mušku,"Mušku, Musku, Muški, Muski, Mešek, מֶ֖שֶׁךְ, Phrygia",–,–,–,"mu-us-ki, 𒈬𒊻𒆠, KUR.mu-us-ki, 𒆳𒈬𒊻𒆠, KUR.mu-uš-ki, 𒆳𒈬𒍑𒆠, KUR.mu-us-ku, 𒆳𒈬𒊻𒆪, KUR.mus-ki, KUR.muš-ki, 𒆳𒈲𒆠, KUR.muš-ku, 𒆳𒈲𒆪, KUR.mu-us-ka-a-a, 𒆳𒈬𒊻𒅗𒀀𒀀, KUR.muš-ka-a-a, 𒆳𒈲𒅗𒀀𒀀, mšk, מֶ֖שֶׁךְ","territory, country",Turkey,–,"Bagg RGTC 7 1: 178–179 (Musku 1), Parpola Toponyms: 252–253 (together with Bagg's Musku 2), <a href='https://www.ucl.ac.uk/sargon/peoplegodsplaces' target='_blank'>Assyrian empire builders: Phrygia/Muški</a>, <a href='http://oracc.museum.upenn.edu/saao/knpp/peoplegodsplaces/index.html' target='_blank'>Knowledge and Power: Phrygia</a>, <a href='http://oracc.museum.upenn.edu/riao/cbd/qpn-x-places/onebigfile.html' target='_blank'>RIAo Glossary: Places (Musku [PHRYGIA])</a>, <a href='http://oracc.museum.upenn.edu/rinap/cbd/qpn-x-places/onebigfile.html' target='_blank'>RINAP Glossary: Places (Musku [PHRYGIA])</a>, <a href='http://oracc.museum.upenn.edu/atae/cbd/qpn-x-places/onebigfile.html' target='_blank'>ATAE Glossary: Places (Musku [PHRYGIA])</a>, <a href='http://oracc.museum.upenn.edu/saao/cbd/qpn-x-places/onebigfile.html' target='_blank'>SAAo Glossary: Places (Musku [PHRYGIA])</a>"
691,Muṣur,"Muṣur, Egypt, Miṣraim, Miṣir",1,–,–,–,country,–,13 A3,Helsinki Atlas: 13 (map 13 A3)
688,Muṣāṣir,"Muṣāṣir, Muṣaṣir, Muğesir, Muǧesir, Mujesir, Mudjesir, Mjesar, Mojaisir, Muceyisîr, موجەيسير, موجيسير, Mujaysīs, مجيسيس, Gund-i Topzawa (?), Ṭūbzāwah (?), Topzawe (?), Topzawa (?), Ţawbzāwah (?), Tōpzāwa (?), Ţōpzāwah (?), طوبزاوة, طوبزاوه, Mergasur (?), Mêrgasur (?), ميركسور, Rabat Tapah (?), Rabat Teppe (?), Rabat Tapeh (?), Rabat Tepe (?), ربت تپه, Shahrak-e Rabţ (?), شهرک ربط",1,36.80148,44.63367,"mu-ṣa-ṣir, 𒈬𒍝𒈲, KUR.mu-ṣa-ṣi-ra, 𒆳𒈬𒍝𒍢𒊏, KUR.mu-ṣa-ṣi-ri, 𒆳𒈬𒍝𒍢𒊑, KUR.mu-ṣa-ṣi-ru, 𒆳𒈬𒍝𒍢𒊒, KUR.mu-ṣa-ṣir, 𒆳𒈬𒍝𒈲, KUR.mu-uṣ-ṣa-ṣir, 𒆳𒈬𒊻𒍝𒈲, URU.mu-ṣa-ṣi-ri, 𒌷𒈬𒍝𒍢𒊑, URU.mu-ṣa-ṣi-ru, 𒌷𒈬𒍝𒍢𒊒, URU.mu-ṣa-ṣir, 𒌷𒈬𒍝𒈲, KUR.mu-ṣa-ṣi-ra-a-a, 𒆳𒈬𒍝𒍢𒊏𒀀𒀀, KUR.mu-ṣa-ṣir-a-a, 𒆳𒈬𒍝𒈲𒀀𒀀, URU.mu-ṣa-ṣi-ra-a-a, 𒌷𒈬𒍝𒍢𒊏𒀀𒀀, URU.mu-ṣa-ṣir-a-a, 𒌷𒈬𒍝𒈲𒀀𒀀","capital, city, country","Muṣāṣir, Iraq",4 D5,"Bagg RGTC 7 3/1: 415–417 (Muṣaṣir), Helsinki Atlas: 13 (map 4 D5), Parpola Toponyms: 250 (Muṣaṣir), <a href='https://www.geonames.org/7417021/mujaysis.html' target='_blank'>Geonames: Mujaysīs/Mojaisir</a>, <a href='https://zenodo.org/record/6384045' target='_blank'>Pedersén ANE: Muṣaṣir? (Muǧesir)</a>, <a href='https://zenodo.org/record/5217600' target='_blank'>CIGS: Ṭūbzāwah</a>, <a href='https://www.geonames.org/90109/topzawe.html' target='_blank'>Geonames: Topzawe</a>, <a href='https://pleiades.stoa.org/places/126728263' target='_blank'>Pleiades: Muṣaṣir</a>, <a href='https://www.geonames.org/93455/mergasur.html' target='_blank'>Geonames: Mêrgasur</a>, <a href='https://zenodo.org/record/6384045' target='_blank'>Pedersén ANE: (Rabat Teppe)</a>, <a href='https://zenodo.org/record/5217600' target='_blank'>CIGS: Rabat Tapah</a>, <a href='https://pleiades.stoa.org/places/418645876' target='_blank'>Pleiades: Rabat Tapah</a>, <a href='https://www.geonames.org/6686484/shahrak-e-rabt.html' target='_blank'>Geonames: Shahrak-e Rabţ</a>, <a href='https://www.ucl.ac.uk/sargon/peoplegodsplaces' target='_blank'>Assyrian empire builders: Muṣaṣir</a>, <a href='http://oracc.museum.upenn.edu/saao/cbd/qpn-x-places/onebigfile.html' target='_blank'>SAAo Glossary: Places (Muṣaṣir [1])</a>, <a href='http://oracc.museum.upenn.edu/riao/cbd/qpn-x-places/onebigfile.html' target='_blank'>RIAo Glossary: Places (Muṣaṣir [1])</a>, <a href='http://oracc.museum.upenn.edu/atae/cbd/qpn-x-places/onebigfile.html' target='_blank'>ATAE Glossary: Places (Muṣaṣir [1])</a>, <a href='http://oracc.museum.upenn.edu/rinap/cbd/qpn-x-places/onebigfile.html' target='_blank'>RINAP Glossary: Places (Muṣaṣir [1])</a>, <a href='http://oracc.museum.upenn.edu/saao/cbd/qpn-x-ethnic/onebigfile.html' target='_blank'>SAAo Glossary: Ethnic Names (Muṣaṣiraya [1])</a>, <a href='http://oracc.museum.upenn.edu/atae/cbd/qpn-x-ethnic/onebigfile.html' target='_blank'>ATAE Glossary: Ethnic Names (Muṣaṣiraya [1])</a>, <a href='http://oracc.museum.upenn.edu/atae/cbd/qpn-x-ethnic/onebigfile.html' target='_blank'>ATAE Glossary: Ethnic Names (Muṣaṣiraya [of Muṣaṣir])</a>, <a href='http://oracc.museum.upenn.edu/saao/cbd/qpn-x-ethnic/onebigfile.html' target='_blank'>SAAo Glossary: Ethnic Names (Muṣaṣiraya [of Muṣaṣir])</a>, <a href='http://oracc.museum.upenn.edu/riao/cbd/qpn-x-ethnic/onebigfile.html' target='_blank'>RIAo Glossary: Ethnic Names (Muṣaṣirayu [of Muṣaṣir])</a>, <a href='http://oracc.museum.upenn.edu/rinap/cbd/qpn-x-ethnic/onebigfile.html' target='_blank'>RINAP Glossary: Ethnic Names (Muṣaṣirayu [of Muṣaṣir])</a>"
631,Mādaba,"Mādaba, Madaba, Mēdeba, Μήδαβα, מֵידְבָא‎, مادبا",–,31.714700808822,35.79229526122018,–,city,"Māʾab, Jordan",–,<a href='https://zenodo.org/record/6384045' target='_blank'>Pedersén ANE: Madaba</a>
632,Mādāia,"Mādāia, Mādāja, Mādai, Mēdia, Media",2,–,–,–,territory,–,12 A1,Helsinki Atlas: 13 (map 12 A1)
641,Māliki,"Māliki, Maliki, Malaku, Malaki",–,–,–,"URU.ma-la-ki, 𒌷𒈠𒆷𒆠, URU.ma-lak, 𒌷𒈠𒋃, URU.ma-li-ki, 𒌷𒈠𒇷𒆠, URU.ma-lak-a-a, 𒌷𒈠𒋃𒀀𒀀, URU.ma-a-lak-ka-a-a, 𒌷𒈠𒀀𒋃𒅗𒀀𒀀",town,"Rāši, Elam, Iran",–,"Bagg RGTC 7 3/1: 386 (Māliki), Bagg RGTC 7 2/2: 385 (Māliku) (?), Parpola Toponyms: 234–235 (Malaku), <a href='http://oracc.museum.upenn.edu/saao/knpp/peoplegodsplaces/index.html' target='_blank'>Knowledge and Power: Malaku</a>, <a href='https://www.ucl.ac.uk/sargon/peoplegodsplaces' target='_blank'>Assyrian empire builders: Malaku</a>, <a href='http://oracc.museum.upenn.edu/atae/cbd/qpn-x-places/onebigfile.html' target='_blank'>ATAE Glossary: Places (Malaku)</a>, <a href='http://oracc.museum.upenn.edu/saao/cbd/qpn-x-places/onebigfile.html' target='_blank'>SAAo Glossary: Places (Malaku)</a>, <a href='http://oracc.museum.upenn.edu/atae/cbd/qpn-x-ethnic/onebigfile.html' target='_blank'>ATAE Glossary: Ethnic (Malikaya [OF MALIKI]</a>, <a href='http://oracc.museum.upenn.edu/riao/cbd/qpn-x-places/onebigfile.html' target='_blank'>RIAo Glossary: Places (Maliki)</a>, <a href='http://oracc.museum.upenn.edu/rinap/cbd/qpn-x-places/onebigfile.html' target='_blank'>RINAP Glossary: Places (Maliki)</a>"
642,Māliku,"Māliku, Maliku",–,–,–,"URU.ma-li-ku, 𒌷𒈠𒇷𒆪, URU.ma-li-ki, 𒌷𒈠𒇷𒆠",town,"Ğazīra (?), Rāši (?), Syria (?), Iran (?)",–,"Bagg RGTC 7 2/2: 385 (Māliku), Bagg RGTC 7 3/1: 386 (Māliki) (?), Parpola Toponyms: 234–235 (Malaku)"
664,Māt Tāmti,"Māt-tâmti, Māt Tāmti, Sealand",2,–,–,–,territory,–,16 B2,Helsinki Atlas: 13 (map 16 B2)
1114,Māt-Aššur,"Māt-Aššur, Assyria",1,–,–,–,country,"Assyria, Iraq",–,–
667,Māzamua,"Māzamua, Mazamūa, Mazamua, Zamua, Zamē, Zamū, Zamūa, Zamua-ša-bītāni, Zamua-ša-bētāni, Lullumû, Lullumu, Lullumê, Lullume, Lullu, Lullue, Lullubu, Lullubum, Lulubum, Lulume, Lulunum, Lulununa, Lullûn, Māt-Lullubê, Māt-Lullubî, Luluwa, Šahrezōr plain, Shahrazūr, Shārazūr, Sharezûr, شهرزور, شارزور",2,–,–,"ma-za-mu-a, 𒈠𒍝𒈬𒀀, KUR.ma-za-mu, 𒆳𒈠𒍝𒈬, KUR.ma-za-mu-a, 𒆳𒈠𒍝𒈬𒀀, KUR.ma-za-mu-u-a, 𒆳𒈠𒍝𒈬𒌋𒀀, KUR.za-mu-a, 𒆳𒍝𒈬𒀀, KUR.za-mu-a-ša-be-ta-a-ni, 𒆳𒍝𒈬𒀀𒊭𒁁𒋫𒀀𒉌, KUR.za-mu-a-šá-be-ta-a-ni, 𒆳𒍝𒈬𒀀𒃻𒁁𒋫𒀀𒉌, KUR.za-mu-a-šá-bé-ta-a-ni, 𒆳𒍝𒈬𒀀𒃻𒁉𒋫𒀀𒉌, KUR.za-mu-a-ša-É-a-ni, 𒆳𒍝𒈬𒀀𒊭𒂍𒀀𒉌, KUR.za-mu-a-šá-É-a-ni, 𒆳𒍝𒈬𒀀𒃻𒂍𒀀𒉌, KUR.za-mu-u, 𒆳𒍝𒈬𒌋, URU.ma-za-mu-a, 𒌷𒈠𒍝𒈬𒀀, URU.ma-za-mu-u-a, 𒌷𒈠𒍝𒈬𒌋𒀀, URU.za-mu-a, 𒌷𒍝𒈬𒀀, URU.za-mu-u-a, 𒌷𒍝𒈬𒌋𒀀, URU.KUR.za-mu-a, 𒌷𒆳𒍝𒈬𒀀, KUR.ma-za-mu-a-a, 𒆳𒈠𒍝𒈬𒀀𒀀, KUR.lu-lu, 𒆳𒇻𒇻, KUR.lu-lu-me-e, 𒆳𒇻𒇻𒈨𒂊, KUR.lu-lu-mi-i, 𒆳𒇻𒇻𒈪𒄿, KUR.lu-ul-lu, 𒆳𒇻𒌌𒇻, KUR.lu-ul-lu-me-e, 𒆳𒇻𒌌𒇻𒈨𒂊, KUR.lul-bi-i, 𒆳𒈜𒁉𒄿, KUR.lul-lu-mé-e, 𒆳𒈜𒇻𒈪𒂊, KUR.lul-lu-mi-i, 𒆳𒈜𒇻𒈪𒄿, KUR.lul-lu-mì-i, 𒆳𒈜𒇻𒈨𒄿, URU.lu-lu-me, 𒌷𒇻𒇻𒈨, URU.lul-lu-mi-i, 𒌷𒈜𒇻𒈪𒄿","country, province, city, prov. capital","Iraq, Iran (?), Zagros",11 A1,"Bagg RGTC 7 3/2: 617–620 (Zamua), Bagg RGTC 7 3/1: 376–377 (Lullumê), Helsinki Atlas: 13 (map 11 A1), Parpola Toponyms: 381–382 (Zamua), Parpola Toponyms: 228–229 (Lullumû), Radner (2006): RlA 11: 51–52, <a href='https://www.geonames.org/9873303/qeza-i-sharezur.html' target='_blank'>Geonames: Qeza-î Sharezûr</a>, <a href='http://oracc.museum.upenn.edu/saao/knpp/peoplegodsplaces/index.html' target='_blank'>Knowledge and Power: Mazamua</a>, <a href='https://www.ucl.ac.uk/sargon/peoplegodsplaces' target='_blank'>Assyrian empire builders: Mazamua</a>, <a href='http://oracc.museum.upenn.edu/riao/cbd/qpn-x-places/onebigfile.html' target='_blank'>RIAo Glossary: Places (Lullume)</a>, <a href='http://oracc.museum.upenn.edu/rinap/cbd/qpn-x-places/onebigfile.html' target='_blank'>RINAP Glossary: Places (Lullume)</a>, <a href='http://oracc.museum.upenn.edu/riao/cbd/qpn-x-ethnic/onebigfile.html' target='_blank'>RIAo Glossary: Ethnic (Lullumu)</a>, <a href='http://oracc.museum.upenn.edu/riao/cbd/qpn-x-places/onebigfile.html' target='_blank'>RIAo Glossary: Places (Lullumu)</a>, <a href='http://oracc.museum.upenn.edu/saao/cbd/qpn-x-ethnic/onebigfile.html' target='_blank'>SAAo Glossary: Ethnic (Mazamuaya)</a>, <a href='http://oracc.museum.upenn.edu/riao/cbd/qpn-x-places/onebigfile.html' target='_blank'>RIAo Glossary: Places (Mazamua)</a>, <a href='http://oracc.museum.upenn.edu/atae/cbd/qpn-x-places/onebigfile.html' target='_blank'>ATAE Glossary: Places (Mazamua)</a>, <a href='http://oracc.museum.upenn.edu/saao/cbd/qpn-x-places/onebigfile.html' target='_blank'>SAAo Glossary: Places (Mazamua)</a>, <a href='http://oracc.museum.upenn.edu/atae/cbd/qpn-x-ethnic/onebigfile.html' target='_blank'>ATAE Glossary: Ethnic (Zamuaya [OF ZAMUA]</a>, <a href='http://oracc.museum.upenn.edu/riao/cbd/qpn-x-ethnic/onebigfile.html' target='_blank'>RIAo Glossary: Ethnic (Zamuayu)</a>, <a href='http://oracc.museum.upenn.edu/riao/cbd/qpn-x-places/onebigfile.html' target='_blank'>RIAo Glossary: Places (Zamua)</a>, <a href='http://oracc.museum.upenn.edu/rinap/cbd/qpn-x-places/onebigfile.html' target='_blank'>RINAP Glossary: Places (Zamua)</a>"
669,Māʾab,"Māʾab, Môʾāb, Moab",1,–,–,–,country,–,7 D5,Helsinki Atlas: 13 (map 7 D5)
676,Mēturna,"Mēturna, Mê-Turnat, Mê-Turran, Mê-Turan, Mê-Turnu, Tell Ḥaddād (?), Haddad (?), Tell al-Sīb (?), es-Sib (?), Tulul Baradan (?), Tell Baradan (?)",1,34.1911482651075,45.05111945502654,–,city,"Babylonia, Iraq",10 D2,"Helsinki Atlas: 13 (map 10 D2), <a href='https://zenodo.org/record/6384045' target='_blank'>Pedersén ANE: Mê Turan (Tell Baradan)</a>, <a href='https://pleiades.stoa.org/places/894042' target='_blank'>Pleiades: Me-Turnat</a>"
687,Mūru,"Mūru, Muru, Tibil, Tipil, Öncüpınar, ‘Ayn Dārah (?), Aïn Dâra (?), Aïne Darah (?), عين دارة, Aandâra (?), ‘Ayndārah (?), عيندارة, Tell ʿAin Dara (?)",3,36.6442699725829,37.0910896396424,"URU.mu-u₂-ru, 𒌷𒈬𒌑𒊒","city, fortified city","Bīt-Agūsi, Turkey, Syria (?)",2 D4,"Bagg RGTC 7 1: 177, Helsinki Atlas: 13 (map 2 D4), Parpola Toponyms: 249, <a href='https://www.google.com/maps/d/u/0/viewer?mid=1XWivnuuHzEfy0BJ6nMOdRbkLojLzahA&ll target='_blank'>Maija Holappa's map</a>, <a href='https://www.geonames.org/303498/oencuepinar.html' target='_blank'>Geonames: Öncüpınar/Tibil</a>, <a href='https://zenodo.org/record/6384045' target='_blank'>Pedersén ANE: (Tell ʿAin Dara)</a>, <a href='https://www.geonames.org/172144/-ayn-darah.html' target='_blank'>Geonames: ‘Ayn Dārah</a>, <a href='http://oracc.museum.upenn.edu/riao/cbd/qpn-x-places/onebigfile.html' target='_blank'>RIAo Glossary: Places (Muru [1])</a>"
692,Mūši,"Mūši, Muši",3,36.524114672955,44.399526778822,"URU.mu-ši, 𒌷𒈬𒅆",town,Iraq,4 D5,"Bagg RGTC 7 2/1: 417 (Muši), Helsinki Atlas: 13 (map 4 D5), Parpola Toponyms: 252 (Muši), <a href='https://www.google.com/maps/d/u/0/viewer?mid=1XWivnuuHzEfy0BJ6nMOdRbkLojLzahA&ll target='_blank'>Maija Holappa's map</a>, <a href='https://www.ucl.ac.uk/sargon/peoplegodsplaces' target='_blank'>Assyrian empire builders: Muši</a>, <a href='http://oracc.museum.upenn.edu/saao/cbd/qpn-x-places/onebigfile.html' target='_blank'>SAAo Glossary: Places (Muši [1])</a>, <a href='http://oracc.museum.upenn.edu/atae/cbd/qpn-x-places/onebigfile.html' target='_blank'>ATAE Glossary: Places (Muši [1])</a>"
695,Nabada,"Nabada, Tell Beidar, Tell Beydar, Tall Baiydar, تل بيدر",–,36.73799350230982,40.58711854151343,–,city,"Hurrians, Syria",–,<a href='https://zenodo.org/record/6384045' target='_blank'>Pedersén ANE: Nabada (Tell Beidar)</a>
696,Nabajāti,"Nabajāti, Nabâtu, Nebaʾāti, Nabayataya, Nabayatuwa, Nabayatean, Nabayatu, Nabayati, nbyt, n<sup>e</sup>bāyôt, נְבָיוֹת, nbyh, 𐡍𐡁𐡉𐡄",–,–,–,"KUR.na-ba-a-a-te, 𒆳𒈾𒁀𒀀𒀀𒋼, KUR.na-ba-a-a-ti, 𒆳𒈾𒁀𒀀𒀀𒋾, LÚ.na-ba-a-a-ti, 𒇽𒈾𒁀𒀀𒀀𒋾, URU.na-ba-a-a-ti, 𒌷𒈾𒁀𒀀𒀀𒋾, KUR.na-ba-a-a-ta-a-a, 𒆳𒈾𒁀𒀀𒀀𒋫𒀀𒀀, KUR.na-ba-a-a-ti-a-a, 𒆳𒈾𒁀𒀀𒀀𒋾𒀀𒀀, LÚ.na-ba-a-a-ta-a-a, 𒇽𒈾𒁀𒀀𒀀𒋫𒀀𒀀, LÚ.né-ba-ʾa-a-ti, 𒇽𒉌𒁀𒀪𒀀𒋾, LÚ.na-ba-a-tu-ú-a, 𒇽𒈾𒁀𒀀𒌅𒌑𒀀, נְבָיוֹת, nbyh, 𐡍𐡁𐡉𐡄","Arabic tribe, territory",Arabian Peninsula,–,"Bagg RGTC 7 2/2: 439–440, Parpola Toponyms: 254, <a href='http://oracc.museum.upenn.edu/saao/cbd/qpn-x-ethnic/onebigfile.html' target='_blank'>SAAo Glossary: Ethnic (Nabayataya [NABAYATEAN])</a>, <a href='http://oracc.museum.upenn.edu/saao/cbd/qpn-x-ethnic/onebigfile.html' target='_blank'>SAAo Glossary: Ethnic (Nabayati [NABATAEAN])</a>, <a href='http://oracc.museum.upenn.edu/riao/cbd/qpn-x-ethnic/onebigfile.html' target='_blank'>RIAo Glossary: Ethnic (Nabayatu [NABAYATEAN])</a>, <a href='http://oracc.museum.upenn.edu/rinap/cbd/qpn-x-ethnic/onebigfile.html' target='_blank'>RINAP Glossary: Ethnic (Nabayatu [NABAYATEAN])</a>, <a href='http://oracc.museum.upenn.edu/saao/cbd/qpn-x-ethnic/onebigfile.html' target='_blank'>SAAo Glossary: Ethnic (Nabayatuwa)</a>"
698,Nabula,"Nabula, Nabulu, Napulu, Nabuli, Nablu, Nawila, Nawalā, Nawala, Nawali, Nawar (?), Nabur (?), Girnavaz Höyük, Girnavaz, Gir Nawas",1,37.10507010079371,41.23048371755741,"URU.na-bu-la, 𒌷𒈾𒁍𒆷, URU.na-bu-lu, 𒌷𒈾𒁍𒇻, URU.na-bul, 𒌷𒈾𒇧",town,"Ḫābūr triangle, Turkey",3 E3,"Bagg RGTC 7 2/2: 441 (Nabulu), Helsinki Atlas: 13 (map 3 E3), Parpola Toponyms: 258 (Napulu), <a href='https://zenodo.org/record/6384045' target='_blank'>Pedersén ANE: Nawali / Nabula (Girnavaz)</a>, <a href='https://zenodo.org/record/5217600' target='_blank'>CIGS: Girnavaz</a>, <a href='https://books.openedition.org/cdf/4487' target='_blank'>MTT I/3: Nabula/Girnavaz (HIGEOMES Nr. 44)</a>, <a href='https://pleiades.stoa.org/places/539776278' target='_blank'>Pleiades: Nabulu</a>, <a href='http://oracc.museum.upenn.edu/riao/cbd/qpn-x-places/onebigfile.html' target='_blank'>RIAo Glossary: Places (Nabulu [1])</a>"
1266,Nabur,Nabur,–,–,–,"URU.na-bu-ur, 𒌷𒈾𒁍𒌨",town,"Assyria, Barḫalza province, Iraq",–,"Bagg RGTC 7 2/2: 441, <a href='http://oracc.museum.upenn.edu/saao/cbd/qpn-x-places/onebigfile.html' target='_blank'>SAAo Glossary: Places (Nabur [1])</a>, <a href='http://oracc.museum.upenn.edu/atae/cbd/qpn-x-places/onebigfile.html' target='_blank'>ATAE Glossary: Places (Nabur [1])</a>"
697,Nabû Temple of Kalḫu,"Ezida, Bīt-Nabû, Bit-Nabû, Bit-Nabu, Bēt-Nabû, Bet-Nabû, Bet-Nabu, Nabû Temple of Kalḫu",–,36.0970655912,43.3303415509,"É.ZI.DA, 𒂍𒍣𒁕, É-<sup>d</sup>AG, 𒂍𒀭𒀝, É-<sup>d</sup>PA, 𒂍𒀭𒉺",temple,"Assyria, Kalḫu, Iraq",–,"George (1993): <i>House Most High</i>: 160, <a href='https://pleiades.stoa.org/places/242008148' target='_blank'>Pleiades: Ezida (Kalhu)</a>, <a href='http://oracc.museum.upenn.edu/saao/knpp/peoplegodsplaces/index.html' target='_blank'>Knowledge and Power: Ezida</a>, <a href='https://www.ucl.ac.uk/sargon/peoplegodsplaces' target='_blank'>Assyrian empire builders: Ezida</a>, <a href='http://oracc.museum.upenn.edu/atae/cbd/qpn-x-temple/onebigfile.html' target='_blank'>ATAE Glossary: Temple (Ezida [TEMPLE OF NABU])</a>, <a href='http://oracc.museum.upenn.edu/saao/cbd/qpn-x-temple/onebigfile.html' target='_blank'>SAAo Glossary: Temple (Ezida [TEMPLE OF NABU])</a>, <a href='http://oracc.museum.upenn.edu/riao/cbd/qpn-x-temple/onebigfile.html' target='_blank'>RIAo Glossary: Temple (Ezida)</a>, <a href='http://oracc.museum.upenn.edu/rinap/cbd/qpn-x-temple/onebigfile.html' target='_blank'>RINAP Glossary: Temple (Ezida)</a>, <a href='http://oracc.museum.upenn.edu/atae/cbd/qpn-x-temple/onebigfile.html' target='_blank'>ATAE Glossary: Temple (Bit-Nabu [TEMPLE OF NABU])</a>, <a href='http://oracc.museum.upenn.edu/saao/cbd/qpn-x-temple/onebigfile.html' target='_blank'>SAAo Glossary: Temple (Bit-Nabu [TEMPLE OF NABU])</a>"
1116,Nabātu,"Nabātu, Nabâtu, Nabāta, Nabatu, Nabatean",–,–,–,"LÚ.na-ba-a-tu, 𒇽𒈾𒁀𒀀𒌅, LÚ.na-ba-tu, 𒇽𒈾𒁀𒌅, LÚ.na-ba-tú, 𒇽𒈾𒁀𒌓, LÚ.na-bat-a-a, 𒇽𒈾𒁁𒀀𒀀",Aramean tribe,"Babylonia, Iraq",–,"Bagg RGTC 7 3/1: 419–420, Parpola Toponyms: 254, <a href='http://oracc.museum.upenn.edu/saao/cbd/qpn-x-ethnic/onebigfile.html' target='_blank'>SAAo Glossary: Ethnic (Nabataya)</a>, <a href='http://oracc.museum.upenn.edu/rinap/cbd/qpn-x-ethnic/onebigfile.html' target='_blank'>RINAP Glossary: Ethnic (Nabatu)</a>"
700,Nagiāti,"Nagiāti, Nagiātu, Nagiāte, Nagiati, Nagiatu, Nagiate, Bāġūz aš-Šimālī, Bāghūz Fawqānī, باغوز فوقاني",3,34.45781,40.931711,"URU.na-gi-a-te, 𒌷𒈾𒄀𒀀𒋼",town,"Lāqê (?), Syria",9 C2,"Helsinki Atlas: 13 (map 9 C2), Bagg RGTC 7 2/2: 442 (Nagiāte 1), <a href='https://www.geonames.org/171943/baghuz-fawqani.html' target='_blank'>Geonames: Bāghūz Fawqānī/Bāghūz ash Shamālī</a>, <a href='http://oracc.museum.upenn.edu/riao/cbd/qpn-x-places/onebigfile.html' target='_blank'>RIAo Glossary: Places (Nagiatu)</a>"
701,Nagsu,"Nagsu, Naĝsu, U175 (?)",4,31.69661882576073,45.78302693517902,–,city,"Babylonia, Iraq",–,<a href='https://zenodo.org/record/6384045' target='_blank'>Pedersén ANE: Nagsu? (U175)</a>
704,Nahr el-Kelb,"Nahr el-Kelb, Nahr al-Kalb",–,33.955434,35.597312,–,monument,Lebanon,8 A3,"Helsinki Atlas: 28 (map 8 A3), <a href='https://pleiades.stoa.org/places/2970016' target='_blank'>Pleiades: Nahr al-Kalb monuments</a>"
705,Najafehabad,"Najafehabad, Nağafabad, Najafabad",–,34.4295,47.86967,–,monument,"Iran, Kišēsim",11 B2,Helsinki Atlas: 28 (map 11 B2)
706,Nal,Nal,2,–,–,–,mountain,–,4 B5,Helsinki Atlas: 13 (map 4 B5)
707,Nampigu,"Nampigu, Nappigi, Nappigu, Menbiğ, Membiğ, Bambykē, Manbij",–,36.52828807598983,37.95515225576806,–,city,Syria,3 A4,"Helsinki Atlas: 13 (map 3 A4), <a href='https://zenodo.org/record/6384045' target='_blank'>Pedersén ANE: Nappigi (Manbij)?</a>"
708,Namri,Namri,2,–,–,–,country,–,11 B2,Helsinki Atlas: 13 (map 11 B2)
709,Namrītu,"Namrītu, Nāudār",–,–,–,–,river,–,11 B2,Helsinki Atlas: 13 (map 11 B2)
1183,Nanzu,Nanzu,–,–,–,"URU.na-an-zu, 𒌷𒈾𒀭𒍪","city, fortified city","Mannāja, Zikirtu, Aukanê, Iran",–,"Bagg RGTC 7 3/1: 426, Parpola Toponyms: 258, <a href='http://oracc.museum.upenn.edu/riao/cbd/qpn-x-places/onebigfile.html' target='_blank'>RIAo Glossary: Places (Nanzu)</a>, <a href='http://oracc.museum.upenn.edu/rinap/cbd/qpn-x-places/onebigfile.html' target='_blank'>RINAP Glossary: Places (Nanzu)</a>"
710,Napata,"Napata, Νάπατα, Ναπάται, Jebel Barkal",–,18.53526529993887,31.83038033038094,–,"capital, city","Kūsu, Kush, Egypt, Sudan",–,<a href='https://zenodo.org/record/6384045' target='_blank'>Pedersén ANE: Napata (Jebel Barkal)</a>
1148,Napigi,"Napigi, Nappigi",–,–,–,"URU.na-pi-gi, 𒌷𒈾𒉿𒄀",town,"Māzamua, Iraq",–,"Bagg RGTC 7 3/1: 427 (Nappigi 2), <a href='http://oracc.museum.upenn.edu/atae/cbd/qpn-x-places/onebigfile.html' target='_blank'>ATAE Glossary: Places (Nappigi)</a>, <a href='http://oracc.museum.upenn.edu/saao/cbd/qpn-x-places/onebigfile.html' target='_blank'>SAAo Glossary: Places (Nappigi)</a>"
711,Napisina,Napisina,–,–,–,"URU.na-pi-si-na, 𒌷𒈾𒉿𒋛𒈾",town,"Assyria, Kalḫu province (?), Iraq",–,"Bagg RGTC 7 2/2: 447, <a href='http://oracc.museum.upenn.edu/atae/cbd/qpn-x-places/onebigfile.html' target='_blank'>ATAE Glossary: Places (Napisina)</a>"
712,Napisu,"Napisu, Napissu, Napišu",–,–,–,"URU.na-pi-su, 𒌷𒈾𒉿𒋢, na-pi-šá-a-a, 𒈾𒉿𒃻𒀀𒀀, KUR.na-pi-sa-a-a, 𒆳𒈾𒉿𒊓𒀀𒀀",town,"Assyria, Laḫīru, Iraq",–,"Bagg RGTC 7 2/2: 447, <a href='http://oracc.museum.upenn.edu/saao/cbd/qpn-x-places/onebigfile.html' target='_blank'>SAAo Glossary: Places (Napisu [1])</a>, <a href='http://oracc.museum.upenn.edu/atae/cbd/qpn-x-places/onebigfile.html' target='_blank'>ATAE Glossary: Places (Napisu [1])</a>, <a href='http://oracc.museum.upenn.edu/atae/cbd/qpn-x-ethnic/onebigfile.html' target='_blank'>ATAE Glossary: Ethnic Names (Napisaya [1])</a>, <a href='http://oracc.museum.upenn.edu/saao/cbd/qpn-x-ethnic/onebigfile.html' target='_blank'>SAAo Glossary: Ethnic Names (Napisaya [1])</a>, <a href='http://oracc.museum.upenn.edu/saao/cbd/qpn-x-ethnic/onebigfile.html' target='_blank'>SAAo Glossary: Ethnic Names (Napisaya [of Napisu])</a>, <a href='http://oracc.museum.upenn.edu/atae/cbd/qpn-x-ethnic/onebigfile.html' target='_blank'>ATAE Glossary: Ethnic Names (Napisaya [of Napisu])</a>"
719,Natḫu,"Natḫu, Natḫû, Nathû, Nathō, Leontōn Polis, Leontopolis, Tall al-Muqdām, Tell el-Moqdam",–,30.67955267607982,31.35798643371009,"URU.na-at-ḫu-ú, 𒌷𒈾𒀜𒄷𒌑",city,"Muṣur, Egypt",–,"Bagg RGTC 7 2/2: 451 (Natḫû 2), <a href='https://zenodo.org/record/6384045' target='_blank'>Pedersén ANE: Leontopolis (Tell el-Moqdam)</a>, <a href='https://pleiades.stoa.org/places/727147' target='_blank'>Pleiades: Leontopolis</a>"
720,Natḫû,"Natḫû, Natḫu, Nathû, Nathō, Leontōn Polis, Leontopolis, Tall al-Yahūdīya, Tell el-Yahudiya",–,30.29210010433319,31.33083796695469,"URU.na-at-ḫu-ú, 𒌷𒈾𒀜𒄷𒌑",city,"Muṣur, Egypt",–,"Bagg RGTC 7 2/2: 451 (Natḫû 1), <a href='https://zenodo.org/record/6384045' target='_blank'>Pedersén ANE: Nathû / Lentopolis (Tell el-Yahudiya)</a>, <a href='https://pleiades.stoa.org/places/727146' target='_blank'>Pleiades: Leontopolis</a>"
721,Naʾiri,"Naʾiri, Nairi",2,–,–,–,region,–,3 D3,Helsinki Atlas: 14 (map 3 D3)
702,Naḫal Muṣur (alt. loc.),"Naḫal Muṣur (alt. loc.), Wādī Ġazza",–,–,–,–,river,–,–,–
703,Naḫal-Muṣur,"Naḫal-Muṣur, Naḫal Muṣur, Nahal Muṣur, Naḥal Mizraim, נהל מצרים, נחר מצרים, River of Egypt, Brook of Egypt, Wādī al-ʿArīš, وادي العريش, Naḥal Beśor (?), Naḥal B<sup>e</sup>śor (?), Wādī Ġazza (?)",2,31.14541,33.80714,"na-ḫal KUR.mu-ṣur, 𒈾𒄬𒆳𒈬𒀫, na-ḫal KUR.mu-uṣ-ri, 𒈾𒄬𒆳𒈬𒊻𒊑, na-ḫal KUR.mu-ṣur-ri, 𒈾𒄬𒆳𒈬𒀫𒊑, נחל מצרים, נהר מצרים","river, valley","Egypt, Sinai",13 C3,"Bagg RGTC 7 1: 291, Helsinki Atlas: 14 (map 13 C3), Parpola Toponyms: 256, <a href='https://www.geonames.org/360180/wadi-al-arish.html' target='_blank'>Geonames: Wādī al ‘Arīsh</a>, <a href='http://oracc.museum.upenn.edu/riao/cbd/qpn-x-waters/onebigfile.html' target='_blank'>RIAo Glossary: Waters (Nahal Muṣur [BROOK OF EGYPT])</a>, <a href='http://oracc.museum.upenn.edu/rinap/cbd/qpn-x-waters/onebigfile.html' target='_blank'>RINAP Glossary: Waters (Nahal Muṣur [BROOK OF EGYPT])</a>"
718,Naṣībina,"Naṣībina, Naṣībīna, Naṣībīni, Naṣipinu, Naṣipanu, Naṣibina, Nisibis, Νίσιβις, Antiochia Mygdonia, Nisibin, Nuṣaybin, Nusaybin, نُصَيبِين",1,37.06832869443314,41.21436755380114,"na-ṣi-be-na, 𒈾𒍢𒁁𒈾, na-ṣi-pa-ni, 𒈾𒍢𒉺𒉌, na-ṣib-i-na, 𒈾𒍦𒄿𒈾, na-ṣib-na, 𒈾𒍦𒈾, URU.na-ṣa-pi-na, 𒌷𒈾𒍝𒉿𒈾, URU.na-ṣi-bi-na, 𒌷𒈾𒍢𒁉𒈾, URU.na-ṣi-pi-na, 𒌷𒈾𒍢𒉿𒈾, URU.na-ṣib-bi-na, 𒌷𒈾𒍦𒁉𒈾, URU.na-ṣib-na, 𒌷𒈾𒍦𒈾, URU.na-ṣib-i-na, 𒌷𒈾𒍦𒄿𒈾, URU.na-ṣi-pi-na-a-a, 𒌷𒈾𒍢𒉿𒈾𒀀𒀀","prov. capital, city, province","Assyria, Naṣībina province, Ḫābūr area, Turkey, Syria",3 E3,"Helsinki Atlas: 14 (map 3 E3), Bagg RGTC 7 2/2: 449–450, <a href='https://zenodo.org/record/6384045' target='_blank'>Pedersén ANE: Naṣibina / Nisibis (Nusaybin)?</a>, <a href='https://pleiades.stoa.org/places/874623' target='_blank'>Pleiades: Nisibis/Antiochia</a>, <a href='http://oracc.museum.upenn.edu/atae/cbd/qpn-x-places/onebigfile.html' target='_blank'>ATAE Glossary: Places (Naṣibina)</a>, <a href='http://oracc.museum.upenn.edu/saao/cbd/qpn-x-places/onebigfile.html' target='_blank'>SAAo Glossary: Places (Naṣibina)</a>, <a href='http://oracc.museum.upenn.edu/riao/cbd/qpn-x-places/onebigfile.html' target='_blank'>RIAo Glossary: Places (Naṣibina)</a>, <a href='http://oracc.museum.upenn.edu/riao/cbd/qpn-x-places/onebigfile.html' target='_blank'>RIAo Glossary: Places (Naṣipinu)</a>"
726,Nerebtum,"Nerebtum, Ishchali",–,33.30358590414998,44.58274622287485,–,city,"Babylonia, Iraq",–,<a href='https://zenodo.org/record/6384045' target='_blank'>Pedersén ANE: Nerebtum (Ishchali)</a>
727,Nikippa,"Nikippa, Nikippu, Jabal Ḩaqar, جبل حقر, Jabal Ţāslūjah (?), جبل طاسلوجة, Shākh-i Tāslūja (?), Azmar Dāǧ (?), Azmar Dāgh (?), Asmir Dāgh (?), Silsilat Jibāl Azmar (?), سلسلة جبال ازمر, Kūḫ-e Ḫōǧalāk (?), Kūh-e Khvojeh Lāk (?), Kūh-i-Khojalak (?), كوهِ خوُجِه لاك, Pir Omar Gudrun (?), Pir-i Mukurun (?), Jabal Bīrah Magrūn (?), Jabal Bīrah Makrūn (?), Shākh-i Pīra Magrūn (?), جبل بيرة مگرون",5,35.61798,45.16405,"KUR.ni-kip-pa, 𒆳𒉌𒄒𒉺, KUR.ni-kip-pi, 𒆳𒉌𒄒𒉿",mountain,"Māzamua (?), Iraq, Iran (?), Zagros",11 B1,"Bagg RGTC 7 3/1: 432 (Nikippu), Helsinki Atlas: 14 (map 11 B1), Parpola Toponyms: 261, <a href='https://www.geonames.org/7426340/jabal-haqar.html' target='_blank'>Geonames: Jabal Ḩaqar</a>, <a href='https://www.geonames.org/383948/jabal-taslujah.html' target='_blank'>Geonames: Jabal Ţāslūjah</a>, <a href='https://www.geonames.org/8301275/taslujah.html' target='_blank'>Geonames: Ţāslūjah</a>, <a href='https://www.geonames.org/417096/baranand-dagh.html' target='_blank'>Geonames: Baranand Dāgh</a>, <a href='https://www.geonames.org/98267/silsilat-jibal-azmar.html' target='_blank'>Geonames: Silsilat Jibāl Azmar</a>, <a href='https://www.geonames.org/127034/kuh-e-khvojeh-lak.html' target='_blank'>Geonames: Kūh-e Khvojeh Lāk</a>, <a href='https://www.geonames.org/92771/jabal-birah-magrun.html' target='_blank'>Geonames: Jabal Bīrah Magrūn</a>, <a href='http://oracc.museum.upenn.edu/riao/cbd/qpn-x-places/onebigfile.html' target='_blank'>RIAo Glossary: Places (Nikippa [MOUNT NIKIPPA])</a>, <a href='http://oracc.museum.upenn.edu/rinap/cbd/qpn-x-places/onebigfile.html' target='_blank'>RINAP Glossary: Places (Nikippa [MOUNT NIKIPPA])</a>"
728,Nikkur,"Nikkur, Nikkar, Niqqar, Rawānsīr, Ravānsar, روانسر",4,34.7131057478713,46.6574357004798,"KUR.ni-kur, 𒆳𒉌𒆳, URU.ni-iq-qar, URU.ni-ik-kar₃, 𒌷𒉌𒅅𒃼, URU.ni-kur, 𒌷𒉌𒆳, URU.ni-ik-kur-a-a, 𒌷𒉌𒅅𒆳𒀀𒀀","fortress, prov. capital, city","Parsua, Iran",11 B2,"Bagg RGTC 7 3/1: 433, Helsinki Atlas: 14 (map 11 B2), Parpola Toponyms: 261, <a href='https://www.geonames.org/118705/ravansar.html' target='_blank'>Geonames: Ravānsar</a>, <a href='https://www.ucl.ac.uk/sargon/peoplegodsplaces' target='_blank'>Assyrian empire builders: Nikkur</a>, <a href='http://oracc.museum.upenn.edu/saao/cbd/qpn-x-places/onebigfile.html' target='_blank'>SAAo Glossary: Places (Nikkur [1])</a>, <a href='http://oracc.museum.upenn.edu/riao/cbd/qpn-x-places/onebigfile.html' target='_blank'>RIAo Glossary: Places (Nikkur [1])</a>, <a href='http://oracc.museum.upenn.edu/rinap/cbd/qpn-x-places/onebigfile.html' target='_blank'>RINAP Glossary: Places (Nikkur [1])</a>, <a href='http://oracc.museum.upenn.edu/atae/cbd/qpn-x-places/onebigfile.html' target='_blank'>ATAE Glossary: Places (Nikkur [1])</a>, <a href='http://oracc.museum.upenn.edu/riao/cbd/qpn-x-ethnic/onebigfile.html' target='_blank'>RIAo Glossary: Ethnic Names (Nikkurayu [of Nikkur])</a>, <a href='http://oracc.museum.upenn.edu/rinap/cbd/qpn-x-ethnic/onebigfile.html' target='_blank'>RINAP Glossary: Ethnic Names (Nikkurayu [of Nikkur])</a>"
1316,Niksamma,Niksamma,–,–,–,"KUR.ni-ik-sa-am-ma, 𒆳𒉌𒅅𒊓𒄠𒈠, KUR.nik-sa-am-ma, 𒆳𒊩𒌨𒊓𒄠𒈠",territory,"Parsua, Iran",–,"Bagg RGTC 7 3/1: 434, Parpola Toponyms: 261, <a href='http://oracc.museum.upenn.edu/rinap/cbd/qpn-x-places/onebigfile.html' target='_blank'>RINAP Glossary: Places (Niksamma [1])</a>, <a href='http://oracc.museum.upenn.edu/riao/cbd/qpn-x-places/onebigfile.html' target='_blank'>RIAo Glossary: Places (Niksamma [1])</a>"
729,Nilibši,"Nilibši, Nilabšini, Nagar, Nawar, Tell Brāk, Tell Brak, تل براك",–,36.6671,41.0585,–,town,–,3 E4,Helsinki Atlas: 14 (map 3 E4)
990,Nimme,"Nimme, Tumme, Nimun, Bītwāta, Bitwātā, Betwata, Bētwātah, Bêtwate, بتواتا, Bardi Sanjian Bitwata",2,36.33984,44.70281,"KUR.NIM-me, KUR.tum₄-me, 𒆳𒉏𒈨","territory, country",Iraq,4 D5,"Bagg RGTC 7 3/1: 435 (Nimme (?) and Tumme 2), Helsinki Atlas: 17 (map 4 D5), Parpola Toponyms: 359 (Tumme), <a href='https://www.geonames.org/97691/bitwatah.html' target='_blank'>Geonames: Bītwātah</a>, <a href='https://zenodo.org/record/5217600' target='_blank'>CIGS: Bitwātā</a>, <a href='https://www.geonames.org/97692/bitwata.html' target='_blank'>Geonames: Bitwātā</a>, <a href='http://oracc.museum.upenn.edu/riao/cbd/qpn-x-places/onebigfile.html' target='_blank'>RIAo Glossary: Places (Tummu)</a>"
730,Ninâ,"Ninâ, Ninā, Nina, Nenua, Niĝin, Nigin, Surġūl, Surġul, Surghul, Zurghul, Tulūl az-Zurġūl, Ishān Zurghul, ايشان زرغل, Ishan Zaral, Īshān Zar‘al, Ishan Zar`al, ايشان زرعل, Ishan Durghul, Tell Zurghul",1,31.37762560029497,46.49431484186504,"NINA.KI, 𒀏𒆠, NÌNA.KI, 𒊩𒌆𒆠, 𒊩𒈠𒆠",town,"Babylonia, Iraq",16 B2,"<a href='https://www.vicino-oriente-journal.it/index.php/quaderni-di-vo/issue/view/16' target='_blank'>Nadali – Polcaro (eds.) 2020: <i>The Italian archaeological excavations at Tell Zurghul ancient Nigin Iraq. Final report of the Seasons 2015–2017</i></a>, Zadok RGTC 8: 238 (Ninā), Helsinki Atlas: 14 (map 16 B2), <a href='https://zenodo.org/record/6384045' target='_blank'>Pedersén ANE: Nina (Surghul / Ishan Durghul)</a>, <a href='https://zenodo.org/record/5217600' target='_blank'>CIGS: Nigin/Ishān Zurghul</a>, <a href='https://www.geonames.org/7024991/ishan-zar-al.html' target='_blank'>Geonames: Īshān Zar‘al</a>, <a href='https://pleiades.stoa.org/places/912909' target='_blank'>Pleiades: Nina</a>"
732,Nippur,"Nippur, Nuffar",1,32.1265524487449,45.23018176608653,–,"prov. capital, city","Babylonia, Iraq",10 E4,"Helsinki Atlas: 14 (map 10 E4), <a href='https://zenodo.org/record/6384045' target='_blank'>Pedersén ANE: Nippur (Nuffar)</a>, <a href='https://oi.uchicago.edu/research/projects/nippur-expedition' target='_blank'>Nippur Expedition</a>"
733,Nipur,"Nipur, Cudi Dağı, Cudi Dagi, Ğudi Dağ, Judi Dagh, Cudi Dagh, Mount Judi, Gora Dzhudi, al-Ğūdiyy, Al-Jūdiyy, الجودي, Cûdî‎, Cudi, Guti, Kutu",2,37.37705,42.45492,"KUR.ni-pur, 𒆳𒉌𒁓",mountain,"Nipur, Turkey",4 B4,"Bagg RGTC 7 2/2: 466, Helsinki Atlas: 14 (map 4 B4), Parpola Toponyms: 268, <a href='https://www.geonames.org/317981/cudi-dagi.html' target='_blank'>Geonames: Cudi Dağı</a>, <a href='https://zenodo.org/record/5217600' target='_blank'>CIGS: Cudi Dağı</a>, <a href='https://pleiades.stoa.org/places/471828778' target='_blank'>Pleiades: Mount Judi</a>, <a href='http://oracc.museum.upenn.edu/rinap/cbd/qpn-x-places/onebigfile.html' target='_blank'>RINAP Glossary: Places (Nipur [Mount Nipur])</a>, <a href='http://oracc.museum.upenn.edu/riao/cbd/qpn-x-places/onebigfile.html' target='_blank'>RIAo Glossary: Places (Nipur [Mount Nipur])</a>"
1307,Nipuri,"Nipuri, Nipuru, Nipur",–,–,–,"KUR.ni-pu-ri, 𒆳𒉌𒁍𒊑",mountain,"Ṣūpat, Syria, Lebanon (?)",–,"Bagg RGTC 7 3/2: 937 (add. to 7/1), <a href='https://www.ucl.ac.uk/sargon/peoplegodsplaces' target='_blank'>Assyrian empire builders: Nipuru</a>, <a href='http://oracc.museum.upenn.edu/saao/cbd/qpn-x-places/onebigfile.html' target='_blank'>SAAo Glossary: Places (Nipur [Mount Nipur])</a>, <a href='http://oracc.museum.upenn.edu/atae/cbd/qpn-x-places/onebigfile.html' target='_blank'>ATAE Glossary: Places (Nipur [Mount Nipur])</a>"
1208,Niqqu-ša-Tuplijaš,"Niqqu-ša-Tuplijaš, Niqqu-ša-Tupliyaš, Niqqi-ša-Tupliyaš, Niqi-Tubliš, Niqqu of the land Tupliaš, Niqqu-ša-Tuglijaš, Niqqu of the land Tugliaš, Niqqu, Niqum, Nikku, Eslāmābād-e Ġarb (?), Eslāmābād-e Gharb (?), اسلام آباد غرب, Ḫāniqīn (?), Khānaqīn (?), Khāneqīn (?), Khaneqin (?), Kanaqin (?), خانەقين, خانقين, Mandalī (?), Mandali (?), مندلي",–,34.31316,46.17383,"ni-qi tu-ub-li-iš, 𒉌𒆥𒌅𒌒𒇷𒅖, KUR.ni-qi šá KUR.tup-li-áš, 𒆳𒉌𒆥𒃻𒆳𒁾𒇷𒀾, URU.ni-qi-tu-ub-li-iš, 𒌷𒉌𒆥𒌅𒌒𒇷𒅖, URU.ni-qu KUR.tup-li-ia-áš, 𒌷𒉌𒄣𒆳𒁾𒇷𒅀𒀾, URU.ni-qu šá KUR.tup-li-ia-áš, 𒌷𒉌𒄣𒃻𒆳𒁾𒇷𒅀𒀾, URU.niq-qu KUR.tup-li-ia-áš, 𒌷𒊩𒌨𒄣𒆳𒁾𒇷𒅀𒀾, URU.niq-qu ša KUR.tup-li-ia-áš, 𒌷𒊩𒌨𒄣𒊭𒆳𒁾𒇷𒅀𒀾, URU.niq-qu ša KUR.tup-li-áš, 𒌷𒊩𒌨𒄣𒊭𒆳𒁾𒇷𒀾, URU.ni-qu šá KUR.tup-li-áš, 𒌷𒉌𒄣𒃻𒆳𒁾𒇷𒀾, URU.níq-qu ša KUR.tug-li-ia-áš, 𒌷𒃻𒄣𒊭𒆳𒌇𒇷𒅀𒀾","capital, city","Namri, Tuplijaš, Iran, Iraq (?)",11 B2 (Tugliš/Tubliš),"Bagg RGTC 7 3/1: 437–438, Helsinki Atlas: 17 (map 11 B2; Tugliš/Tubliš), Parpola Toponyms: 268 (Niqqu), <a href='https://www.geonames.org/30996/eslamabad-e-gharb.html' target='_blank'>Geonames: Eslāmābād-e Gharb</a>, <a href='https://www.geonames.org/94591/khanaqin.html' target='_blank'>Geonames: Khānaqīn</a>, <a href='https://www.geonames.org/93709/mandali.html' target='_blank'>Geonames: Mandalī</a>, <a href='https://www.ucl.ac.uk/sargon/peoplegodsplaces' target='_blank'>Assyrian empire builders: Niqi-Tubliš</a>, <a href='http://oracc.museum.upenn.edu/saao/cbd/qpn-x-places/onebigfile.html' target='_blank'>SAAo Glossary: Places (Niqi-Tubliš [1])</a>, <a href='http://oracc.museum.upenn.edu/riao/cbd/qpn-x-places/onebigfile.html' target='_blank'>RIAo Glossary: Places (Niqqu ša Tupliyaš [1])</a>, <a href='http://oracc.museum.upenn.edu/rinap/cbd/qpn-x-places/onebigfile.html' target='_blank'>RINAP Glossary: Places (Niqqu ša Tupliyaš [1])</a>, <a href='http://oracc.museum.upenn.edu/atae/cbd/qpn-x-places/onebigfile.html' target='_blank'>ATAE Glossary: Places (Niqqu-ša-Tupliyaš [1])</a>, <a href='http://oracc.museum.upenn.edu/saao/cbd/qpn-x-places/onebigfile.html' target='_blank'>SAAo Glossary: Places (Niqqu-ša-Tupliyaš [1])</a>"
734,Nirgi,Nirgi,–,–,–,"URU.ni-ir-gi, 𒌷𒉌𒅕𒄀",town,"Assyria, Iraq",–,"Bagg RGTC 7 2/2: 468, <a href='http://oracc.museum.upenn.edu/atae/cbd/qpn-x-places/onebigfile.html' target='_blank'>ATAE Glossary: Places (Nirgi)</a>"
1271,Nisalḫuna,"Nisalḫuna, Nisalhuna",–,–,–,"URU.ni-sal-ḫu-na, 𒌷𒉌𒊩𒄷𒈾",town,"Syria (?), Turkey (?)",–,"Bagg RGTC 7 2/2: 469, <a href='http://oracc.museum.upenn.edu/atae/cbd/qpn-x-places/onebigfile.html' target='_blank'>ATAE Glossary: Places (Nisalhuna [1])</a>"
1141,Nispi,"Nispi, Nišpi, Qandīl Dāġ, Silsilat Jibāl Qandīl, سلسلة جبال قنديل, Jabal Qandīl, جبل قنديل, Kūh-e Avromān (?), Jibāl Hawrāmān (?), Awroman (?), Azroman Dagh (?), Kūh-e Takht-e Ūrāmān (?), Kūh-e Owrāmān (?), Kūh-e Ūrāmān (?), جبال هورامان, کوه تخت اورامان",–,36.51709,45.01986,"KUR.ni-is-pi, 𒆳𒉌𒄑𒉿, KUR.ni-iš-pi, KUR.ni-ís-pi, 𒆳𒉌𒅖𒉿",mountains,"Māzamua, Iraq, Iran",–,"Bagg RGTC 7 3/1: 439, Parpola Toponyms: 269 (Nišpi), <a href='https://www.geonames.org/6779211/silsilat-jibal-qandil.html' target='_blank'>Geonames: Silsilat Jibāl Qandīl</a>, <a href='https://www.geonames.org/95878/silsilat-jibal-hawraman.html' target='_blank'>Geonames: Silsilat Jibāl Hawrāmān</a>, <a href='http://oracc.museum.upenn.edu/riao/cbd/qpn-x-places/onebigfile.html' target='_blank'>RIAo Glossary: Places (Nispi)</a>"
737,Niʾ,"Niʾ, Nēʾ, Nut, njwt, njwt-rsjt, Waset, wꜣst, Thēbai, Thebai, Thebes, Thebe, Θῆβαι, طيبة, Diospolis Magna, Luxor, Karnak, أَلْأُقْصُر",1,25.70837095778625,32.64734464125721,–,city,"Muṣur, Egypt",–,"<a href='https://zenodo.org/record/6384045' target='_blank'>Pedersén ANE: Thebe / Waset / Nut</a>, <a href='https://pleiades.stoa.org/places/786017' target='_blank'>Pleiades: Diospolis Magna/Thebai</a>"
738,Niʾu,"Niʾu, Niya, Nihi, Niḫi, Apamea, Ἀπάμεια, Chersonesos, Pharnace, Pella, Qalʿat Maḍīq, Qalaat al-Madiq, Qal'at el-Mudiq, قلعة المضيق‎",2,35.4198576713808,36.392271981049,–,town,Syria,8 B1,"Helsinki Atlas: 14 (map 8 B1), <a href='https://zenodo.org/record/6384045' target='_blank'>Pedersén ANE: Nihi / Niya? (Qal'at el-Mudiq)</a>, <a href='https://zenodo.org/record/6384045' target='_blank'>Pedersén ANE: Apamea</a>, <a href='https://pleiades.stoa.org/places/305879596' target='_blank'>Pleiades: Qalaat al-Madiq</a>, <a href='https://pleiades.stoa.org/places/668335' target='_blank'>Pleiades: Pella/Apamea</a>"
736,Niṣir,"Niṣir, NiMUŠ, Ninmuš, Kiniba, Pir-i Mukurun, Pir Omar Gudrun, Pire Magrūn",2,35.77247,45.22961,–,mountain,–,10 E1,"Helsinki Atlas: 14 (map 10 E1), Bagg RGTC 7 3/1: 96 (in connection with Bāru)"
740,Nulia,"Nulia, Niara, Lulia (?), Niyara, Niyārah, نيارة, Ǧabal Semʿan (?), جبل سمعان, Ǧabal Barakat (?), Šeiḫ Bereket (?), شيخ بركات",–,36.60792,37.11071,"URU.nu-li-a, 𒌷𒉡𒇷𒀀",town,"Pattinu, Syria",–,"Bagg RGTC 7 1: 183, Parpola Toponyms: 270, <a href='https://www.geonames.org/166335/niyarah.html' target='_blank'>Geonames: Niyārah</a>, <a href='https://www.geonames.org/172740/shaykh-barakat.html' target='_blank'>Geonames: Shaykh Barakāt</a>, <a href='https://www.geonames.org/164110/jabal-sim-an.html' target='_blank'>Geonames: Jabal Sim‘ān</a>, <a href='https://pleiades.stoa.org/places/658546' target='_blank'>Pleiades: Niara</a>, <a href='http://oracc.museum.upenn.edu/riao/cbd/qpn-x-places/onebigfile.html' target='_blank'>RIAo Glossary: Places (Nulia)</a>"
741,Nuniba,Nuniba,–,–,–,"URU.nu-ni-ba, 𒌷𒉡𒉌𒁀",town,"Ḫābūr region (?), Balīḫ basin (?), Syria, Turkey (?)",–,"Bagg RGTC 7 2/2: 470, Parpola Toponyms: 270, <a href='http://oracc.museum.upenn.edu/saao/cbd/qpn-x-places/onebigfile.html' target='_blank'>SAAo Glossary: Places (Nuniba [1])</a>, <a href='http://oracc.museum.upenn.edu/atae/cbd/qpn-x-places/onebigfile.html' target='_blank'>ATAE Glossary: Places (Nuniba [1])</a>"
1166,Nurat,Nurat,–,–,–,"KUR.nu-rat, 𒆳𒉡𒋥",territory,"Māzamua, Iraq (?), Iran (?)",–,Bagg RGTC 7 3/1: 442
739,Nuḫubu,"Nuḫubu, Nuḫbu, Nuḫba",–,–,–,–,town,–,–,RGTC 7 2/2: 469
713,Nār Šarri,"Nār Šarri, Nār-šarri, Nār-Šarri, Nahar Malkā",2,–,–,–,canal,–,10 D3,"Helsinki Atlas: 13 (map 10 D3), John MacGinnis (2018): <i>Construction and operation of canals in Neo-Assyrian and Neo-Babylonian sources</i>: 45, 49"
714,Nārtu,Nārtu,3,–,–,–,territory,–,11 D2,Helsinki Atlas: 14 (map 11 D2)
715,Nārtu elītu,"Nārtu elītu, Nārtu-elītu",–,–,–,–,river,–,12 A2,Helsinki Atlas: 14 (map 12 A2)
716,Nārtu šaplītu,"Nārtu šaplītu, Nārtu-šaplītu",–,–,–,–,river,–,11 D2,Helsinki Atlas: 14 (map 11 D2)
1314,Nārtu-ša-Lāruete,"Nārtu-ša-Lāruete, Nārtu-ša-Lâruete, Nartu-ša-Laruete, Čam-e Qezel Uzan, Rūdkhāneh-ye Qezel Owzan, Rudkhaneh-ye Qezel Owzan, رودخانه قزل اوزن",–,35.85758,46.999,"ÍD-ti ša KUR.la-a-ru-e-te, 𒀀𒇉𒋾 𒊭 𒆳𒆷𒀀𒊒𒂊𒋼",river,"Allabria, Lāruete, Iran",–,"Bagg RGTC 7 3/1: 371 (Lāruete), Parpola Toponyms: 226 (Lāruete), <a href='https://www.geonames.org/8074881/rudkhaneh-ye-qezel-owzan.html' target='_blank'>Geonames: Rūdkhāneh-ye Qezel Owzan</a>, <a href='https://www.geonames.org/6648126/rudkhaneh-ye-qezel-owzan.html' target='_blank'>Geonames: Rūdkhāneh-ye Qezel Owzan</a>, <a href='http://oracc.museum.upenn.edu/rinap/cbd/qpn-x-places/onebigfile.html' target='_blank'>RINAP Glossary: Places (Laruete [1])</a>, <a href='http://oracc.museum.upenn.edu/riao/cbd/qpn-x-places/onebigfile.html' target='_blank'>RIAo Glossary: Places (Laruete [1])</a>"
717,Nāru ša Bīt-Dērāia,"Nāru ša Bīt-Dērāia, Nāru-ša-Bīt-Dērāia, Nāru-ša-Bīt-Dērāja, Galāl Badra",2,–,–,–,river,Bīt-Dērāja,11 A3,Helsinki Atlas: 14 (map 11 A3)
722,Nēbarti-Aššur,"Nēbarti-Aššur, Nēbarti-Aššūr, Nebarti-Aššur, Tall Graiye 3, Graiye 3, Qrayā 3, Al Qurayyā, El Qraïyé, القورية, القريا",–,34.95629,40.54139,"né-bar-ti-aš-šur, 𒉌𒁇𒋾𒀸𒋩",town,"Middle Euphrates, Syria",–,"Bagg RGTC 7 2/2: 451–452, Parpola Toponyms: 260 (Nēbarti-Aššūr), <a href='https://www.geonames.org/173327/al-qurayya.html' target='_blank'>Geonames: Al Qurayyā</a>, <a href='https://books.openedition.org/cdf/4487' target='_blank'>MTT I/3: Graiye 3 (HIGEOMES Nr. 1031)</a>, <a href='http://oracc.museum.upenn.edu/riao/cbd/qpn-x-places/onebigfile.html' target='_blank'>RIAo Glossary: Places (Nebarti-Aššur)</a>"
723,Nēmed-Issār,"Nēmed-Issār, Nemed-Issar, Nēmed-Ištar, Nemed-Ištar, Tall ʿAfar, Tell ʿAfar, Tall Afar, عفر",4,36.37435007120078,42.45413455538184,"URU.ne-med-<sup>d</sup>15, 𒌷𒉈𒁁𒀭𒌋𒐊, URU.né-med-15, 𒌷𒉌𒁁𒌋𒐊, URU.né-med-<sup>d</sup>15, 𒌷𒉌𒁁𒀭𒌋𒐊, URU.né-med-<sup>d</sup>INANNA, URU.né-med-<sup>d</sup>INNIN, 𒌷𒉌𒁁𒀭𒈹, URU.né-med-<sup>d</sup>15-a-a, 𒌷𒉌𒁁𒀭𒌋𒐊𒀀𒀀",city,"Assyria, North Ğazīra, Raṣappa, Iraq",4 B5,"Bagg RGTC 7 2/2: 452–453, Helsinki Atlas: 14 (map 4 B5), Parpola Toponyms: 260, <a href='https://zenodo.org/record/6384045' target='_blank'>Pedersén ANE: (Tell 'Afar)</a>, <a href='https://books.openedition.org/cdf/4487' target='_blank'>MTT I/3: Tall Afar / Karana (HIGEOMES Nr. 724)</a>, <a href='https://www.ucl.ac.uk/sargon/peoplegodsplaces' target='_blank'>Assyrian empire builders: Nemed-Issar, Nemed-Ištar</a>, <a href='http://oracc.museum.upenn.edu/saao/cbd/qpn-x-ethnic/onebigfile.html' target='_blank'>SAAo Glossary: Ethnic (Nemed-Issaraya [FROM NEMED-IšTAR])</a>, <a href='http://oracc.museum.upenn.edu/atae/cbd/qpn-x-ethnic/onebigfile.html' target='_blank'>ATAE Glossary: Ethnic (Nemed-Ištaraya [OF NEMED-IšTAR]</a>, <a href='http://oracc.museum.upenn.edu/saao/cbd/qpn-x-places/onebigfile.html' target='_blank'>SAAo Glossary: Places (Nemed-Ištar)</a>, <a href='http://oracc.museum.upenn.edu/atae/cbd/qpn-x-places/onebigfile.html' target='_blank'>ATAE Glossary: Places (Nemed-Ištar)</a>, <a href='http://oracc.museum.upenn.edu/riao/cbd/qpn-x-places/onebigfile.html' target='_blank'>RIAo Glossary: Places (Nemed-Ištar)</a>"
724,Nēmed-Laguda,"Nēmed-Laguda, Nemed-Laguda, Nēmed-Lagudu, Nemed-Lagudu",–,–,–,"né-med-<sup>d</sup>la-gu-da.KI, 𒉌𒁁𒀭𒆷𒄖𒁕𒆠, UŠ-<sup>d</sup>la-gu-du.KI, 𒍑𒀭𒆷𒄖𒁺𒆠, URU.né-me-ed-la-gu-da, 𒌷𒉌𒈨𒀉𒆷𒄖𒁕, URU.né-med-la-gu-du, 𒌷𒉌𒁁𒆷𒄖𒁺, URU.né-med-<sup>d</sup>la-gu-du, 𒌷𒉌𒁁𒀭𒆷𒄖𒁺, URU.né-med-<sup>d</sup>la-gu-da, 𒌷𒉌𒁁𒀭𒆷𒄖𒁕",fortified city,"Babylonia, Bīt-Iakīn, Iraq",–,"Bagg RGTC 7 3/1: 430–431, Parpola Toponyms: 260, <a href='http://oracc.museum.upenn.edu/saao/knpp/peoplegodsplaces/index.html' target='_blank'>Knowledge and Power: Nemed-Lagudu</a>, <a href='https://www.ucl.ac.uk/sargon/peoplegodsplaces' target='_blank'>Assyrian empire builders: Nemed-Lagudu</a>, <a href='http://oracc.museum.upenn.edu/atae/cbd/qpn-x-places/onebigfile.html' target='_blank'>ATAE Glossary: Places (Nemed-Laguda)</a>, <a href='http://oracc.museum.upenn.edu/saao/cbd/qpn-x-places/onebigfile.html' target='_blank'>SAAo Glossary: Places (Nemed-Laguda)</a>, <a href='http://oracc.museum.upenn.edu/riao/cbd/qpn-x-places/onebigfile.html' target='_blank'>RIAo Glossary: Places (Nemed-Laguda)</a>, <a href='http://oracc.museum.upenn.edu/rinap/cbd/qpn-x-places/onebigfile.html' target='_blank'>RINAP Glossary: Places (Nemed-Laguda)</a>"
1320,Nēmetti-šarri,"Nēmetti-šarri, Nemetti-šarri, Nimitti-šarri, Nibu..., Aḫ-Sāna (?), Bīt-rēdûti (?)",–,–,–,"URU.né-mat-ti-MAN, 𒌷𒉌𒆳𒋾𒌋𒌋, URU.né-met-ti-MAN, 𒌷𒉌𒋾𒌋𒌋",city,"Babylonia, Iraq",–,"Bagg RGTC 7 2/2: 453–454, Parpola Toponyms: 262 (Nimitti-šarri), Parpola Toponyms: 261 (Nibu...), <a href='http://oracc.museum.upenn.edu/saao/knpp/peoplegodsplaces/index.html' target='_blank'>Knowledge and Power: Nemetti-šarri</a>, <a href='http://oracc.museum.upenn.edu/atae/cbd/qpn-x-places/onebigfile.html' target='_blank'>ATAE Glossary: Places (Nemetti-šarri [1])</a>, <a href='http://oracc.museum.upenn.edu/saao/cbd/qpn-x-places/onebigfile.html' target='_blank'>SAAo Glossary: Places (Nemetti-šarri [1])</a>, <a href='http://oracc.museum.upenn.edu/riao/cbd/qpn-x-places/onebigfile.html' target='_blank'>RIAo Glossary: Places (Nemetti-šarri [1])</a>"
725,Nērab,"Nērab, Nīrabu, Nereb, Nayrab, Neirab",1,36.17750173733462,37.22707984654323,–,city,"Arpadda province, Syria",2 D4,"Bagg RGTC 7 1: 178, Helsinki Atlas: 14 (map 2 D4), <a href='https://zenodo.org/record/6384045' target='_blank'>Pedersén ANE: Nereb (Neirab)?</a>"
731,Nīnuwa,"Nīnuwa, Nīnevē, Nīnuwā, Nīnua, Nineveh, Tell Qūyunğiq, Tell Nebi Yunus",1,36.35928691370679,43.1519935667644,–,"capital, city","Assyria, Iraq",4 C5,"Helsinki Atlas: 14 (map 4 C5), <a href='https://zenodo.org/record/6384045' target='_blank'>Pedersén ANE: Nineveh (Tell Kuyunjik)</a>"
1342,Nūria,"Nūria, Nuria, Nuriya, Nūrê, Nure, Marión, Marion, Μαριών, Marionpolis, Arsinoe, Arsinoe Marion, Pólis-tis-Chrisochous, Polis tis Khrysokhou, Poli Chrysochous, Πόλη Χρυσοχούς, Dimos Poleos Chrysochous, Δήμος Πόλεως Χρυσοχούς, Pólis, Polis, Amathous (?), Amathus (?), Amatus (?), Amathoúnda (?), Amathounda (?), Amathonte (?), Cinyria (?)",–,35.03477,32.42706,"KUR.nu-re-e, 𒆳𒉡𒊑𒂊, URU.nu-ri-e, 𒌷𒉡𒊑𒂊, URU.nu-ri-ia, 𒌷𒉡𒊑𒅀, URU.nu-ri-iá, 𒌷𒉡𒊑𒐊, URU.ZÁLAG-ia, 𒌷𒂟𒅀","city, capital, seaport, country","Jadnana, Cyprus",–,"Bagg RGTC 7 1: 184, Parpola Toponyms: 271, <a href='https://www.geonames.org/19187/marion.html' target='_blank'>Geonames: Marión</a>, <a href='https://pleiades.stoa.org/places/707574' target='_blank'>Pleiades: Marion</a>, <a href='https://www.ancientportsantiques.com/the-catalogue/' target='_blank'>Ancient Ports: Marionpolis</a>, <a href='https://www.geonames.org/146137/polis.html' target='_blank'>Geonames: Pólis</a>, <a href='https://www.geonames.org/146822/amathus-city-site.html' target='_blank'>Geonames: Amathus City-Site</a>, <a href='https://pleiades.stoa.org/places/707462' target='_blank'>Pleiades: Amathous</a>, <a href='http://oracc.museum.upenn.edu/rinap/cbd/qpn-x-places/onebigfile.html' target='_blank'>RINAP Glossary: Places (Nuria [1])</a>, <a href='http://oracc.museum.upenn.edu/riao/cbd/qpn-x-places/onebigfile.html' target='_blank'>RIAo Glossary: Places (Nuria [1])</a>"
1345,Oluz Höyük,"Oluz Höyük, OOluz Höyük, Oluz Moundluz Mound",1,40.5456566274,35.628510364,–,city,"Hittites, Phrygia, Persia, Turkey",–,"<a href='https://turkisharchaeonews.net/site/oluz-h%C3%B6y%C3%BCk' target='_blank'>Turkish Archaeological News: Oluz Höyük</a>, <a href='https://greekreporter.com/2026/01/23/lost-kubaba-temple-turkey-ancient-anatolian-worship/' target='_blank'>Lost Temple of Hittite Goddess Kubaba Discovered...</a>, <a href='https://pleiades.stoa.org/places/218742082' target='_blank'>Pleiades: Oluz Höyük</a>, <a href='https://vici.org/vici/55128/' target='_blank'>Vici.org: Oluz Höyük</a>, <a href='https://vici.org/vici/26084/' target='_blank'>Vici.org: Oluz Höyük - Oluz Mound</a>, <a href='https://www.geonames.org/738734/toklucak.html' target='_blank'>Geonames: Toklucak</a>"
742,Padakku,"Padakku, Padakka, Fadak, فدك, Ha'it, Al-Ḥāīṭ, الحايط",–,25.98033212387223,40.4744466279597,–,"oasis, village","Saudi Arabia, Arabian Peninsula",–,"<a href='https://zenodo.org/record/6384045' target='_blank'>Pedersén ANE: Padakku (Ha'it)</a>, <a href='https://zenodo.org/record/5217600' target='_blank'>CIGS: Al-Ḥāīṭ/Padakka</a>, <a href='https://pleiades.stoa.org/places/982176368' target='_blank'>Pleiades: Padakku/Fadak</a>"
743,Padānu,"Padānu, Padanu, Paddanu, Padāni, Padani, Padnu, Padan, Aptani (?), Patani (?), Tall as-Sulaima (?), Tell as-Sulaima (?), Tell es-Suleimeh (?)",–,34.16757966483091,45.10316339170866,"URU.pa-da-a-ni, 𒌷𒉺𒁕𒀀𒉌, URU.pa-da-ni, 𒌷𒉺𒁕𒉌, URU.pa-da-na, 𒌷𒉺𒁕𒈾, URU.pa-ad-nu, 𒌷𒉺𒀜𒉡",town,"Babylonia, Iraq",–,"Bagg RGTC 7 2/2: 472 (Padnu), Parpola Toponyms: 271 (Padāni), Parpola Toponyms: 271 (Padnu), <a href='https://zenodo.org/record/6384045' target='_blank'>Pedersén ANE: Awal (Tell es-Suleimeh)</a>, <a href='https://zenodo.org/record/5217600' target='_blank'>CIGS: Awal, Sulaiymah (mod. Himrin)</a>, <a href='https://www.geonames.org/98776/salimah.html' target='_blank'>Geonames: Salīmah</a>, <a href='https://www.ucl.ac.uk/sargon/peoplegodsplaces' target='_blank'>Assyrian empire builders: Paddanu</a>, <a href='http://oracc.museum.upenn.edu/atae/cbd/qpn-x-places/onebigfile.html' target='_blank'>ATAE Glossary: Places (Paddanu)</a>, <a href='http://oracc.museum.upenn.edu/saao/cbd/qpn-x-places/onebigfile.html' target='_blank'>SAAo Glossary: Places (Paddanu)</a>, <a href='http://oracc.museum.upenn.edu/riao/cbd/qpn-x-places/onebigfile.html' target='_blank'>RIAo Glossary: Places (Padnu)</a>"
745,Paiê,Paiê,–,–,–,–,town,North Assyria (?),–,RGTC 7 2/2: 473
746,Palgu ša Ḫabūr,"Palgu ša Ḫabūr, Palgu-ša-Ḫabūr, Dawwarīn Canal",2,–,–,–,canal,–,9 C1,Helsinki Atlas: 14 (map 9 C1)
747,Pallūkat,"Pallūkat, al-Fallūğa, Pallakottas",1,33.357,43.77583,–,town,–,10 C3,Helsinki Atlas: 14 (map 10 C3)
748,Panziš,"Panziš, Pazaši, Unši, Takāb, تکاب, Takan Tepe, Tekān Tappe (?), Takān Tappeh (?), تکان تپّه, Taḥt-e Soleimān (?), Takht-e Soleymān (?), Takhte Soleiman (?), تخت سليمان, Zendan-i Suleiman (?), Mīyāndōāb (?), Mīāndoāb (?), Miandoab (?), Meyāndoāb (?), Meyandoab (?), Miandowab (?), میاندوآب",4,36.4009,47.1133,"URU.pa-an-zi-iš, 𒌷𒉺𒀭𒍣𒅖, URU.pa-za-ši, 𒌷𒉺𒍝𒅆",fortress,"Mannāja, Missi, Iran",5 C4,"Bagg RGTC 7 3/2: 447–448, Helsinki Atlas: 14 (map 5 C4), Parpola Toponyms: 272 (Panziš), Parpola Toponyms: 368 (Unši), <a href='https://www.geonames.org/113508/takab.html' target='_blank'>Geonames: Takāb</a>, <a href='https://www.geonames.org/3582/takan-tappeh.html' target='_blank'>Geonames: Takān Tappeh</a>, <a href='https://www.geonames.org/113433/takht-e-soleyman.html' target='_blank'>Geonames: Takht-e Soleymān</a>, <a href='https://www.geonames.org/124085/miandoab.html' target='_blank'>Geonames: Mīāndoāb</a>, <a href='http://oracc.museum.upenn.edu/rinap/cbd/qpn-x-places/onebigfile.html' target='_blank'>RINAP Glossary: Places (Panziš [1])</a>, <a href='http://oracc.museum.upenn.edu/riao/cbd/qpn-x-places/onebigfile.html' target='_blank'>RIAo Glossary: Places (Panziš [1])</a>"
749,Pappa,"Pappa, Palaiá Páfos, Palaia Pafos, Παλαιά Πάφος, Palea Paphos, Palæa Paphos, Palaipaphos, Paleapaphos, Palepafo, Paphos, Pāphos, Πάφος, Kouklia, Κούκλια, Eski Baf",1,34.70798037317133,32.57386155884813,"KUR.pa-ap-pa, 𒆳𒉺𒀊𒉺, URU.pa-ap-pa, 𒌷𒉺𒀊𒉺","city, capital, seaport, country","Jadnana, Cyprus",7 A2,"Bagg RGTC 7 1: 185–186 (Pappa 1), Helsinki Atlas: 14 (map 7 A2), Parpola Toponyms: 272 (together with Pāpa / Pappa 2), <a href='https://zenodo.org/record/6384045' target='_blank'>Pedersén ANE: Pappa / Paphos (Kouklia)</a>, <a href='https://www.geonames.org/146242/palaia-pafos.html' target='_blank'>Geonames: Palaiá Páfos</a>, <a href='https://www.geonames.org/146434/kouklia.html' target='_blank'>Geonames: Kouklia</a>, <a href='https://pleiades.stoa.org/places/707596' target='_blank'>Pleiades: (Palai)Paphos</a>, <a href='https://www.ancientportsantiques.com/the-catalogue/' target='_blank'>Ancient Ports: Palaipaphos</a>, <a href='http://oracc.museum.upenn.edu/rinap/cbd/qpn-x-places/onebigfile.html' target='_blank'>RINAP Glossary: Places (Pappa [Paphos])</a>, <a href='http://oracc.museum.upenn.edu/riao/cbd/qpn-x-places/onebigfile.html' target='_blank'>RIAo Glossary: Places (Pappa [Paphos])</a>"
750,Paqarḫubūni,"Paqarḫubūni, Gaziantep",3,37.06618,37.38332,–,city,–,2 D3,Helsinki Atlas: 14 (map 2 D3)
1228,Paqutu,"Paqutu, Paqud",–,–,–,"URU.pa-qu-tú, 𒌷𒉺𒄣𒌓","village, town","Assyria, Laḫīru, Iraq",–,"Bagg RGTC 7 2/2: 474, Parpola Toponyms: 273, <a href='http://oracc.museum.upenn.edu/saao/cbd/qpn-x-places/onebigfile.html' target='_blank'>SAAo Glossary: Places (Paqutu [1])</a>, <a href='http://oracc.museum.upenn.edu/atae/cbd/qpn-x-places/onebigfile.html' target='_blank'>ATAE Glossary: Places (Paqutu [1])</a>"
1174,Parda,Parda,–,–,–,"URU.pa-ar-da, 𒌷𒉺𒅈𒁕","capital, city","Mannāja, Zikirtu, Iran",–,"Bagg RGTC 7 3/2: 449, Parpola Toponyms: 273, <a href='http://oracc.museum.upenn.edu/riao/cbd/qpn-x-places/onebigfile.html' target='_blank'>RIAo Glossary: Places (Parda)</a>, <a href='http://oracc.museum.upenn.edu/rinap/cbd/qpn-x-places/onebigfile.html' target='_blank'>RINAP Glossary: Places (Parda)</a>"
169,Pargâ,"Bargâ, Pargâ, Barqum (?)",4,36.03750152218909,36.96640079823878,–,–,"Ḫamāt, Syria",–,<a href='https://zenodo.org/record/6384045' target='_blank'>Pedersén ANE: Bargâ? (Barqum)</a>
752,Paritakka,"Paritakka, Partakka, Parētakēnē, Isfāhān",2,–,–,–,territory,–,12 A3,Helsinki Atlas: 14 (map 12 A3)
1315,Parsamaš,Parsamaš,–,–,–,"URU.par-sa-maš, 𒌷𒌓𒊓𒈦",town,"Elam, Iran",–,"Bagg RGTC 7 3/2: 451, Parpola Toponyms: 274, Parpola Toponyms: 274–275 (Parsua), <a href='http://oracc.museum.upenn.edu/riao/cbd/qpn-x-places/onebigfile.html' target='_blank'>RIAo Glossary: Places (Parsamaš [1])</a>"
1172,Parsindu,"Parsindu, Parsindi, Parazan, Pārazān, Bārazān, Paṟezan, Parrazan, بارزان, پارزان",–,35.63117,45.73058,"URU.pa-ar-si-in-di, 𒌷𒉺𒅈𒋛𒅔𒁲, URU.pa-ar-si-in-du, 𒌷𒉺𒅈𒋛𒅔𒁺, URU.pár-sin-di, 𒌷𒁇𒌍𒁲, URU.pár-sin-du, 𒌷𒁇𒌍𒁺",fortified city,"Māzamua, Zamru, Iraq",–,"Bagg RGTC 7 3/2: 451–452, Parpola Toponyms: 274, <a href='https://www.geonames.org/92797/parazan.html' target='_blank'>Geonames: Pārazān</a>, <a href='http://oracc.museum.upenn.edu/riao/cbd/qpn-x-places/onebigfile.html' target='_blank'>RIAo Glossary: Places (Parsindu)</a>"
753,Parsua,"Parsua, Parsumaš, Parsuaš, Paršuā, Parsuaya, Parsuayu",2,–,–,"par-su-a, 𒌓𒋢𒀀, KUR.pa-ar-su-a, 𒆳𒉺𒅈𒋢𒀀, KUR.par-su-a, 𒆳𒌓𒋢𒀀, KUR.par-su-áš, 𒆳𒌓𒋢𒀾, KUR.par-su-maš, 𒆳𒌓𒋢𒈦, KUR.par-su-u-a, 𒆳𒌓𒋢𒌋𒀀, KUR.par-zu-a, 𒆳𒌓𒍪𒀀, KUR.pár-su-a, 𒆳𒁇𒋢𒀀, URU.par-su-a, 𒌷𒌓𒋢𒀀, URU.pár-su-a, 𒌷𒁇𒋢𒀀, KUR.par-su-u-a-a, 𒆳𒌓𒋢𒌋𒀀𒀀, KUR.pár-su-a-a, 𒆳𒁇𒋢𒀀𒀀","country, province, city","Parsua, Iran",11 B2,"Bagg RGTC 7 3/2: 452–454, Bagg RGTC 7 3/2: 454 (Parsuaš 1), Bagg RGTC 7 3/2: 454 (Parsumaš 1), Helsinki Atlas: 14 (map 11 B2), Parpola Toponyms: 274–275, Parpola Toponyms: 275 (Parsumaš), <a href='http://oracc.museum.upenn.edu/saao/knpp/peoplegodsplaces/index.html' target='_blank'>Knowledge and Power: Parsua</a>, <a href='https://www.ucl.ac.uk/sargon/peoplegodsplaces' target='_blank'>Assyrian empire builders: Parsua</a>, <a href='http://oracc.museum.upenn.edu/tsae/cbd/qpn-x-places/onebigfile.html' target='_blank'>TSAE Glossary: Places (Parsua [1])</a>, <a href='http://oracc.museum.upenn.edu/tsae/cbd/qpn-x-ethnic/onebigfile.html' target='_blank'>TSAE Glossary: Ethnic Names (Parsuaya [of Parsua])</a>, <a href='http://oracc.museum.upenn.edu/tsae/cbd/qpn-x-ethnic/onebigfile.html' target='_blank'>TSAE Glossary: Ethnic Names (Parsuayu [of Parsua])</a>"
754,Parsumaš,"Parsumaš, Paršumaš, Parsuaš, Parsua, Persis, Fārs, Fars, فارس, Farsistan",2,29,53,"KUR.par-su-ma-áš, 𒆳𒌓𒋢𒈠𒀾, KUR.par-su-ú-ma-áš, 𒆳𒌓𒋢𒌑𒈠𒀾, KUR.par-su-maš, 𒆳𒌓𒋢𒈦, KUR.par-su-áš, 𒆳𒌓𒋢𒀾, LÚ.par-šu-maš, 𒇽𒌓𒋗𒈦","territory, country",Iran,17 C2,"Bagg RGTC 7 3/2: 454–455 (Parsumaš 2), Bagg RGTC 7 3/2: 454 (Parsuaš 2), Helsinki Atlas: 14 (map 17 C2), Parpola Toponyms: 275, Parpola Toponyms: 274–275 (Parsua), Parpola Toponyms: 275 (Paršumaš), <a href='https://www.geonames.org/134767/fars.html' target='_blank'>Geonames: Fārs</a>, <a href='http://oracc.museum.upenn.edu/saao/knpp/peoplegodsplaces/index.html' target='_blank'>Knowledge and Power: Parsumaš</a>, <a href='https://www.ucl.ac.uk/sargon/peoplegodsplaces' target='_blank'>Assyrian empire builders: Parsumaš</a>, <a href='http://oracc.museum.upenn.edu/tsae/cbd/qpn-x-places/onebigfile.html' target='_blank'>TSAE Glossary: Places (Parsumaš [1])</a>, <a href='http://oracc.museum.upenn.edu/tsae/cbd/qpn-x-places/onebigfile.html' target='_blank'>TSAE Glossary: Places (Parsumaš [2])</a>, <a href='http://oracc.museum.upenn.edu/tsae/cbd/qpn-x-ethnic/onebigfile.html' target='_blank'>TSAE Glossary: Ethnic Names (Paršumaš [Persian])</a>, <a href='http://oracc.museum.upenn.edu/tsae/cbd/qpn-x-ethnic/onebigfile.html' target='_blank'>TSAE Glossary: Ethnic Names (Paršumaš [of Parsumaš 2])</a>"
756,Patibīri,"Patibīri, Patibiri, Patibira, Bad-tibira, Bad-Tibira, Badtibira, Pantibiblos, Παντιβίβλος, Pautibiblōn, Tell Madain, Tell Medâin, Tell Medinah, Tell Medînah, Tall al-Madāʾin, Tall al-Madinah, تل المدينة, Madain, Īshān Umm Daynah (?), Ishan Umm Daynah (?), ايشان ام دينه",1,31.3832,46.0041,"URU.pa-ti-bi-ri, 𒌷𒉺𒋾𒁉𒊑, URU.pa-tib-bi-ri, 𒌷𒉺𒁳𒁉𒊑",town,"Babylonia, Iraq",16 A2,"Bagg RGTC 7 3/2: 458, Helsinki Atlas: 14 (map 16 A2), Dougherty (1927): <i>An Archæological Survey in Southern Babylonia (Continued)</i>. BASOR 25: 8–9 and map, <a href='https://zenodo.org/record/6384045' target='_blank'>Pedersén ANE: Bad-Tibira (Tell Medinah/Madain)</a>, <a href='https://zenodo.org/record/5217600' target='_blank'>CIGS: Bad-Tibira / Tall al-Madinah</a>, <a href='https://pleiades.stoa.org/places/771224406' target='_blank'>Pleiades: Patibīri</a>, <a href='https://www.geonames.org/7024933/ishan-umm-daynah.html' target='_blank'>Geonames: Īshān Umm Daynah</a>, <a href='https://www.ucl.ac.uk/sargon/peoplegodsplaces' target='_blank'>Assyrian empire builders: Patibiri</a>, <a href='http://oracc.museum.upenn.edu/saao/cbd/qpn-x-places/onebigfile.html' target='_blank'>SAAo Glossary: Places (Patibiri)</a>, <a href='http://oracc.museum.upenn.edu/atae/cbd/qpn-x-places/onebigfile.html' target='_blank'>ATAE Glossary: Places (Patibiri [1])</a>"
757,Patiškun,"Patiškun, Phathakon, Phathachon, İstilil, Istilil, Akarsu",–,37.22616,41.05138,"URU.pa-ti-iš-kun, 𒌷𒉺𒋾𒅖𒆲",town,"Bīt-Zamāni, Turkey",–,"Bagg RGTC 7 2: 476, Parpola Toponyms: 272 (Pan...), <a href='https://www.geonames.org/325028/akarsu.html' target='_blank'>Geonames: Akarsu</a>, <a href='https://pleiades.stoa.org/places/876678' target='_blank'>Geonames: Phathachon</a>, <a href='http://oracc.museum.upenn.edu/riao/cbd/qpn-x-places/onebigfile.html' target='_blank'>RIAo Glossary: Places (Patiškun)</a>"
758,Patti-Illil,"Patti-Illil, Patti-Enlil",2,–,–,–,canal,Northern Babylonia,10 C3,Helsinki Atlas: 14 (map 10 C3)
759,Pattinu,"Kullanīa, Kunulua, Kinalūa, Kullania, Kunalīa, Pattinu, Patina, Patinu, Pattina, Ḫattina",–,–,–,–,"country, territory, province","Kullanīa, Pattinu, Syria, Turkey",2 C4,Helsinki Atlas: 14 (map 2 C4)
760,Patušarra,"Patušarra, Padašvar, Pateischoreis",3,–,–,–,country,–,6 D5,Helsinki Atlas: 14 (map 6 D5)
755,Pašime,"Pašime, Bašime, Tell Abu Sheeja",–,32.39424886283218,47.14804309125581,–,city,"Babylonia, Iraq",–,<a href='https://zenodo.org/record/6384045' target='_blank'>Pedersén ANE: Pašime (Tell Abu Sheeja)</a>
1175,Paššate,"Paššate, Paššatu",–,–,–,"KUR.pa-áš-šá-te, 𒆳𒉺𒀾𒃻𒋼","district, city (?)","Mannāja, Zikirtu (?), Iran",–,"Bagg RGTC 7 3/2: 457, Parpola Toponyms: 275 (Paššatu), <a href='https://www.ucl.ac.uk/sargon/peoplegodsplaces' target='_blank'>Assyrian empire builders: Paššate</a>, <a href='http://oracc.museum.upenn.edu/atae/cbd/qpn-x-places/onebigfile.html' target='_blank'>ATAE Glossary: Places (Paššate)</a>, <a href='http://oracc.museum.upenn.edu/saao/cbd/qpn-x-places/onebigfile.html' target='_blank'>SAAo Glossary: Places (Paššate)</a>"
744,Paḫri,"Paḫri, Pahri, Paḫru, Pahru, Paḫara, Mopsouhestia, Mopsuestia, Mopsouestia, Μοψουεστία, Mopsus, Seleukeia pros to Pyramo, Misis, Geçitli, Havraniye, Yakapınar",3,36.9577063779337,35.6236725952241,"URU.pa-ah-ri, 𒌷𒉺𒄴𒊑",city,"Quwê, Turkey",2 B4,"Bagg RGTC 7 2/1: 185, Helsinki Atlas: 14 (map 2 B4), Parpola Toponyms: 272, <a href='https://zenodo.org/record/6384045' target='_blank'>Pedersén ANE: (Misis)</a>, <a href='https://pleiades.stoa.org/places/658538' target='_blank'>Pleiades: Mopsou(h)estia/Seleukeia pros to Pyramo</a>, <a href='https://www.geonames.org/314767/gecitli.html' target='_blank'>Geonames: Geçitli</a>, <a href='https://www.geonames.org/297882/yakapinar.html' target='_blank'>Geonames: Yakapınar</a>, <a href='http://oracc.museum.upenn.edu/riao/cbd/qpn-x-places/onebigfile.html' target='_blank'>RIAo Glossary: Places (Pahri [1])</a>"
1206,Penuel,"Penuel, Penūel, Tulul adh-Dhahab, Tall adh-Dhahab ash-Sharqi, Tall adh Dhahab ash Sharqī, Tall adh Dhahab ash Sharqi, Tell edh Dhahab esh Sharqī, Tell edh Dhahab esh Sharqi, تل الذهب الشرقي, Dhahab el Sharqiyeh",–,32.1856,35.6926,פְּנוּאֵל,"capital, city","Bīt-Ḫumrî, Jordan",–,"Finkelstein – Ornan (2024): <i>An Israelite Residency at Mahanaim in Transjordan?</i> Tel Aviv 51. <a href='https://doi.org/10.1080/03344355.2024.2385148' target='_blank'>https://doi.org/10.1080/03344355.2024.2385148</a>, <a href='https://gaialab.terrawatchers.org/DAAHL/Home.php' target='_blank'>DAAHL: Dhahab el Sharqiyeh</a>, <a href='https://www.geonames.org/249672/tall-adh-dhahab-ash-sharqi.html' target='_blank'>Geonames: Tall adh Dhahab ash Sharqī</a>"
761,Penzâ,"Penzâ, Genç",–,38.75056,40.55417,"URU.pe-en-za-a, 𒌷𒉿𒂗𒍝𒀀",city,"Šubria, Turkey",3 D2,"Helsinki Atlas: 14 (map 3 D2), Bagg RGTC 7 2/2: 477, <a href='https://www.geonames.org/314649/genc.html' target='_blank'>Geonames: Genç</a>"
762,Persepolis,"Persepolis, Parsa, Persai, Sat Setun, Takht-i Jamshid",1,29.93482376391973,52.89028918212378,–,–,"Elam, Anšan, Iran",–,"<a href='https://zenodo.org/record/6384045' target='_blank'>Pedersén ANE: Parsa / Persepolis (Takht-i Jamshid)</a>, <a href='https://pleiades.stoa.org/places/922695' target='_blank'>Pleiades: Persepolis/Parsa/Persai/Sat Setun</a>"
763,Pilistu,"Pilistu, Philistia, Pelištî",1,–,–,–,country,–,7 C5,Helsinki Atlas: 14 (map 7 C5)
765,Province of masennu,"Province of masennu, Māt masenni",2,–,–,–,territory,–,4 B4,Helsinki Atlas: 13 (map 4 B4; Māt masenni)
766,Province of nāgir ekalli,"Province of nāgir ekalli, Māt nāgir ekalli, Māt-nāgir-ekalli",2,–,–,–,territory,–,4 D5,Helsinki Atlas: 13 (map 4 D5; Māt nāgir ekalli)
767,Province of rab šāqê,"Māt rab šāqê, Province of rab šāqê",3,–,–,–,territory,–,4 A4,Helsinki Atlas: 13 (Māt rab šāqê; map 4 A4)
768,Province of turtānu,"Turtānu, Māt turtāni, Province of turtānu",2,–,–,–,territory,–,3 B3,Helsinki Atlas: 13 (Māt turtāni; map 3 B3)
1275,Pulia,"Pulia, Bulia, Puluadē, Puluade, Puli, Saqam Del, Sagandil, Saqandel, Seqendel, سقم دل, Sağandil, سجندل, Saghandel, سغندل, Sikindil",–,38.4988,46.7181,"URU.pu-li-a-a, 𒌷𒁍𒇷𒀀𒀀",town,"Urarṭu, East Azerbaijan, Iran",–,"Bagg RGTC 7 3/2: 462–463, Parpola Toponyms: 94 (Bulia), <a href='https://www.geonames.org/117411/saqam-del.html' target='_blank'>Geonames: Saqam Del</a>, <a href='http://oracc.museum.upenn.edu/saao/cbd/qpn-x-places/onebigfile.html' target='_blank'>SAAo Glossary: Places (Pulia [1])</a>, <a href='http://oracc.museum.upenn.edu/atae/cbd/qpn-x-places/onebigfile.html' target='_blank'>ATAE Glossary: Places (Pulia [1])</a>, <a href='http://oracc.museum.upenn.edu/saao/cbd/qpn-x-ethnic/onebigfile.html' target='_blank'>SAAo Glossary: Ethnic Names (Puliaya [1])</a>"
1261,Pulpullia,"Pulpullia, Pulpullija, Pulpulliya, Bumelos (?), Boumodos (?), Rūbār Atrūš, Rūbār-ē ‘Atrūsh, Rūbār-ē Atrūch, ڕووبارى ئەتروش, Nahr Akrūsh, نهر اكروش, Gōmel, Rūbār-e Gōmil, Rūbār-i Gōmil, ڕووبارى گۆمەڵ, Nahr Gūmal, نهر گومل, Nahr Karmahsūr, نهر كرمةسور, Gōmel Şū, Gūmal Sū",–,36.72722,43.43722,"ÍD.pul-pul-li-a, 𒀀𒇉𒇧𒇧𒇷𒀀",river,"Assyria, Iraq",–,"Bagg RGTC 7 2/2: 683, Parpola Toponyms: 279 (Pulpullija), <a href='https://www.geonames.org/96435/rubar-i-gomil.html' target='_blank'>Geonames: Rūbār-i Gōmil</a>, <a href='https://www.geonames.org/98426/nahr-gumal.html' target='_blank'>Geonames: Nahr Gūmal</a>, <a href='http://oracc.museum.upenn.edu/rinap/cbd/qpn-x-waters/onebigfile.html' target='_blank'>RINAP Glossary: Watercourses (Pulpullia [1])</a>, <a href='http://oracc.museum.upenn.edu/riao/cbd/qpn-x-waters/onebigfile.html' target='_blank'>RIAo Glossary: Watercourses (Pulpullia [1])</a>"
769,Pulua,"Pulua, Palu",4,38.70239,39.9535,–,city,–,3 C2,Helsinki Atlas: 14 (map 3 C2)
770,Puqūdu,"Puqūdu, Peqôd",3,–,–,–,tribe,–,16 B2,Helsinki Atlas: 14 (map 16 B2)
771,Purattu,"Purattu, Euphrates, al-Furāt",1,–,–,–,river,–,10 B3,Helsinki Atlas: 14 (map 10 B3)
1107,Purulumzi,"Purulumzi, Purulumzu, Purulimzi, Purulimzu",–,–,–,"KUR.pu-ru-lim-zi, 𒆳𒁍𒊒𒅆𒍣, KUR.pu-ru-lum-zi, 𒆳𒁍𒊒𒈝𒍣, KUR.pu-ru-lu-um-zi, 𒆳𒁍𒊒𒇻𒌝𒍣",territory,Turkey,–,<a href='https://books.openedition.org/cdf/4565' target='_blank'>MTT I/2: Purulumzi</a>
1299,Purṭir,"Purṭir, Purteyrlu, Burmahan",–,39.36667,38.31667,"URU.pur-ṭir, 𒌷𒁓𒋛𒀀","fortress, city","Melīdi, Kammānu, Turkey",–,"Bagg RGTC 7 1: 191–192, Parpola Toponyms: 282, <a href='https://www.geonames.org/320363/burmahan.html' target='_blank'>Geonames: Burmahan</a>, <a href='https://pleiades.stoa.org/places/100544804' target='_blank'>Pleiades: Purṭir</a>, <a href='http://oracc.museum.upenn.edu/rinap/cbd/qpn-x-places/onebigfile.html' target='_blank'>RINAP Glossary: Places (Purṭir [1])</a>, <a href='http://oracc.museum.upenn.edu/riao/cbd/qpn-x-places/onebigfile.html' target='_blank'>RIAo Glossary: Places (Purṭir [1])</a>"
772,Puzriš-Dagan,"Puzriš-Dagan, Drehem H1001",1,32.05934728768975,45.29243051338582,–,city,"Babylonia, Iraq",–,<a href='https://zenodo.org/record/6384045' target='_blank'>Pedersén ANE: Puzriš-Dagan (Drehem H1001)</a>
1327,Puštu,"Puštu, Pustu",–,–,–,"URU.pu-uš-tu, 𒌷𒁍𒍑𒌅","fortified city, city","Parsua, Iran",–,"Bagg RGTC 7 3/2: 465–466, <a href='http://oracc.museum.upenn.edu/riao/cbd/qpn-x-places/onebigfile.html' target='_blank'>RIAo Glossary: Places (Puštu [1])</a>"
1343,Pāpa,"Pāpa, Pappa",–,–,–,"URU.pa-a-pa, 𒌷𒉺𒀀𒉺, URU.pa-ap-pa, 𒌷𒉺𒀊𒉺, LÚ.URU.pa-a-pa-a-a, 𒇽𒌷𒉺𒀀𒉺𒀀𒀀",city,"Mannāja, Iran",–,"Bagg RGTC 7 3/2: 448–449 (Pappa 2), Parpola Toponyms: 272 (together with Pappa 1), <a href='http://oracc.museum.upenn.edu/rinap/cbd/qpn-x-places/onebigfile.html' target='_blank'>RINAP Glossary: Places (Pappa [2])</a>, <a href='http://oracc.museum.upenn.edu/riao/cbd/qpn-x-places/onebigfile.html' target='_blank'>RIAo Glossary: Places (Pappa [2])</a>, <a href='http://oracc.museum.upenn.edu/rinap/cbd/qpn-x-ethnic/onebigfile.html' target='_blank'>RINAP Glossary: Ethnic Names (Pappayu [of Pappa 2])</a>"
751,Pāra,"unknown, Pāra, Para, Bāra, Bārah, بارة",–,36.3757,41.4852,–,monument,Iraq,4 A5,Helsinki Atlas: 28 (map 4 A5)
764,Pīru,"Pīru, Piru",–,–,–,"URU.pi-i-ru, 𒌷𒉿𒄿𒊒",town,"Muski (?), Turkey",–,"Bagg RGTC 7 2: 480, Parpola Toponyms: 278, <a href='http://oracc.museum.upenn.edu/riao/cbd/qpn-x-places/onebigfile.html' target='_blank'>RIAo Glossary: Places (Piru-x)</a>"
1284,Qabainna,Qabainna,–,–,–,"URU.qa-ba-in-na, 𒌷𒋡𒁀𒅔𒈾",town,"Assyria, Nineveh province (?), Iraq",–,"Bagg RGTC 7 2/2: 484, <a href='http://oracc.museum.upenn.edu/atae/cbd/qpn-x-places/onebigfile.html' target='_blank'>ATAE Glossary: Places (Qabainna [1])</a>, <a href='https://oracc.museum.upenn.edu/atae/szibaniba/P282764' target='_blank'>Billa 083</a>"
773,Qablit,"Qablit, Qablitu",–,–,–,"URU.qab-lit, 𒌷𒃮𒀖",town,"Izalla, Ğazīra, Turkey",–,"Bagg RGTC 7 2/2: 484, Parpola Toponyms: 282 (Qablitu), <a href='http://oracc.museum.upenn.edu/atae/cbd/qpn-x-places/onebigfile.html' target='_blank'>ATAE Glossary: Places (Qablit)</a>, <a href='http://oracc.museum.upenn.edu/saao/cbd/qpn-x-places/onebigfile.html' target='_blank'>SAAo Glossary: Places (Qablit)</a>"
776,Qadumu,"Qadumu, Qadūmu, Qadūmi, Qatma (?), Qaṭma (?), قطمة (?), Qatmet Efrin (?)",4,36.584757674241,36.96524084139543,–,town,Syria,–,<a href='https://zenodo.org/record/6384045' target='_blank'>Pedersén ANE: Qadumu? (Qatma)</a>
775,Qadīsu,"Qadīsu, Qadeš, Kadeš, Qādēš, Tell Nebī Mend, Tell Nebi Mendo",1,34.55557240042783,36.51879037674435,–,town,Syria,8 B2,"Helsinki Atlas: 14 (map 8 B2), <a href='https://zenodo.org/record/6384045' target='_blank'>Pedersén ANE: Qadeš (Tell Nebi Mendo)</a>"
1272,Qaianini,"Qaianini, Qayānini, Qayanini, Qaianiḫu",–,–,–,"URU.qa-ia-ni-ni, 𒌷𒋡𒅀𒉌𒉌",town,"Syria (?), Turkey (?)",–,"Bagg RGTC 7 3/2: 976 (add. to RGTC 7/2), <a href='http://oracc.museum.upenn.edu/atae/cbd/qpn-x-places/onebigfile.html' target='_blank'>ATAE Glossary: Places (Qayanini [1])</a>"
778,Qallania,"Qallania, Berdesur çay, Bardesūr Čāy, Berdesur Chai, بَردِهسور چای, Rūdkhāneh-ye Bardehsūr, Rudkhaneh-ye Bardehsur, رودخانه برده سور, Rūd-e Bardehsūr, Rud-e Bardehsur, رودِ بَردِهسور, Rūd-e Jermī, Rud-e Jermi, رودِ جِرمی",–,37.4988,45,"ÍD.qa-al-la-ni-a, 𒀀𒇉𒋡𒀠𒆷𒉌𒀀",river,"Urarṭu, Iran, West Azerbaijan",4 E4,"Bagg RGTC 7 3/2: 757 (Qallania 2), Helsinki Atlas: 14 (map 4 E4), Parpola Toponyms: 283, <a href='https://www.geonames.org/141359/rudkhaneh-ye-bardehsur.html' target='_blank'>Geonames: Rūdkhāneh-ye Bardehsūr</a>, <a href='http://oracc.museum.upenn.edu/rinap/cbd/qpn-x-waters/onebigfile.html' target='_blank'>RINAP Glossary: Watercourses (Qallania [1])</a>, <a href='http://oracc.museum.upenn.edu/riao/cbd/qpn-x-waters/onebigfile.html' target='_blank'>RIAo Glossary: Watercourses (Qallania [1])</a>"
777,Qal’eh-i Imam,"Qal’eh-i Imam, Imam Fortress, Marivan Fortress, Qal’eh-i Marivan, Bar Qal‘eh, بر قلعه, Barqal‘eh, Barqaleh",–,35.488333,46.18,–,monument,"Iran, Kurdistan, Marivan District",–,"<a href='https://pleiades.stoa.org/places/858969850' target='_blank'>Pleiades: Qal’eh-i Imam</a>, <a href='https://www.geonames.org/3233/bar-qal-eh.html' target='_blank'>Geonames: Bar Qal‘eh</a>"
780,Qanû,"Qanû, Kanatha, Κάναθα, Canatha, Gabinia, Septimia, Qanawat, Qanawāt, قَنَوَات",–,32.75560638698612,36.61702919156903,–,town,Syria,–,"<a href='https://zenodo.org/record/6384045' target='_blank'>Pedersén ANE: Qanû (Qanawat)</a>, <a href='https://pleiades.stoa.org/places/678082' target='_blank'>Pleiades: Canatha/*Gabinia/*Septimia </a>"
781,Qarena,"Qarena, Qarenabis",–,–,–,"URU.qar-e-na, 𒌷𒃼𒂊𒈾",town,"Izalla, Ğazīra, Turkey",–,"Bagg RGTC 7 2/2: 487–488, Parpola Toponyms: 284 (Qarenabis), <a href='http://oracc.museum.upenn.edu/atae/cbd/qpn-x-places/onebigfile.html' target='_blank'>ATAE Glossary: Places (Qarena)</a>, <a href='http://oracc.museum.upenn.edu/saao/cbd/qpn-x-places/onebigfile.html' target='_blank'>SAAo Glossary: Places (Qarena)</a>"
1337,Qari...,"Qari..., Qari-...",–,–,–,"URU.qa-ri-x-x, 𒌷𒋡𒊑xx",town,"Dēru, Jamutbalu, Iran, Iraq (?)",–,"Bagg RGTC 7 2/2: 488, Parpola Toponyms: 284, <a href='http://oracc.museum.upenn.edu/atae/cbd/qpn-x-places/onebigfile.html' target='_blank'>ATAE Glossary: Places (Qari-x [1])</a>, <a href='http://oracc.museum.upenn.edu/saao/cbd/qpn-x-places/onebigfile.html' target='_blank'>SAAo Glossary: Places (Qari-x [1])</a>"
1135,Qarkasia,"Qarkasia, Karkasia, Kār-kaššî (?), Kar-kašši (?)",–,–,–,"KUR.qar-ka-si-a, KUR.kàr-ka-si-a, 𒆳𒃼𒅗𒋛𒀀, URU.qar-ka-si-a, URU.kàr-ka-si-a, 𒌷𒃼𒅗𒋛𒀀","city, territory, country","Mādāja, Iran",–,"Bagg RGTC 7 3/2: 470, Parpola Toponyms: 284, <a href='http://oracc.museum.upenn.edu/riao/cbd/qpn-x-places/onebigfile.html' target='_blank'>RIAo Glossary: Places (Qarkasia)</a>, <a href='http://oracc.museum.upenn.edu/rinap/cbd/qpn-x-places/onebigfile.html' target='_blank'>RINAP Glossary: Places (Qarkasia)</a>"
782,Qarnīna,"Qarnīna, Qarnina, Qarnaim, Šeiḫ Saʿd, Shaykh Sa'ad?",1,32.83750308330841,36.03581079392943,–,"prov. capital, city","Bīt-Ḫazaʾil, Syria",8 B4,"Helsinki Atlas: 14 (map 8 B4), <a href='https://zenodo.org/record/6384045' target='_blank'>Pedersén ANE: Qarnina / Qarnaim (Shaykh Sa'ad)?</a>"
783,Qarqar,"Qarqar, Tell Qarqur",3,35.74203390746753,36.3305207638589,–,city,"Ḫamāt, Syria",2 C5,"Helsinki Atlas: 14 (map 2 C5), <a href='https://zenodo.org/record/6384045' target='_blank'>Pedersén ANE: Qarqar (Tell Qarqur)</a>"
785,Qarti-Ḫaldi,"Qarti-Ḫaldi, Qarti-Haldi",–,–,–,"URU.qar-ti-ḫal-di, 𒌷𒃼𒋾𒄬𒁲",town,"Balīḫ basin (?), Ḫābūr area (?), Syria (?)",–,"Bagg RGTC 7 2/2: 488, Parpola Toponyms: 284, <a href='http://oracc.museum.upenn.edu/atae/cbd/qpn-x-places/onebigfile.html' target='_blank'>ATAE Glossary: Places (Qarti-Haldi)</a>, <a href='http://oracc.museum.upenn.edu/saao/cbd/qpn-x-places/onebigfile.html' target='_blank'>SAAo Glossary: Places (Qarti-Haldi)</a>"
784,Qarti-ḫadasti,"Qarti-ḫadasti, Qarti-hadasti, Qartiḫadasti, Qartihadasti, Qart Hadasht, Kition, Κίτιον, Kitim, Kittim, Chittim, Citium, Kepos, Lárnaka, Larnaca, Larnaka, Λάρνακα, Amathous (?), Amathus (?), Amatus (?), Amathoúnda (?), Amathounda (?), Amathonte (?), Cinyria (?)",1,34.92021112196967,33.63274525614838,"KUR.qar-ti-ha-da-as-ti, 𒆳𒃼𒋾𒄩𒁕𒊍𒋾, URU.qar-ti-ha-da-as-ti, 𒌷𒃼𒋾𒄩𒁕𒊍𒋾, qrt ḥdšt, 𐤒𐤓𐤕𐤇𐤃𐤔𐤕","city, capital, seaport, country","Jadnana, Cyprus",7 B2,"Bagg RGTC 7 1: 195–196 (Qartiḫadasti), Helsinki Atlas: 14 (map 7 B2), Parpola Toponyms: 285 (Qartiḫadasti), <a href='https://zenodo.org/record/6384045' target='_blank'>Pedersén ANE: Kition (Larnaca)</a>, <a href='https://zenodo.org/record/5217600' target='_blank'>CIGS: Kition</a>, <a href='https://pleiades.stoa.org/places/707534' target='_blank'>Pleiades: Kition</a>, <a href='https://www.geonames.org/11919539/kition-bamboula.html' target='_blank'>Geonames: Kition - Bamboula</a>, <a href='https://www.ancientportsantiques.com/the-catalogue/' target='_blank'>Ancient Ports: Kition</a>, <a href='https://pleiades.stoa.org/places/707556' target='_blank'>Pleiades: Larnaka</a>, <a href='https://www.geonames.org/146400/larnaca.html' target='_blank'>Geonames: Larnaca</a>, <a href='http://oracc.museum.upenn.edu/riao/cbd/qpn-x-places/onebigfile.html' target='_blank'>RIAo Glossary: Places (Qartihadasti [1])</a>, <a href='http://oracc.museum.upenn.edu/rinap/cbd/qpn-x-places/onebigfile.html' target='_blank'>RINAP Glossary: Places (Qartihadasti [1])</a>"
787,Qatna,"Qatna, Qatnu, Qatnû, Qatni, Qaṭni, Qadinê, Qaṭṭun, Qaṭṭunan, Qaṭṭunān, Qattunān, Gudadanum, Tall Fadġāmī, Tell Fadġāmi, Tell Fadġami, الفدغامي, Tell Ašamšāni (?), Tall Ašamšānī (?), Tell Ašamsani (?), Tall Ashamsani (?), Tall Ašamsānī (?), Shamsānī (?), شمساني",3,35.91185878464339,40.87073801976018,"KUR.qat-ni, 𒆳𒋗𒉌, URU.qa-at-ni, 𒌷𒋡𒀜𒉌, URU.qat-ni, 𒌷𒋗𒉌, URU.qa-di-né-e, 𒌷𒋡𒁲𒉌𒂊, URU.qa-at-na-a-ia, 𒌷𒋡𒀜𒈾𒀀𒅀, URU.qat-na-a-ia, 𒌷𒋗𒈾𒀀𒅀, URU.qat-ta-na-ia, 𒌷𒋗𒋫𒈾𒅀",town,"mid-Ḫabūr, Syria",3 D5,"Helsinki Atlas: 14 (map 3 D5; Qatna), Helsinki Atlas: 14 (map 3 D5; Qadinê), Bagg RGTC 7 2/2: 489–491 (Qatnu), Parpola Toponyms: 283 (Qadinê), Parpola Toponyms: 285 (Qatna), <a href='https://zenodo.org/record/6384045' target='_blank'>Pedersén ANE: (Tell Fadġami)</a>, <a href='https://books.openedition.org/cdf/4487' target='_blank'>MTT I/3: Qaṭṭun/Tall Fadgami (HIGEOMES Nr. 153)</a>, <a href='https://books.openedition.org/cdf/4487' target='_blank'>MTT I/3: Tall Ashamsani (HIGEOMES Nr. 154)</a>, <a href='https://zenodo.org/record/6384045' target='_blank'>Pedersén ANE: (Tell Ašamsani)?</a>, <a href='http://oracc.museum.upenn.edu/atae/cbd/qpn-x-places/onebigfile.html' target='_blank'>ATAE Glossary: Places (Qatna)</a>, <a href='http://oracc.museum.upenn.edu/riao/cbd/qpn-x-places/onebigfile.html' target='_blank'>RIAo Glossary: Places (Qatna)</a>, <a href='http://oracc.museum.upenn.edu/saao/cbd/qpn-x-places/onebigfile.html' target='_blank'>SAAo Glossary: Places (Qatna)</a>, <a href='http://oracc.museum.upenn.edu/saao/cbd/qpn-x-ethnic/onebigfile.html' target='_blank'>SAAo Glossary: Ethnic (Qatnaya [QATNEAN])</a>, <a href='http://oracc.museum.upenn.edu/riao/cbd/qpn-x-ethnic/onebigfile.html' target='_blank'>RIAo Glossary: Ethnic (Qatnayu)</a>, <a href='http://oracc.museum.upenn.edu/riao/cbd/qpn-x-places/onebigfile.html' target='_blank'>RIAo Glossary: Places (Qatnu)</a>"
786,Qaštu,Qaštu,–,–,–,"URU.BAN, 𒌷𒉼, URU.BAN-a-a, 𒌷𒉼𒀀𒀀, qšt, 𐡒𐡔𐡕",town,"Assyria, Syria",–,"Bagg RGTC 7 2/2: 489, <a href='http://oracc.museum.upenn.edu/atae/cbd/qpn-x-places/onebigfile.html' target='_blank'>ATAE Glossary: Places (Qašti)</a>, <a href='http://oracc.museum.upenn.edu/atae/cbd/qpn-x-places/onebigfile.html' target='_blank'>ATAE Glossary: Places (Qaštu)</a>"
788,Qaṭna,"Qaṭna, Qatna, قطنة, Qaṭnа̄, قطنا, Tell Mishrifeh, Tall Mašrafa, Tell al-Mishrifeh, تل المشرفة",–,34.83447684354523,36.8660854081367,–,city,"Ḫamāt, North Levant, Syria",–,"Bagg RGTC 7 2: 490 (under Qatna / Tall Ašamšānī), <a href='https://zenodo.org/record/6384045' target='_blank'>Pedersén ANE: Qatna (Tell Mishrifeh)</a>, <a href='https://pleiades.stoa.org/places/412342122' target='_blank'>Pleiades: Qatna</a>, <a href='http://www.qatna.org/en-index.html' target='_blank'>Qatna / Tell Mishrifeh Website</a>"
789,Qedeš,"Qedeš, Kedesh, קֶדֶשׁ, Kadasa, Kydissos, Κύδισσος, Tel Qedesh, תל קדש, Tel Kedesh",–,33.11311502836743,35.52869273714484,–,town,"Canaan, Bīt-Ḫumrî, Galilee, Israel",–,"<a href='https://zenodo.org/record/6384045' target='_blank'>Pedersén ANE: Qedeš (Tel Qedesh)</a>, <a href='https://pleiades.stoa.org/places/678215' target='_blank'>Pleiades: Kadasa</a>, <a href='https://daily.jstor.org/the-archaeological-mystery-of-tel-kedesh/' target='_blank'>The Archaeological Mystery of Tel Kedesh</a>"
790,Qidru,"Qidru, Qēdār, Qedar, Cedrei",3,–,–,–,country,–,15 D3,Helsinki Atlas: 14 (map 15 D3)
791,Qilissa,"Qilissa, Khlisi, Silvan (?)",3,38.1422967353949,41.0113555293485,"URU.qi-li-is-sa, 𒌷𒆥𒇷𒄑𒊓",town,"Urarṭu, Ateia, Naʾiri, Turkey",3 D2,"Bagg RGTC 7 2/2: 493, Helsinki Atlas: 14 (map 3 D2), Parpola Toponyms: 286, <a href='https://www.geonames.org/300796/silvan.html' target='_blank'>Geonames: Silvan</a>, <a href='http://oracc.museum.upenn.edu/rinap/cbd/qpn-x-places/onebigfile.html' target='_blank'>RINAP Glossary: Places (Qilissa [1])</a>, <a href='http://oracc.museum.upenn.edu/riao/cbd/qpn-x-places/onebigfile.html' target='_blank'>RIAo Glossary: Places (Qilissa [1])</a>"
792,Qinnasrīna,"Qinnasrīna, Qinnasrina, Qinnasrīn, Chalcis ad Belum, Nebīʾ ʿĪs",2,35.98932279314773,37.00384014851247,–,town,–,2 D5,"Helsinki Atlas: 15 (map 2 D5), <a href='https://zenodo.org/record/6384045' target='_blank'>Pedersén ANE: Chalcis (El-'Is / Qinnasrin)</a>, <a href='https://pleiades.stoa.org/places/668226' target='_blank'>Pleiades: Chalcis ad Belum</a>"
793,Qipānu,Qipānu,2,–,–,–,district,–,3 C3,Helsinki Atlas: 15 (map 3 C3)
794,Qirbit,"Qirbit, Qirbutu, Qirbītu, Kirbit, Īlām (?), Ilām (?), Ilam (?), اِلام, ایلام, يلام",4,33.63497,46.41528,"URU.qir-bi-it, 𒌷𒄫𒁉𒀉, URU.qir-bi-ti, 𒌷𒄫𒁉𒋾, URU.qir-bit, 𒌷𒄫𒂍, URU.qir-bít, 𒌷𒄫, URU.qir-bu-tu, 𒌷𒄫𒁍𒌅","city, fortified city","Babylonia, Ḫalēḫasta, Iran",11 B3,"Bagg RGTC 7 2/2: 494–495, Helsinki Atlas: 15 (map 11 B3), Parpola Toponyms: 286 (Kirbit), Parpola Toponyms: 286 (Qirbutu), <a href='https://www.geonames.org/130802/ilam.html' target='_blank'>Geonames: Īlām</a>, <a href='https://www.ucl.ac.uk/sargon/peoplegodsplaces' target='_blank'>Assyrian empire builders: Qirbit</a>, <a href='http://oracc.museum.upenn.edu/riao/cbd/qpn-x-places/onebigfile.html' target='_blank'>RIAo Glossary: Places (Qirbit)</a>, <a href='http://oracc.museum.upenn.edu/rinap/cbd/qpn-x-places/onebigfile.html' target='_blank'>RINAP Glossary: Places (Qirbit)</a>, <a href='http://oracc.museum.upenn.edu/atae/cbd/qpn-x-places/onebigfile.html' target='_blank'>ATAE Glossary: Places (Qirbit)</a>, <a href='http://oracc.museum.upenn.edu/saao/cbd/qpn-x-places/onebigfile.html' target='_blank'>SAAo Glossary: Places (Qirbit)</a>"
795,Qubbāte,"Qubbāte, Qubbate, Qubāte, Qubate, Qumbāte, Qumbate, Qumbatu",–,–,–,"qu-um-bat.KI, 𒄣𒌝𒁁𒆠, URU.qu-ba-a-te, 𒌷𒄣𒁀𒀀𒋼, URU.qu-um-ba-te, 𒌷𒄣𒌝𒁀𒋼",town,"Raṣappa (?), East Ğazīra, Iraq",–,"Bagg RGTC 7 2/2: 495–496, Parpola Toponyms: 286 (Qubāte), <a href='http://oracc.museum.upenn.edu/atae/cbd/qpn-x-places/onebigfile.html' target='_blank'>ATAE Glossary: Places (Qubate)</a>, <a href='http://oracc.museum.upenn.edu/saao/cbd/qpn-x-places/onebigfile.html' target='_blank'>SAAo Glossary: Places (Qubate)</a>, <a href='http://oracc.museum.upenn.edu/atae/cbd/qpn-x-places/onebigfile.html' target='_blank'>ATAE Glossary: Places (Qumbatu)</a>, <a href='http://oracc.museum.upenn.edu/saao/cbd/qpn-x-places/onebigfile.html' target='_blank'>SAAo Glossary: Places (Qumbatu)</a>"
796,Qudāru,"Qudāru, Qudaru",–,–,–,"URU.qu-da-ru, 𒌷𒄣𒁕𒊒",town,"Central Assyria (?), Iraq",–,"Bagg RGTC 7 2/2: 496, <a href='http://oracc.museum.upenn.edu/atae/cbd/qpn-x-places/onebigfile.html' target='_blank'>ATAE Glossary: Places (Qudaru)</a>, <a href='http://oracc.museum.upenn.edu/saao/cbd/qpn-x-places/onebigfile.html' target='_blank'>SAAo Glossary: Places (Qudaru)</a>"
797,Qumbuna,"Qumbuna, Qunbuna",–,–,–,"URU.qu-um-bu-na, 𒌷𒄣𒌝𒁍𒈾, URU.qu-un-bu-na, 𒌷𒄣𒌦𒁍𒈾",town,"Māzamua, Iran (?), Iraq (?)",–,"Bagg RGTC 7 3/2: 473–474, Parpola Toponyms: 287 (Qunbuna), <a href='https://www.ucl.ac.uk/sargon/peoplegodsplaces' target='_blank'>Assyrian empire builders: Qumbuna</a>, <a href='http://oracc.museum.upenn.edu/atae/cbd/qpn-x-places/onebigfile.html' target='_blank'>ATAE Glossary: Places (Qunbuna)</a>, <a href='http://oracc.museum.upenn.edu/saao/cbd/qpn-x-places/onebigfile.html' target='_blank'>SAAo Glossary: Places (Qunbuna)</a>"
798,Qumēni,"Qumēni, Qumanî, Qumānu, Qumēnu, Qumanû, Plain of Silopi",3,–,–,–,territory,–,4 B4,"Helsinki Atlas: 15 (map 4 B4), RGTC 7 2/2: 497"
799,Quruba,Quruba,–,–,–,–,territory,North Assyria (?),–,RGTC 7 2/2: 499
800,Qurubi,"Qurubi, Qurrubu",–,–,–,–,town,–,–,RGTC 7 2/2: 499
1214,Qurumat,Qurumat,–,–,–,"KUR.qu-ru-mat-a-a, 𒆳𒄣𒊒𒆳𒀀𒀀",town,"Ḫābūr region (?), Balīḫ basin (?), Syria, Turkey (?)",–,"Bagg RGTC 7 2/2: 500 (*Qurumat), <a href='http://oracc.museum.upenn.edu/atae/cbd/qpn-x-ethnic/onebigfile.html' target='_blank'>ATAE Glossary: Ethnic Names (Qurumataya [1])</a>"
801,Qutû,"Qutû, Guti, Gutium",–,–,–,–,territory,Iran,–,Parpola Toponyms: 138 (Gutium)
802,Quwê,"Quwê, Que, Adana, Coa",4,36.99333,35.34233,–,"prov. capital, city",–,2 B4,Helsinki Atlas: 15 (map 2 B4)
803,Quwê (country),"Quwê, Que, Coa, Qewē",2,–,–,–,"country, province",–,2 B4,Helsinki Atlas: 15 (map 2 B4)
779,Qāna,"Qāna, Qana, Ḫirbat Qānā (not)",3,37.5,42,"URU.qa-na, 𒌷𒋡𒈾",town,"Nipur, Turkey",4 B4,"Bagg RGTC 7 2/2: 486 (Qana), Helsinki Atlas: 15 (map 4 B4), Parpola Toponyms: 283 (Qana), <a href='http://oracc.museum.upenn.edu/riao/cbd/qpn-x-places/onebigfile.html' target='_blank'>RIAo Glossary: Places (Qana [1])</a>, <a href='http://oracc.museum.upenn.edu/rinap/cbd/qpn-x-places/onebigfile.html' target='_blank'>RINAP Glossary: Places (Qana [1])</a>"
804,Rablâ,"Rablâ, Rabla, Rablê, Rable, Riblāh, Riblah, Ribleh, Ribla, רִבְלָה, ربلة, Tall Zirāʿa, Tall Ziraʿāt, Tell Zira'at, تل زراعة",1,34.45957216202334,36.57248007565533,"URU.rab-la-a, 𒌷𒊐𒆷𒀀, URU.ra-ab-le-e, 𒌷𒊏𒀊𒇷𒂊, rblh, רִבְלָה",city,"Ṣūpat, Syria",8 B2,"Bagg RGTC 7 1: 202 (Rablê), Helsinki Atlas: 15 (map 8 B2), Parpola Toponyms: 290 (Rablê), <a href='https://zenodo.org/record/6384045' target='_blank'>Pedersén ANE: Rablê (Tell Zira'at / Ribla)</a>, <a href='https://pleiades.stoa.org/places/431124909' target='_blank'>Pleiades: Rablê</a>, <a href='https://www.ucl.ac.uk/sargon/peoplegodsplaces' target='_blank'>Assyrian empire builders: Rabla</a>, <a href='http://oracc.museum.upenn.edu/saao/cbd/qpn-x-places/onebigfile.html' target='_blank'>SAAo Glossary: Places (Rabla [Riblah])</a>, <a href='http://oracc.museum.upenn.edu/saao/cbd/qpn-x-places/onebigfile.html' target='_blank'>SAAo Glossary: Places (Rable [Riblah])</a>, <a href='http://oracc.museum.upenn.edu/atae/cbd/qpn-x-places/onebigfile.html' target='_blank'>ATAE Glossary: Places (Rable [Riblah])</a>"
805,Radānu,"Radānu, Physkos, Nahr al-ʿUzaim",2,–,–,–,river,–,10 D2,Helsinki Atlas: 15 (map 10 D2)
1184,Raksi,Raksi,–,–,–,"URU.ra-ak-si, 𒌷𒊏𒀝𒋛","city, fortified city","Mannāja, Zikirtu, Aukanê, Iran",–,"Bagg RGTC 7 3/2: 480, Parpola Toponyms: 291, <a href='http://oracc.museum.upenn.edu/riao/cbd/qpn-x-places/onebigfile.html' target='_blank'>RIAo Glossary: Places (Raksi)</a>, <a href='http://oracc.museum.upenn.edu/rinap/cbd/qpn-x-places/onebigfile.html' target='_blank'>RINAP Glossary: Places (Raksi)</a>"
810,Rappâ,"Rappâ, Māvākān Çāy, Māwākān Chāi, Māwākān Chāy, Māwākān, Āv-e Sīval, Āveh-ye Šalīr, Āv-i-Sīwail, Cham Siwayl, چم سويل, Nahr Sīwayl, نهر سيويل, Rūdkhāneh Bāneh, رودخانە بانە, Nahr Bānah, نهر بانة, Cham-e Bāneh, چَمِ بانِه",–,–,–,"ÍD.rap-pa-a, 𒀀𒇉𒊐𒉺𒀀",river,"Māzamua (?), Mannāja (?), Iraq",–,"Bagg RGTC 7 3/2: 757–758, Parpola Toponyms: 292, <a href='https://www.geonames.org/93564/mawakan-chay.html' target='_blank'>Geonames: Māwākān Chāy</a>, <a href='https://www.geonames.org/90654/nahr-siwayl.html' target='_blank'>Geonames: Nahr Sīwayl</a>, <a href='https://www.geonames.org/7388949/nahr-banah.html' target='_blank'>Geonames: Nahr Bānah</a>, <a href='http://oracc.museum.upenn.edu/riao/cbd/qpn-x-waters/onebigfile.html' target='_blank'>RIAo Glossary: Waters (Rappa)</a>, <a href='http://oracc.museum.upenn.edu/rinap/cbd/qpn-x-waters/onebigfile.html' target='_blank'>RINAP Glossary: Waters (Rappa)</a>"
807,Rapâ,Rapâ,–,–,–,–,town,"Assyria, Kalḫu, Iraq",–,RGTC 7 2/2: 503
808,Rapīḫu,"Rapīḫu, Rapihu, Rafiaḥ, רפיח, Raphia, Rhaphía, Ῥαφία, Rafaḥ, Rafah, رفح",1,31.29714315371952,34.24384245671924,–,town,"Pilistu, Gaza Strip, Palestine",7 C5,"Helsinki Atlas: 15 (map 7 C5), <a href='https://zenodo.org/record/6384045' target='_blank'>Pedersén ANE: Rapihu (Rafah)?</a>, <a href='https://pleiades.stoa.org/places/688015' target='_blank'>Pleiades: Raphia</a>"
806,Raḫimmu,"Raḫimmu, Rahimmu, Raḫimme, Rahimme, Mâḥûz (?), ماحوز (?), Išân Mâḥûz (?)",5,33.38518,43.7451,"URU.ra-ḫi-im-me, 𒌷𒊏𒄭𒅎𒈨",town,"Sūḫu, Iraq",10 C3,"Helsinki Atlas: 15 (map 10 C3), Bagg RGTC 7 2/2: 502 (Raḫimme), Parpola Toponyms: 290, Musil (1927): <i>The Middle Euphrates: A Topographical Itinerary</i>: Mâḥûz (202 and map f10), <a href='https://www.geonames.org/435852/mintaqat-mahuz.html' target='_blank'>Geonames: Minţaqat Māḩūz</a>, <a href='http://oracc.museum.upenn.edu/riao/cbd/qpn-x-places/onebigfile.html' target='_blank'>RIAo Glossary: Places (Rahimmu)</a>"
811,Raṣappa,"Raṣappa, Ruṣapu, Reṣep, Rezef, רֶ֥צֶף, Tall al-Huḏail, Tall Hadhail, Tall Huḏail, Tell Hadhail, Tall Ḥaẓaīl, Tall al Hazil, Tall al Ḩuz̧ayl, Tall al Ḩaz̧īl, Tall al Huzayl, تل الحظيل, Sergiopolis (?), Rhesapha (?), Resafa (?), ar-Ruṣāfa (?), al-Ruṣāfa (?), Ruṣāfa (?), الرصافة",4,36.14979234688989,42.0544477400985,"ra-ṣa-pa, 𒊏𒍝𒉺, ra-ṣap, 𒊏𒂟, ra-ṣap-pa, 𒊏𒂟𒉺, KUR.ra-ṣa-pa, 𒆳𒊏𒍝𒉺, KUR.ra-ṣa-pi, 𒆳𒊏𒍝𒉿, KUR.ra-ṣap-pa, 𒆳𒊏𒂟𒉺, KUR.ru-ṣa-pa, 𒆳𒊒𒍝𒉺, KUR.ru-ṣa-pi, 𒆳𒊒𒍝𒉿, KUR.ra-ṣa-a-pa, 𒆳𒊏𒍝𒀀𒉺, URU.ra-ṣa-a-pa, 𒌷𒊏𒍝𒀀𒉺, URU.ra-ṣa-ap-pa, 𒌷𒊏𒍝𒀊𒉺, URU.ra-ṣa-pa, 𒌷𒊏𒍝𒉺, URU.ra-ṣa-pi, 𒌷𒊏𒍝𒉿, URU.ra-ṣap-pa, 𒌷𒊏𒂟𒉺, KUR.ra-ṣa-pa-a-a, 𒆳𒊏𒍝𒉺𒀀𒀀, KUR.ra-ṣap-pa-a-a, 𒆳𒊏𒂟𒉺𒀀𒀀, URU.ra-ṣa-pa-a-a, 𒌷𒊏𒍝𒉺𒀀𒀀, URU.ra-ṣap-pa-a-a, 𒌷𒊏𒂟𒉺𒀀𒀀, LÚ.ru-ṣa-pi, 𒇽𒊒𒍝𒉿, rṣp, רֶ֥צֶף","prov. capital, city","Raṣappa province, Iraq, Syria (?)",3 B5,"Bagg RGTC 7 2/2: 506–509, Helsinki Atlas: 15 (map 3 B5), Parpola Toponyms: 296 (Ruṣapu), <a href='https://zenodo.org/record/6384045' target='_blank'>Pedersén ANE: (Tell Hadhail)</a>, <a href='https://books.openedition.org/cdf/4487' target='_blank'>MTT I/3: Tall Hadhail / Allahad (HIGEOMES Nr. 716)</a>, <a href='https://www.geonames.org/6786722/tall-al-hazil.html' target='_blank'>Geonames: Tall al Ḩaz̧īl</a>, <a href='https://pleiades.stoa.org/places/427568541' target='_blank'>Pleiades: Raṣappa (province)</a>, <a href='https://zenodo.org/record/6384045' target='_blank'>Pedersén ANE: Sergiopolis (Resafa)</a>, <a href='https://www.geonames.org/172909/ar-rusafah.html' target='_blank'>Geonames: Ar Ruşāfah</a>, <a href='http://oracc.museum.upenn.edu/saao/knpp/peoplegodsplaces/index.html' target='_blank'>Knowledge and Power: Raṣappa</a>, <a href='https://www.ucl.ac.uk/sargon/peoplegodsplaces' target='_blank'>Assyrian empire builders: Raṣappa</a>, <a href='http://oracc.museum.upenn.edu/atae/cbd/qpn-x-places/onebigfile.html' target='_blank'>ATAE Glossary: Places (Raṣappa [1])</a>, <a href='http://oracc.museum.upenn.edu/riao/cbd/qpn-x-places/onebigfile.html' target='_blank'>RIAo Glossary: Places (Raṣappa [1])</a>, <a href='http://oracc.museum.upenn.edu/saao/cbd/qpn-x-places/onebigfile.html' target='_blank'>SAAo Glossary: Places (Raṣappa [1])</a>, <a href='http://oracc.museum.upenn.edu/saao/cbd/qpn-x-ethnic/onebigfile.html' target='_blank'>SAAo Glossary: Ethnic Names (Raṣappaya [from Raṣappa])</a>, <a href='http://oracc.museum.upenn.edu/atae/cbd/qpn-x-ethnic/onebigfile.html' target='_blank'>ATAE Glossary: Ethnic Names (Raṣappaya [from Raṣappa])</a>, <a href='http://oracc.museum.upenn.edu/saao/cbd/qpn-x-ethnic/onebigfile.html' target='_blank'>SAAo Glossary: Ethnic Names (Raṣappaya [of Raṣappa])</a>, <a href='http://oracc.museum.upenn.edu/atae/cbd/qpn-x-ethnic/onebigfile.html' target='_blank'>ATAE Glossary: Ethnic Names (Raṣappaya [of Raṣappa])</a>, <a href='http://oracc.museum.upenn.edu/atae/cbd/qpn-x-ethnic/onebigfile.html' target='_blank'>ATAE Glossary: Ethnic Names (Raṣappayu [of Raṣappa])</a>"
1339,Raṣâ,"Raṣâ, Raṣā, Raṣa",–,–,–,"URU.ra-ṣa-a, 𒌷𒊏𒍝𒀀","town, fortress","Dēru, Jamutbalu, Rāši (?), Iran, Iraq (?)",–,"Bagg RGTC 7 2/2: 506, Parpola Toponyms: 292, <a href='http://oracc.museum.upenn.edu/rinap/cbd/qpn-x-places/onebigfile.html' target='_blank'>RINAP Glossary: Places (Raṣa [1])</a>, <a href='http://oracc.museum.upenn.edu/riao/cbd/qpn-x-places/onebigfile.html' target='_blank'>RIAo Glossary: Places (Raṣa [1])</a>"
812,Reḫōv,"Reḫōv, Rehov, Rehob, רחוב, Roob, Tel Rehov, תל רחוב, Tell es-Sarem, تل الصارم",–,32.45662531989159,35.49806562117352,–,town,"Canaan, Israel",–,"<a href='https://zenodo.org/record/6384045' target='_blank'>Pedersén ANE: Rehob (Tel Rehov / Tell es-Sarem)</a>, <a href='https://pleiades.stoa.org/places/678363' target='_blank'>Pleiades: Roob</a>"
1255,Rijar,"Rijar, Riyar, Riar",–,–,–,"URU.ri-ia-ar, 𒌷𒊑𒅀𒅈",city,"Urarṭu, Armarijalî, Iran, West Azerbaijan",–,"Bagg RGTC 7 3/2: 485, Parpola Toponyms: 294, <a href='http://oracc.museum.upenn.edu/riao/cbd/qpn-x-places/onebigfile.html' target='_blank'>RIAo Glossary: Places (Riyar [1])</a>, <a href='http://oracc.museum.upenn.edu/rinap/cbd/qpn-x-places/onebigfile.html' target='_blank'>RINAP Glossary: Places (Riyar [1])</a>"
1113,Riḫīḫu,"Riḫīḫu, Raḫīḫu, Riḫiḫu, Raḫiḫu, Rihihu, Rahihu",–,–,–,"KUR.ra-ḫi-ḫa, 𒆳𒊏𒄭𒄩, LÚ.ri-ḫi-ḫu, 𒇽𒊑𒄭𒄷","Aramean tribe, territory","Babylonia, Iraq",–,"Bagg RGTC 7 3/2: 485, Parpola Toponyms: 294"
814,Rummunidu,"Rummunidu, Rummunina, Buṣaira, Buseire, البصيرة, Circesium, Tall Dibān 3 (?), Dhībān (?), ديبان, ذيبان, Tell Mašīḥ (?), Al Ma‘āshīq (?), المعاشيق",4,35.15668372776226,40.42791005907640,"URU.ru-um-mu-ni-na, 𒌷𒊒𒌝𒈬𒉌𒈾",town,"Lāqê, Syria",9 Cl,"Helsinki Atlas: 15 (Tell Mašīḥ; map 9 C1), Bagg RGTC 7 2: 511, <a href='https://zenodo.org/record/6384045' target='_blank'>Pedersén ANE: Circesium (Buseire)</a>, <a href='https://www.geonames.org/173927/al-busayrah.html' target='_blank'>Geonames: Al Buşayrah</a>, <a href='https://www.geonames.org/170691/dhiban.html' target='_blank'>Geonames: Dhībān</a>, <a href='https://www.geonames.org/8276377/al-ma-ashiq.html' target='_blank'>Geonames: Al Ma‘āshīq</a>, <a href='http://oracc.museum.upenn.edu/riao/cbd/qpn-x-places/onebigfile.html' target='_blank'>RIAo Glossary: Places (Rummunina)</a>"
817,Rusai URU.TUR,"Rusai.URU.TUR, Rusai URU.TUR, Rusaipatari, Basṭām, Busṭām, Bastam, بسطام",–,38.8860,44.9473,–,"fortress, city","Urarṭu, Iran",–,"<a href='https://zenodo.org/record/5217600' target='_blank'>CIGS: Basṭām</a>, <a href='https://zenodo.org/record/6384045' target='_blank'>Pedersén ANE: Rusai URU.TUR (Bastam)</a>, <a href='https://pleiades.stoa.org/places/874396' target='_blank'>Pleiades: Bastam</a>"
815,Rusaḫinili Eidurukai,"Rusaḫinili Eidurukai, Rusahinili Eidurukai, Ayanıs, Ayanis, Ayanis Kalesi, Ağartı, Ağartı Kalesi",1,38.70834832781242,43.21125486304965,–,"fortress, city","Urarṭu, Turkey",4 C3,"Helsinki Atlas: 15 (map 4 C3), <a href='https://zenodo.org/record/6384045' target='_blank'>Pedersén ANE: Rusahinili Eidurukai (Ayanis / Ağartı)</a>, <a href='https://pleiades.stoa.org/places/722596019' target='_blank'>Pleiades: Ayanis</a>"
816,Rusaḫinili Qilbanikai,"Rusaḫinili Qilbanikai, Rusaḫinili, Rusahinili, Toprakkale, Topra Kaleh",1,38.50998328968381,43.40639519418901,–,"fortress, city","Urarṭu, Turkey",4 C3,"Helsinki Atlas: 15 (map 4 C3), <a href='https://zenodo.org/record/6384045' target='_blank'>Pedersén ANE: Rusahinili (Toprakkale)</a>, <a href='https://pleiades.stoa.org/places/379202545' target='_blank'>Pleiades: Rusahinili</a>"
1123,Ruʾua,"Ruʾua, Ruʾuʾa",–,–,–,"LÚ.ru, 𒇽𒊒, LÚ.ru-ʾu-a, 𒇽𒊒𒀪𒀀, LÚ.ru-ʾu-u-a, 𒇽𒊒𒀪𒌋𒀀, LÚ.ru-ʾu-ú-a, 𒇽𒊒𒀪𒌑𒀀, LÚ.ru-ʾu-u8-a, 𒇽𒊒𒀪𒇇𒀀, LÚ.ru-ú-ʾa, 𒇽𒊒𒌑𒀪, LÚ.ru-u8-a, 𒇽𒊒𒇇𒀀, LÚ.ru-u-a-a, 𒇽𒊒𒌋𒀀𒀀, LÚ.ru-ú-a-a, 𒇽𒊒𒌑𒀀𒀀, KUR.ru-u-a-a-a, 𒆳𒊒𒌋𒀀𒀀𒀀, KUR.ru-ʾu-a-a, 𒆳𒊒𒀪𒀀𒀀, URU.ru-ʾu-a, 𒌷𒊒𒀪𒀀","Aramaic tribe, town (?)",Babylonia,–,"Bagg RGTC 7 3/2: 489–490 (Ruʾua 1; tribe), Bagg RGTC 7 3/2: 490–491 (Ruʾua 2 (?); town)"
809,Rāpiqu,"Rāpiqu, Rapiqu, Rapiqum, Raphaka, Al-Anbār, الأنبار, Tell al-Anbār, ar-Ramādī (?), ar-Rumâdi (?)",2,33.37903197553895,43.71712628355161,"ra-pi-qu, 𒊏𒉿𒄣, KUR.ra-pi-qi, 𒆳𒊏𒉿𒆥, KUR.ra-pi-qu, 𒆳𒊏𒉿𒄣, URU.ra-pi-qi, 𒌷𒊏𒉿𒆥, URU.ra-pi-qí, 𒌷𒊏𒉿𒆠, URU.ra-pi-qu, 𒌷𒊏𒉿𒄣, URU.ra-pí-qi, 𒌷𒊏𒁉𒆥, LÚ.ra-pi-qi, 𒇽𒊏𒉿𒆥, LÚ.ra-pi-qu, 𒇽𒊏𒉿𒄣","town, Aramaic tribe (?)","Sūḫu, Iraq",10 C3,"Helsinki Atlas: 15 (map 10 C3), Bagg RGTC 7 2/2: 503–504 (Rapiqu), Parpola Toponyms: 291, Musil (1927): <i>The Middle Euphrates: A Topographical Itinerary</i>: 202, <a href='https://courses.washington.edu/otap/svoboda/public/musil/musil_na_map/musil_na_map.html' target='_blank'>Musil (1926): map of Northern Arabia: f18-19 (ar-Raḥâja) and f18 (ar-Rumâdi)</a>, <a href='https://zenodo.org/record/6384045' target='_blank'>Pedersén ANE: (Tell Anbar)</a>, <a href='https://books.openedition.org/cdf/4487' target='_blank'>MTT I/3: Tall Anbar / RĀPIQU (HIGEOMES Nr. 783)</a>, <a href='https://books.openedition.org/cdf/4487' target='_blank'>MTT I/3: Tall ar-Ramadi / MIŠLAN (HIGEOMES Nr. 100)</a>, <a href='http://oracc.museum.upenn.edu/atae/cbd/qpn-x-places/onebigfile.html' target='_blank'>ATAE Glossary: Places (Rapiqu)</a>, <a href='http://oracc.museum.upenn.edu/riao/cbd/qpn-x-places/onebigfile.html' target='_blank'>RIAo Glossary: Places (Rapiqu)</a>, <a href='http://oracc.museum.upenn.edu/rinap/cbd/qpn-x-places/onebigfile.html' target='_blank'>RINAP Glossary: Places (Rapiqu)</a>, <a href='http://oracc.museum.upenn.edu/rinap/cbd/qpn-x-ethnic/onebigfile.html' target='_blank'>RINAP Glossary: Ethnic (Rapiqu [OF RAPIQU])</a>"
813,Rēš-ēni,"Rēš-ēni, Reš-eni, Rēš-ēnāte, Rus al-ʿAin, Raʾs al-ʿAin, Ra’s al ‘Ayn, رأس العين",2,36.5528363989852,43.2094837862177,"URU.SAG-e-ni, 𒌷𒊕𒂊𒉌, URU.re-eš-e-ni, 𒌷𒊑𒌍𒂊𒉌, URU.SAG-IGI.2.MEŠ, 𒌷𒊕𒅆𒈫𒈨𒌍",village,"Assyria, Iraq",4 C5,"Bagg RGTC 7 2/2: 510, Helsinki Atlas: 15 (map 4 C5), Parpola Toponyms: 293, <a href='http://oracc.museum.upenn.edu/atae/cbd/qpn-x-places/onebigfile.html' target='_blank'>ATAE Glossary: Places (Reš-eni [1])</a>, <a href='http://oracc.museum.upenn.edu/riao/cbd/qpn-x-places/onebigfile.html' target='_blank'>RIAo Glossary: Places (Reš-eni [1])</a>, <a href='http://oracc.museum.upenn.edu/rinap/cbd/qpn-x-places/onebigfile.html' target='_blank'>RINAP Glossary: Places (Reš-eni [1])</a>"
818,Sa,"Sa, Sais, Sa el-Hagar",1,30.96274777613289,30.76724701838364,–,city,"Muṣur, Egypt",–,<a href='https://zenodo.org/record/6384045' target='_blank'>Pedersén ANE: Sa / Sais (Sa el-Hagar)</a>
1128,Sabaʾa,"Sabaʾa, Š<sup>ə</sup>ḇāʾ, Sheba, שְׁבָא‎, Sabaʾ, سَبَأ",–,–,–,–,country,"Yemen, Arabian Peninsula",–,–
820,Sabḫānu,"Sabḫānu, Sabhanu, Sapḫānu, Saphanu, Šapḫānu, Šabhanu",3,32.46666,44.3,"sa-ab-ha-nu, 𒊓𒀊𒄩𒉡, URU.sa-ab-ha-ni, 𒌷𒊓𒀊𒄩𒉌, URU.sa-ba-ha-ni, 𒌷𒊓𒁀𒄩𒉌, URU.sa-ab-ha-nu, 𒌷𒊓𒀊𒄩𒉡, URU.šab-ha-a-ni, 𒌷𒉺𒅁𒄩𒀀𒉌, LU₂.šab-ha-nu-u₂-a, 𒇽𒉺𒅁𒄩𒉡𒌑𒀀","fortress, fortified town, town","Babylonia, Bīt-Dakkūri, Iraq",10 D4,"Bagg RGTC 7 3/2: 492–493, Helsinki Atlas: 15 (map 10 D4), Parpola Toponyms: 297, <a href='https://www.ucl.ac.uk/sargon/peoplegodsplaces' target='_blank'>Assyrian empire builders: Sabhanu/Šabhanu</a>, <a href='http://oracc.museum.upenn.edu/saao/cbd/qpn-x-ethnic/onebigfile.html' target='_blank'>SAAo Glossary: Ethnic Names (Sabhanaya [of Sabhanu])</a>, <a href='http://oracc.museum.upenn.edu/atae/cbd/qpn-x-ethnic/onebigfile.html' target='_blank'>ATAE Glossary: Ethnic Names (Sabhanaya [of Sabhanu])</a>, <a href='http://oracc.museum.upenn.edu/saao/cbd/qpn-x-places/onebigfile.html' target='_blank'>SAAo Glossary: Places (Sabhanu [1])</a>, <a href='http://oracc.museum.upenn.edu/atae/cbd/qpn-x-places/onebigfile.html' target='_blank'>ATAE Glossary: Places (Sabhanu [1])</a>, <a href='http://oracc.museum.upenn.edu/riao/cbd/qpn-x-places/onebigfile.html' target='_blank'>RIAo Glossary: Places (Sabhanu [1])</a>, <a href='http://oracc.museum.upenn.edu/rinap/cbd/qpn-x-places/onebigfile.html' target='_blank'>RINAP Glossary: Places (Sabhanu [1])</a>, <a href='http://oracc.museum.upenn.edu/saao/cbd/qpn-x-places/onebigfile.html' target='_blank'>SAAo Glossary: Places (Šabhanu [1])</a>, <a href='http://oracc.museum.upenn.edu/atae/cbd/qpn-x-places/onebigfile.html' target='_blank'>ATAE Glossary: Places (Šabhanu [1])</a>, <a href='http://oracc.museum.upenn.edu/saao/cbd/qpn-x-ethnic/onebigfile.html' target='_blank'>SAAo Glossary: Ethnic Names (Šabhanu [Šabhanean])</a>"
821,Sagūru,"Sagūru, Sagurri, Sāğūr, Nahr as-Sāğūr",1,–,–,–,river,–,3 A4,Helsinki Atlas: 15 (map 3 A4)
825,Sairi,"Sairi, Sairu",–,–,–,"URU.sa-i-ri, 𒌷𒊓𒄿𒊑",town,"Assyria, Ğazīra, Iraq (?), Syria (?)",–,"Bagg RGTC 7 2/2: 518, Parpola Toponyms: 299, <a href='http://oracc.museum.upenn.edu/atae/cbd/qpn-x-places/onebigfile.html' target='_blank'>ATAE Glossary: Places (Sairu)</a>, <a href='http://oracc.museum.upenn.edu/saao/cbd/qpn-x-places/onebigfile.html' target='_blank'>SAAo Glossary: Places (Sairu)</a>"
1185,Saktatuš,"Saktatuš, Saktatush",–,–,–,"URU.sak-ta-tu-uš, 𒌷𒊕𒋫𒌅𒍑","city, fortified city","Mannāja, Zikirtu, Aukanê, Iran",–,"Bagg RGTC 7 3/2: 498, Parpola Toponyms: 299, <a href='http://oracc.museum.upenn.edu/riao/cbd/qpn-x-places/onebigfile.html' target='_blank'>RIAo Glossary: Places (Saktatuš)</a>, <a href='http://oracc.museum.upenn.edu/rinap/cbd/qpn-x-places/onebigfile.html' target='_blank'>RINAP Glossary: Places (Saktatuš)</a>"
826,Salammê,Salammê,–,–,–,–,town,"Central Assyria (?), East Tigris area (?), Laḫīru (?)",–,RGTC 7 2/2: 519
827,Salimāni,Salimāni,–,–,–,–,town,"Central Assyria, Kalḫu province",–,RGTC 7 2/2: 520
828,Sallat,"Sallat, Salatu, Sallāte, Salate, Šallāt, al-Maždam (?), المقدم (?)",3,33.17015,43.97192,"KUR.sa-lat (?), 𒆳𒊓𒆳 (?), URU.sa-la-te, 𒌷𒊓𒆷𒋼, URU.sa-la-ti, 𒌷𒊓𒆷𒋾, URU.šá-la-ti, 𒌷𒃻𒆷𒋾",town,"Northern Babylonia, Iraq",10 C3,"Bagg RGTC 7 3/2: 499 (Sallāte), Helsinki Atlas: 15 (map 10 C3), Parpola Toponyms: 300, Musil (1927): <i>The Middle Euphrates: A Topographical Itinerary</i>: 202 and map f10-11, <a href='https://zenodo.org/record/6384045' target='_blank'>Pedersén ANE: SIRAQ (33.17995073903955/43.96165587848591)</a>, <a href='http://oracc.museum.upenn.edu/riao/cbd/qpn-x-places/onebigfile.html' target='_blank'>RIAo Glossary: Places (Salatu)</a>, <a href='http://oracc.museum.upenn.edu/saao/cbd/qpn-x-places/onebigfile.html' target='_blank'>SAAo Glossary: Places (Sallat)</a>"
829,Saluara,"Saluara, Labotas, Kara su",1,–,–,–,river,–,2 C4,Helsinki Atlas: 15 (map 2 C4)
830,Samakku,"Samakku, Samaku",–,–,–,"URU.sa-ma-ak-ka, 𒌷𒊓𒈠𒀝𒅗, URU.sa-ma-ku, 𒌷𒊓𒈠𒆪",town,"Assyria, Iraq, Syria (?), Ḫābūr triangle (?)",–,"Bagg RGTC 7 2/2: 521, Parpola Toponyms: 300 (Samaku), <a href='http://oracc.museum.upenn.edu/atae/cbd/qpn-x-places/onebigfile.html' target='_blank'>ATAE Glossary: Places (Samaku)</a>"
833,Samsimurūna,"Samsimurūna, Samsimuruna, Samsimurruna, Ğūniya, Jounieh, Djounie, Jūniyah, جونيه, Baʿlabakk (?), Ba‘labakk (?), Baalbek (?), Ba‘albak (?), Ba‘labak (?), Hēliopolis (?), بعلبك, Hēlioupolis (?), Heliopolis (?)",–,33.97783,35.62816,"KUR.sa-am-si-mu-ru-na, 𒆳𒊓𒄠𒋛𒈬𒊒𒈾, KUR.sa-am-si-mur-ru-na, 𒆳𒊓𒄠𒋛𒄯𒊒𒈾, URU.sam-si-mu-ru-na, 𒌷𒌑𒋛𒈬𒊒𒈾, URU.sam-si-mur-ru-na, 𒌷𒌑𒋛𒄯𒊒𒈾, URU.sam-si-mu-ru-na-a-a, 𒌷𒌑𒋛𒈬𒊒𒈾𒀀𒀀","capital, city","Phoenicia, Lebanon",8 A3,"Bagg RGTC 7 1: 211–212, Helsinki Atlas: 16 (map 8 A3), Parpola Toponyms: 303, <a href='https://www.geonames.org/273140/jounieh.html' target='_blank'>Geonames: Jounieh</a>, <a href='https://www.geonames.org/277130/baalbek.html' target='_blank'>Geonames: Baalbek</a>, <a href='https://www.ucl.ac.uk/sargon/peoplegodsplaces' target='_blank'>Assyrian empire builders: Samsimuruna</a>, <a href='http://oracc.museum.upenn.edu/riao/cbd/qpn-x-places/onebigfile.html' target='_blank'>RIAo Glossary: Places (Samsimurruna [1])</a>, <a href='http://oracc.museum.upenn.edu/rinap/cbd/qpn-x-places/onebigfile.html' target='_blank'>RINAP Glossary: Places (Samsimurruna [1])</a>, <a href='http://oracc.museum.upenn.edu/riao/cbd/qpn-x-ethnic/onebigfile.html' target='_blank'>RIAo Glossary: Ethnic Names (Samsimurrunayu [of Samsimurruna])</a>, <a href='http://oracc.museum.upenn.edu/rinap/cbd/qpn-x-ethnic/onebigfile.html' target='_blank'>RINAP Glossary: Ethnic Names (Samsimurrunayu [of Samsimurruna])</a>, <a href='http://oracc.museum.upenn.edu/atae/cbd/qpn-x-places/onebigfile.html' target='_blank'>ATAE Glossary: Places (Samsimuruna [1])</a>, <a href='http://oracc.museum.upenn.edu/saao/cbd/qpn-x-places/onebigfile.html' target='_blank'>SAAo Glossary: Places (Samsimuruna [1])</a>"
1058,Samānu,"Samānu, Samanu",–,–,–,"URU.sa-ma-na, 𒌷𒊓𒈠𒈾, URU.sa-ma-ni, 𒌷𒊓𒈠𒉌, URU.sa-ma-nu, 𒌷𒊓𒈠𒉡, URU.sa-am-ma-na-a-a, 𒌷𒊓𒄠𒈠𒈾𒀀𒀀, URU.sa-ma-na-a-a, 𒌷𒊓𒈠𒈾𒀀𒀀",town,"Assyria, Iraq",–,"Bagg RGTC 7/2–2: 521, Parpola Toponyms: 300–301, <a href='http://oracc.museum.upenn.edu/atae/cbd/qpn-x-ethnic/onebigfile.html' target='_blank'>ATAE Glossary: Ethnic (Samanaya [FROM SAMANU]</a>, <a href='http://oracc.museum.upenn.edu/atae/cbd/qpn-x-ethnic/onebigfile.html' target='_blank'>ATAE Glossary: Ethnic (Samanaya [OF SAMANU]</a>, <a href='http://oracc.museum.upenn.edu/saao/cbd/qpn-x-ethnic/onebigfile.html' target='_blank'>SAAo Glossary: Ethnic (Samanaya [SAMANEAN])</a>, <a href='http://oracc.museum.upenn.edu/atae/cbd/qpn-x-places/onebigfile.html' target='_blank'>ATAE Glossary: Places (Samanu)</a>, <a href='http://oracc.museum.upenn.edu/saao/cbd/qpn-x-places/onebigfile.html' target='_blank'>SAAo Glossary: Places (Samanu)</a>"
834,Samʾalla,"Samʾalla, Samʾal, Sam'al, šmʿl, Zencirli, Zincirli, Zinçirli",1,37.10310101061934,36.67788141695827,–,"prov. capital, city","Samʾalla, Bīt-Gabbāri, Turkey",2 C3,"Helsinki Atlas: 15 (map 2 C3), <a href='https://zenodo.org/record/6384045' target='_blank'>Pedersén ANE: Sam'al (Zincirli)</a>, <a href='https://zincirli.uchicago.edu' target='_blank'>Zincirli Höyük</a>"
835,Sangarītu,"Sangarītu, Saggaratum, Tell Abū Ḥāʾit, Tell Abu Ha'it",3,35.25069574943524,40.55713066336949,–,town,Syria,9 C1,"Helsinki Atlas: 16 (map 9 C1), <a href='https://zenodo.org/record/6384045' target='_blank'>Pedersén ANE: Saggaratum? (Tell Abu Ha'it)?</a>"
1137,Sangibūtu,"Sangibūtu, Sangibutu, Bīt-Sangibuti, Bīt-Sangibūti, Plain of Ḫoy, Plain of Khoy, Khowy, Ḫōy, خوی",2,38.5503,44.9521,"KUR.É-sa-an-gi-bu-ti, 𒆳𒂍𒊓𒀭𒄀𒁍𒋾, KUR.sa-an-gi-bu-te, 𒆳𒊓𒀭𒄀𒁍𒋼, KUR.sa-an-gi-bu-ti, 𒆳𒊓𒀭𒄀𒁍𒋾","district, Urarṭian province","Urarṭu, Iran, West Azerbaijan",4 D3,"Bagg RGTC 7 3/1: 149 (Bīt-Sangibūti 2), Helsinki Atlas: 16 and 29 (Sangibūtu (1); map 4 D3), Parpola Toponyms: 88 (Bīt-Sangibūti), Parpola Toponyms: 303 (Sangibutu), Zimansky (1990): <i>Urartian Geography and Sargon's Eighth Campaign</i>. JANES 49/1: 15, <a href='https://www.geonames.org/126972/khowy.html' target='_blank'>Geonames: Khowy</a>, <a href='http://oracc.museum.upenn.edu/riao/cbd/qpn-x-places/onebigfile.html' target='_blank'>RIAo Glossary: Places (Bit-Sangibuti)</a>, <a href='http://oracc.museum.upenn.edu/rinap/cbd/qpn-x-places/onebigfile.html' target='_blank'>RINAP Glossary: Places (Bit-Sangibuti)</a>"
837,Sanīru,"Sanīru, Saniru, Senîr, Sanīr, ś<sup>e</sup>nîr, שְׂנִיר, śiryōn, שִׂרְיֹן, Har Ḥermōn, הַר חֶרְמוֹן, Hermon, Haramoun, Ḩarmūn, حرمون, Jabal Ḩarmūn, جبل حرمون, Ğabal aš-Šaiḫ, Jabal ash Shaykh, Jebel Cheïkh, جبل الشيخ, Ğabal az-Zabadānī (?), جبل الزبداني, Ğabal aš-Šaqīf (?), Jabal ash Shaqīf (?), جبل شقيف, Jabal Shaqīf (?)",2,33.416111,35.8575,"KUR.sa-ni-ru, 𒆳𒊓𒉌𒊒, ś<sup>e</sup>nîr, שְׂנִיר, śiryōn, שִׂרְיֹן, ḥermôn, חֶרְמוֹן",mountain,"Labnāna, Lebanon, Syria (?)",8 A3,"Bagg RGTC 7 1: 212–213 (Saniru), Helsinki Atlas: 16 (map 8 A3), Parpola Toponyms: 304 (Saniru), <a href='https://www.geonames.org/6252331/haramoun.html' target='_blank'>Geonames: Haramoun</a>, <a href='https://pleiades.stoa.org/places/678181' target='_blank'>Pleiades: Hermon (mountain)</a>, <a href='https://www.geonames.org/164486/jabal-shaqif.html' target='_blank'>Geonames: Jabal Shaqīf</a>, <a href='http://oracc.museum.upenn.edu/riao/cbd/qpn-x-places/onebigfile.html' target='_blank'>RIAo Glossary: Places (Saniru [Mount Saniru])</a>"
838,Sapalāte,Sapalāte,–,–,–,–,town,–,–,RGTC 7 2/2: 522
839,Sapirrutu,"Sapirrutu, Sapirrite, Saburutu, Sabiritu, Sabirete, Sabirutu, Sapiratu, Sapirata, Sapiratum, Sapîratum, Ğazīrat Bēğān, Bīǧān, Bijan",3,34.30253680080997,42.12548942428816,"URU.sa-bi-re-te, URU.sa-bi-ri-te, 𒌷𒊓𒁉𒊑𒋼, URU.sa-bi-ru-tu, 𒌷𒊓𒁉𒊒𒌅, URU.sa-pi-ri-te, 𒌷𒊓𒉿𒊑𒋼, URU.sa-pi-rit, 𒌷𒊓𒉿𒈩, URU.sa-pi-ra-ta, 𒌷𒊓𒉿𒊏𒋫","town, island","Sūḫu, Iraq",10 B2,"Bagg RGTC 7 2/2: 516, Helsinki Atlas: 16 (map 10 B2), Parpola Toponyms: 297, <a href='https://zenodo.org/record/6384045' target='_blank'>Pedersén ANE: Sapiratum (Bijan)</a>, <a href='https://books.openedition.org/cdf/4487' target='_blank'>MTT I/3: Bijan/SAPIRATUM (HIGEOMES Nr. 195)</a>, <a href='https://www.ucl.ac.uk/sargon/peoplegodsplaces' target='_blank'>Assyrian empire builders: Sapirrutu</a>, <a href='http://oracc.museum.upenn.edu/riao/cbd/qpn-x-places/onebigfile.html' target='_blank'>RIAo Glossary: Places (Sabiritu)</a>, <a href='http://oracc.museum.upenn.edu/riao/cbd/qpn-x-places/onebigfile.html' target='_blank'>RIAo Glossary: Places (Sapiratu)</a>, <a href='http://oracc.museum.upenn.edu/saao/cbd/qpn-x-places/onebigfile.html' target='_blank'>SAAo Glossary: Places (Sapirrutu)</a>"
842,Sardes,"Sardes, Sardis, Σάρδεις, Sartmustafa",1,38.48523852915486,28.04136968886537,–,city,"Luddi, Turkey",–,"<a href='https://zenodo.org/record/6384045' target='_blank'>Pedersén ANE: Sardes (Sartmustafa)</a>, <a href='http://sardisexpedition.org/' target='_blank'>The Archaeological Exploration of Sardis: Digital Resource Center</a>"
843,Sarduriḫinili,"Sarduriḫinili, Sardurihinili, Chavushtepe, Çavuştepe",2,38.35299780346134,43.46128741722196,–,"fortress, city","Urarṭu, Turkey",4 C3,"Helsinki Atlas: 16 (map 4 C3), <a href='https://zenodo.org/record/6384045' target='_blank'>Pedersén ANE: Sardurihinili (Çavuştepe)</a>"
1203,Sargite,Sargite,–,–,–,"URU.sar-gi-te, 𒌷𒊬𒄀𒋼",city,"Babylonia (?), Iraq (?)",–,"Bagg RGTC 7 3/2: 505, <a href='http://oracc.museum.upenn.edu/atae/cbd/qpn-x-places/onebigfile.html' target='_blank'>ATAE Glossary: Places (Sargite)</a>"
846,Sarrabānu,"Sarrabānu, Sarrabanu, Šarrabānu, Šarrabanu, Abānu, Abanu",–,–,–,"URU.sa-ar-ra-ba-a-nu, 𒌷𒊓𒅈𒊏𒁀𒀀𒉡, URU.sa-ar-rab-a-ni, 𒌷𒊓𒅈𒊐𒀀𒉌, URU.sa-ar-ra-ba-nu, 𒌷𒊓𒅈𒊏𒁀𒉡, URU.sa-ar-rab-a-nu, 𒌷𒊓𒅈𒊐𒀀𒉡, URU.sa-rab-a-nu, 𒌷𒊓𒊐𒀀𒉡, URU.sar-ra-ba-ni, 𒌷𒊬𒊏𒁀𒉌, URU.sa-rab-na-a-a, 𒌷𒊓𒊐𒈾𒀀𒀀","city, fortified city","Babylonia, Bīt-Šillāni, Bīt-Amukkāni, Iraq",–,"Bagg RGTC 7 3/2: 506–507, Parpola Toponyms: 306, <a href='http://oracc.museum.upenn.edu/saao/knpp/peoplegodsplaces/index.html' target='_blank'>Knowledge and Power: Sarrabanu</a>, <a href='http://oracc.museum.upenn.edu/atae/cbd/qpn-x-places/onebigfile.html' target='_blank'>ATAE Glossary: Places (Sarabanu)</a>, <a href='http://oracc.museum.upenn.edu/saao/cbd/qpn-x-places/onebigfile.html' target='_blank'>SAAo Glossary: Places (Sarabanu)</a>, <a href='http://oracc.museum.upenn.edu/atae/cbd/qpn-x-ethnic/onebigfile.html' target='_blank'>ATAE Glossary: Ethnic (Sarrabanaya [OF SARRABANU]</a>, <a href='http://oracc.museum.upenn.edu/saao/cbd/qpn-x-ethnic/onebigfile.html' target='_blank'>SAAo Glossary: Ethnic (Sarrabanaya)</a>, <a href='http://oracc.museum.upenn.edu/riao/cbd/qpn-x-places/onebigfile.html' target='_blank'>RIAo Glossary: Places (Sarrabanu)</a>, <a href='http://oracc.museum.upenn.edu/rinap/cbd/qpn-x-places/onebigfile.html' target='_blank'>RINAP Glossary: Places (Sarrabanu)</a>"
847,Sarragitu,"Sarragitu, Sarragiti, Sarragītu, Birtu-ša-Sarragītu",–,–,–,"URU.bir-tu-ša-sa-ar-ra-gi-ti, 𒌷𒄵𒌅𒊭𒊓𒅈𒊏𒄀𒋾, sa-ar-ra-gi-ti, 𒊓𒅈𒊏𒄀𒋾, URU.bir-tu-ša-sa-ra-gi-ti, 𒌷𒄵𒌅𒊭𒊓𒊏𒄀𒋾, sa-ra-gi-ti, 𒊓𒊏𒄀𒋾, URU.sa-ar-ra-gi-tu, 𒌷𒊓𒅈𒊏𒄀𒌅","fortified city, city","Babylonia, Iraq",–,"Bagg RGTC 7 3/2: 507–508 (Sarragītu), Parpola Toponyms: 306, <a href='http://oracc.museum.upenn.edu/riao/cbd/qpn-x-places/onebigfile.html' target='_blank'>RIAo Glossary: Places (Sarragitu)</a>, <a href='http://oracc.museum.upenn.edu/rinap/cbd/qpn-x-places/onebigfile.html' target='_blank'>RINAP Glossary: Places (Sarragitu)</a>"
1192,Sarun,Sarun,–,–,–,"URU.sa-ru-un, 𒌷𒊓𒊒𒌦",town,"Assyria (?), Iraq (?)",–,"Bagg RGTC 7 2/2: 525–526, Parpola Toponyms: 306, <a href='http://oracc.museum.upenn.edu/atae/cbd/qpn-x-places/onebigfile.html' target='_blank'>ATAE Glossary: Places (Sarun)</a>, <a href='http://oracc.museum.upenn.edu/saao/cbd/qpn-x-places/onebigfile.html' target='_blank'>SAAo Glossary: Places (Sarun)</a>"
844,Sarê,"Sarê, Sare, Sarrima, Altūn Kūbrī, Āltūn Kawbrī, آلتون كوبري, Ałtûn Koprî, Altun Kupri, Altin Kopru, Altoon Kopry, Altuni Kopri, Altunkopri, Altun Kopru, ئاڵتون كۆپرى, Ḫirbat Qara Reš (?)",4,35.75344,44.14727,"URU.sa-re-e, 𒌷𒊓𒊑𒂊",town,"Assyria, Arbail province, Iraq",10 D1,"Bagg RGTC 7 2/2: 525, Helsinki Atlas: 16 (map 10 D1), Parpola Toponyms: 305–306, <a href='https://www.geonames.org/98979/altun-kawbri.html' target='_blank'>Geonames: Āltūn Kawbrī</a>, <a href='https://www.ucl.ac.uk/sargon/peoplegodsplaces' target='_blank'>Assyrian empire builders: Sare</a>, <a href='http://oracc.museum.upenn.edu/saao/cbd/qpn-x-places/onebigfile.html' target='_blank'>SAAo Glossary: Places (Sare [1])</a>, <a href='http://oracc.museum.upenn.edu/atae/cbd/qpn-x-places/onebigfile.html' target='_blank'>ATAE Glossary: Places (Sare [1])</a>"
848,Sarūgu,"Sarūgu, Suruṣ, Sarūğ",–,36.97366,38.41883,–,town,–,3 B4,Helsinki Atlas: 16 (map 3 B4)
849,Sasiqāni,"Sasiqāni, Salāmīya",4,36.13733,43.3195,–,town,–,4 C5,Helsinki Atlas: 16 (map 4 C5)
850,Sazabu,"Sazabu, Šazabê, Tell ʿAmarna, Šaḏabu",1,36.74532,38.01371,–,town,–,3 B4,Helsinki Atlas: 16 (map 3 B4)
851,Sazanâ,"Sazanâ, Sazana, Šaezana, Šasʿīmu, Ša-zaʿnā (?), Tall Bār Ilyās, Tall Barr Ilyās, Tell Barr Elyas, Tell Barr Eliâs, Tell Bar Elias, Tell Berr Elyās, تل بر الياس, Tall Dēr Zinūn (?), Tell Deïr Zenoûn (?), Tell Deïr Zenoun (?), Tall Dayr Zanūn (?), Tell Derzenoun (?), Tall Darzaynūn (?), تل دير زنون",3,33.77553266613423,35.90354110217341,"URU.sa-za-na-a, 𒌷𒊓𒍝𒈾𒀀, URU.ša-za-e-na, 𒌷𒊭𒍝𒂊𒈾","town, station","Ṣūpat, Lebanon, Syria (?)",8 B2,"Bagg RGTC 7 1: 217, Helsinki Atlas: 16 (map 8 B2), Parpola Toponyms: 307 (Sazana), Ephʿal (1971): <sup>URU</sup>Ša-za-e-na = <sup>URU</sup>Sa-za-na. IEJ 21 2/3: 155–157, <a href='https://zenodo.org/record/6384045' target='_blank'>Pedersén ANE: (Tell Barr Elyas)</a>, <a href='https://www.geonames.org/276955/barr-elias.html' target='_blank'>Geonames: Barr Eliâs</a>, <a href='https://www.geonames.org/275758/tell-deir-zenoun.html' target='_blank'>Geonames: Tell Deïr Zenoûn</a>, <a href='https://www.ucl.ac.uk/sargon/peoplegodsplaces' target='_blank'>Assyrian empire builders: Sazana</a>, <a href='http://oracc.museum.upenn.edu/saao/cbd/qpn-x-places/onebigfile.html' target='_blank'>SAAo Glossary: Places (Sazana [1])</a>, <a href='http://oracc.museum.upenn.edu/atae/cbd/qpn-x-places/onebigfile.html' target='_blank'>ATAE Glossary: Places (Sazana [1])</a>"
852,Saʾarru,"Saʾarru, Saʾarri, Šēru, Seir, śēʿîr, שֵׂעִיר, Saeira, Šaʿāra, Sha‘ārah, Sha‘arah, Shaara, Châara, Chaara, شعارة",1,33.1095863663956,36.345868087335,"URU.sa-ʾa-ar-ri, 𒌷𒊓𒀪𒅈𒊑, śēʿîr, שֵׂעִיר","town, territory",Syria,8 B3,"Bagg RGTC 7 1: 205 (Saʾarri), Helsinki Atlas: 16 (map 8 B3), Parpola Toponyms: 297 (Saʾarri), <a href='https://zenodo.org/record/6384045' target='_blank'>Pedersén ANE: (Shaaara)</a>, <a href='https://www.geonames.org/164659/sha-arah.html' target='_blank'>Geonames: Sha‘ārah</a>, <a href='http://oracc.museum.upenn.edu/saao/cbd/qpn-x-places/onebigfile.html' target='_blank'>SAAo Glossary: Places (Saʾarri [1])</a>, <a href='http://oracc.museum.upenn.edu/atae/cbd/qpn-x-places/onebigfile.html' target='_blank'>ATAE Glossary: Places (Saʾarri [1])</a>, <a href='http://oracc.museum.upenn.edu/rinap/cbd/qpn-x-places/onebigfile.html' target='_blank'>RINAP Glossary: Places (Saʾarri [Seir])</a>, <a href='http://oracc.museum.upenn.edu/riao/cbd/qpn-x-places/onebigfile.html' target='_blank'>RIAo Glossary: Places (Saʾarri [Seir])</a>"
822,Saḫlāla,"Saḫlāla, Saḫlala, Sahlala, Saḫlālu, Saḫlalu, Sahlalu, Zaḫlāla, Zaḫlala, Ziḫlalum, Zihlalum, Siḫlalum, Sihlalum, Kitlala, Commisimbela (?), Tall Saḫlān, Tell Sahlān, Tell Sahlan, Tall as-Sahlān, Tall as-Sahlan, Tall Sallān, Tall Sallan, Tall Salaʾan, Tall Silān, Tall Silan, تل سلان, Tall as-Sallān, Tall as-Sallan",3,36.58506005866938,38.99525508932435,"URU.saḫ-la-la, 𒌷𒆤𒆷𒆷, URU.saḫ-la-lu, 𒌷𒆤𒆷𒇻",town,"Balīḫ basin, Syria",3 B4,"Bagg RGTC 7 2/2: 517 (Saḫlalu), Helsinki Atlas: 16 (map 3 B4), Parpola Toponyms: 211 (Kitlala), <a href='https://zenodo.org/record/6384045' target='_blank'>Pedersén ANE: (Tell es-Sahlan)</a>, <a href='https://books.openedition.org/cdf/4487' target='_blank'>MTT I/3: Tall as-Sahlan (HIGEOMES Nr. 103)</a>, <a href='https://www.geonames.org/9202/tall-silan.html' target='_blank'>Geonames: Tall Silān</a>, <a href='https://pleiades.stoa.org/places/874752' target='_blank'>Pleiades: Tell Sahlan/[Sahlala]/Commisimbela?</a>, <a href='http://oracc.museum.upenn.edu/riao/cbd/qpn-x-places/onebigfile.html' target='_blank'>RIAo Glossary: Places (Sahlalu [1])</a>"
823,Saḫrīna,"Saḫrīna, Saḫrina, Sahrina, Kidrina, Šaḫrīn, Eṣ-Ṣaila, Eṣ-Ṣaila'",3,32.4172673251239,44.4119282544714,"URU.sa-aḫ-ri-na, 𒌷𒊓𒄴𒊑𒈾, URU.saḫ-ri-na, URU.kid-ri-na, 𒌷𒆤𒊑𒈾",town,"Babylonia, Bīt-Dakkūri (?), Iraq",10 D4,"Bagg RGTC 7 3/2: 496–497, Helsinki Atlas: 16 (map 10 D4), Parpola Toponyms: 298–299 (Saḫrina), <a href='https://zenodo.org/record/6384045' target='_blank'>Pedersén ANE: (Eṣ-Ṣaila')</a>, <a href='http://oracc.museum.upenn.edu/rinap/cbd/qpn-x-places/onebigfile.html' target='_blank'>RINAP Glossary: Places (Sahrina [1])</a>, <a href='http://oracc.museum.upenn.edu/atae/cbd/qpn-x-places/onebigfile.html' target='_blank'>ATAE Glossary: Places (Sahrina [1])</a>, <a href='http://oracc.museum.upenn.edu/saao/cbd/qpn-x-places/onebigfile.html' target='_blank'>SAAo Glossary: Places (Sahrina [1])</a>, <a href='http://oracc.museum.upenn.edu/riao/cbd/qpn-x-places/onebigfile.html' target='_blank'>RIAo Glossary: Places (Sahrina [1])</a>"
1130,Shiloh,"Shiloh, Shilo, Šīlō, Silo, שִׁלֹה, שִׁילֹה, שִׁלוֹ, שִׁילוֹ, Tel Shiloh, Khirbet Seilun, Khirbat Seilun, Khirbat Saylūn, Khirbat Saylun",–,32.05617216725297,35.28987956212205,–,city,"Canaan, Bīt-Ḫumrî, West Bank, Palestine",–,"<a href='https://zenodo.org/record/6384045' target='_blank'>Pedersén ANE: Shiloh (Tell Shiloh / Khirbet Seilun)</a>, <a href='https://pleiades.stoa.org/places/688028' target='_blank'>Pleiades: Silo</a>"
853,Siannu,"Siannu, Siyannu, Tell Siyānu, Tell Siyanu, Tall Siānū, تل سيانو",1,35.36539543015847,36.00295594215738,–,city,Syria,8 A1,"Helsinki Atlas: 16 (map 8 A1), <a href='https://zenodo.org/record/6384045' target='_blank'>Pedersén ANE: Siyannu (Tell Siyanu)</a>, <a href='https://zenodo.org/record/5217600' target='_blank'>CIGS: Tall Siānū</a>"
857,Sikiri,"Sikiri, Kisiri, Kisiru, Tell Šaddāda, Tall Shaddada, Tall Šaddāda, Tall Šaḏḏāda, Tell Shaddada, الشدادة",1,36.0375840156933,40.74923259734834,"URU.ki-si-ri, 𒌷𒆠𒋛𒊑, URU.si-ki-ri, 𒌷𒋛𒆠𒊑",town,"Ḫābūr area, Syria",3 D4,"Bagg RGTC 7 2/1: 345 (Kisiri 1), Helsinki Atlas: 16 (map 3 D4), <a href='https://zenodo.org/record/6384045' target='_blank'>Pedersén ANE: (Tell Shaddada)</a>, <a href='https://books.openedition.org/cdf/4487' target='_blank'>MTT I/3: Tall Shaddada (HIGEOMES Nr. 149)</a>, <a href='http://oracc.museum.upenn.edu/riao/cbd/qpn-x-places/onebigfile.html' target='_blank'>RIAo Glossary: Places (Kisiri)</a>, <a href='http://oracc.museum.upenn.edu/riao/cbd/qpn-x-places/onebigfile.html' target='_blank'>RIAo Glossary: Places (Kisiru)</a>"
856,Sikāni,"Sikāni, Sikani, Sikānu, Sikanu, Sikkan, Wašukanni (?), Tell Faḫārīya, Tell Fekheriye, Tell Fekherye, Tell el-Fakhariya, Tell Fecheriye, تل الفخيرية",1,36.842612940325,40.06983460233974,–,town,"Bīt-Baḫiāni, Syria",3 D4,"Helsinki Atlas: 16 (map 3 D4), <a href='https://zenodo.org/record/6384045' target='_blank'>Pedersén ANE: Sikanu (Tell Fekheriye)</a>, <a href='https://pleiades.stoa.org/places/572048102' target='_blank'>Pleiades: Sikani</a>"
859,Sillu,"Sillu, Silli, Sóloi, Soloi, Σόλοι, Soli, Soloe, Solous, Solos, Aipeia",1,35.14009,32.81102,"KUR.si-il-lu, 𒆳𒋛𒅋𒇻, URU.si-il-li, 𒌷𒋛𒅋𒇷, URU.si-il-lu, 𒌷𒋛𒅋𒇻","city, capital, seaport, country","Jadnana, Cyprus",7 A1,"Bagg RGTC 7 1: 219, Helsinki Atlas: 16 (map 7 A1), Parpola Toponyms: 309, <a href='https://www.geonames.org/146071/soloi.html' target='_blank'>Geonames: Sóloi</a>, <a href='https://www.ancientportsantiques.com/the-catalogue/' target='_blank'>Ancient Ports: Soloi</a>, <a href='https://pleiades.stoa.org/places/707624' target='_blank'>Pleiades: Soloi/Aipeia?</a>, <a href='http://oracc.museum.upenn.edu/riao/cbd/qpn-x-places/onebigfile.html' target='_blank'>RIAo Glossary: Places (Sillu [Soloi])</a>, <a href='http://oracc.museum.upenn.edu/rinap/cbd/qpn-x-places/onebigfile.html' target='_blank'>RINAP Glossary: Places (Sillu [Soloi])</a>"
860,Silluwa,"Silluwa, Sillua, Salamís, Salamis, Σαλαμίς, Salamis Harabeleri, Salamis Necropolis, Salamine of Cyprus, Salamine, Kōnstanteia, Konstanteia, Konstantia, Constantia",1,35.18558206858346,33.89933423453447,"KUR.si-lu-u-a, 𒆳𒋛𒇻𒌋𒀀, URU.si-il-lu-u-a, 𒌷𒋛𒅋𒇻𒌋𒀀, URU.si-il-lu-u₈-a, 𒌷𒋛𒅋𒇻𒇇𒀀, URU.si-il-lu-u₈-u-a, 𒌷𒋛𒅋𒇻𒇇𒌋𒀀, URU.si-lu-a, 𒌷𒋛𒇻𒀀","city, capital, seaport, country","Jadnana, Cyprus",7 B1,"Bagg RGTC 7 1: 219–220, Helsinki Atlas: 16 (map 7 B1), Parpola Toponyms: 319–310 (Sillua), <a href='https://zenodo.org/record/6384045' target='_blank'>Pedersén ANE: Silluwa? / Salamis (Konstanteia)</a>, <a href='https://pleiades.stoa.org/places/707617' target='_blank'>Pleiades: Salamis/Konstantia</a>, <a href='https://www.geonames.org/19042/salamis.html' target='_blank'>Geonames: Salamís</a>, <a href='https://www.ancientportsantiques.com/the-catalogue/' target='_blank'>Ancient Ports: Port of Salamis</a>, <a href='http://oracc.museum.upenn.edu/riao/cbd/qpn-x-places/onebigfile.html' target='_blank'>RIAo Glossary: Places (Silluwa [Salamis])</a>, <a href='http://oracc.museum.upenn.edu/rinap/cbd/qpn-x-places/onebigfile.html' target='_blank'>RINAP Glossary: Places (Silluwa [Salamis])</a>"
858,Silḫazi,"Silḫazi, Silhazi, Silḫazu, Silhazu, Dannūtu-ša-Mār-Bābili, Dannutu-ša-Mar-Babili, Fortress of the Babylonians, Kūh-i Alwand, Kūh-e Alvand, Kūh-i-Alwand, کوه الوند",3,34.763,48.349,"KUR.si-il-ḫa-zi, 𒆳𒋛𒅋𒄩𒍣, KUR.sil-ḫa-zu, 𒆳𒋻𒄩𒍪, dan-ni-ti-ša-DUMU-KÁ.DINGIR.RA.KI, 𒆗𒉌𒋾𒊭𒌉𒆍𒀭𒊏𒆠, dan-nu-tu-ša-DUMU-KÁ.DINGIR.RA.KI, 𒆗𒉡𒌅𒊭𒌉𒆍𒀭𒊏𒆠, dan-nu-tú-ša-DUMU-KÁ.DINGIR.RA.KI, 𒆗𒉡𒌓𒊭𒌉𒆍𒀭𒊏𒆠, dan-nu-tú-šá-DUMU-KÁ.DINGIR.RA.KI, 𒆗𒉡𒌓𒃻𒌉𒆍𒀭𒊏𒆠",mountain,Iran,11 D2,"Bagg RGTC 7 3/2: 511–512 (Silḫazi), Bagg RGTC 7 3/1: 171–172 (Dannūtu-ša-Mār-Bābili), Helsinki Atlas: 16 (map 11 D2), Parpola Toponyms: 309 (Silḫazi), <a href='https://www.geonames.org/143744/kuh-e-alvand.html' target='_blank'>Geonames: Kūh-e Alvand</a>, <a href='http://oracc.museum.upenn.edu/riao/cbd/qpn-x-places/onebigfile.html' target='_blank'>RIAo Glossary: Places (Silhazi [MOUNT SILHAZI])</a>, <a href='http://oracc.museum.upenn.edu/rinap/cbd/qpn-x-places/onebigfile.html' target='_blank'>RINAP Glossary: Places (Silhazi [MOUNT SILHAZI])</a>, <a href='http://oracc.museum.upenn.edu/riao/cbd/qpn-x-places/onebigfile.html' target='_blank'>RIAo Glossary: Places (Dannutu ša Mar Babili [FORTRESS OF THE BABYLONIANS])</a>, <a href='http://oracc.museum.upenn.edu/rinap/cbd/qpn-x-places/onebigfile.html' target='_blank'>RINAP Glossary: Places (Dannutu ša Mar Babili [FORTRESS OF THE BABYLONIANS])</a>"
1156,Simaki,"Simaki, Gwezha Dāġ, Silsilat Kuwayzah, سلسلة كويزة, Shax-î Goyje, Sagirma Dāġ (?), Sāgirmah Dāgh (?), شاخى سەگرمە (?)",–,35.51756,45.52794,"KUR.si-ma-ki, 𒆳𒋛𒈠𒆠",mountains,"Māzamua, Iraq",–,"Bagg RGTC 7 3/2: 512, Parpola Toponyms: 310, <a href='https://www.geonames.org/7388822/silsilat-kuwayzah.html' target='_blank'>Geonames: Silsilat Kuwayzah</a>, <a href='https://www.geonames.org/91766/sagirmah-dagh.html' target='_blank'>Geonames: Sāgirmah Dāgh</a>, <a href='http://oracc.museum.upenn.edu/riao/cbd/qpn-x-places/onebigfile.html' target='_blank'>RIAo Glossary: Places (Simaki)</a>"
862,Simirria,"Simirria, Simirra, Kūh-e Šeiḫ Marʾūf (?), Kūh-e Sheyk Ma‘rūf (?), کوه شيخ معروف, Kūh-i Šaiḫ Māret (?)",2,–,–,"KUR.si-mir-ri-a, 𒆳𒋛𒂇𒊑𒀀",mountain,"Māzamua, Iraq",11 B1,"Bagg RGTC 7 3/2: 514, Helsinki Atlas: 16 (map 11 B1), Parpola Toponyms: 310 (Simirra), <a href='https://www.geonames.org/8140388/kuh-e-sheyk-ma-ruf.html' target='_blank'>Geonames: Kūh-e Sheyk Ma‘rūf</a>, <a href='http://oracc.museum.upenn.edu/riao/cbd/qpn-x-places/onebigfile.html' target='_blank'>RIAo Glossary: Places (Simirria [MOUNT SIMIRRIA])</a>, <a href='http://oracc.museum.upenn.edu/rinap/cbd/qpn-x-places/onebigfile.html' target='_blank'>RINAP Glossary: Places (Simirria [MOUNT SIMIRRIA])</a>"
863,Sinabir,Sinabir,–,–,–,"KUR.si-na-bi-ir, 𒆳𒋛𒈾𒁉𒅕",mountain,"Māzamua, Iraq",–,"Bagg RGTC 7 3/2: 515, Parpola Toponyms: 310, <a href='http://oracc.museum.upenn.edu/riao/cbd/qpn-x-places/onebigfile.html' target='_blank'>RIAo Glossary: Places (Sinabir [MOUNT SINABIR])</a>, <a href='http://oracc.museum.upenn.edu/rinap/cbd/qpn-x-places/onebigfile.html' target='_blank'>RINAP Glossary: Places (Sinabir [MOUNT SINABIR])</a>"
867,Sinaʾini,"Sinaʾini, Siqaʾin",–,–,–,"URU.si-na-ʾi-i-ni, 𒌷𒋛𒈾𒀪𒄿𒉌",town,"Ḫābūr region (?), Balīḫ basin (?), Syria (?)",–,"Bagg RGTC 7 2/2: 532, Parpola Toponyms: 312 (Siqaʾin), <a href='http://oracc.museum.upenn.edu/atae/cbd/qpn-x-places/onebigfile.html' target='_blank'>ATAE Glossary: Places (Sinaʾini)</a>, <a href='http://oracc.museum.upenn.edu/saao/cbd/qpn-x-places/onebigfile.html' target='_blank'>SAAo Glossary: Places (Sinaʾini)</a>"
866,Sinaḫulzi,"Sinaḫulzi, Sinahulzi",–,–,–,"KUR.si-na-ḫul-zi, 𒆳𒋛𒈾𒅆𒌨𒍣",mountain,"Māzamua, Iraq",–,"Bagg RGTC 7 3/2: 516, Parpola Toponyms: 310, <a href='http://oracc.museum.upenn.edu/riao/cbd/qpn-x-places/onebigfile.html' target='_blank'>RIAo Glossary: Places (Sinahulzi [MOUNT SINAHULZI])</a>, <a href='http://oracc.museum.upenn.edu/rinap/cbd/qpn-x-places/onebigfile.html' target='_blank'>RINAP Glossary: Places (Sinahulzi [MOUNT SINAHULZI])</a>"
869,Singara,"Singāra, Singara, Balad Sinğār, Balad Sinjar",1,36.32705487100762,41.85796093051671,–,town,Iraq,4 A5,"Helsinki Atlas: 16 (Singāra town; map 4 A5), <a href='https://zenodo.org/record/6384045' target='_blank'>Pedersén ANE: Singara (Balad Sinjar)</a>"
868,Singāra,"Singāra, Singara, Ğabal Sinğār, Jabal Sinjār, Jabal Sinjar, Sinjar, Sinjār, جبل سنجار",1,36.34578,41.72633,–,mountain,Iraq,4 A5,"Helsinki Atlas: 16 (Singāra mountain; map 4 A5), <a href='https://www.geonames.org/90695/jabal-sinjar.html' target='_blank'>Geonames: Jabal Sinjār</a>"
1311,Siniḫini,"Siniḫini, Sinihini",–,–,–,"URU.si-ni-ḫi-ni, 𒌷𒋛𒉌𒄭𒉌",fortress,"Mannāja, Surikaš, Iran",–,"Bagg RGTC 7 3/2: 516, Parpola Toponyms: 311, <a href='http://oracc.museum.upenn.edu/riao/cbd/qpn-x-places/onebigfile.html' target='_blank'>RIAo Glossary: Places (Sinihini [1])</a>, <a href='http://oracc.museum.upenn.edu/rinap/cbd/qpn-x-places/onebigfile.html' target='_blank'>RINAP Glossary: Places (Sinihini [1])</a>"
870,Sinnu,"Sinnu, Sinni, Sinu, as-Sinn, Sinn, Shajara, Shjara, Shajarah, شجرة, Shajārah, Ash Shajarah, الشجرة, Qaryat ash Shajarah, قرية الشجرة",3,35.225212,43.419369,"URU.si-ni, 𒌷𒋛𒉌, URU.si-in-ni, 𒌷𒋛𒅔𒉌, LU₂.si-na-a-a, 𒇽𒋛𒈾𒀀𒀀, LU₂.DUMU-si-na-a-a, 𒇽𒌉𒋛𒈾𒀀𒀀",town,"Assyria, Iraq",10 C1,"Bagg RGTC 7 2/2: 533–534, Helsinki Atlas: 16 (map 10 C1), Parpola Toponyms: 311 (Sinu), Ibrahim (1986): <i>Pre-Islamic Settlement in Jazirah</i>: 57–58 (maps Pl. 7 and 10), <a href='https://www.geonames.org/91171/qaryat-ash-shajarah.html' target='_blank'>Geonames: Qaryat ash Shajarah</a>, <a href='http://oracc.museum.upenn.edu/saao/knpp/peoplegodsplaces/index.html' target='_blank'>Knowledge and Power: Sinnu</a>, <a href='https://www.ucl.ac.uk/sargon/peoplegodsplaces' target='_blank'>Assyrian empire builders: Sinnu</a>, <a href='http://oracc.museum.upenn.edu/saao/cbd/qpn-x-ethnic/onebigfile.html' target='_blank'>SAAo Glossary: Ethnic Names (Mar Sinnaya [citizen of Sinnu])</a>, <a href='http://oracc.museum.upenn.edu/saao/cbd/qpn-x-ethnic/onebigfile.html' target='_blank'>SAAo Glossary: Ethnic Names (mar-Sinnaya [Sinnean])</a>, <a href='http://oracc.museum.upenn.edu/saao/cbd/qpn-x-ethnic/onebigfile.html' target='_blank'>SAAo Glossary: Ethnic Names (Sinnaya [of Sinnu])</a>, <a href='http://oracc.museum.upenn.edu/saao/cbd/qpn-x-places/onebigfile.html' target='_blank'>SAAo Glossary: Places (Sinnu [1])</a>, <a href='http://oracc.museum.upenn.edu/atae/cbd/qpn-x-ethnic/onebigfile.html' target='_blank'>ATAE Glossary: Ethnic Names (Mar Sinnaya [citizen of Sinnu])</a>, <a href='http://oracc.museum.upenn.edu/atae/cbd/qpn-x-ethnic/onebigfile.html' target='_blank'>ATAE Glossary: Ethnic Names (Sinnaya [of Sinnu])</a>, <a href='http://oracc.museum.upenn.edu/atae/cbd/qpn-x-places/onebigfile.html' target='_blank'>ATAE Glossary: Places (Sinnu [1])</a>"
871,Sinzi,"Sinzi, Göksu, Singas",1,–,–,–,river,–,3 A3,Helsinki Atlas: 16 (map 3 A3)
864,Sinābu,"Sinābu, Sinabu, Murattaş, Pornak, Aktepe (?)",4,37.7968399946143,40.37922942884082,–,"prov. capital, city",Turkey,3 D3,"Helsinki Atlas: 16 (Aktepe; map 3 D3), <a href='https://zenodo.org/record/6384045' target='_blank'>Pedersén ANE: Sinabu? (Murattaş / Pornak)</a>, <a href='https://www.geonames.org/302519/kinalitarla.html' target='_blank'>Geonames: Kınalıtarla (Pornak)</a>"
1167,Sipirmena,"Sipirmena, Sipiamena",–,–,–,"KUR.si-pí-a-me-na, 𒆳𒋛𒁉𒀀𒈨𒈾, KUR.si-pir-me-na, 𒆳𒋛𒌓𒈨𒈾","territory, country","Māzamua, Iraq (?), Iran (?)",–,"Bagg RGTC 7 3/2: 516–517, Parpola Toponyms: 311, <a href='http://oracc.museum.upenn.edu/riao/cbd/qpn-x-places/onebigfile.html' target='_blank'>RIAo Glossary: Places (Sipiamena)</a>, <a href='http://oracc.museum.upenn.edu/riao/cbd/qpn-x-places/onebigfile.html' target='_blank'>RIAo Glossary: Places (Sipirmena)</a>"
872,Sippar,"Sippar, Zimbir, Sippar-ṣērim, Sippar-Yahrurum, Sippar-ša-Šamaš, Sippar-of-Šamaš, Tall Abū Ḥabbah, Tell Abū Ḥabba, Tell Abu Habbah, تل أبو حبة, Abu Habba, أبو حبة",1,33.05999989523148,44.25466261222468,–,"prov. capital, city","Babylonia, Iraq",10 D3,"Helsinki Atlas: 16 (map 10 D3), <a href='https://zenodo.org/record/6384045' target='_blank'>Pedersén ANE: Sippar-ṣērim (Abu Habba)</a>, <a href='https://zenodo.org/record/5217600' target='_blank'>CIGS: Sippar/Tall Abū Ḥabbah</a>, <a href='https://pleiades.stoa.org/places/894089' target='_blank'>Pleiades: Sippar</a>"
873,Sippar-Arūru,"Sippar-Arūru, Sippar-Amnanum, Sippar-Annunītu, Sippar-Annunitu, Sippar-dūrim, Tell ed-Dēr, Tell ed-Der, Tall al-Daiyyr, تل الدير",2,33.09812236862174,44.29948761295098,–,town,"Babylonia, Iraq",10 C3,"Helsinki Atlas: 16 (Sippar-Arūru; map 10 C3), <a href='https://zenodo.org/record/6384045' target='_blank'>Pedersén ANE: Sippar-dūrim (Tell ed-Der)</a>, <a href='https://pleiades.stoa.org/places/392373882' target='_blank'>Pleiades: Sippar-Amnanum</a>, <a href='https://zenodo.org/record/5217600' target='_blank'>CIGS: Sippar-Amnanum</a>"
875,Sirdakka,"Sirdakka, Sirdakku, Zirdiakka",4,35.1,47.16666,"URU.si-ir-da-ak-ka, 𒌷𒋛𒅕𒁕𒀝𒅗, URU.zi-ir-di-ak-ka, 𒌷𒍣𒅕𒁲𒀝𒅗","fortress, fortified city, city","Mannāja, Missi, Iran",11 C1,"Bagg RGTC 7 3/2: 625, Helsinki Atlas: 16 (map 11 C1), Parpola Toponyms: 312 (Sirdakka), Parpola Toponyms: 384 (Zirdiakka), <a href='http://oracc.museum.upenn.edu/riao/cbd/qpn-x-places/onebigfile.html' target='_blank'>RIAo Glossary: Places (Zirdiakka [1])</a>, <a href='http://oracc.museum.upenn.edu/rinap/cbd/qpn-x-places/onebigfile.html' target='_blank'>RINAP Glossary: Places (Zirdiakka [1])</a>"
876,Sirqu,"Sirqu, Terqa, Dirga, Tirqa, Tiriqan, Tirka, Tall al-ʿAšāra, Tall al-Ašārah, Tell ʿAšāra, Tall al-Ashara, Ashara, تل العشارة, تل الأشارة",1,34.92225411859349,40.56841161381248,"URU.si-ir-qi, 𒌷𒋛𒅕𒆥, URU.sir-qi, 𒌷𒋤𒆥, URU.sir-qu, 𒌷𒋤𒄣, KUR.sir-qu, 𒆳𒋤𒄣, URU.sir-qa-a-ia, 𒌷𒋤𒋡𒀀𒅀, URU.sir-qi-a-a, 𒌷𒋤𒆥𒀀𒀀, ter-qa.KI, 𒌁𒋡𒆠",city,"Lāqê, Syria",9 C2,"Bagg RGTC 7 2/2: 535–536, Helsinki Atlas: 16 (map 9 C2), <a href='https://zenodo.org/record/6384045' target='_blank'>Pedersén ANE: Terqa / Sirqu (Ashara)</a>, <a href='https://zenodo.org/record/5217600' target='_blank'>CIGS: Terqa / Tall al-Ašārah</a>, <a href='https://books.openedition.org/cdf/4487' target='_blank'>MTT I/3: Terqa / Tall al-Ashara (HIGEOMES Nr. 16)</a>, <a href='http://oracc.museum.upenn.edu/riao/cbd/qpn-x-places/onebigfile.html' target='_blank'>RIAo Glossary: Places (Sirqu)</a>, <a href='http://oracc.museum.upenn.edu/riao/cbd/qpn-x-places/onebigfile.html' target='_blank'>RIAo Glossary: Places (Terqa)</a>"
874,Sirāra,"Sirāra, Anti-Lebanon",3,–,–,–,mountain,–,8 B3,Helsinki Atlas: 16 (map 8 B3)
877,Sissû,"Sissû, Sissu, Sisû, Sizû, Zisi, Āl-Zizim, Sision, Sission, Sīs, Kozan",1,37.4496960187949,35.8123398678159,"KUR.si-is-su-ú, 𒆳𒋛𒄑𒋢𒌑, URU.si-is-su-u, 𒌷𒋛𒄑𒋢𒌋, URU.si-is-su-ú, 𒌷𒋛𒄑𒋢𒌑, URU.si-su-ú, 𒌷𒋛𒋢𒌑, URU.si-zu-ú, 𒌷𒋛𒍪𒌑",city,"Cilicia, Turkey",2 B3,"Bagg RGTC 7 1: 222, Helsinki Atlas: 16 (map 2 B3), Parpola Toponyms: 313, <a href='https://pleiades.stoa.org/places/34546779' target='_blank'>Pleiades: Sissû</a>, <a href='https://www.geonames.org/306112/kozan.html' target='_blank'>Geonames: Kozan</a>, <a href='http://oracc.museum.upenn.edu/riao/cbd/qpn-x-places/onebigfile.html' target='_blank'>RIAo Glossary: Places (Sissu [1])</a>, <a href='http://oracc.museum.upenn.edu/rinap/cbd/qpn-x-places/onebigfile.html' target='_blank'>RINAP Glossary: Places (Sissu [1])</a>"
1186,Sitera,Sitera,–,–,–,"URU.si-te-ra, 𒌷𒋛𒋼𒊏","city, fortified city","Mannāja, Zikirtu, Aukanê, Iran",–,"Bagg RGTC 7 3/2: 521–522, Parpola Toponyms: 313, <a href='http://oracc.museum.upenn.edu/riao/cbd/qpn-x-places/onebigfile.html' target='_blank'>RIAo Glossary: Places (Sitera)</a>, <a href='http://oracc.museum.upenn.edu/rinap/cbd/qpn-x-places/onebigfile.html' target='_blank'>RINAP Glossary: Places (Sitera)</a>"
1160,Sizini,Sizini,–,–,–,"URU.si-zi-ni, 𒌷𒋛𒍣𒉌",town,"Māzamua, Iraq",–,"Bagg RGTC 7 3/2: 522, <a href='http://oracc.museum.upenn.edu/atae/cbd/qpn-x-places/onebigfile.html' target='_blank'>ATAE Glossary: Places (Sizini)</a>, <a href='http://oracc.museum.upenn.edu/saao/cbd/qpn-x-places/onebigfile.html' target='_blank'>SAAo Glossary: Places (Sizini)</a>"
878,Siʾimmê,"Siʾimmê, Siʾimme, Siʾme, Simme, Tell Ğilāga (NOT), Tall Ğilāġa (NOT)",4,36.9808177807648,41.8253407941766,"si-iʾ-me-e, 𒋛𒀪𒈨𒂊, si-im-me-e, 𒋛𒅎𒈨𒂊, si-me-e, 𒋛𒈨𒂊, KUR.si-ʾi-me-e, 𒆳𒋛𒀪𒈨𒂊, KUR.si-me-e, 𒆳𒋛𒈨𒂊, URU.si-iʾ-me-e, URU.si-ʾi-me-e, 𒌷𒋛𒀪𒈨𒂊, URU.si-im-me-e, 𒌷𒋛𒅎𒈨𒂊, URU.si-me-e, 𒌷𒋛𒈨𒂊","prov. capital, city, province","Assyria, Siʾimmê province, Iraq",4 A5,"Bagg RGTC 7 2/2: 528–529, Helsinki Atlas: 16 (map 4 A5), Parpola Toponyms: 308 (Siʾme), Parpola Toponyms: 314 (Si(..)e), <a href='https://www.google.com/maps/d/u/0/viewer?mid=1XWivnuuHzEfy0BJ6nMOdRbkLojLzahA&ll target='_blank'>Maija Holappa's map</a>, <a href='http://oracc.museum.upenn.edu/saao/knpp/peoplegodsplaces/index.html' target='_blank'>Knowledge and Power: Siʾimme</a>, <a href='https://www.ucl.ac.uk/sargon/peoplegodsplaces' target='_blank'>Assyrian empire builders: Siʾimme</a>, <a href='http://oracc.museum.upenn.edu/atae/cbd/qpn-x-places/onebigfile.html' target='_blank'>ATAE Glossary: Places (Siʾimme [1])</a>, <a href='http://oracc.museum.upenn.edu/saao/cbd/qpn-x-places/onebigfile.html' target='_blank'>SAAo Glossary: Places (Siʾimme [1])</a>, <a href='http://oracc.museum.upenn.edu/tsae/cbd/qpn-x-places/onebigfile.html' target='_blank'>TSAE Glossary: Places (Siʾme [1])</a>"
879,Subartu,"Subartu, Šubartu, North Mesopotamia",–,–,–,"su-bar-tum, su-bar-tum.KI, SU.BIR<sub>4</sub>, SU.BIR<sub>4</sub>.KI, SU.KI, šu-bar-ti, KUR.su-bar-ti, KUR.SU.BIR<sub>4</sub>",territory,North Assyria,–,Bagg RGTC 7 2: 538–539
880,Sueia,Sueia,–,–,–,"KUR.su-e-ia (?), 𒆳𒋢𒂊𒅀 (?)",mountain,"Naiʾri, Iraq (?), Turkey (?)",–,"Bagg RGTC 7 2: 539, <a href='http://oracc.museum.upenn.edu/riao/cbd/qpn-x-places/onebigfile.html' target='_blank'>RIAo Glossary: Places (Sueia)</a>"
1221,Suena,Suena,–,–,–,"URU.su-e-na, 𒌷𒋢𒂊𒈾",town,"Assyria, Naṣībina province, Syria (?), Turkey (?)",–,"Bagg RGTC 7 2/2: 539 (Suena (?)), Parpola Toponyms: 315, <a href='http://oracc.museum.upenn.edu/saao/cbd/qpn-x-places/onebigfile.html' target='_blank'>SAAo Glossary: Places (Suena [1])</a>, <a href='http://oracc.museum.upenn.edu/atae/cbd/qpn-x-places/onebigfile.html' target='_blank'>ATAE Glossary: Places (Suena [1])</a>"
883,Sumbu,"Sumbu, Sumbi, Sunbu, Sunbi, Plain of Sulaimānīya",2,–,–,"URU.su-um-bi, 𒌷𒋢𒌝𒁉, KUR.su-um-bi, 𒆳𒋢𒌝𒁉, KUR.su-un-ba-a-a, 𒆳𒋢𒌦𒁀𒀀𒀀","city, territory, district","Māzamua, Iraq",11 A1,"Bagg RGTC 7 3/2: 527–528 (Sumbi), Helsinki Atlas: 16 (map 11 A1), Parpola Toponyms: 317, <a href='https://www.ucl.ac.uk/sargon/peoplegodsplaces' target='_blank'>Assyrian empire builders: Sumbu</a>, <a href='http://oracc.museum.upenn.edu/atae/cbd/qpn-x-places/onebigfile.html' target='_blank'>ATAE Glossary: Places (Sumbi)</a>, <a href='http://oracc.museum.upenn.edu/saao/cbd/qpn-x-places/onebigfile.html' target='_blank'>SAAo Glossary: Places (Sumbi)</a>, <a href='http://oracc.museum.upenn.edu/riao/cbd/qpn-x-places/onebigfile.html' target='_blank'>RIAo Glossary: Places (Sumbi)</a>, <a href='http://oracc.museum.upenn.edu/rinap/cbd/qpn-x-places/onebigfile.html' target='_blank'>RINAP Glossary: Places (Sumbi)</a>, <a href='http://oracc.museum.upenn.edu/riao/cbd/qpn-x-ethnic/onebigfile.html' target='_blank'>RIAo Glossary: Ethnic (Sunbayu)</a>"
884,Sumurzu,"Sumurzu, Plain of Dehra, Sar-i-Pūl Zuhāb",3,–,–,–,territory,–,11 A2,Helsinki Atlas: 16 (map 11 A2)
885,Sumuʾil,"Sumuʾil, Sumuʾel",–,–,–,"KUR.su-mu-ìl, 𒆳𒋢𒈬𒀭, LÚ.su-mu-uʾ-ìl, 𒇽𒋢𒈬𒀪𒀭",tribe,"Arabs, Saudi Arabia (?)",–,"Bagg RGTC 7 2/2: 543–544, Parpola Toponyms: 317, <a href='http://oracc.museum.upenn.edu/riao/cbd/qpn-x-ethnic/onebigfile.html' target='_blank'>RIAo Glossary: Ethnic (Sumuʾil)</a>, <a href='http://oracc.museum.upenn.edu/rinap/cbd/qpn-x-ethnic/onebigfile.html' target='_blank'>RINAP Glossary: Ethnic (Sumuʾil)</a>"
887,Supnat,"Supnat, Subnat, Yusufoğlu Deresi, Yusufoglu Deresi, Sufāndere, Sufan çay, Nahr Şūfān Chāy, Nahr Şūfān Jāy, Sefan Çayı, Safan Cayı, Satan Çayı, Wādī Sūtān, Wādī Şūtān, وادي سوتان",2,–,–,"ÍD.su-ub-na-at, 𒀀𒇉𒋢𒌒𒈾𒀜, ÍD.su-ub-nat, 𒀀𒇉𒋢𒌒𒆳",river,"Turkey, Syria",4 B4,"Bagg RGTC 7 2/2: 687–688 (Subnat), Helsinki Atlas: 16 (map 4 B4), Parpola Toponyms: 315 (Subnat), <a href='https://www.geonames.org/442032/yusufoglu-deresi.html' target='_blank'>Geonames: Yusufoğlu Deresi</a>, <a href='https://www.geonames.org/164016/satan-cayi.html' target='_blank'>Geonames: Satan Çayı</a>, <a href='http://oracc.museum.upenn.edu/riao/cbd/qpn-x-waters/onebigfile.html' target='_blank'>RIAo Glossary: Watercourses (Subnat [1])</a>"
1118,Sur Muhreh,"Sur Muhreh, Sur Mureh, Sur Muhra, Sūr Muhra, Sūr Murʾeh, Sūr Murʿeh",1,34.312917,42.261264,–,fortress,"Sūḫu, Iraq",–,"Bagg RGTC 7 2/1: 236, <i>Excavations in Iraq 1979-80</i>. Iraq 43/2 (1981): 197 and Map 2 (no. 3), <i>Excavations in Iraq 1981-82</i>. Iraq 45/2 (1983): 203 (Map 2), Morello (2010): <i>Fortificazioni di Frontiera di Epoca Neo-Assira</i>: 213, <a href='https://books.openedition.org/cdf/4487' target='_blank'>MTT I/3: Sur Mureh / Sūr Muhra (HIGEOMES Nr. 201)</a>"
889,Sura,"Sura, Soura, Suriya, Souriya",–,35.89692739079189,38.77896278946255,–,–,Syria,–,"<a href='https://zenodo.org/record/6384045' target='_blank'>Pedersén ANE: Sura / Suriya</a>, <a href='https://pleiades.stoa.org/places/668376' target='_blank'>Pleiades: Soura</a>"
890,Surappu,"Surappu, Rūdḫāne-ye Cangūle",2,–,–,–,river,–,11 B4,Helsinki Atlas: 16 (map 11 B4)
1276,Suriana,Suriana,–,–,–,"URU.su-ri-a-na-a-a, 𒌷𒋢𒊑𒀀𒈾𒀀𒀀",town,"Urarṭu, East Azerbaijan, Iran",–,"Bagg RGTC 7 3/2: 530–531, Parpola Toponyms: 319, <a href='https://www.ucl.ac.uk/sargon/peoplegodsplaces' target='_blank'>Assyrian empire builders: Suriana</a>, <a href='http://oracc.museum.upenn.edu/saao/cbd/qpn-x-ethnic/onebigfile.html' target='_blank'>SAAo Glossary: Ethnic Names (Surianaya [1])</a>, <a href='http://oracc.museum.upenn.edu/atae/cbd/qpn-x-ethnic/onebigfile.html' target='_blank'>ATAE Glossary: Ethnic Names (Surianaya [of Suriana])</a>, <a href='http://oracc.museum.upenn.edu/saao/cbd/qpn-x-ethnic/onebigfile.html' target='_blank'>SAAo Glossary: Ethnic Names (Surianaya [of Suriana])</a>"
891,Surikaš,"Surikaš, Šurikaš, Marīvān, Marivan, مریوان, Dezh Shāhpūr, دِژ شاهپور, Bāneh (?), Bāne (?), بانه",3,35.51829,46.18298,"KUR.su-ri-ka-áš, 𒆳𒋢𒊑𒅗𒀾",district,"Mannāja, Iran",11 B1,"Bagg RGTC 7 3/2: 531, Helsinki Atlas: 16 (map 11 B1), Parpola Toponyms: 319, <a href='https://www.geonames.org/124778/marivan.html' target='_blank'>Geonames: Marīvān</a>, <a href='https://www.geonames.org/141584/baneh.html' target='_blank'>Geonames: Bāneh</a>, <a href='http://oracc.museum.upenn.edu/riao/cbd/qpn-x-places/onebigfile.html' target='_blank'>RIAo Glossary: Places (Surikaš [1])</a>"
1173,Suritu,Suritu,–,–,–,"URU.su-ri-tu, 𒌷𒋢𒊑𒌅",fortified city,"Māzamua, Zamru, Iraq",–,"Bagg RGTC 7 3/2: 531, Parpola Toponyms: 319, <a href='http://oracc.museum.upenn.edu/riao/cbd/qpn-x-places/onebigfile.html' target='_blank'>RIAo Glossary: Places (Suritu)</a>"
892,Surmarrāti,"Sūr-marrati, Surmarrāti, Sāmarāʾ, Surra-man-rāʾ, Sur-marrati, Gurmarriti, Samarra",1,34.20585218864547,43.8796345742268,–,town,"Babylonia, Iraq",10 C2,"Helsinki Atlas: 16 (map 10 C2), <a href='https://zenodo.org/record/6384045' target='_blank'>Pedersén ANE: Samarra</a>, <a href='https://pleiades.stoa.org/places/894082' target='_blank'>Pleiades: Samarra/‘Sumere’</a>"
1200,Surra,"Surra, Sarrah (?), Sarah (?), Sare (?), Sarrah (?), سارە, Surra (?), سرة",–,36.38864,44.77096,"URU.su-ur-ra, 𒌷𒋢𒌨𒊏",town,"Nimme, Iraq",–,"Bagg RGTC 7 3/2: 531–532, Parpola Toponyms: 319, <a href='https://www.geonames.org/447365/sarrah.html' target='_blank'>Geonames: Sarrah</a>, <a href='http://oracc.museum.upenn.edu/riao/cbd/qpn-x-places/onebigfile.html' target='_blank'>RIAo Glossary: Places (Surra)</a>"
894,Suru,"Suru, Sūru, Sūrâ, Sūrāia, Bīt-Kapan (?), Tell Fidēn, Tall Fidēn, Tell Fiden, الفيدن, Buṣaira (?), Buseire (?), البصيرة (?), Tell Suwwar (?), Tall Ṣuwār (?)",1,35.36333340366294,40.56285443246396,"URU.su-ú-ri, 𒌷𒋢𒌑𒊑, URU.su-ru, 𒌷𒋢𒊒",town,"Bīt-Ḫalupê, Lāqê, Syria",9 C1,"Bagg RGTC 7 2/2: 546 (Sūru 1), Helsinki Atlas: 16 (Sūru 1; map 9 C1), Parpola Toponyms: 319, <a href='https://zenodo.org/record/6384045' target='_blank'>Pedersén ANE: (Tell Fiden)</a>, <a href='https://books.openedition.org/cdf/4513' target='_blank'>MTT I/3: Tall Fiden (aB Bīt-Kapan)</a>, <a href='https://zenodo.org/record/6384045' target='_blank'>Pedersén ANE: Circesium (Buseire)</a>, <a href='https://zenodo.org/record/6384045' target='_blank'>Pedersén ANE: (Tell Suwwar)</a>, <a href='https://books.openedition.org/cdf/4487' target='_blank'>MTT I/3: Tall Suwwar (HIGEOMES Nr. 156)</a>, <a href='http://oracc.museum.upenn.edu/riao/cbd/qpn-x-places/onebigfile.html' target='_blank'>RIAo Glossary: Places (Suru)</a>"
832,Sāmerīna,"Sāmerīna, Samerina, Samaria, Šomerôn, Shomron, שֹׁומְרוֹן, as-Sāmirah, السامرة",1,32.27632845108714,35.18929942312235,–,"prov. capital, city","Bīt-Ḫumrî, Israel",7 D4,"Helsinki Atlas: 16 (map 7 D4), <a href='https://zenodo.org/record/6384045' target='_blank'>Pedersén ANE: Samerina / Shomron / Samaria</a>, <a href='https://www.telshimronexcavations.com' target='_blank'>Tel Shimron Excavations</a>"
841,Sāqi,"Sāqi, Saqi",–,–,–,"URU.sa-a-qi, 𒌷𒊓𒀀𒆥",town,–,–,<a href='http://oracc.museum.upenn.edu/atae/cbd/qpn-x-places/onebigfile.html' target='_blank'>ATAE Glossary: Places (Saqi [1])</a>
882,Sūia,"Sūia, Suia, Sūja, Suja, Sūya, Suya, Sû, Sūa, Sua, Suani, Kani Miran Dāġ, Kani Miran Dagh, Jabal Sipīdārah, Jabal Sibiyārā, جبل سبيارا, جبل سپيداره",–,35.72776,45.82462,"KUR.su-ú-ia, 𒆳𒋢𒌑𒅀, KUR.su-ú, 𒆳𒋢𒌑, KUR.su-ú-a, 𒆳𒋢𒌑𒀀, KUR.su-a, 𒆳𒋢𒀀",mountain,"Māzamua, Iraq",–,"Bagg RGTC 7 3/2: 524–525, Parpola Toponyms: 316, Speiser (1926–1927): <i>Southern Kurdistan in the Annals of Ashurnasirpal and Today</i>. AASOR 8: 27 and map, <a href='https://www.geonames.org/7388849/jabal-sipidarah.html' target='_blank'>Geonames: Jabal Sipīdārah</a>, <a href='https://www.ucl.ac.uk/sargon/peoplegodsplaces' target='_blank'>Assyrian empire builders: Sua</a>, <a href='http://oracc.museum.upenn.edu/riao/cbd/qpn-x-places/onebigfile.html' target='_blank'>RIAo Glossary: Places (Suya [MOUNT SUYA])</a>, <a href='http://oracc.museum.upenn.edu/rinap/cbd/qpn-x-places/onebigfile.html' target='_blank'>RINAP Glossary: Places (Suya [MOUNT SUYA])</a>, <a href='http://oracc.museum.upenn.edu/atae/cbd/qpn-x-places/onebigfile.html' target='_blank'>ATAE Glossary: Places (Sua)</a>, <a href='http://oracc.museum.upenn.edu/saao/cbd/qpn-x-places/onebigfile.html' target='_blank'>SAAo Glossary: Places (Sua)</a>, <a href='http://oracc.museum.upenn.edu/riao/cbd/qpn-x-places/onebigfile.html' target='_blank'>RIAo Glossary: Places (Sua)</a>, <a href='http://oracc.museum.upenn.edu/riao/cbd/qpn-x-places/onebigfile.html' target='_blank'>RIAo Glossary: Places (Su)</a>"
895,Sūru,"Sūru, Suru, Sūr, Sur Telbis, Sūr Telbīs, Sūr Talbīs",3,34.37549087167321,42.04609933757666,"URU.su-ru, 𒌷𒋢𒊒, URU.su-ú-ru, 𒌷𒋢𒌑𒊒, URU.su-ú-ri, 𒌷𒋢𒌑𒊑",town,"Sūḫu, Iraq",–,"Bagg RGTC 7 2/2: 547 (Sūru 2), Helsinki Atlas: 16 (map 10 B2; Sūru 2), Parpola Toponyms: 319, <a href='https://zenodo.org/record/6384045' target='_blank'>Pedersén ANE: Suru? (Sur Telbis)</a>, <a href='https://books.openedition.org/cdf/4487' target='_blank'>MTT I/3: Sur Telbis / Sūr Talbīs (HIGEOMES Nr. 202)</a>, <a href='https://www.ucl.ac.uk/sargon/peoplegodsplaces' target='_blank'>Assyrian empire builders: Suru</a>, <a href='http://oracc.museum.upenn.edu/riao/cbd/qpn-x-places/onebigfile.html' target='_blank'>RIAo Glossary: Places (Suru)</a>, <a href='http://oracc.museum.upenn.edu/saao/cbd/qpn-x-places/onebigfile.html' target='_blank'>SAAo Glossary: Places (Suru)</a>"
896,Sūrunu,"Sūrunu, Surunu, Šurun, Sārīn, Sazgın, Şūrān (?), Şawrān (?), صوران, Soûrâne (?), Tell Ṣūrān (?), Šewirin (?)",3,36.94116868355517,37.46174756238214,"URU.su-u₂-ru-nu, 𒌷𒋢𒌑𒊒𒉡, šrn, 𐡔𐡓𐡍","fortified city, city, town (?)","Bīt-Adini, Turkey, Syria (?)",2 D4,"Bagg RGTC 7 1: 223–224, Helsinki Atlas: 16 (map 2 D4), Parpola Toponyms: 319, <a href='https://zenodo.org/record/6384045' target='_blank'>Pedersén ANE: (Sazgın)</a>, <a href='https://www.geonames.org/301398/sazgin.html' target='_blank'>Geonames: Sazgın</a>, <a href='https://www.geonames.org/163913/suran.html' target='_blank'>Geonames: Şūrān</a>, <a href='http://oracc.museum.upenn.edu/riao/cbd/qpn-x-places/onebigfile.html' target='_blank'>RIAo Glossary: Places (Surunu [1])</a>"
1119,Sūzu,"Sūzu, Sūru, Suru",–,–,–,"URU.su-ru (?), 𒌷𒋢𒊒 (?), URU.su-zu (?), 𒌷𒋢𒍪 (?)",town,"Central Assyria (?), Iraq (?)",–,Bagg RGTC 7 2/2: 457 (Sūru 3 (?))
881,Sūḫu,"Sūḫu, Sūḫi, Šoaʿ",1,–,–,–,"country, province",–,9 D2,Helsinki Atlas: 16 (map 9 D2)
929,Tabite,"Tabite, Tabitu, Thebeta (2), Tell Abū Arzala, Tall Abū Arzala, Abū ʿAzāla, Abū ‘Azālah, أبو عزالة, Tall Brāk (?), Tell Brak (?), تل براك (?)",3,36.63657,41.05204,"URU.ta-bi-te, 𒌷𒋫𒁉𒋼, URU.ta-bi-ti, 𒌷𒋫𒁉𒋾",town,"Ḫarmiš, Syria",3 E4,"Helsinki Atlas: 16 (map 3 E4), Bagg RGTC 7 2/2: 581, <a href='https://www.geonames.org/383762/abu-azalah.html' target='_blank'>Geonames: Abū ‘Azālah</a>, <a href='https://pleiades.stoa.org/places/874735' target='_blank'>Pleiades: Tell Brak</a>, <a href='http://oracc.museum.upenn.edu/riao/cbd/qpn-x-places/onebigfile.html' target='_blank'>RIAo Glossary: Places (Tabitu)</a>"
927,Tabāl,"Tabāl, Tabālu, Tabal, Tubal, Cappadocia",2,–,–,–,region,–,1 D3,Helsinki Atlas: 16 (map 1 D3)
930,Tadmar,"Tadmar, Tadmur, Tadmuru, Tadmir, Tadmor, תַּדְמֹר, תדמר, Thadamora, Θαδάμορα, Palmyra, Πάλμυρα, Hadrianopolis, Ἁδριανοπόλις, Colonia Hadriana Antoniniana Pia, I Illyricorum garrison, Kharā’ib Tadmur, خرائب تدمر, Tedmor, تدمر, Tamar",2,34.551389,38.268056,"URU.ta-ad-mar, 𒌷𒋫𒀜𒈥, URU.tad-mar, 𒌷𒋺𒈥, תדמר","city, oasis",Syria,8 D2,"Helsinki Atlas: 16 (map 8 D2), <a href='https://zenodo.org/record/6384045' target='_blank'>Pedersén ANE: Tadmur / Palmyra</a>, <a href='https://pleiades.stoa.org/places/668331' target='_blank'>Pleiades: Palmyra</a>, <a href='https://www.geonames.org/163809/palmyra.html' target='_blank'>Geonames: Palmyra</a>, <a href='http://oracc.museum.upenn.edu/riao/cbd/qpn-x-places/onebigfile.html' target='_blank'>RIAo Glossary: Places (Tadmar [1])</a>"
935,Tagrītiānu,"Tagrītiānu, Tagaritejāni, Tagariteni, Takrītain, Tagritajn, Takritain, Šitullum, Šitula, Birta, Birtha, Ṭrīhān, Takrīt, Takrit, Tekrīt, Tikrit, Tikrīt, تكريت",1,34.6032310527314,43.69230755720257,"URU.ta-ga-ri-te-ia-ni, 𒌷𒋫𒂵𒊑𒋼𒅀𒉌, URU.ta-ga-ri-te-ni, 𒌷𒋫𒂵𒊑𒋼𒉌, URU.ta-gi-ri-te-ni, 𒌷𒋫𒄀𒊑𒋼𒉌, URU.tak-ri-i-ta-in, 𒌷𒋳𒊑𒄿𒋫𒅔",town,Iraq,10 C2,"Helsinki Atlas: 16 (map 10 C2; Tagrītiānu), Bagg RGTC 7 2/2: 582 (Tagaritejāni), Parpola Toponyms: 355 (Takrītain), <a href='https://zenodo.org/record/6384045' target='_blank'>Pedersén ANE: Takritain (Tikrit)?</a>, <a href='https://books.openedition.org/cdf/4718' target='_blank'>MTT I/1 (Šitullum; HIGEOMES Nr. 777)</a>, <a href='https://pleiades.stoa.org/places/894099' target='_blank'>Pleiades: Takrit/Birta</a>"
933,Taidu,"Taidu, Tell Ḥamidīya, Tell Hamidiya",3,36.81602966344261,41.16502792091853,–,city,Syria,3 E4,"Helsinki Atlas: 16 (map 3 E4), <a href='https://zenodo.org/record/6384045' target='_blank'>Pedersén ANE: Taidu? (Tell Hamidiya)</a>"
934,Tajâ,"Tajâ, Taiâ, Tāya, Taya, Kəfar Ṭai, Kefr Tai, Kafr Tāyā, Kafr Taya, كفر تايا, Kafr Nāyā, Kafr Naya, Kafer Nâya, Kafer Naya, Kafrnāyā, Kafrnaya, كفر نايا, Ṭaṭaya (?), Tatiyah (?), Ţāţīyah (?), Tatiye (?), طاطية",–,36.4201,37.07461,"URU.ta-ia-a, 𒌷𒋫𒅀𒀀",city,"Pattinu, Bīt-Agūsi (?), Syria",–,"Bagg RGTC 7 1: 247, Parpola Toponyms: 343, Astour (1963): <i>Place-Names from the Kingdom of Alalaḫ...</i> JNES 22: 237 (no. 153), <a href='https://www.geonames.org/168652/kafr-naya.html' target='_blank'>Geonames: Kafr Nāyā</a>, <a href='https://www.geonames.org/163328/tatiyah.html' target='_blank'>Geonames: Ţāţīyah</a>, <a href='http://oracc.museum.upenn.edu/riao/cbd/qpn-x-places/onebigfile.html' target='_blank'>RIAo Glossary: Places (Taya [1])</a>"
936,Talbiš,"Talbiš, Talmiš, Thilabous, Olabous, Thiloutha (?), Thilutha (?), Ğazīrat Talbīs, Talbīs, Telbis",1,34.37496,42.03796,"KUR.tal-meš, 𒆳𒊑𒈨𒌍, URU.tal-bi-iš, 𒌷𒊑𒁉𒅖, URU.tal-miš, 𒌷𒊑𒈩, URU.tal-mì-iš, 𒌷𒊑𒈨𒅖","town, island","Sūḫu, Iraq",10 B2,"Bagg RGTC 7 2/2: 583, Helsinki Atlas: 17 (map 10 B2), Parpola Toponyms: 344, <i>Excavations in Iraq, 1979-80</i>, Iraq 43/2 (1981): 193, <a href='https://books.openedition.org/cdf/4487' target='_blank'>MTT I/3: Telbis/Talbīs (HIGEOMES Nr. 197)</a>, <a href='https://pleiades.stoa.org/places/894103' target='_blank'>Pleiades: Telbis</a>, <a href='http://oracc.museum.upenn.edu/riao/cbd/qpn-x-places/onebigfile.html' target='_blank'>RIAo Glossary: Places (Talmiš)</a>"
937,Tall Zirā‘a,"Tall Zirā‘a, Tell Zirā‘a",–,32.6206,35.65588,–,city,Southern Levant,–,<a href='http://www.tallziraa.de/Tall-Zira'a/1_106.html' target='_blank'>The Gadara Region Project</a>
1213,Tall Ṣabī Abiyaḍ,"Tall Ṣabī Abiyaḍ, Tall Ṣabī Ābiyaḍ, Tall Ṣabīy Abyaḍ, Tell Sabi Abyad, تل صبي أبيض, Ṣabī Ābiyaḍ, Ṣabīj Abjaḍ, Ṣabī Abyaḍ, Sabi Abyad, صبي أبيض",1,36.50357120033527,39.09293450530719,–,"fortress, city","Ḫanigalbat, Syria",–,"Akkermans – Limpens – Spoor (1993): <i>On the frontier of Assyria: excavations at Tell Sabi Abyad 1991</i>. Akkadica 84–85: 1–52., <a href='https://www.universiteitleiden.nl/en/research/research-projects/archaeology/tell-sabi-abyad-syria' target='_blank'>Tell Sabi Abyad (Syria). Leiden University.</a>, <a href='https://zenodo.org/record/6384045' target='_blank'>Pedersén ANE: (Tell Sabi Abyad)</a>, <a href='https://www.openstreetmap.org/way/983100829' target='_blank'>OpenStreetMap: Tell Sabi Abyad</a>, <a href='https://books.openedition.org/cdf/4487' target='_blank'>MTT I/3: Tall Sabi Abyad (HIGEOMES Nr. 102)</a>, <a href='https://pleiades.stoa.org/places/413537086' target='_blank'>Pleiades: Tell Sabi Abyad</a>, <a href='https://zenodo.org/record/5217600' target='_blank'>CIGS: Tall Ṣabī Ābiyaḍ</a>, <a href='https://books.openedition.org/cdf/4487' target='_blank'>MTT I/3: Sabi Abyad III (HIGEOMES Nr. 1091)</a>, <a href='https://pleiades.stoa.org/places/293088343' target='_blank'>Pleiades: Tell Sabi Abyad</a>"
938,Talmūsa,"Talmūsa, Talmūsu, Talmusa, Talmusu, Talmusi, Talamusa, Rīmusu, Talmuššu, Talmušše, Gir-e pan, Girēpān, Girepan, Ger-e Pan, Kārībahīn, Kārī Bahīn, Kari Bahin, كاري بهين, al-Ğarāhīya (?), Jarhīyah (?), Jaraḩīyah (?), Jerahiyeh (?), Jrhia (?), جرهية, Ḫirbat al-Ğarāhīya (?), Cirhye (?)",4,36.776,42.9355,"URU.ta-la-mu-sa, 𒌷𒋫𒆷𒈬𒊓, URU.tal-mu-sa, 𒌷𒊑𒈬𒊓, URU.tal-mu-si, 𒌷𒊑𒈬𒋛, URU.tal-mu-su, 𒌷𒊑𒈬𒋢, tal-mu-si, 𒊑𒈬𒋛, URU.tal-mu-še, 𒌷𒊑𒈬𒊺 ","prov. capital, city, province","Talmūsa province, Iraq",4 B5,"Bagg RGTC 7 2/2: 584–585 (Talmusu), Helsinki Atlas: 17 (map 4 B5), Parpola Toponyms: 294 (Rīmusu), Parpola Toponyms: 344 (Talamusa), <a href='https://zenodo.org/record/5217600' target='_blank'>CIGS: Kārībahīn</a>, <a href='https://zenodo.org/record/6384045' target='_blank'>Pedersén ANE: (Ger-e Pan)</a>, <a href='https://pleiades.stoa.org/places/822133371' target='_blank'>Pleiades: Kārībahīn</a>, <a href='https://www.geonames.org/96479/kari-bahin.html' target='_blank'>Geonames: Kārī Bahīn</a>, <a href='https://zenodo.org/record/6384045' target='_blank'>Pedersén ANE: (Jerahiyeh)</a>, <a href='https://www.geonames.org/95245/jarhiyah.html' target='_blank'>Geonames: Jarhīyah</a>, <a href='http://oracc.museum.upenn.edu/saao/knpp/peoplegodsplaces/index.html' target='_blank'>Knowledge and Power: Talmusa</a>, <a href='https://www.ucl.ac.uk/sargon/peoplegodsplaces' target='_blank'>Assyrian empire builders: Talmusa</a>, <a href='http://oracc.museum.upenn.edu/saao/cbd/qpn-x-places/onebigfile.html' target='_blank'>SAAo Glossary: Places (Talmusa [1])</a>, <a href='http://oracc.museum.upenn.edu/atae/cbd/qpn-x-places/onebigfile.html' target='_blank'>ATAE Glossary: Places (Talmusa [1])</a>, <a href='http://oracc.museum.upenn.edu/rinap/cbd/qpn-x-places/onebigfile.html' target='_blank'>RINAP Glossary: Places (Talmusu [1])</a>, <a href='http://oracc.museum.upenn.edu/atae/cbd/qpn-x-places/onebigfile.html' target='_blank'>ATAE Glossary: Places (Talmusu [1])</a>, <a href='http://oracc.museum.upenn.edu/riao/cbd/qpn-x-places/onebigfile.html' target='_blank'>RIAo Glossary: Places (Talmusu [1])</a>, <a href='http://oracc.museum.upenn.edu/saao/cbd/qpn-x-places/onebigfile.html' target='_blank'>SAAo Glossary: Places (Talmusu [1])</a>"
939,Tamarana,"Tamarana, Talid...",–,–,–,–,town,"Ḫarrānu area (?), Central Assyria (?)",–,RGTC 7 2/2: 585
940,Tamessu,"Tamessu, Tamesu, Tamesi, Temese, Tamassós, Tamassos, Ταμασσός, Tamasos, Politikóu, Politikou, Πολιτικόν, Politikó, Politiko, Πολιτικό, Politikón, Politikon",1,35.02935209404932,33.24632521688231,"KUR.ta-me-su, 𒆳𒋫𒈨𒋢, URU.ta-me-si, 𒌷𒋫𒈨𒋛, URU.ta-me-su, 𒌷𒋫𒈨𒋢","city, capital, country","Jadnana, Cyprus",7 B1,"Bagg RGTC 7 1: 247–248 (Tamesu), Helsinki Atlas: 17 (map 7 B1), Parpola Toponyms: 344–345 (Tamesu), <a href='https://zenodo.org/record/6384045' target='_blank'>Pedersén ANE: Tamesu / Tamassos (Politikou)?</a>, <a href='https://pleiades.stoa.org/places/707628' target='_blank'>Pleiades: Tamassos</a>, <a href='https://www.geonames.org/146136/politiko.html' target='_blank'>Geonames: Politikó</a>, <a href='https://www.geonames.org/16148/tamassos.html' target='_blank'>Geonames: Tamassós</a>, <a href='http://oracc.museum.upenn.edu/rinap/cbd/qpn-x-places/onebigfile.html' target='_blank'>RINAP Glossary: Places (Tamesu [Tamassos])</a>, <a href='http://oracc.museum.upenn.edu/riao/cbd/qpn-x-places/onebigfile.html' target='_blank'>RIAo Glossary: Places (Tamesu [Tamassos])</a>"
941,Tamna,"Tamna, Timnah, Timnāh, Timnath, תִּמְנָה, תִּמְנָתָה, תמנתה, Tel Baṭaš, Tel Batash, תל בַּטָּשׁ, תל בטש, Khirbet Tibneh",2,31.78448157074263,34.91100253132353,–,town,"Iaʾūdu, Israel",7 C5,"Helsinki Atlas: 17 (map 7 C5), <a href='https://zenodo.org/record/6384045' target='_blank'>Pedersén ANE: Timnah? (Tel Batash)</a>, <a href='https://zenodo.org/record/5217600' target='_blank'>CIGS: Timnah</a>, <a href='https://pleiades.stoa.org/places/746825' target='_blank'>Pleiades: Timnah</a>"
942,Tamnūna,"Tamnūna, Tamnuna, Tamnūnu, Tamnunu, Tamnunna, Tamanuni, Parnuna, Parḫaḫa, Tall Ǧikān, Tell Ǧikān, Tall Jīkān, Tall Jikan, Tell Jikan, تل جيكان, Ḫirbat Ğikān",3,36.6545906947976,42.9027992549414,"tam-KU₆, 𒌓𒄩, tam-nun-nu, 𒌓𒉣𒉡, tam-nun-na, 𒌓𒉣𒈾, tam-nun, 𒌓𒉣, URU.ta-ma-nu-ni, 𒌷𒋫𒈠𒉡𒉌, URU.tam-KU₆, 𒌷𒌓𒄩, URU.tam-KU₆.KU₆, 𒌷𒌓𒄩𒄩, URU.tam-KU₆-na, 𒌷𒌓𒄩𒈾, URU.tam-nu-na, 𒌷𒌓𒉡𒈾, URU.tam-nu-nu, 𒌷𒌓𒉡𒉡, URU.tam-nun-na, 𒌷𒌓𒉣𒈾, URU.tam-KU₆-a-a, 𒌷𒌓𒄩𒀀𒀀","prov. capital, city, province","Tamnūna province, Iraq",4 B5,"Bagg RGTC 7 2/2: 585–587 (Tamnūnu), Helsinki Atlas: 17 (map 4 B5), Parpola Toponyms: 273 (Parḫaḫa), Parpola Toponyms: 273 (Parnuna), Parpola Toponyms: 344(Tamanuni), <a href='https://zenodo.org/record/6384045' target='_blank'>Pedersén ANE: (Tell Jikan)</a>, <a href='https://books.openedition.org/cdf/4487' target='_blank'>MTT I/3: Tall Jikan (HIGEOMES Nr. 70)</a>, <a href='http://oracc.museum.upenn.edu/saao/knpp/peoplegodsplaces/index.html' target='_blank'>Knowledge and Power: Tamnuna</a>, <a href='https://www.ucl.ac.uk/sargon/peoplegodsplaces' target='_blank'>Assyrian empire builders: Tamnuna</a>, <a href='http://oracc.museum.upenn.edu/atae/cbd/qpn-x-places/onebigfile.html' target='_blank'>ATAE Glossary: Places (Tamnuna [1])</a>, <a href='http://oracc.museum.upenn.edu/atae/cbd/qpn-x-places/onebigfile.html' target='_blank'>ATAE Glossary: Places (Tamnunna [1])</a>, <a href='http://oracc.museum.upenn.edu/saao/cbd/qpn-x-places/onebigfile.html' target='_blank'>SAAo Glossary: Places (Tamnunu [1])</a>, <a href='http://oracc.museum.upenn.edu/riao/cbd/qpn-x-places/onebigfile.html' target='_blank'>RIAo Glossary: Places (Tamnunu [1])</a>, <a href='http://oracc.museum.upenn.edu/rinap/cbd/qpn-x-places/onebigfile.html' target='_blank'>RINAP Glossary: Places (Tamnunu [1])</a>, <a href='http://oracc.museum.upenn.edu/atae/cbd/qpn-x-places/onebigfile.html' target='_blank'>ATAE Glossary: Places (Tamnunu [1])</a>"
948,Tang-i Var,"Tang-i Var, Tangī Var, تنگي ور‎",–,34.9962,46.6183,–,monument,"Iran, Karalla (?), Parsua (?)",11 B2,Helsinki Atlas: 33 (map 11 B2)
950,Tapigga,"Tapigga, Tabikka, Tappika, Maşat Höyük",–,40.14829526630496,35.76231874892541,–,city,Turkey,–,<a href='https://zenodo.org/record/6384045' target='_blank'>Pedersén ANE: Tapigga (Maşat Höyük)</a>
951,Tarbiṣu,"Tarbiṣu, Tarbiṣi, Tell Šarīf Ḫān, Sharif Khan",1,36.40866811645893,43.07743144411347,–,city,"Assyria, Iraq",4 C5,"Helsinki Atlas: 17 (map 4 C5), <a href='https://zenodo.org/record/6384045' target='_blank'>Pedersén ANE: Tarbiṣu (Sharif Khan)</a>"
953,Tarmanazi,"Tarmanazi, Tarmanaše, Tarmana, Tarmanni, Turmānīn, Turmanin, ترمانين, Termanîne, Armanāz (?), Armanaz (?), أرمناز",3,36.22879,36.81564,"URU.ta-ar-ma-na-zi, 𒌷𒋫𒅈𒈠𒈾𒍣",town,"Unqi, Syria",2 C4,"Bagg RGTC 7 1: 250–251, Helsinki Atlas: 17 (map 2 C4), Parpola Toponyms: 348, <a href='https://www.geonames.org/163096/turmanin.html' target='_blank'>Geonames: Turmānīn</a>, <a href='https://www.geonames.org/172988/armanaz.html' target='_blank'>Geonames: Armanāz</a>, <a href='http://oracc.museum.upenn.edu/rinap/cbd/qpn-x-places/onebigfile.html' target='_blank'>RINAP Glossary: Places (Tarmanazi [1])</a>, <a href='http://oracc.museum.upenn.edu/riao/cbd/qpn-x-places/onebigfile.html' target='_blank'>RIAo Glossary: Places (Tarmanazi [1])</a>"
954,Tarninu,Tarninu,–,–,–,"URU.tar-ni-nu, 𒌷𒋻𒉌𒉡, URU.tar-NINA, 𒌷𒋻𒀏",town,"Assyria, Iraq",–,"Bagg RGTC 7 2/2: 589, Parpola Toponyms: 348, <a href='http://oracc.museum.upenn.edu/saao/knpp/peoplegodsplaces/index.html' target='_blank'>Knowledge and Power: Tarninu</a>, <a href='http://oracc.museum.upenn.edu/atae/cbd/qpn-x-places/onebigfile.html' target='_blank'>ATAE Glossary: Places (Tarninu [1])</a>, <a href='http://oracc.museum.upenn.edu/saao/cbd/qpn-x-places/onebigfile.html' target='_blank'>SAAo Glossary: Places (Tarninu [1])</a>"
1295,Tarsisi,"Tarsisi, Tarsa, Tarša, Taršîš, Taršiš, Tarshish, תַּרְשִׁישׁ, tršš, 𐤕𐤓𐤔𐤔, Tharsis, Tarsis, Θαρσεῖς, Tharseis, Tarsos, Tarsus, Ṭarsus, Ṭarsūs, طرسوس, Tārsūs, تارسوس, Gözlü Kule, Gözlükule, Gozlukule, Tartessos (?), Karthago (?)",–,36.91242262888753,34.89592313714341,"KUR.tar-si-si, 𒆳𒋻𒋛𒋛, tršyš, תרשׁישׁ, tršš, 𐤕𐤓𐤔𐤔",city,"Quwê, Turkey",–,"Bagg RGTC 7 1: 251, Bagg RGTC 7 1: 251–252 (Tarzu), Helsinki Atlas: 17 (Tarzi; map 1 D4), Parpola Toponyms: 349 (Tarzi), <a href='https://zenodo.org/record/6384045' target='_blank'>Pedersén ANE: Tarsa / Tarsos (Gözlü Kule)</a>, <a href='https://zenodo.org/record/5217600' target='_blank'>CIGS: Gözlükule</a>, <a href='https://pleiades.stoa.org/places/648789' target='_blank'>Pleiades: Tarsus/Antiochia ad Cydnum</a>, <a href='https://www.geonames.org/10630870/goezluekule.html' target='_blank'>Geonames: Gözlükule</a>, <a href='https://www.geonames.org/299817/tarsus.html' target='_blank'>Geonames: Tarsus</a>, <a href='http://oracc.museum.upenn.edu/riao/cbd/qpn-x-places/onebigfile.html' target='_blank'>RIAo Glossary: Places (Tarsisi [1])</a>, <a href='http://oracc.museum.upenn.edu/rinap/cbd/qpn-x-places/onebigfile.html' target='_blank'>RINAP Glossary: Places (Tarsisi [1])</a>"
955,Tartāra,"Tartāra, Tartara, Tartāru, Tartaru, Tartari, Tartār, Tharthar, Šiššar (?), Nahr aṯ-Ṯarṯār, Wādī ath Tharthār, وادي الثرثار, Wādī Tharthār, Wadi Tharthar, وادي ثرثار, Wādī Thuraythar, Wādī Thuraythir, Wādi Thiraithir",1,34.97575,43.07063,"ÍD.tar-ta-ri, 𒀀𒇉𒋻𒋫𒊑, ÍD.tar-ta-ra, 𒀀𒇉𒋻𒋫𒊏",river,Iraq,10 C2,"Bagg RGTC 7 2/2: 688–689 (*Tartāru), Helsinki Atlas: 17 (map 10 C2), Parpola Toponyms: 348 (Tartār), <a href='https://pleiades.stoa.org/places/897854' target='_blank'>Pleiades: Tartaru/Tharthar</a>, <a href='https://www.geonames.org/90157/wadi-tharthar.html' target='_blank'>Geonames: Wādī Tharthār</a>, <a href='https://www.geonames.org/90167/wadi-ath-tharthar.html' target='_blank'>Geonames: Wādī ath Tharthār</a>, <a href='https://www.geonames.org/446046/wadi-tharthar.html' target='_blank'>Geonames: Wādī Tharthār</a>, <a href='https://www.geonames.org/98265/wadi-ath-tharthar.html' target='_blank'>Geonames: Wādī ath Tharthār</a>, <a href='https://www.geonames.org/90169/buhayrat-ath-tharthar.html' target='_blank'>Geonames: Buḩayrat ath Tharthār</a>, <a href='http://oracc.museum.upenn.edu/saao/knpp/peoplegodsplaces/index.html' target='_blank'>Knowledge and Power: Tartaru</a>, <a href='http://oracc.museum.upenn.edu/saao/cbd/qpn-x-waters/onebigfile.html' target='_blank'>SAAo Glossary: Watercourses (Tartara [1])</a>, <a href='http://oracc.museum.upenn.edu/saao/cbd/qpn-x-waters/onebigfile.html' target='_blank'>SAAo Glossary: Watercourses (Tartaru [1])</a>, <a href='http://oracc.museum.upenn.edu/atae/cbd/qpn-x-waters/onebigfile.html' target='_blank'>ATAE Glossary: Watercourses (Tartaru [1])</a>, <a href='http://oracc.museum.upenn.edu/riao/cbd/qpn-x-waters/onebigfile.html' target='_blank'>RIAo Glossary: Watercourses (Tartaru [Tharthar])</a>"
956,Tarzi,"Tarzi, Tarzu, Tarsa, Tarša, trz, 𐡕𐡓𐡆, Tarsisi (?), Taršîš (?), Taršiš (?), Tarshish (?), תַּרְשִׁישׁ, tršš (?), 𐤕𐤓𐤔𐤔, Tharsis (?), Tarsis (?), Θαρσεῖς (?), Tharseis (?), Tarsos, Ταρσός, Antiocheia in Persis, Antiocheia pros Kydnō, Iouliopolis, Tarsus, Antiochia ad Cydnum, Ṭarsus, Ṭarsūs, طرسوس, Tārsūs, تارسوس, Gözlü Kule, Gözlükule, Gozlukule",1,36.91242262888753,34.89592313714341,"URU.ta-ar-zu, 𒌷𒋫𒅈𒍪, URU.tar-zi, 𒌷𒋻𒍣, trz, 𐡕𐡓𐡆, tršyš (?), תרשׁישׁ, tršš (?), 𐤕𐤓𐤔𐤔",city,"Quwê, Turkey",1 D4,"Bagg RGTC 7 1: 251–252 (Tarzu), Bagg RGTC 7 1: 251 (Tarsisi), Helsinki Atlas: 17 (map 1 D4), Parpola Toponyms: 349, <a href='https://zenodo.org/record/6384045' target='_blank'>Pedersén ANE: Tarsa / Tarsos (Gözlü Kule)</a>, <a href='https://zenodo.org/record/5217600' target='_blank'>CIGS: Gözlükule</a>, <a href='https://pleiades.stoa.org/places/648789' target='_blank'>Pleiades: Tarsus/Antiochia ad Cydnum</a>, <a href='https://www.geonames.org/10630870/goezluekule.html' target='_blank'>Geonames: Gözlükule</a>, <a href='https://www.geonames.org/299817/tarsus.html' target='_blank'>Geonames: Tarsus</a>, <a href='http://oracc.museum.upenn.edu/riao/cbd/qpn-x-places/onebigfile.html' target='_blank'>RIAo Glossary: Places (Tarzu [Tarsus])</a>, <a href='http://oracc.museum.upenn.edu/rinap/cbd/qpn-x-places/onebigfile.html' target='_blank'>RINAP Glossary: Places (Tarzu [Tarsus])</a>"
952,Tarḫuntašša,"Tarḫuntašša, Tarhuntašša, Türkmen Karahüyük, Türkmen-Karahöyük, Türkmenkarahüyük, Karahüyük, Kızıl Dağ (?), Kızıldağ (?), Kizil Dag (?)",4,37.6223667656557,33.0289300021944,–,city,"Hittites, Turkey",–,"<a href='https://www.geonames.org/298780/tuerkmen-karahueyuek.html' target='_blank'>Geonames: Türkmen Karahüyük</a>, <a href='https://zenodo.org/record/6384045' target='_blank'>Pedersén ANE: Tarhuntašša? (Kızıldağ)?</a>, <a href='https://www.geonames.org/10637455/kizil-dag.html' target='_blank'>Geonames: Kızıl Dağ</a>"
957,Tas,"Tas, Doski, Doski Area, Doski Bolgeleri, Devera Doskiya, منطقه الدوسكيه, Atrush mountain range (?), Tanga Dria (?), Bāwiyān (?), Bavian (?)",2,36.96086,43.00956,"KUR.ta-as, 𒆳𒋫𒊍","mountain, mountains","Assyria, Iraq",4 C5,"Bagg RGTC 7 2/2: 580, Helsinki Atlas: 17 (map 4 C5), Parpola Toponyms: 349, Jacobsen – Lloyd (1935): <i>Sennacherib's Aqueduct at Jerwan</i> (OIP 24). 41–42., Morandi Bonacossi (2018): <i>The Creation of the Assyrian Heartland: New Data from the ‘Land behind Nineveh’</i>. 66., <a href='https://www.geonames.org/12902772/doski-area.html' target='_blank'>Geonames: Doski Area</a>, <a href='https://www.geonames.org/98427/atrush.html' target='_blank'>Geonames: Atrūsh</a>, <a href='http://oracc.museum.upenn.edu/rinap/cbd/qpn-x-places/onebigfile.html' target='_blank'>RINAP Glossary: Places (Tas [Mount Tas])</a>, <a href='http://oracc.museum.upenn.edu/riao/cbd/qpn-x-places/onebigfile.html' target='_blank'>RIAo Glossary: Places (Tas [Mount Tas])</a>"
959,Tastiāti,"Tastiāti, Tastiati, Tastiāte, Tastiate, Urtiabu, Tall Iʿgab",4,36.4715283088623,42.9653459179749,"URU.ta-as-ti-a-te, 𒌷𒋫𒊍𒋾𒀀𒋼, URU.ta-as-ti-a-ti, 𒌷𒋫𒊍𒋾𒀀𒋾, URU.tas-ti-a-te, 𒌷𒌨𒋾𒀀𒋼, URU.tas-ti-a-ti, 𒌷𒌨𒋾𒀀𒋾",town,"Assyria, Iraq",4 B5,"Bagg RGTC 7 2/2: 591 (Tastiāte), Helsinki Atlas: 17 (map 4 B5), Parpola Toponyms: 349 (Tastiate), Parpola Toponyms: 349 (Tas...), Parpola Toponyms: 375 (Urtiabu), <a href='https://www.ucl.ac.uk/sargon/peoplegodsplaces' target='_blank'>Assyrian empire builders: Tastiati</a>, <a href='http://oracc.museum.upenn.edu/saao/cbd/qpn-x-places/onebigfile.html' target='_blank'>SAAo Glossary: Places (Tastiate [1])</a>, <a href='http://oracc.museum.upenn.edu/atae/cbd/qpn-x-places/onebigfile.html' target='_blank'>ATAE Glossary: Places (Tastiate [1])</a>, <a href='http://oracc.museum.upenn.edu/rinap/cbd/qpn-x-places/onebigfile.html' target='_blank'>RINAP Glossary: Places (Tastiate [1])</a>, <a href='http://oracc.museum.upenn.edu/riao/cbd/qpn-x-places/onebigfile.html' target='_blank'>RIAo Glossary: Places (Tastiate [1])</a>, <a href='http://oracc.museum.upenn.edu/saao/cbd/qpn-x-places/onebigfile.html' target='_blank'>SAAo Glossary: Places (Tastiati [1])</a>"
1187,Taštami,Taštami,–,–,–,"URU.ta-áš-ta-mi, 𒌷𒋫𒀾𒋫𒈪","city, fortified city","Mannāja, Zikirtu, Aukanê, Iran",–,"Bagg RGTC 7 3/2: 559, Parpola Toponyms: 349, <a href='http://oracc.museum.upenn.edu/riao/cbd/qpn-x-places/onebigfile.html' target='_blank'>RIAo Glossary: Places (Taštami)</a>, <a href='http://oracc.museum.upenn.edu/rinap/cbd/qpn-x-places/onebigfile.html' target='_blank'>RINAP Glossary: Places (Taštami)</a>"
960,Taʿnak,"Taʿnak, Taʿannach, Ta‘nak, Taʿanakh, Ta'anakh, Tha'anach, Taannek, Taanak, תענך, تعنك, Tell Taannek, تل تعنك",–,32.52192967381151,35.21950048015674,–,city,"Bīt-Ḫumrî, Palestine, West Bank",–,"<a href='https://zenodo.org/record/6384045' target='_blank'>Pedersén ANE: Taʿnak (Taʿannach)</a>, <a href='https://pleiades.stoa.org/places/678418' target='_blank'>Pleiades: Tha'anach</a>, <a href='https://zenodo.org/record/5217600' target='_blank'>CIGS: Ta‘nak</a>"
932,Taḫazimuna,"Taḫazimuna, Tahazimuna, Dazimon, Dazimonitis, Tokat, Tocat",4,40.31741073055277,36.5490100595584,–,city,Turkey,–,"<a href='https://zenodo.org/record/6384045' target='_blank'>Pedersén ANE: Tahazimuna? / Dazimon (Tokat)</a>, <a href='https://pleiades.stoa.org/places/857105' target='_blank'>Pleiades: Dazimon</a>, <a href='https://www.geonames.org/738743/tokat.html' target='_blank'>Geonames: Tokat</a>"
961,Tebiltu,"Tebiltu, Tebilti, Patti-ḫegalli, Bābelat-ḫegalli, Patti-nuḫši, Nigūb, نگوب, Nagūb Tunnel, Nigūb Tunnel, Negub Tunnel",–,36.0446,43.4762,"ID₂.te-bil-ti, 𒀀𒇉𒋼𒉈𒋾","monument, canal","Assyria, Iraq",4 C5,"Bagg RGTC 7 2/2: 689–690 (Tebilti), Helsinki Atlas: 17 (map 4 C5), Parpola Toponyms: 350, <a href='https://zenodo.org/record/5217600' target='_blank'>CIGS: Nigūb</a>, <a href='https://pleiades.stoa.org/places/413309737' target='_blank'>Pleiades: Negub tunnel</a>, <a href='http://oracc.museum.upenn.edu/riao/cbd/qpn-x-waters/onebigfile.html' target='_blank'>RIAo Glossary: Watercourses (Tebilti [1])</a>, <a href='http://oracc.museum.upenn.edu/rinap/cbd/qpn-x-waters/onebigfile.html' target='_blank'>RINAP Glossary: Watercourses (Tebilti [1])</a>, <a href='http://oracc.museum.upenn.edu/riao/cbd/qpn-x-waters/onebigfile.html' target='_blank'>RIAo Glossary: Watercourses (Tebilti [2])</a>, <a href='http://oracc.museum.upenn.edu/rinap/cbd/qpn-x-waters/onebigfile.html' target='_blank'>RINAP Glossary: Watercourses (Tebilti [2])</a>"
962,Teišebai URU,"Teišebai URU, Teišebai-URU, Teišeba, Teisheba, Teišebaini, Teishebaini, Karmir blur, Karmir-blur, Կարմիր բլուր",1,40.15358685587648,44.45269887985066,–,"fortress, city","Urarṭu, Armenia",–,"<a href='https://zenodo.org/record/6384045' target='_blank'>Pedersén ANE: Teišebai URU (Karmir-blur)</a>, <a href='https://zenodo.org/record/5217600' target='_blank'>CIGS: Teisheba/Karmir blur</a>, <a href='https://pleiades.stoa.org/places/863822' target='_blank'>Pleiades: Karmir-blur</a>"
1068,Tel Motza,"Tel Motza, Tel Moza, Khirbet Mizza, Motza, Mozah, Motsa, Moza, מֹּצָה, מוֹצָא‎, Ammaous, Kolonia, Qaluniya, قالونيا‎",–,31.79445,35.16378,"מֹּצָה, מוֹצָא","village, temple","Iaʾūdu, Israel",–,"Joshua 18:26, <a href='https://zenodo.org/record/6384045' target='_blank'>Pedersén ANE: Moza (Tel Moza)</a>, <a href='https://pleiades.stoa.org/places/687979' target='_blank'>Pleiades: Moza/Ammaous/Kolonia</a>, <a href='https://www.geonames.org/294148/moza.html' target='_blank'>Geonames: Moẕa</a>"
964,Tell Razzuq,Tell Razzuq,–,–,–,–,–,"Sūḫu, Iraq, Ḥadītha area, Ḥamrīn area",–,RIMB 2: 328
963,Tell al-Hawa,"Razama, Tall al-Hawā, Tall al-Hawa, Tell al-Hawa, Tell el-Hawa, Tall al-Howa, تل الهوى, Tall Hīwah, Tall Hiwah, تل هيوة, تل هيوه, Tel Hizof, Tel Hîzof, Til Hizof, تەل ھيزۆف",–,36.748449,42.30115215,–,"city (?), town (?)",Iraq,–,"<a href='https://zenodo.org/record/6384045' target='_blank'>Pedersén ANE: (Tell el-Hawa)</a>, <a href='https://zenodo.org/record/5217600' target='_blank'>CIGS: Tall al-Hawa</a>, <a href='https://pleiades.stoa.org/places/874728' target='_blank'>Pleiades: Tell al-Hawa</a>, <a href='https://books.openedition.org/cdf/4487' target='_blank'>MTT I/3: Tall al-Hawa (HIGEOMES Nr. 59)</a>, <a href='https://www.geonames.org/7103777/tall-hiwah.html' target='_blank'>Geonames: Tall Hīwah</a>"
965,Temaʾ,"Temaʾ, Tema, Tēma, Tayma, Ṭaymā, Thaima, Taymāʾ, تيماء, تيما, Tēmān, תֵּימָן",1,27.62683453820034,38.54953402266125,–,"city, oasis","Arabian Peninsula, Saudi Arabia",–,"<a href='https://zenodo.org/record/6384045' target='_blank'>Pedersén ANE: Tayma</a>, <a href='https://zenodo.org/record/5217600' target='_blank'>CIGS: Ṭaymā/Tema</a>, <a href='https://pleiades.stoa.org/places/814739' target='_blank'>Pleiades: Thaima</a>"
1188,Tesammia,Tesammia,–,–,–,"URU.te-sa-am-mi-a, 𒌷𒋼𒊓𒄠𒈪𒀀","city, fortified city","Mannāja, Zikirtu, Aukanê, Iran",–,"Bagg RGTC 7 3/2: 561, Parpola Toponyms: 351, <a href='http://oracc.museum.upenn.edu/riao/cbd/qpn-x-places/onebigfile.html' target='_blank'>RIAo Glossary: Places (Tesammia)</a>, <a href='http://oracc.museum.upenn.edu/rinap/cbd/qpn-x-places/onebigfile.html' target='_blank'>RINAP Glossary: Places (Tesammia)</a>"
967,Tigris Tunnel,"Tigris Tunnel, Rēš ēni ša Diglat, Rēš-ēni-ša-Diglat, Rēš Diglat, Rēš-Diglat, Source of Tigris, Source-of-Tigris, Source of the Tigris River, Source-of-the-Tigris-River, Birkleyn, Berkilin, Berkilin Çay, Birklin, Dicle Tüneli",–,38.52966017324297,40.54764653385745,"SAG IGI šá ÍD.ḪAL.ḪAL, 𒊕 𒅆 𒃻 𒀀𒇉𒄬𒄬, SAG e-ni šá ÍD.ḪAL.ḪAL, 𒊕 𒂊𒉌 𒃻 𒀀𒇉𒄬𒄬, SAG ÍD.ḪAL.ḪAL, 𒊕 𒀀𒇉𒄬𒄬","monument, river","Naʾiri, Urarṭu, Turkey",3 D2,"Helsinki Atlas: 33 (map 3 D2), <a href='https://zenodo.org/record/6384045' target='_blank'>Pedersén ANE: (Birkleyn / Tigris Tunnel)</a>, <a href='https://zenodo.org/record/5217600' target='_blank'>CIGS: Dicle Tüneli</a>"
969,Til-Barsib,"Til-Barsib, Til-Barsip, Tīl-Barsip, Tīl-Barsib, Tarbusībi, Kār-Salmānu-ašarēd, Kār-Salmaneser, Kār-Šulmānu-ašarēd, Kār Šulmānu-ašarēd, Mazuwati, Masuwari, Tell Aḥmar, Tell Ahmar",1,36.67442976010499,38.12095051439576,–,"prov. capital, city",Syria,3 B4,"Helsinki Atlas: 17 (map 3 B4), <a href='https://zenodo.org/record/6384045' target='_blank'>Pedersén ANE: Til-Barsip / Masuwari (Tell Ahmar)</a>, <a href='https://pleiades.stoa.org/places/658410' target='_blank'>Pleiades: Bersiba</a>"
970,Til-Baserê,"Til-Bašerê, Til-Baserê, Tell Bašir, Tilbeşar",2,36.87277733486835,37.55931140177385,–,town,Turkey,2 D4,"Helsinki Atlas: 17 (map 2 D4), <a href='https://zenodo.org/record/6384045' target='_blank'>Pedersén ANE: Til-Bašerê? (Tilbeşar)</a>"
977,Til-Tūri,"Til-Tūri, Til-Turi, Til-tūri, Til-turi, Thiltauri (?), Tall Tūrīn, Tall Turin, Tell Tūrin, Tell Toûrîne, Tell Tourine, Taltourine, تل تورين, ʿAğāmī (?), ‘Ajamī (?), Aajami (?), Adjimi (?), عجمي, Al ‘Arīmah (?), Al ‘Arimah (?), العريمة, ‘Arime (?), Tšorakli (?)",1,36.4475145,37.6997425,"URU.DU₆-tu-u₂-ri, 𒌷𒇯𒌅𒌑𒊑",city,"Bīt-Adini (?), Bīt-Agūsi (?), Syria",2 D4,"Bagg RGTC 7 1: 257 (Til-tūri), Helsinki Atlas: 17 (map 2 D4), Parpola Toponyms: 356, <a href='https://pleiades.stoa.org/places/135544311' target='_blank'>Pleiades: Til-Tūri</a>, <a href='https://www.geonames.org/163426/tall-turin.html' target='_blank'>Geonames: Tall Tūrīn</a>, <a href='https://www.geonames.org/174043/al-arimah.html' target='_blank'>Geonames: Al ‘Arīmah/‘Ajamī</a>, <a href='https://www.ucl.ac.uk/sargon/peoplegodsplaces' target='_blank'>Assyrian empire builders: Til-Turi</a>, <a href='http://oracc.museum.upenn.edu/saao/cbd/qpn-x-places/onebigfile.html' target='_blank'>SAAo Glossary: Places (Til-Turi [1])</a>, <a href='http://oracc.museum.upenn.edu/atae/cbd/qpn-x-places/onebigfile.html' target='_blank'>ATAE Glossary: Places (Til-Turi [1])</a>"
968,Til-abnē,"Til-abnē, Til-abne, Til-abnī, Tīl-abni, Tīl-abnī, Til-abnâ, Til-abna, Til-Abnu, Till-abnim, Til-Abnim, Tillabnim, Tall al-Qiṭār, Tell Qitar, Tall al-Qiṭar, تل القطار, Thallaba (?), Tul ʿAba (?), Tell ʿArbush (?), ‘Arbūsh (?), عربوش, Siverek (?)",4,36.38354191830683,38.18028782853696,"URU.DU₆-NA₄, 𒌷𒇯𒉌𒌓, URU.DU₆-NA₄.MEŠ, 𒌷𒇯𒉌𒌓𒈨𒌍, URU.DU₆-ab-na-a-a, 𒌷𒇯𒀊𒈾𒀀𒀀, URU.DU₆-NA₄-a-a, 𒌷𒇯𒉌𒌓𒀀𒀀, URU.DU₆-NA₄-na-a-a, 𒌷𒇯𒉌𒌓𒈾𒀀𒀀, URU.DU₆-NA₄.MEŠ-a-a, 𒌷𒇯𒉌𒌓𒈨𒌍𒀀𒀀","fortified city, country",Syria,–,"Bagg RGTC 7 1: 252–253, Parpola Toponyms: 352 (Til-abnâ), <a href='https://zenodo.org/record/6384045' target='_blank'>Pedersén ANE: Til-Abnu? (Tell Qitar)</a>, <a href='https://books.openedition.org/cdf/4487' target='_blank'>MTT I/3: Tall al-Qitar/Till-Abnim (HIGEOMES Nr. 97)</a>, <a href='https://zenodo.org/record/5217600' target='_blank'>CIGS: Tall al-Qiṭar</a>, Olmstead (1918): <i>The Calculated Frightfulness of Ashur Nasir Apal</i>. JAOS 38. 245 (Thallaba/Tul 'Aba) and 262 (Tul Abna), Ur (2010): <i>Urbanism and Cultural Landscapes in northeastern Syria</i>. 142–143 (Tell 'Arbush/Thallaba), <a href='https://www.geonames.org/173049/-arbush.html' target='_blank'>Geonames: ‘Arbūsh</a>, <a href='http://wikimapia.org/30118363/Tell-Arbush-Thallaba' target='_blank'>Wikimapia: Tell 'Arbush (Thallaba)</a>, <a href='https://omnesviae.org/#!iter_TPPlace2672_ROMA' target='_blank'>OmnesViae: Roman Routeplanner</a>, <a href='https://upload.wikimedia.org/wikipedia/commons/5/50/TabulaPeutingeriana.jpg' target='_blank'>Tabula Peutingeriana: Thallaba</a>, <a href='https://zenodo.org/record/6384045' target='_blank'>Pedersén ANE: (Siverek)</a>, <a href='http://oracc.museum.upenn.edu/riao/cbd/qpn-x-ethnic/onebigfile.html' target='_blank'>RIAo Glossary: Ethnic Names (Til-abnayu [of Til-abne])</a>, <a href='http://oracc.museum.upenn.edu/saao/cbd/qpn-x-places/onebigfile.html' target='_blank'>SAAo Glossary: Places (Til-abne [1])</a>, <a href='http://oracc.museum.upenn.edu/atae/cbd/qpn-x-places/onebigfile.html' target='_blank'>ATAE Glossary: Places (Til-abne [1])</a>, <a href='http://oracc.museum.upenn.edu/riao/cbd/qpn-x-places/onebigfile.html' target='_blank'>RIAo Glossary: Places (Til-abne [1])</a>"
973,Til-līni,"Til-līni, Til-lini, Tillīni",–,–,–,"URU.DU₆-li-i-ni, 𒌷𒇯𒇷𒄿𒉌, URU.DU₆-li-ni, 𒌷𒇯𒇷𒉌, URU.DUL-li-ni, 𒌷𒌋𒌆𒇷𒉌",town,"Ḫarrānu, Turkey (?), Syria (?)",–,"Bagg RGTC 7 2/2: 601, Parpola Toponyms: 356 (Til-...), <a href='http://oracc.museum.upenn.edu/atae/cbd/qpn-x-places/onebigfile.html' target='_blank'>ATAE Glossary: Places (Til-lini [1])</a>, <a href='http://oracc.museum.upenn.edu/saao/cbd/qpn-x-places/onebigfile.html' target='_blank'>SAAo Glossary: Places (Til-lini [1])</a>"
974,Til-naḫīri,Til-naḫīri,–,–,–,–,town,"Assyria, Ḫābūr territory",–,RGTC 7 2/2: 603-604
975,Til-raḫajāte,Til-raḫajāte,–,–,–,–,town,"Central Assyria, East Ğazīra",–,RGTC 7 2/2: 605
976,Til-ša-Abtāni,"Til-ša-Abtāni, Tell as-Sulaima, Tell es-Suleimeh",3,34.1677,45.1035,–,town,–,10 E2,"Helsinki Atlas: 17 (map 10 E2), <a href='https://zenodo.org/record/5217600' target='_blank'>CIGS: Awal, Sulaiymah (mod. Himrin)</a>, <a href='https://zenodo.org/record/6384045' target='_blank'>Pedersén ANE: Awal (Tell es-Suleimeh)</a>, <a href='https://www.geonames.org/98776/salimah.html' target='_blank'>Geonames: Salīmah</a>"
971,Til-ḫarrapina,"Til-ḫarrapina, Til-ḫardušina",–,–,–,–,town,Assyria,–,RGTC 7 2/2: 598
972,Til-ḫauar,"Til-ḫauar, Til-hauar, Til-ḫawar, Bad-ḫawar, Badḫawar",–,–,–,"URU.til-ḫa-ú-ar, 𒌷𒌀𒄩𒌑𒅈",town,"Assyria, Iraq",–,"Bagg RGTC 7 2/2: 599, Parpola Toponyms: 64 (Badḫawar), <a href='http://oracc.museum.upenn.edu/atae/cbd/qpn-x-places/onebigfile.html' target='_blank'>ATAE Glossary: Places (Til-hauar [1])</a>, <a href='http://oracc.museum.upenn.edu/saao/cbd/qpn-x-places/onebigfile.html' target='_blank'>SAAo Glossary: Places (Til-hauar [1])</a>"
978,Tilgarimmu,"Tilgarimmu, Til-garimmu, Til-Garimmu, Til-garimme, Tīl-Garimme, Tagari, Ta-garimmu, Tegarama, Tagarama, Takarama, Lakarma, Lukarma, Gauraina, Gauraene, Tōgarmâ, Tôgarmāh, Togarma, Togarmah, תֹּגַרְמָה, Gürün, Gurun, İnönü, Inonu, Akçadağ (?), Arga (?)",3,38.72225,37.27097,"URU.DU₆-ga-ri-im-me, 𒌷𒇯𒂵𒊑𒅎𒈨, URU.DU₆-ga-rim-me, 𒌷𒇯𒂵𒆸𒈨, URU.DU₆-ga-rim-mu, 𒌷𒇯𒂵𒆸𒈬, URU.ta-ga-ri-im-mu, 𒌷𒋫𒂵𒊑𒅎𒈬","city, fortified city, prov. capital, province (?)","Melīdi, Kammānu, Turkey",2 D2,"Bagg RGTC 7 1: 256–257, Helsinki Atlas: 17 (map 2 D2), Parpola Toponyms: 353–354, Parpola Toponyms: 343 (Tagari), Yamada (2006): <i>The City of Togarma in Neo-Assyrian Sources</i>. Altorientalische Forschungen 33: 223–236, <a href='https://www.geonames.org/313314/gueruen.html' target='_blank'>Geonames: Gürün</a>, <a href='https://pleiades.stoa.org/places/628982' target='_blank'>Pleiades: Gauraina</a>, <a href='https://www.geonames.org/324953/akcadag.html' target='_blank'>Geonames: Akçadağ</a>, <a href='http://oracc.museum.upenn.edu/riao/cbd/qpn-x-places/onebigfile.html' target='_blank'>RIAo Glossary: Places (Til-garimmu [1])</a>, <a href='http://oracc.museum.upenn.edu/rinap/cbd/qpn-x-places/onebigfile.html' target='_blank'>RINAP Glossary: Places (Til-garimmu [1])</a>"
979,Tillê,"Tillê, Tille, Tiluli, Tīl-uli, Tall Rumailān, Tell Rumailān, Tall Rumaylan, Tall Roumeilane, تل رميلان, Tall Rumaīlān Kabīr, Tall Rumaylān Kabīr, Tall Rumaylan Kabir, تل رميلان كبير, Tall Rumaylān al Kabīr, Tall Rumaylan al Kabir, Tell Roumelane Kebir, Rumaylan Tahtani, Tall Ğilāġa (?), Jīl Āghā (?), Jil Agha (?), جل أغا, Al Jawādīyah (?), Al Jawadiyah (?), الجوادية",4,36.9483767049872,41.96987719907926,"KUR.til-le-e, 𒆳𒌀𒇷𒂊, til-le-e, 𒌀𒇷𒂊, til-li₃-e, 𒌀𒅆𒂊, URU.DU₆-le-e, 𒌷𒇯𒇷𒂊, URU.til, 𒌷𒌀, URU.til-e, 𒌷𒌀𒂊, URU.til-le-e, 𒌷𒌀𒇷𒂊, URU.til-le-ia, 𒌷𒌀𒇷𒅀, URU.til-li₃-e, 𒌷𒌀𒅆𒂊, URU.til-la-a-a, 𒌷𒌀𒆷𒀀𒀀, URU.DU₆-u₂-li, 𒌷𒇯𒌑𒇷, URU.ti-lu-li, 𒌷𒋾𒇻𒇷","prov. capital, city, province","Katmuḫi, Tillê, Syria",4 A5,"Bagg RGTC 7 2/2: 600–601 (Tillê), Bagg RGTC 7 2/2: 609 (Tiluli (2)), Helsinki Atlas: 17 (map 4 A5), Parpola Toponyms: 356–357 (Tillê), Parpola Toponyms: 357 (Tiluli), <a href='https://zenodo.org/record/6384045' target='_blank'>Pedersén ANE: (Tell Rumaylan)</a>, <a href='https://books.openedition.org/cdf/4487' target='_blank'>MTT I/3: Tall Rumaylan (HIGEOMES Nr. 782)</a>, <a href='https://www.geonames.org/165217/tall-rumaylan-kabir.html' target='_blank'>Geonames: Tall Rumaylān Kabīr</a>, <a href='https://www.geonames.org/173711/al-jawadiyah.html' target='_blank'>Geonames: Al Jawādīyah / Jīl Āghā</a>, <a href='http://oracc.museum.upenn.edu/saao/knpp/peoplegodsplaces/index.html' target='_blank'>Knowledge and Power: Tille</a>, <a href='https://www.ucl.ac.uk/sargon/peoplegodsplaces' target='_blank'>Assyrian empire builders: Tille</a>, <a href='http://oracc.museum.upenn.edu/atae/cbd/qpn-x-places/onebigfile.html' target='_blank'>ATAE Glossary: Places (Tille [1])</a>, <a href='http://oracc.museum.upenn.edu/saao/cbd/qpn-x-places/onebigfile.html' target='_blank'>SAAo Glossary: Places (Tille [1])</a>, <a href='http://oracc.museum.upenn.edu/riao/cbd/qpn-x-places/onebigfile.html' target='_blank'>RIAo Glossary: Places (Tille [1])</a>, <a href='http://oracc.museum.upenn.edu/saao/cbd/qpn-x-ethnic/onebigfile.html' target='_blank'>SAAo Glossary: Ethnic Names (Tillaya [of Tille])</a>, <a href='http://oracc.museum.upenn.edu/atae/cbd/qpn-x-ethnic/onebigfile.html' target='_blank'>ATAE Glossary: Ethnic Names (Tillaya [of Tille])</a>, <a href='http://oracc.museum.upenn.edu/riao/cbd/qpn-x-places/onebigfile.html' target='_blank'>RIAo Glossary: Places (Tiluli [2])</a>, <a href='http://oracc.museum.upenn.edu/saao/cbd/qpn-x-places/onebigfile.html' target='_blank'>SAAo Glossary: Places (Tiluli [2])</a>, <a href='http://oracc.museum.upenn.edu/atae/cbd/qpn-x-places/onebigfile.html' target='_blank'>ATAE Glossary: Places (Tiluli [2])</a>"
980,Tilmun,"Tilmun, Dilmun, Failaka, al-Baḥrain, Tylos",2,–,–,–,territory,–,17 A4,Helsinki Atlas: 17 (map 17 A4)
981,Timnaʾ,"Timnaʾ, Timna', Τάμνα, Thomna, Thumna",1,15.01919248859713,45.8046712873449,–,city,Yemen,–,"<a href='https://zenodo.org/record/6384045' target='_blank'>Pedersén ANE: Timna'</a>, <a href='https://pleiades.stoa.org/places/39430' target='_blank'>Pleiades: Tamna</a>"
982,Timur,Timur,–,–,–,–,fortress,Quwê (country),–,–
983,Tirza,"Tirza, Tirzah, Tell el-Far'ah, Tell el-Far'ah (north)",–,32.287387,35.337803,תִּרְצָה,"city, royal city","Israel, Bīt-Ḫumrî",–,–
1319,Tizu,Tizu,–,–,–,"URU.ti-zu, 𒌷𒋾𒍪","fortress, fortified city, city","Parsua, Iran",–,"Bagg RGTC 7 3/2: 568 (Tizu (?)), <a href='https://www.ucl.ac.uk/sargon/peoplegodsplaces' target='_blank'>Assyrian empire builders: Tizu</a>, <a href='http://oracc.museum.upenn.edu/saao/cbd/qpn-x-places/onebigfile.html' target='_blank'>SAAo Glossary: Places (Tizu [1])</a>, <a href='http://oracc.museum.upenn.edu/atae/cbd/qpn-x-places/onebigfile.html' target='_blank'>ATAE Glossary: Places (Tizu [1])</a>"
984,Tiʾi,Tiʾi,–,–,–,"URU.ti-ʾi-i, 𒌷𒋾𒀪𒄿",town,"Assyria, Dūr-Šarrukīn province, Iraq",–,"Bagg RGTC 7 2/2: 596, Parpola Toponyms: 351, <a href='http://oracc.museum.upenn.edu/saao/cbd/qpn-x-places/onebigfile.html' target='_blank'>SAAo Glossary: Places (Tiʾi [1])</a>, <a href='http://oracc.museum.upenn.edu/atae/cbd/qpn-x-places/onebigfile.html' target='_blank'>ATAE Glossary: Places (Tiʾi [1])</a>"
986,Tubliaš,"Tubliaš, Tublijaš, Tupliaš, Tupliyaš, Tuplijaš, Tubuliaš, Tubuliʾaš, Tupliʾaš, Tubliʾaš, Nār-Tupliʾaš, Nahr aṭ-Ṭīb, Nahr aţ Ţīb, Nahr at Tib, Nahr ol Ţayyeb, Nahr ol Tayyeb, نهر الطيب, Rūdkhāneh-ye Meymeh, Rudkhaneh-ye Meymeh, Rūdkhānat Mīmah, Rudkhanat Mimah, رودخانة ميمة, رودخانۀ ميمه, Āb-i-Maīma, Rūd-e Meymeh, Rūd-e Doveirič (?), Rūd-e Doveyrīch (?), Rud-e Doveyrich (?), Rūdkhāneh-ye Doveyrīj (?), Rudkhaneh-ye Doveyrech (?), رودخانِۀ دُوِيريچ, رودخانه دويريج, Nahr Duwayrīj (?), Rudkhaneh-ye Dowberij (?), رودخانه دوبریج",2,–,–,"ÍD.tup-li-aš, 𒀀𒇉𒁾𒇷𒀸, ÍD.tup-li-áš, 𒀀𒇉𒁾𒇷𒀾, ÍD.tup-li-ia-aš, 𒀀𒇉𒁾𒇷𒅀𒀸, ÍD.tup-li-ia-áš, 𒀀𒇉𒁾𒇷𒅀𒀾, ÍD.tu-bu-li-ʾa-áš, 𒀀𒇉𒌅𒁍𒇷𒀪𒀾","river, territory","Babylonia, Elam, Iraq, Iran",11 C4,"Bagg RGTC 7 3/2: 768–769 (Tuplijaš 2), Helsinki Atlas: 17 (map 11 C4), Parpola Toponyms: 358 (Tublijaš), <a href='https://www.geonames.org/90155/rudkhaneh-ye-meymeh.html' target='_blank'>Geonames: Rūdkhāneh-ye Meymeh</a>, <a href='https://www.geonames.org/6719687/nahr-ol-tayyeb.html' target='_blank'>Geonames: Nahr ol Ţayyeb</a>, <a href='https://www.geonames.org/96844/rud-e-doveyrich.html' target='_blank'>Geonames: Rūd-e Doveyrīch</a>, <a href='https://www.geonames.org/135834/rudkhaneh-ye-dowberij.html' target='_blank'>Geonames: Rūdkhāneh-ye Dowberīj</a>, <a href='https://www.ucl.ac.uk/sargon/peoplegodsplaces' target='_blank'>Assyrian empire builders: Tubliaš</a>, <a href='http://oracc.museum.upenn.edu/atae/cbd/qpn-x-waters/onebigfile.html' target='_blank'>ATAE Glossary: Watercourses (Tupliaš [2])</a>, <a href='http://oracc.museum.upenn.edu/saao/cbd/qpn-x-waters/onebigfile.html' target='_blank'>SAAo Glossary: Watercourses (Tupliaš [2])</a>, <a href='http://oracc.museum.upenn.edu/riao/cbd/qpn-x-waters/onebigfile.html' target='_blank'>RIAo Glossary: Watercourses (Tupliyaš [2])</a>, <a href='http://oracc.museum.upenn.edu/rinap/cbd/qpn-x-waters/onebigfile.html' target='_blank'>RINAP Glossary: Watercourses (Tupliyaš [2])</a>"
987,Tugliš,"Tugliš, Tugliyaš, Tuglijaš, Tubliš, Tubliaš, Tublijaš, Tupliaš, Tuplijaš, Tupliyaš, Kermānšāh, Kermansah, Kermanshah, Kermānshāh, کرمانشاه, Mandalī (?), Mandali (?), مندلي",2,34.31417,47.065,"tu-ub-li-iš, tu-up-li-iš, 𒌅𒌒𒇷𒅖, KUR.tug-li-áš, 𒆳𒌇𒇷𒀾, KUR.tug-li-ia-áš, 𒆳𒌇𒇷𒅀𒀾, KUR.tup-li-áš, 𒆳𒁾𒇷𒀾, KUR.tup-li-ia-áš, 𒆳𒁾𒇷𒅀𒀾",region,"Namri, Iran, Iraq (?)",11 B2,"Bagg RGTC 7 3/2: 572–573 (Tuplijaš 1), Helsinki Atlas: 17 (map 11 B2), Parpola Toponyms: 358 (Tublijaš), <a href='https://www.geonames.org/128226/kermanshah.html' target='_blank'>Geonames: Kermanshah</a>, <a href='https://www.geonames.org/93709/mandali.html' target='_blank'>Geonames: Mandalī</a>, <a href='https://www.ucl.ac.uk/sargon/peoplegodsplaces' target='_blank'>Assyrian empire builders: Niqi-Tubliš, Tubliš</a>, <a href='http://oracc.museum.upenn.edu/riao/cbd/qpn-x-places/onebigfile.html' target='_blank'>RIAo Glossary: Places (Tupliyaš [1])</a>, <a href='http://oracc.museum.upenn.edu/rinap/cbd/qpn-x-places/onebigfile.html' target='_blank'>RINAP Glossary: Places (Tupliyaš [1])</a>, <a href='http://oracc.museum.upenn.edu/saao/cbd/qpn-x-places/onebigfile.html' target='_blank'>SAAo Glossary: Places (Niqi-Tubliš [1])</a>"
989,Tulul al-Lak,"Tulul al-Lak, Qaryat al-Lak",–,36.299303,43.263063,–,–,"Assyria, Iraq",–,<a href='https://pleiades.stoa.org/places/741318296' target='_blank'>Pleiades: Qaryat al-Lak</a>
1195,Tummu,"Tummu, Tumme",–,–,–,"KUR.tu-um-mi, 𒆳𒌅𒌝𒈪, KUR.tum₄-me, 𒆳𒉏𒈨",territory,Naʾiri,–,"Bagg RGTC 7 3/2: 570 (Tumme 1), Parpola Toponyms: 359, <a href='http://oracc.museum.upenn.edu/riao/cbd/qpn-x-places/onebigfile.html' target='_blank'>RIAo Glossary: Places (Tummu)</a>"
991,Tunip,"Tunip, Asharneh, al-Ašārina, Ašarne, Tell Ašarne, Tell Asharneh, Qarqar (alt. loc.), Tell Acharneh, ‘Acharneh, Acharneh, Al-Asharinah, العشارنة",4,35.28390440908216,36.39936135109527,–,city,Syria,8 B1,"Helsinki Atlas: 17 (map 8 B1), <a href='http://www.acharneh.hst.ulaval.ca/english/frameInter.html' target='_blank'>Tell Acharneh Project</a>, <a href='https://zenodo.org/record/6384045' target='_blank'>Pedersén ANE: Tunip? (Asharneh)</a>"
992,Tunna,"Tunna, Tunni, Tunnu, Tuna, Dunna, Ala Dağları, Ala Daglari, Ala Dağlar, Ala Daglar, Ala Dağ, Ala Dag, Aladaǧ, Aladag, Aladağlar, Aladaglar, Aladaghlar, Bolkar Dağları (?), Bolgar Dağlari (?), Bozoğlan (?), Bulgar Dağlari (?)",2,37.91667,35.21667,"KUR.tu-nu, 𒆳𒌅𒉡, KUR.tu-un-ni, 𒆳𒌅𒌦𒉌",mountain,"Tabālu, Turkey",2 B3,"Bagg RGTC 7 1: 261 (Tunni), Helsinki Atlas: 17 (map 2 B3), Parpola Toponyms: 359–360 (Tunni), <a href='https://www.geonames.org/324280/ala-daglar.html' target='_blank'>Geonames: Ala Dağlar</a>, <a href='https://pleiades.stoa.org/places/628924' target='_blank'>Pleiades: Antitaurus Mons/Ala Dağları</a>, <a href='https://www.geonames.org/320904/bolkar-daglari.html' target='_blank'>Geonames: Bolkar Dağları</a>, <a href='https://www.geonames.org/10631915/bolkar-daglari.html' target='_blank'>Geonames: Bolkar Dağları</a>, <a href='https://pleiades.stoa.org/places/890432544' target='_blank'>Pleiades: Bolkar Dağları</a>, <a href='http://oracc.museum.upenn.edu/riao/cbd/qpn-x-places/onebigfile.html' target='_blank'>RIAo Glossary: Places (Tunni [Mount Tunni])</a>"
993,Turlu Höyük,"Turlu Höyük, Tell Turlu",–,37.75892,37.06912,–,–,Turkey,–,<a href='https://pleiades.stoa.org/places/201144661' target='_blank'>Pleiades: Turlu Höyük</a>
994,Turna,"Turna, Diyāla, Diyala",1,–,–,–,river,–,10 D3,Helsinki Atlas: 17 (map 10 D3)
995,Turnû,"Turnû, Turnu",–,–,–,"URU.tur-nu-a-a, 𒌷𒌉𒉡𒀀𒀀",town,"Assyria, Iraq",–,"Bagg RGTC 7 2/2: 614, <a href='http://oracc.museum.upenn.edu/atae/cbd/qpn-x-ethnic/onebigfile.html' target='_blank'>ATAE Glossary: Ethnic Names (Turnuaya [from Turnu])</a>"
996,Tursāna,"Tursāna, Turšā, Turšān, Tell Māḥūz",2,35.49155,43.83659,–,town,–,10 C1,Helsinki Atlas: 17 (map 10 C1)
1189,Turtani,"Turtani, Turtānu, Turtanu",–,–,–,"KUR.tu-ur-ta-ni, 𒆳𒌅𒌨𒋫𒉌",mountain,"Māzamua, Iraq",–,"Bagg RGTC 7 3/2: 573, Parpola Toponyms: 360 (Turtānu), <a href='http://oracc.museum.upenn.edu/riao/cbd/qpn-x-places/onebigfile.html' target='_blank'>RIAo Glossary: Places (Turtani [MOUNT TURTANI])</a>, <a href='http://oracc.museum.upenn.edu/rinap/cbd/qpn-x-places/onebigfile.html' target='_blank'>RINAP Glossary: Places (Turtani [MOUNT TURTANI])</a>"
999,Tuttul,"Tuttul, Tell Bi'a",1,35.95769717739928,39.04765257021229,–,city,Syria,–,<a href='https://zenodo.org/record/6384045' target='_blank'>Pedersén ANE: Tuttul (Tell Bi'a)</a>
1000,Tutub,"Tutub, Khafaja",1,33.35566234452106,44.55556207376325,–,city,Iraq,–,<a href='https://zenodo.org/record/6384045' target='_blank'>Pedersén ANE: Tutub (Khafaja)</a>
998,Tušḫan,"Tušḫan, Tušhan, Ziyāret Tepe, Ziyaret Tepe",3,37.79324242090923,40.79327286803895,–,"prov. capital, city",Turkey,3 D3,"Helsinki Atlas: 17 (map 3 D3), <a href='https://zenodo.org/record/6384045' target='_blank'>Pedersén ANE: Tušhan (Ziyaret Tepe)</a>"
1111,Tuʾmūna,"Tuʾmūna, Tuʾmuna, Tuʾmana, Tuʾumuna",–,–,–,"KUR.tu-uʾ-mu-na, 𒆳𒌅𒀪𒈬𒈾, LÚ.tu-uʾ-mu-na, 𒇽𒌅𒀪𒈬𒈾, LÚ.KUR.tu-uʾ-mu-na, 𒇽𒆳𒌅𒀪𒈬𒈾, LÚ.tu-uʾ-ma-na-a-a, 𒇽𒌅𒀪𒈠𒈾𒀀𒀀, LÚ.tu-uʾ-na-a-a, 𒇽𒌅𒀪𒈾𒀀𒀀, LÚ.KUR.tu-uʾ-mu-na-a-a, 𒇽𒆳𒌅𒀪𒈬𒈾𒀀𒀀","Aramean tribe, territory","Babylonia, Iraq",–,"Bagg RGTC 7 3/2: 570–571, Parpola Toponyms: 358 (Tuʾmuna)"
988,Tuḫana,"Tuḫana, Tuhana, Tuḫan, Tuwāna, Tuwanuwa, Tuwannuwa, Dana, Eusebeia am Tauros, Εὐσέβεια πρὸς τῷ Ταύρῳ, Tyana, Τύανα, Col. Aurelia Antoniniana, al-Kanāʾis, Tuwan, Ṭuwāna, Ṭavāna, Kemerhisar",2,37.82271390782822,34.57021853237792,"KUR.tu-ḫa-na-a-a, 𒆳𒌅𒄩𒈾𒀀𒀀, KUR.tu₂-ḫa-na-a-a, 𒆳𒌓𒄩𒈾𒀀𒀀, URU.tu-ḫa-na-a-a, 𒌷𒌅𒄩𒈾𒀀𒀀","city, country","Tabālu, Turkey",1 D3,"Bagg RGTC 7 1: 259, Helsinki Atlas: 17 (map 1 D3), Parpola Toponyms: 359 (Tuḫan), <a href='https://zenodo.org/record/6384045' target='_blank'>Pedersén ANE: Tuwanuwa / Tuhana / Tyana (Kemerhisar)</a>, <a href='https://pleiades.stoa.org/places/648801' target='_blank'>Pleiades: Tyana/Col. Aurelia Antoniniana</a>, <a href='https://www.geonames.org/308203/kemerhisar.html' target='_blank'>Geonames: Kemerhisar</a>, <a href='https://www.ucl.ac.uk/sargon/peoplegodsplaces' target='_blank'>Assyrian empire builders: Tuhana</a>, <a href='http://oracc.museum.upenn.edu/rinap/cbd/qpn-x-ethnic/onebigfile.html' target='_blank'>RINAP Glossary: Ethnic Names (Tuhanayu [of Tuhana])</a>, <a href='http://oracc.museum.upenn.edu/riao/cbd/qpn-x-ethnic/onebigfile.html' target='_blank'>RIAo Glossary: Ethnic Names (Tuhanayu [of Tuhana])</a>"
947,Tâmtu šaplītu ša Naʾiri,"Tâmtu šaplītu ša Naʾiri, Tâmtu-šaplītu-ša-Naʾiri, Tāmtu šaplītu ša Naʾiri, Tâmtu ša Naʾiri, Tâmtu-ša-Naʾiri, Tāmtu ša Naʾiri, Lake Urmia, Daryacheh-i Urumiyeh, Daryacheh-ye Orumiyeh, دَرياچِۀ اُروميِّه, دریاچه ارومیه, Daryacheh-i Rizaiyeh, Daryācheh-ye Rezā’īyeh, دَرياچِۀ رِضائيِّه, Daryacheh-i Shahi, Daryācheh-ye Shāhī, دَرياچِۀ شاهی",2,37.5903,45.43945,"tam-di KI.TA ša KUR.na-i-ri, 𒌓𒁲𒆠𒋫𒊭𒆳𒈾𒄿𒊑, tam-di KI.TA šá KUR.na-i-ri, 𒌓𒁲𒆠𒋫𒃻𒆳𒈾𒄿𒊑, A.AB.BA ša KUR.na-ʾi-ri, 𒀀𒀊𒁀𒊭𒆳𒈾𒀪𒊑, A.AB.BA ša KUR.na-i-ri, 𒀀𒀊𒁀𒊭𒆳𒈾𒄿𒊑, A.AB.BA šá KUR.na-ʾi-ri, 𒀀𒀊𒁀𒃻𒆳𒈾𒀪𒊑, A.AB.BA šá KUR.na-i-ri, 𒀀𒀊𒁀𒃻𒆳𒈾𒄿𒊑, tam-di ša KUR.KUR-na-ʾi-ri, 𒌓𒁲𒊭𒆳𒆳𒈾𒀪𒊑, tam-di ša KUR.KUR.na-i-ri, 𒌓𒁲𒊭𒆳𒆳𒈾𒄿𒊑, tam-di ša KUR.na-i-ri, 𒌓𒁲𒊭𒆳𒈾𒄿𒊑, tam-di šá KUR.na-i-ri, 𒌓𒁲𒃻𒆳𒈾𒄿𒊑, tam-di šà KUR.na-i-ri, 𒌓𒁲𒊮𒆳𒈾𒄿𒊑, tam-tim ša KUR.na-ʾi-i-ri, 𒌓𒁴𒊭𒆳𒈾𒀪𒄿𒊑",lake,"Urarṭu, Iran, West Azerbaijan, East Azerbaijan",5 A3,"Bagg RGTC 7 3/2: 765–766, Bagg RGTC 7 3/2: 761–762 (Tâmtu ša Naʾiri), Helsinki Atlas: 17 (map 5 A3; Tāmtu (šaplītu) ša Naʾiri), Parpola Toponyms: 346 (Tâmtu ša Naʾiri), Parpola Toponyms: 346–347 (under Tâmtu šaplītu), <a href='https://www.geonames.org/121800/lake-urmia.html' target='_blank'>Geonames: Lake Urmia</a>, <a href='http://oracc.museum.upenn.edu/riao/cbd/qpn-x-waters/onebigfile.html' target='_blank'>RIAo Glossary: Watercourses (Tamtu elitu u Tamtu šaplitu ša Naʾiri [Upper and Lower Seas of the Naʾiri Lands])</a>, <a href='http://oracc.museum.upenn.edu/rinap/cbd/qpn-x-waters/onebigfile.html' target='_blank'>RINAP Glossary: Watercourses (Tamtu ša Naʾiri [Sea of the Naʾiri Lands])</a>, <a href='http://oracc.museum.upenn.edu/riao/cbd/qpn-x-waters/onebigfile.html' target='_blank'>RIAo Glossary: Watercourses (Tamtu ša Naʾiri [Sea of the Naʾiri Lands])</a>"
943,Tāmtu elītu,"Tāmtu elītu, Tāmtu rabītu, Mediterranean Sea",2,–,–,–,sea,–,–,–
944,Tāmtu elītu ša Naʾiri,"Tāmtu elītu ša Naʾiri, Tāmtu ša Naʾiri, Lake Van",2,–,–,–,lake,–,4 B3,Helsinki Atlas: 17 (map 4 B3)
945,Tāmtu ša Kaldi,"Tāmtu ša Kaldi, Persian Gulf",2,–,–,–,sea,–,17 B4,Helsinki Atlas: 17 (map 17 B4)
946,Tāmtu ša Zamua,"Tāmtu ša Zamua, Lake Zeribor",2,–,–,–,lake,–,11 B1,Helsinki Atlas: 17 (map 11 B1)
958,Tāsa,"Tāsa, Tasa, Tāše, Taše, Yayla, Taşdelen (?), Tasdelen (?)",4,38.63092,40.52793,"URU.ta-sa, 𒌷𒋫𒊓",town,"Naʾiri, Turkey",3 B2,"Bagg RGTC 7 2/2: 590–591, Helsinki Atlas: 17 (map 3 B2), Parpola Toponyms: 349, <a href='https://www.geonames.org/297499/yayla.html' target='_blank'>Geonames: Yayla</a>, <a href='https://www.geonames.org/299785/tasdelen.html' target='_blank'>Geonames: Taşdelen</a>, <a href='https://www.geonames.org/299786/tasdelen.html' target='_blank'>Geonames: Taşdelen</a>, <a href='https://www.geonames.org/7003103/yayla.html' target='_blank'>Geonames: Yayla</a>, <a href='https://www.geonames.org/7001476/yayla.html' target='_blank'>Geonames: Yayla</a>, <a href='https://www.geonames.org/7001460/yayla.html' target='_blank'>Geonames: Yayla</a>, <a href='http://oracc.museum.upenn.edu/rinap/cbd/qpn-x-places/onebigfile.html' target='_blank'>RINAP Glossary: Places (Tasa [1])</a>"
966,Tīdu,"Tīdu, Tidu, Kerh, Kerh-i Dicle, Kurkh, Charcha, Üç Tepe, Üçtepe",2,37.82613909184944,40.53987809622119,–,fortress,Turkey,3 D3,"Helsinki Atlas: 17 (map 3 D3), <a href='https://zenodo.org/record/6384045' target='_blank'>Pedersén ANE: Tidu? (Üç Tepe / Kurkh)</a>"
1002,Tūʾimmu,"Tūʾimmu, Tuʾimmu, Tuʾimme, Tu'ammu, Tuʾammu, Tayimu, Taimu, twʾm, Tuwwama, Tawwāmi, Tawʾama, Tawāmah, Taw’amah, Tawamah, توامة, al-Tawameh, Taʾum (?), Ţa‘ūm (?), Ţu‘ūm (?), طعوم, Tall Ṭaʿam (?), Tall Taim (?)",3,36.19351402699451,36.8109182544023,"URU.tu-ʾi-im-me, 𒌷𒌅𒀪𒅎𒈨, URU.tu-im-mu, 𒌷𒌅𒅎𒈬, URU.tu-ʾu-am-mu, URU.tu-ʾa-am-mu, 𒌷𒌅𒀪𒄠𒈬, URU.tú-ʾi-mu, 𒌷𒌓𒀪𒈬, URU.tú-im-me, 𒌷𒌓𒅎𒈨, URU.tú-im-mu, 𒌷𒌓𒅎𒈬, twʾm, 𐡕𐡅𐡀𐡌","prov. capital, city, province","Bīt-Agūsi, Tūʾimmu province, Syria",2 C5,"Bagg RGTC 7 1: 259–260, Helsinki Atlas: 17 (map 2 C5), Parpola Toponyms: 358, <a href='https://zenodo.org/record/6384045' target='_blank'>Pedersén ANE: Tu'ammu? (Tuwwama)</a>, <a href='https://www.geonames.org/163320/tawamah.html' target='_blank'>Geonames: Tawāmah</a>, <a href='https://www.geonames.org/4705/tu-um.html' target='_blank'>Geonames: Ţu‘ūm</a>, <a href='http://oracc.museum.upenn.edu/atae/cbd/qpn-x-places/onebigfile.html' target='_blank'>ATAE Glossary: Places (Tuʾimmu [1])</a>, <a href='http://oracc.museum.upenn.edu/riao/cbd/qpn-x-places/onebigfile.html' target='_blank'>RIAo Glossary: Places (Tuʾimmu [1])</a>, <a href='http://oracc.museum.upenn.edu/rinap/cbd/qpn-x-places/onebigfile.html' target='_blank'>RINAP Glossary: Places (Tuʾimmu [1])</a>"
1035,Uajis,"Uajis, Uayis, Uâsi, Uesi, Uaisi, Uaysi, Waisi, Aisa, Wiše, Uiše, Qalātgāh, Qalatgah, Qualatgah, Oshnavīyeh (?), Oshnaviyeh (?), Ušnavieh (?), Ushnūīyeh (?), اشنويه, Ushnū (?), Qalʿe Esmaʾīl Aġā (?), Qal‘eh-ye Esmā‘īl Āqā (?), قلعه اسماعیل آقا, قَلعِۀ اِسماعيلاقا, Esma`ilaqa Qal`ehsi (?), Esmā‘īlāqā Qal‘ehsī (?), اِسماعيلاقا قَلعِهسی",3,37.0353,45.2208,"ú-e-si, 𒌑𒂊𒋛, KUR.ú-a-ii-is, 𒆳𒌑𒀀𒅀𒄑, KUR.ú-a-si, 𒆳𒌑𒀀𒋛, URU.u-a-si, 𒌷𒌋𒀀𒋛, URU.ú-a-a-si, 𒌷𒌑𒀀𒀀𒋛, URU.ú-a-ii-is, 𒌷𒌑𒀀𒅀𒄑, URU.ú-a-si, 𒌷𒌑𒀀𒋛, URU.ú-e-si, 𒌷𒌑𒂊𒋛","fortress, city, prov. capital, Urarṭian province","Urarṭu, Iran, West Azerbaijan",4 E4,"Bagg RGTC 7 3/2: 576–578, Helsinki Atlas: 18 (Waisi; map 4 E4), Parpola Toponyms: 362–363 (Uâsi), <a href='https://zenodo.org/record/5217600' target='_blank'>CIGS: Qalatgah</a>, <a href='https://www.geonames.org/121795/oshnaviyeh.html' target='_blank'>Geonames: Oshnavīyeh</a>, <a href='https://www.geonames.org/20925/qal-eh-ye-esma-il-aqa.html' target='_blank'>Geonames: Qal‘eh-ye Esmā‘īl Āqā</a>, <a href='https://www.ucl.ac.uk/sargon/peoplegodsplaces' target='_blank'>Assyrian empire builders: Waisi</a>, <a href='http://oracc.museum.upenn.edu/riao/cbd/qpn-x-places/onebigfile.html' target='_blank'>RIAo Glossary: Places (Uayis [1])</a>, <a href='http://oracc.museum.upenn.edu/saao/cbd/qpn-x-places/onebigfile.html' target='_blank'>SAAo Glossary: Places (Uayis [1])</a>, <a href='http://oracc.museum.upenn.edu/atae/cbd/qpn-x-places/onebigfile.html' target='_blank'>ATAE Glossary: Places (Uayis [1])</a>, <a href='http://oracc.museum.upenn.edu/rinap/cbd/qpn-x-places/onebigfile.html' target='_blank'>RINAP Glossary: Places (Uayis [1])</a>, <a href='http://oracc.museum.upenn.edu/saao/cbd/qpn-x-places/onebigfile.html' target='_blank'>SAAo Glossary: Places (Waisi [1])</a>"
1072,Uatzunza,Uatzunza,–,–,–,"URU.ú-at-zu-un-za, 𒌷𒌑𒀜𒍪𒌦𒍝",fortified city,"Sangibūtu, Iran",–,Bagg RGTC 7 3/2: 579
1073,Ubabara,Ubabara,–,–,–,"URU.ú-ba-ba-ra, 𒌷𒌑𒁀𒁀𒊏","city, fortified city","Mannāja, Zikirtu, Aukanê, Iran",–,"Bagg RGTC 7 3/2: 581, Parpola Toponyms: 363, <a href='http://oracc.museum.upenn.edu/riao/cbd/qpn-x-places/onebigfile.html' target='_blank'>RIAo Glossary: Places (Ubabara)</a>, <a href='http://oracc.museum.upenn.edu/rinap/cbd/qpn-x-places/onebigfile.html' target='_blank'>RINAP Glossary: Places (Ubabara)</a>"
1003,Ubasê,"Ubasê, Ubasē, Ubase, Tall Ḥuwaysh, Tell Ḥuwaiš, Tell Huweish, Tell Huwaish, Tell Khuwaish, Tall Khuwaish, تل حويش, Tall al-Ḥuwaiš",3,35.593333,43.231111,"URU.ú-ba-se-e, 𒌷𒌑𒁀𒋛𒂊, URU.ú-ba-si, 𒌷𒌑𒁀𒋛, URU.ub-si-a-a, 𒌷𒌒𒋛𒀀𒀀",town,"Assyria, Iraq",10 C1,"Bagg RGTC 7 2/2: 620, Helsinki Atlas: 17 (map 10 C1), Parpola Toponyms: 363, <a href='https://zenodo.org/record/6384045' target='_blank'>Pedersén ANE: (Tell Khuwaish)</a>, <a href='https://zenodo.org/record/5217600' target='_blank'>CIGS: Tall Ḥuwaysh</a>, <a href='https://pleiades.stoa.org/places/292494806' target='_blank'>Pleiades: Tall Ḥuwaysh</a>, <a href='https://books.openedition.org/cdf/4487' target='_blank'>MTT I/3: Tall Khuwaish / Ubasē (HIGEOMES Nr. 417)</a>, <a href='http://oracc.museum.upenn.edu/saao/cbd/qpn-x-places/onebigfile.html' target='_blank'>SAAo Glossary: Places (Ubase [1])</a>, <a href='http://oracc.museum.upenn.edu/atae/cbd/qpn-x-places/onebigfile.html' target='_blank'>ATAE Glossary: Places (Ubase [1])</a>, <a href='http://oracc.museum.upenn.edu/riao/cbd/qpn-x-places/onebigfile.html' target='_blank'>RIAo Glossary: Places (Ubase [1])</a>"
1248,Ubianda,Ubianda,–,–,–,"KUR.ú-bi-an-da, 𒆳𒌑𒁉𒀭𒁕","mountains, mountain","Urarṭu, Armarijalî, Iran, West Azerbaijan",–,"Bagg RGTC 7 3/2: 581, Parpola Toponyms: 364, <a href='http://oracc.museum.upenn.edu/riao/cbd/qpn-x-places/onebigfile.html' target='_blank'>RIAo Glossary: Places (Ubianda [Mount Ubianda])</a>, <a href='http://oracc.museum.upenn.edu/rinap/cbd/qpn-x-places/onebigfile.html' target='_blank'>RINAP Glossary: Places (Ubianda [Mount Ubianda])</a>"
1004,Udu,"Udu, Uda, Arpatepe, Araptepe, Arpatepe Köyü, Arpatepekëy, Arpatepekey, Doruk, Dereiçi (?), Dereici (?), Killit (?), قلت, ܩܶܠܬ, Killith (?)",4,37.7025,40.79219,"URU.ú-da, 𒌷𒌑𒁕, URU.ú-di, 𒌷𒌑𒁲","town, fortified town","Nirdun, Turkey",–,"Bagg RGTC 7 2/2: 621–622, Parpola Toponyms: 364 (Uda), <a href='https://www.geonames.org/316275/doruk.html' target='_blank'>Geonames: Doruk/Arpatepe</a>, <a href='https://www.geonames.org/317022/dereici.html' target='_blank'>Geonames: Dereiçi/Killit</a>, <a href='https://www.geonames.org/323534/arpatepe.html' target='_blank'>Geonames: Arpatepe</a>, <a href='http://oracc.museum.upenn.edu/riao/cbd/qpn-x-places/onebigfile.html' target='_blank'>RIAo Glossary: Places (Udu [1])</a>, <a href='http://oracc.museum.upenn.edu/saao/cbd/qpn-x-places/onebigfile.html' target='_blank'>SAAo Glossary: Places (Udu [1])</a>, <a href='http://oracc.museum.upenn.edu/atae/cbd/qpn-x-places/onebigfile.html' target='_blank'>ATAE Glossary: Places (Udu [1])</a>"
1005,Udūmu,"Udūmu, Edom, Edôm",1,–,–,–,country,–,14 C3,Helsinki Atlas: 17 (map 14 C3)
1006,Ugarit,"Ugarit, Ras Shamra",1,35.60212119674047,35.78557402494275,–,city,Syria,–,"<a href='https://ochre.lib.uchicago.edu/RSTI' target='_blank'>Ras Shamra Tablet Inventory (RSTI)</a>, <a href='https://www.ras-shamra.ougarit.mom.fr' target='_blank'>Ugarit Website</a>, <a href='https://zenodo.org/record/6384045' target='_blank'>Pedersén ANE: Ugarit (Ras Shamra)</a>"
1007,Ukku,"Ukku, Sirnak",4,37.51666,42.46816,–,city,–,4 B4,Helsinki Atlas: 17 (map 4 B4)
1009,Ulluba,"Ulluba, Birtu, Plain of Zāḫū",–,–,–,–,"district, province",–,4 B4,"Bagg RGTC 7 2/1: 105–106 (Birtu 2), Helsinki Atlas: 17 (map 4 B4)"
1010,Uluruš,Uluruš,–,–,–,–,mountain,–,3 C2,Helsinki Atlas: 18 (map 3 C2)
1011,Umma,"Umma, Tell Jokha",1,31.66743001625768,45.88767609164621,–,city,"Babylonia, Iraq",–,<a href='https://zenodo.org/record/6384045' target='_blank'>Pedersén ANE: Umma (Tell Jokha)</a>
1012,Unniga,"Unniga, Unnigâ, Unaga, Uniga, Unipgum (?), Unchae, Onchae, Tall Ğudaida, Tell el-Judaideh, Tell Gdidah",3,36.2675899088881,36.5867846849195,"URU.un-ni-ga-a, 𒌷𒌦𒉌𒂵𒀀",town,"Unqi, Turkey",2 C4,"Bagg RGTC 7 1: 267, Helsinki Atlas: 18 (map 2 C4), Parpola Toponyms: 367, <a href='https://zenodo.org/record/6384045' target='_blank'>Pedersén ANE: (Tell el-Judaideh)</a>, <a href='https://pleiades.stoa.org/places/662191' target='_blank'>Pleiades: Onchae</a>, <a href='http://oracc.museum.upenn.edu/riao/cbd/qpn-x-places/onebigfile.html' target='_blank'>RIAo Glossary: Places (Unniga [1])</a>, <a href='http://oracc.museum.upenn.edu/rinap/cbd/qpn-x-places/onebigfile.html' target='_blank'>RINAP Glossary: Places (Unniga [1])</a>"
1013,Unqi,"Unqi, ʿmg, al-ʿAmq, ʿAmuq",–,–,–,–,territory,–,2 C4,Helsinki Atlas: 18 (map 2 C4)
1014,Upâ,"Upâ, Jabal Ţāslūjah, جبل طاسلوجة, Shākh-i Tāslūja, Jabal Ḩaqar (?), جبل حقر, Azmar Dāǧ (?), Azmar Dāgh (?), Asmir Dāgh (?), Silsilat Jibāl Azmar (?), سلسلة جبال ازمر, Kūh-i-Ḫiplak (?), Kūḫ-e Ḫōǧalāk (?), Kūh-e Khvojeh Lāk (?), Kūh-i-Khojalak (?), كوهِ خوُجِه لاك, Pir Omar Gudrun (?), Pir-i Mukurun (?), Jabal Bīrah Magrūn (?), Jabal Bīrah Makrūn (?), Shākh-i Pīra Magrūn (?), جبل بيرة مگرون",5,35.55906,45.22212,"KUR.ú-pa-a, 𒆳𒌑𒉺𒀀",mountain,"Māzamua (?), Iraq, Iran (?), Zagros",11 B1,"Bagg RGTC 7 3/2: 590, Helsinki Atlas: 18 (map 11 B1; Kūh-i-Ḫiplak / Kūḫ-e Ḫōǧalāk), Parpola Toponyms: 368, <a href='https://www.geonames.org/383948/jabal-taslujah.html' target='_blank'>Geonames: Jabal Ţāslūjah</a>, <a href='https://www.geonames.org/7426340/jabal-haqar.html' target='_blank'>Geonames: Jabal Ḩaqar</a>, <a href='https://www.geonames.org/8301275/taslujah.html' target='_blank'>Geonames: Ţāslūjah</a>, <a href='https://www.geonames.org/417096/baranand-dagh.html' target='_blank'>Geonames: Baranand Dāgh</a>, <a href='https://www.geonames.org/98267/silsilat-jibal-azmar.html' target='_blank'>Geonames: Silsilat Jibāl Azmar</a>, <a href='https://www.geonames.org/127034/kuh-e-khvojeh-lak.html' target='_blank'>Geonames: Kūh-e Khvojeh Lāk</a>, <a href='https://www.geonames.org/92771/jabal-birah-magrun.html' target='_blank'>Geonames: Jabal Bīrah Magrūn</a>, <a href='http://oracc.museum.upenn.edu/riao/cbd/qpn-x-places/onebigfile.html' target='_blank'>RIAo Glossary: Places (Upa [MOUNT UPâ])</a>, <a href='http://oracc.museum.upenn.edu/rinap/cbd/qpn-x-places/onebigfile.html' target='_blank'>RINAP Glossary: Places (Upa [MOUNT UPâ])</a>"
1015,Upî,"Upî, Ôpis, Opis, Tell al-Muǧailāt, Tulul Mujaili'",1,33.18405462323751,44.70127240121272,–,city,"Babylonia, Iraq",10 D3,"Helsinki Atlas: 18 (map 10 D3), <a href='https://zenodo.org/record/6384045' target='_blank'>Pedersén ANE: Upî? (Tulul Mujaili' D590)</a>"
1016,Upūmu,"Upūmu, Upumu, Ubume, Uppumu, Uppūme, Uppume, Pūmu, Pumu, Ibume, Elegerda, Legerda, Illyrisis, Illyrisos, Aphoumōn (?), Aphoumon (?), Fūm (?), Fum (?), Lice (?), Lijje (?)",3,38.512506,40.55165,"KUR.pu-u-me, 𒆳𒁍𒌋𒈨, KUR.up-pu-um-me, 𒆳𒌒𒁍𒌝𒈨, URU.i-pu-me, URU.i-bu-me, 𒌷𒄿𒁍𒈨, URU.pu-mu, 𒌷𒁍𒈬, URU.pu-u-me, 𒌷𒁍𒌋𒈨, URU.pu-ú-mu, 𒌷𒁍𒌑𒈬, URU.pu-um-me, 𒌷𒁍𒌝𒈨, URU.pu-um-mu, 𒌷𒁍𒌝𒈬, URU.ú-bu-me, URU.ú-pu-me, 𒌷𒌑𒁍𒈨, URU.ú-pu-mu, 𒌷𒌑𒁍𒈬, URU.up-pu-me, 𒌷𒌒𒁍𒈨, URU.up-pu-um-me, 𒌷𒌒𒁍𒌝𒈨","prov. capital, city, province","Šubria, Upūmu province, Turkey",3 D2,"Bagg RGTC 7 2/2: 630–631 (Uppumu), Helsinki Atlas: 18 (map 3 D2), Parpola Toponyms: 368–369 (Uppūme), Kessler (1995): <i>Šubria Urartu and Aššur. Topographical Questions around the Tigris Sources</i>. In Liverani (ed.): Neo-Assyrian Geography. 56–57 and 66 (map), <a href='https://pleiades.stoa.org/places/874462' target='_blank'>Pleiades: (E)Legerda/Illyrisos</a>, <a href='https://vici.org/vici/7606/' target='_blank'>Vici.org: Elegerda</a>, <a href='https://www.geonames.org/8630832/lice-ilcesi.html' target='_blank'>Geonames: Lice İlçesi</a>, <a href='https://pleiades.stoa.org/places/874329' target='_blank'>Pleiades: *Aphoumon/Kish</a>, <a href='https://vici.org/vici/7594/' target='_blank'>Vici.org: Aphoumon (Zercel Kale)</a>, <a href='http://oracc.museum.upenn.edu/saao/knpp/peoplegodsplaces/index.html' target='_blank'>Knowledge and Power: Upumu</a>, <a href='https://www.ucl.ac.uk/sargon/peoplegodsplaces' target='_blank'>Assyrian empire builders: Upumu</a>, <a href='http://oracc.museum.upenn.edu/rinap/cbd/qpn-x-places/onebigfile.html' target='_blank'>RINAP Glossary: Places (Uppumu [1])</a>, <a href='http://oracc.museum.upenn.edu/riao/cbd/qpn-x-places/onebigfile.html' target='_blank'>RIAo Glossary: Places (Uppumu [1])</a>, <a href='http://oracc.museum.upenn.edu/saao/cbd/qpn-x-places/onebigfile.html' target='_blank'>SAAo Glossary: Places (Uppumu [1])</a>, <a href='http://oracc.museum.upenn.edu/atae/cbd/qpn-x-places/onebigfile.html' target='_blank'>ATAE Glossary: Places (Uppumu [1])</a>"
1017,Uqnû,Uqnû,2,–,–,–,river,–,11 B4,Helsinki Atlas: 18 (map 11 B4)
1018,Urakka,"Urakka, Tall ʿĀmūdā, Tall ʻĀmūdā, Tell 'Amuda, تل عامودا, ʿĀmūdā, ‘Āmūdā, Amuda, Amude, Amouda, Aâmoûda, ‘Āmūdah, عامودا, عامودة, Kemaliye (?), Urkeš (?), Urkiš (?), Tell Mozan (?), Tell Mūzān (?), Mozan (?)",2,37.13288051644428,40.93342244583637,"URU.ú-rak-ka, 𒌷𒌑𒊩𒅗",city,"Turkey, Syria (?)",3 D3,"Bagg RGTC 7 2/2: 632, Helsinki Atlas: 18 (map 3 D3; Tell Mūzān), Parpola Toponyms: 370, <a href='https://zenodo.org/record/6384045' target='_blank'>Pedersén ANE: (Tell 'Amuda)</a>, <a href='https://zenodo.org/record/5217600' target='_blank'>CIGS: Tall ʻĀmūdā</a>, <a href='https://www.geonames.org/173230/-amuda.html' target='_blank'>Geonames: ‘Āmūdā</a>, <a href='https://pleiades.stoa.org/places/404687441' target='_blank'>Pleiades: Urakka</a>, <a href='https://zenodo.org/record/6384045' target='_blank'>Pedersén ANE: Urkeš (Mozan)</a>, <a href='http://urkesh.org/main/main8.htm' target='_blank'>The Urkesh Global Record</a>, <a href='http://oracc.museum.upenn.edu/atae/cbd/qpn-x-places/onebigfile.html' target='_blank'>ATAE Glossary: Places (Urakka)</a>, <a href='http://oracc.museum.upenn.edu/saao/cbd/qpn-x-places/onebigfile.html' target='_blank'>SAAo Glossary: Places (Urakka)</a>, <a href='http://oracc.museum.upenn.edu/riao/cbd/qpn-x-places/onebigfile.html' target='_blank'>RIAo Glossary: Places (Urakka)</a>"
1019,Urarṭu,"Urarṭu, Uruaṭri, Uraṭru, Urartu, Ararat",2,–,–,–,country,"Turkey, Armenia",4 B3,Helsinki Atlas: 18 (map 4 B3)
1136,Uratas,"Uratas, Asadābād, اسد آباد, Orontes, Oroandes mountains, Alvand",–,34.78241,48.12012,"KUR.ú-ra-ta-as, 𒆳𒌑𒊏𒋫𒊍",country,"Mādāja, Iran",–,"Bagg RGTC 7 3/2: 601, <a href='https://www.geonames.org/142872/asadabad.html' target='_blank'>Geonames: Asadābād</a>, <a href='https://pleiades.stoa.org/places/902985' target='_blank'>Pleiades: Alvand/Orontes/Oroandes M.</a>, <a href='https://www.geonames.org/7394206/kuh-e-alvand.html' target='_blank'>Geonames: Kūh-e Alvand</a>, <a href='http://oracc.museum.upenn.edu/riao/cbd/qpn-x-places/onebigfile.html' target='_blank'>RIAo Glossary: Places (Uratas)</a>, <a href='http://oracc.museum.upenn.edu/rinap/cbd/qpn-x-places/onebigfile.html' target='_blank'>RINAP Glossary: Places (Uratas)</a>"
1197,Urina,"Urina, Urinu, Urini, Kūh-e Kutur (?), Kird Kunī Kūtir (?), كرد كني كوتر, Kūh-e Reš (?), Gird-a Rash (?), Shax-î Girde Ṟesh (?), شاخى گردە ڕەش, Kirda Rashī (?), كرد رشي, Kirdash (?), كردش, Shax-î Kune Kotir (?), شاخى كونە كۆتر, Jabal Kūnah Kawtir (?), جبل كونه كوتر, Kona Koter (?), Kūnah Kutar (?), Kūnah Kūtir (?)",–,–,–,"KUR.ú-ri-ni, 𒆳𒌑𒊑𒉌",mountain,"Nimme, Iraq",–,"Bagg RGTC 7 3/2: 605–606, Bagg RGTC 7 3/1: 69 (Aruni), Parpola Toponyms: 374 (Urini), <a href='https://www.geonames.org/417208/gird-a-rash.html' target='_blank'>Geonames: Gird-a Rash</a>, <a href='https://www.geonames.org/7425916/kird-kuni-kutir.html' target='_blank'>Geonames: Kird Kunī Kūtir</a>, <a href='https://www.geonames.org/7426281/kirda-rashi.html' target='_blank'>Geonames: Kirda Rashī</a>, <a href='https://www.geonames.org/94233/shax-i-kune-kotir.html' target='_blank'>Geonames: Shax-î Kune Kotir</a>, <a href='http://oracc.museum.upenn.edu/riao/cbd/qpn-x-places/onebigfile.html' target='_blank'>RIAo Glossary: Places (Urinu)</a>"
1164,Urku...,Urku...,–,–,–,"URU.ur-ku..., 𒌷𒌨𒆪...",town,"Māzamua (?), Kār-Šarrukīn (?), Iraq (?), Iran (?), Zagros",–,"Bagg RGTC 7 3/2: 606, SAA 15 104"
1021,Urrubnu,"Urrubnu, Urrupnu, Baijān Dāġ, Chiyā-i Bējān, Shax-î Bîcane, شاخى بيجانه, Chiyā-i Ḩarīr, Jabal Ḩarīr, Jabal Harir",–,36.5325,44.57389,"KUR.ur-ru-ub-nu, 𒆳𒌨𒊒𒌒𒉡",mountains,"Ḫabrūri, Iraq",–,"Bagg RGTC 7 3/2: 607, Parpola Toponyms: 374 (Urrupnu), <a href='https://www.geonames.org/446890/chiya-i-bejan.html' target='_blank'>Geonames: Chiyā-i Bējān</a>, <a href='https://www.geonames.org/96045/chiya-i-harir.html' target='_blank'>Geonames: Chiyā-i Ḩarīr</a>, <a href='http://oracc.museum.upenn.edu/riao/cbd/qpn-x-places/onebigfile.html' target='_blank'>RIAo Glossary: Places (Urrubnu)</a>"
1022,Urrus,"Urrus, Uršu (?), Ursum (?), Uršum (?), Waršuwa (?), Rhōsos, Rhosos, Ῥωσὸς, Orossus, Arosos, Rhossus, Arsus, Arsuz, أرسوز, Aruz, Uluçinar",2,36.412778,35.886667,"URU.ur-ru-us, 𒌷𒌨𒊒𒊻","town, seaport","Unqi, Turkey",2 B4,"Bagg RGTC 7 1: 269, Helsinki Atlas: 18 (map 2 B4), Parpola Toponyms: 374, <a href='https://www.geonames.org/298435/arsuz.html' target='_blank'>Geonames: Arsuz</a>, <a href='https://pleiades.stoa.org/places/658585' target='_blank'>Pleiades: Rhosos</a>, <a href='https://www.ancientportsantiques.com/the-catalogue/' target='_blank'>Ancient Ports: Antioch of Pieria</a>, <a href='http://oracc.museum.upenn.edu/riao/cbd/qpn-x-places/onebigfile.html' target='_blank'>RIAo Glossary: Places (Urrus [1])</a>, <a href='http://oracc.museum.upenn.edu/rinap/cbd/qpn-x-places/onebigfile.html' target='_blank'>RINAP Glossary: Places (Urrus [1])</a>"
1023,Ursalimmu,"Ursalimmu, Jerusalem, Yerūšalaim, יְרוּשָׁלַיִם, Al‑Quds, القُدس",1,31.77461477550477,35.23595445461874,–,"capital, city","Canaan, Iaʾūdu, Israel",7 D5,"Helsinki Atlas: 18 (map 7 D5), <a href='https://zenodo.org/record/6384045' target='_blank'>Pedersén ANE: Jerusalem</a>"
1025,Uruk,"Uruk, Unug, Unu, Uraka, ʾrk, Erech, ʾark<sup>e</sup>wāy, Orchoē, Orchoe, Orikut, Orcheni, Warkāʾ, Warka, وركاء, al-Warkāʾ, الوركاء, Tall al-Warkāʾ, تل الورکاء, Tulūl al-Warkāʾ",1,31.3243553908688,45.638784255587,"UNUG.KI, 𒀕𒆠, TE.UNUG.KI, 𒋼𒀕𒆠, URU.ú-ru-uk, 𒌷𒌑𒊒𒊌, unu.KI-ga-ta, 𒀕𒆠𒂵𒋫, UNUG.KI-a-a, 𒀕𒆠𒀀𒀀, UNUG.KI.MEŠ, 𒀕𒆠𒈨𒌍, LÚ.UNUG.KI-a-a, 𒇽𒀕𒆠𒀀𒀀, LÚ.UNUG.KI.MEŠ, 𒇽𒀕𒆠𒈨𒌍, LÚ.URU.UNUG.KI-a-a, 𒇽𒌷𒀕𒆠𒀀𒀀, URU.UNUG.KI-a-a, 𒌷𒀕𒆠𒀀𒀀, ʾrk, 𐡀𐡓𐡊, אֶרֶךְ‎, ארך, ʾark<sup>e</sup>wāy, אַרְכֳּוָיֵ֤א","prov. capital, city","Babylonia, Iraq",16 A2,"Bagg RGTC 7 3/2: 607–609, Helsinki Atlas: 18 (map 16 A2), Parpola Toponyms: 375–376, <a href='https://zenodo.org/record/6384045' target='_blank'>Pedersén ANE: Uruk (Warka)</a>, <a href='https://zenodo.org/record/5217600' target='_blank'>CIGS: Uruk</a>, <a href='https://pleiades.stoa.org/places/912986' target='_blank'>Pleiades: Uruk/Orchoe/Erech/Orikut</a>, <a href='https://www.geonames.org/90377/erech.html' target='_blank'>Geonames: Erech</a>, <a href='http://oracc.museum.upenn.edu/saao/knpp/peoplegodsplaces/index.html' target='_blank'>Knowledge and Power: Uruk</a>, <a href='https://www.ucl.ac.uk/sargon/peoplegodsplaces' target='_blank'>Assyrian empire builders: Uruk</a>, <a href='http://oracc.museum.upenn.edu/saao/cbd/qpn-x-places/onebigfile.html' target='_blank'>SAAo Glossary: Places (Uruk [1])</a>, <a href='http://oracc.museum.upenn.edu/rinap/cbd/qpn-x-places/onebigfile.html' target='_blank'>RINAP Glossary: Places (Uruk [1])</a>, <a href='http://oracc.museum.upenn.edu/atae/cbd/qpn-x-places/onebigfile.html' target='_blank'>ATAE Glossary: Places (Uruk [1])</a>, <a href='http://oracc.museum.upenn.edu/riao/cbd/qpn-x-places/onebigfile.html' target='_blank'>RIAo Glossary: Places (Uruk [1])</a>, <a href='http://oracc.museum.upenn.edu/saao/cbd/qpn-x-ethnic/onebigfile.html' target='_blank'>SAAo Glossary: Ethnic Names (Urukaya [Urukean])</a>, <a href='http://oracc.museum.upenn.edu/saao/cbd/qpn-x-ethnic/onebigfile.html' target='_blank'>SAAo Glossary: Ethnic Names (Urukaya [of Uruk])</a>, <a href='http://oracc.museum.upenn.edu/atae/cbd/qpn-x-ethnic/onebigfile.html' target='_blank'>ATAE Glossary: Ethnic Names (Urukaya [of Uruk])</a>"
1280,Urumeqa,Urumeqa,–,–,–,"URU.ú-ru-me-qa, 𒌷𒌑𒊒𒈨𒋡",town,"Kār-Šarrukīn, Iran",–,"Bagg RGTC 7 3/2: 609, <a href='https://www.ucl.ac.uk/sargon/peoplegodsplaces' target='_blank'>Assyrian empire builders: Urumeqa</a>, <a href='http://oracc.museum.upenn.edu/saao/cbd/qpn-x-places/onebigfile.html' target='_blank'>SAAo Glossary: Places (Urumeqa [1])</a>, <a href='http://oracc.museum.upenn.edu/atae/cbd/qpn-x-places/onebigfile.html' target='_blank'>ATAE Glossary: Places (Urumeqa [1])</a>"
1027,Urzunapi,Urzunapi,–,–,–,–,town,Central Assyria (?),–,RGTC 7 2/2: 635
1026,Urzâ,"Urzâ, Urza",–,–,–,"URU.ur-za, 𒌷𒌨𒍝, URU.ur-za-a, 𒌷𒌨𒍝𒀀",town,"Assyria, Iraq, Ḫābūr triangle (?), Syria (?)",–,"Bagg RGTC 7 2/2: 634, <a href='http://oracc.museum.upenn.edu/saao/cbd/qpn-x-places/onebigfile.html' target='_blank'>SAAo Glossary: Places (Urza [1])</a>, <a href='http://oracc.museum.upenn.edu/atae/cbd/qpn-x-places/onebigfile.html' target='_blank'>ATAE Glossary: Places (Urza [1])</a>"
1028,Usalâ,"Usalâ, Tall Ṣuwwar, Tell Ṣuwwar, Tell Suwwar, Tall Ṣuwār, Tall Namlīya (?), Tall Namliya (?), Tell Namliya (?), نملية",3,35.50987316071441,40.66151507987354,"URU.ú-sa-la-a, 𒌷𒌑𒊓𒆷𒀀",town,"Lāqê, Syria",9 C1,"Helsinki Atlas: 18 (map 9 C1), Bagg RGTC 7 2: 635, <a href='https://zenodo.org/record/6384045' target='_blank'>Pedersén ANE: (Tell Suwwar)</a>, <a href='https://books.openedition.org/cdf/4487' target='_blank'>MTT I/3: Tall Suwwar (HIGEOMES Nr. 156)</a>, <a href='https://zenodo.org/record/6384045' target='_blank'>Pedersén ANE: (Tell Namliya)?</a>, <a href='https://books.openedition.org/cdf/4487' target='_blank'>MTT I/3: Tall Namliya (HIGEOMES Nr. 157)</a>, <a href='http://oracc.museum.upenn.edu/riao/cbd/qpn-x-places/onebigfile.html' target='_blank'>RIAo Glossary: Places (Usala)</a>"
1301,Usi,"Usi, Chusa, Chousa, Yasıköy, Yazıköy, Yaziköy, Yazihüyük, Yazihuyuk, Yazıhüyük Köyü, Yazihuyuk Koyu",–,38.34404,34.63967,"URU.ú-si, 𒌷𒌑𒋛","fortress, city","Melīdi, Kammānu, Turkey",–,"Bagg RGTC 7 1: 270, Parpola Toponyms: 376, <a href='https://www.geonames.org/297369/yazihueyuek.html' target='_blank'>Geonames: Yazıhüyük</a>, <a href='https://pleiades.stoa.org/places/619139' target='_blank'>Pleiades: Chusa</a>, <a href='https://www.trismegistos.org/place/59240' target='_blank'>Trismegistos: Chousa (Yazıköy)</a>, <a href='http://imperium.ahlfeldt.se/places/36149.html' target='_blank'>DARE: Chusa</a>, <a href='https://pleiades.stoa.org/places/549905270' target='_blank'>Pleiades: Usi</a>, <a href='http://oracc.museum.upenn.edu/riao/cbd/qpn-x-places/onebigfile.html' target='_blank'>RIAo Glossary: Places (Usi [1])</a>, <a href='http://oracc.museum.upenn.edu/rinap/cbd/qpn-x-places/onebigfile.html' target='_blank'>RINAP Glossary: Places (Usi [1])</a>"
1302,Usian,"Usian, Osiena, Asiana, Göstesin, Gostesin, Ovaören, Ovaoren",–,38.63759,34.29033,"URU.ú-si-an, 𒌷𒌑𒋛𒀭","fortress, city","Melīdi, Kammānu, Turkey",–,"Bagg RGTC 7 1: 270–271, Parpola Toponyms: 376–377, <a href='https://www.geonames.org/313914/ovaoeren.html' target='_blank'>Geonames: Ovaören</a>, <a href='https://vici.org/vici/59832/' target='_blank'>Vici.org: Asiana-Osiena</a>, <a href='https://pleiades.stoa.org/places/619117' target='_blank'>Pleiades: Asiana/Osiena</a>, <a href='http://imperium.ahlfeldt.se/places/36144.html' target='_blank'>DARE: Asiana/Osiena</a>, <a href='https://pleiades.stoa.org/places/359593043' target='_blank'>Pleiades: Usian</a>, <a href='http://oracc.museum.upenn.edu/rinap/cbd/qpn-x-places/onebigfile.html' target='_blank'>RINAP Glossary: Places (Usian [1])</a>, <a href='http://oracc.museum.upenn.edu/riao/cbd/qpn-x-places/onebigfile.html' target='_blank'>RIAo Glossary: Places (Usian [1])</a>"
1029,Usnû,"Usnû, Paltos",1,35.29316,35.95,–,city,–,8 A1,Helsinki Atlas: 18 (map 8 A1)
1033,Uzuoğlan Tepe,"Uzuoğlan Tepe, Uzunoğlan Tepesi, Uzunuglantepe, Ferhatlı, Ferhatli",1,37.514278,35.880848,–,monument,"Quwê, Cilicia, Turkey",2 B3,"Helsinki Atlas: 34 (map 2 B3), Rutishauser – Rosenbauer – Sayar (2009): <i>Die Ruinen auf dem Uzunoğlan Tepesi – Bericht zur Vorkampagne 2009</i>. HASB 21: 109–119, Taşyürek (1975): <i>Some New Assyrian Rock-Reliefs in Turkey</i>. 169ff, Novák (2010): <i>Kizzuwatna Ḥiyawa Quwe – Ein Abriss der Kulturgeschichte des Ebenen Kilikien</i>. 411–412 and 424–425, Yamada (2000): <i>The Construction of the Assyrian Empire. A Historical Study of the Inscriptions of Shalmaneser III (859-824 BC)</i>. 287 (note 42), <a href='https://vici.org/vici/62033/?lang=en' target='_blank'>Vici.org: Uzunoğlan Tepesi</a>, <a href='https://www.geonames.org/7639700/ferhatli.html' target='_blank'>Geonames: Ferhatlı</a>"
1030,Ušiši,Ušiši,–,–,–,"URU.ú-ši-ši, 𒌷𒌑𒅆𒅆",town,"Mādāja, Iran",–,"Bagg RGTC 7 3/2: 610–611, <a href='http://oracc.museum.upenn.edu/saao/knpp/peoplegodsplaces/index.html' target='_blank'>Knowledge and Power: Ušiši</a>, <a href='http://oracc.museum.upenn.edu/saao/cbd/qpn-x-places/onebigfile.html' target='_blank'>SAAo Glossary: Places (Ušiši [1])</a>, <a href='http://oracc.museum.upenn.edu/atae/cbd/qpn-x-places/onebigfile.html' target='_blank'>ATAE Glossary: Places (Ušiši [1])</a>"
1031,Ušqaia,"Ušqaia, Uski",3,37.91666,46.16666,–,fortress,–,5 B3,Helsinki Atlas: 18 (map 5 B3)
1032,Ušû,"Ušû, Tell Rašīdīya, Palaityros",1,33.23673,35.21616,–,city,–,8 A3,Helsinki Atlas: 18 (map 8 A3)
1034,Wadi Bastura Tunnel,"Wadi Bastura Tunnel, Qala Mortka",–,36.35169,44.11584,–,"canal, monument","Assyria, Iraq",4 D5,"Helsinki Atlas: 29 (map 4 D5; Qala Mortka), <a href='https://pleiades.stoa.org/places/359792984' target='_blank'>Wadi Bastura Tunnel Inscription</a>"
1303,Wargin,"Wargin, Uargin",–,–,–,"URU.ú-ar-gi-in, 𒌷𒌑𒅈𒄀𒅔","fortress, city","Melīdi, Kammānu, Turkey",–,"Bagg RGTC 7 1: 274, Parpola Toponyms: 362, <a href='https://pleiades.stoa.org/places/41488940' target='_blank'>Pleiades: Uargin</a>, <a href='http://oracc.museum.upenn.edu/rinap/cbd/qpn-x-places/onebigfile.html' target='_blank'>RINAP Glossary: Places (Uargin [1])</a>, <a href='http://oracc.museum.upenn.edu/riao/cbd/qpn-x-places/onebigfile.html' target='_blank'>RIAo Glossary: Places (Uargin [1])</a>"
1036,Wauš,"Wauš, Uauš, Kūh-e Sahand",2,–,–,–,mountain,–,5 B3,Helsinki Atlas: 18 (map 5 B3)
1037,Wilusa,"Wilusa, Wiluša, Troy, Hisarlik",–,39.95751754939872,26.23830411661108,–,city,Turkey,–,<a href='https://zenodo.org/record/6384045' target='_blank'>Pedersén ANE: Troy / Wilusa (Hisarlik)</a>
1038,Wišdiš,"Wišdiš, Uišdiš, Plain of Marand",3,–,–,–,district,–,5 A3,Helsinki Atlas: 18 (map 5 A3)
1041,Zabalam,"Zabalam, Zabala, Tulul Ibzaikh",1,31.74472924832169,45.87575461093311,–,city,"Babylonia, Iraq",–,<a href='https://zenodo.org/record/6384045' target='_blank'>Pedersén ANE: Zabalam (Tulul Ibzaikh)</a>
1042,Zabannu,"Zabannu, Zabanni, Sabaʿa, Sabʿa, سبعة, Sabaʿ, سبع, Sabaʾa, Sabḫat aṣ-Ṣubbah, Tall Umm ʾAqrubba, Tall Umm Aqrubba, Tell Umm ʾAqrubba, Umm ʾAqrubba, Umm ‘Aqrabah, Umm Ghurūbā, Umm Grubba, أم غروبا",4,35.66165568972359,41.19707822377956,"URU.za-ban-ni, 𒌷𒍝𒉼𒉌","town, monument",Syria,9 D1,"Bagg RGTC 7 2/2: 638 (Zabanni), Helsinki Atlas: 18 (map 9 D1), Luckenbill (1926): <i>Ancient Records of Assyria and Babylonia 1</i>. 260, <a href='https://zenodo.org/record/6384045' target='_blank'>Pedersén ANE: (Tell Umm 'Aqrubba)</a>, <a href='https://books.openedition.org/cdf/4487' target='_blank'>MTT I/3: Tall Umm Aqrubba / Iyatum (HIGEOMES Nr. 181)</a>, <a href='https://www.geonames.org/162965/bir-umm-ghuruba.html' target='_blank'>Geonames: Bīr Umm Ghurūbā</a>, <a href='http://oracc.museum.upenn.edu/riao/cbd/qpn-x-places/onebigfile.html' target='_blank'>RIAo Glossary: Places (Zabanni [1])</a>"
1043,Zabban,"Zabban, Zaban, Qalʿat Širvāna, Qal‘at Shīrwānah, Qalat Shirwana, Qala Shirwana, قلعة شيروانة, قلعة شيروانه, Šamīrān (?), Shemêran (?), Shemīrān (?), Shamīrān (?), شميران, Qara Tappe (?), Qarah Tabah (?), Qara Tepe (?), قرة تبه",3,34.60689382891628,45.31339245237733,"za-ban, 𒍝𒉼, KUR.za-ban, 𒆳𒍝𒉼, KUR.za-ban<sup>an</sup>, 𒆳𒍝𒉼𒀭, KUR.zab-ban, 𒆳𒂟𒉼, URU.za-ban, 𒌷𒍝𒉼, URU.za-ban<sup>an</sup>, 𒌷𒍝𒉼𒀭, URU.zab-ban, 𒌷𒂟𒉼, KUR.URU.za-ban, 𒆳𒌷𒍝𒉼, URU.za-an-ban, 𒌷𒍝𒀭𒉼","city, territory","Diyala region, Iraq",10 D2,"Bagg RGTC 7 2/2: 639–640, Helsinki Atlas: 18 (map 10 D2), Parpola Toponyms: 379, <a href='https://zenodo.org/record/6384045' target='_blank'>Pedersén ANE: (Qala Shirwana SRP 1)</a>, <a href='https://www.geonames.org/92512/qal-at-shirwanah.html' target='_blank'>Geonames: Qal‘at Shīrwānah</a>, <a href='https://www.geonames.org/91119/shemeran.html' target='_blank'>Geonames: Shemêran</a>, <a href='https://www.geonames.org/92411/qarah-tabah.html' target='_blank'>Geonames: Qarah Tabah</a>, <a href='https://www.ucl.ac.uk/sargon/peoplegodsplaces' target='_blank'>Assyrian empire builders: Zabban</a>, <a href='http://oracc.museum.upenn.edu/atae/cbd/qpn-x-places/onebigfile.html' target='_blank'>ATAE Glossary: Places (Zabban [1])</a>, <a href='http://oracc.museum.upenn.edu/saao/cbd/qpn-x-places/onebigfile.html' target='_blank'>SAAo Glossary: Places (Zabban [1])</a>, <a href='http://oracc.museum.upenn.edu/riao/cbd/qpn-x-places/onebigfile.html' target='_blank'>RIAo Glossary: Places (Zabban [1])</a>"
1044,Zadidāni,"Zadidāni, Zadidānu, Zadidanu, Ṣadidāni, Ṣadidānu, al-Mḥddâde (?)",5,34.336632,42.289124,"URU.za-di-da-a-ni, URU.ṣa-di-da-a-ni, 𒌷𒍝𒁲𒁕𒀀𒉌",town,"Sūḫu, Iraq",–,"Bagg RGTC 7 2/2: 641, Parpola Toponyms: 380, Musil (1927): <i>The Middle Euphrates: A Topographical Itinerary</i>: 203 and map d7, <a href='http://oracc.museum.upenn.edu/riao/cbd/qpn-x-places/onebigfile.html' target='_blank'>RIAo Glossary: Places (Zadidanu)</a>"
1045,Zakrūti,Zakrūti,–,–,–,–,district,–,12 A2,Helsinki Atlas: 18 (map 12 A2)
1330,Zalipa,"Zalipa, Zalipaja",–,–,–,"KUR.za-li-pa-a-a, 𒆳𒍝𒇷𒉺𒀀𒀀",territory,"Parsua (?), Iran",–,"Bagg RGTC 7 3/2: 616, Parpola Toponyms: 380 (Zalipaja), <a href='https://www.ucl.ac.uk/sargon/peoplegodsplaces' target='_blank'>Assyrian empire builders: Zalipa</a>, <a href='http://oracc.museum.upenn.edu/saao/cbd/qpn-x-ethnic/onebigfile.html' target='_blank'>SAAo Glossary: Ethnic Names (Zalipaya [Zalipaean])</a>, <a href='http://oracc.museum.upenn.edu/saao/cbd/qpn-x-ethnic/onebigfile.html' target='_blank'>SAAo Glossary: Ethnic Names (Zalipaya [of Zalipa])</a>, <a href='http://oracc.museum.upenn.edu/atae/cbd/qpn-x-ethnic/onebigfile.html' target='_blank'>ATAE Glossary: Ethnic Names (Zalipaya [of Zalipa])</a>"
1046,Zamaḫâ,"Zamaḫâ, Zamaha, Zamaḫê, Zamahe, Qatara, Qattara, Qaṭṭara, Karana (?), Tell al-Rimāḥ, Tell Rimah, Tell al-Rimah",2,36.25676735107186,42.45018754542449,–,town,"Assyria, Iraq",4 B5,"Helsinki Atlas: 18 (map 4 B5), <a href='https://zenodo.org/record/6384045' target='_blank'>Pedersén ANE: Qatara / Zamahe (Tell Rimah)</a>, <a href='https://pleiades.stoa.org/places/356369838' target='_blank'>Pleiades: Qattara?/Karana?</a>"
1168,Zamru,"Zamru, Zamri",–,–,–,"URU.za-am-ri, 𒌷𒍝𒄠𒊑, URU.za-am-ru, 𒌷𒍝𒄠𒊒","city, country","Māzamua, Iraq",–,"Bagg RGTC 7 3/2: 617, Parpola Toponyms: 381, <a href='http://oracc.museum.upenn.edu/riao/cbd/qpn-x-places/onebigfile.html' target='_blank'>RIAo Glossary: Places (Zamru)</a>"
1047,Zanbāja,"Zanbāja, Zanbaya, Zanbayu, Zanba",–,–,–,"URU.za-an-ba-a-a, 𒌷𒍝𒀭𒁀𒀀𒀀",town,"Assyria, Nineveh province (?), Iraq",–,"Bagg RGTC 7 2/2: 643, <a href='http://oracc.museum.upenn.edu/atae/cbd/qpn-x-places/onebigfile.html' target='_blank'>ATAE Glossary: Places (Zanbaya [1])</a>, <a href='http://oracc.museum.upenn.edu/saao/cbd/qpn-x-places/onebigfile.html' target='_blank'>SAAo Glossary: Places (Zanbaya [1])</a>, <a href='http://oracc.museum.upenn.edu/saao/cbd/qpn-x-places/onebigfile.html' target='_blank'>SAAo Glossary: Places (Zanbayu [1])</a>"
1048,Zaralulu,"Zaralulu, Tell ed-Diba'i",–,33.322758019531,44.48194432052211,–,city,Iraq,–,<a href='https://zenodo.org/record/6384045' target='_blank'>Pedersén ANE: Zaralulu (Tell ed-Diba'i)</a>
1049,Zaranda,"Zaranda, Plain of Evoġlī",3,–,–,–,region,–,4 E3,Helsinki Atlas: 18 (map 4 E3)
1050,Zawiyeh,"Zawiyeh, Zawiyyā, Zawiyah, Zāwiyah",–,34.29263,42.1725,–,–,"Sūḫu, Iraq",–,RIMB 2: 323
1051,Zikirtu,"Zikirtu, Zikirte, Zikirti, Zarrīne Rūd valley (?), Miyāne region (?)",2,–,–,"KUR.zi-gír-te, 𒆳𒍣𒄈𒋼, KUR.zi-kir-te, 𒆳𒍣𒄫𒋼, KUR.zi-kir-ti, 𒆳𒍣𒄫𒋾, KUR.zi-kir-tu, 𒆳𒍣𒄫𒌅, KUR.zi-kir-tú, 𒆳𒍣𒄫𒌓, KUR.zi-ki-ti-a, 𒆳𒍣𒆠𒋾𒀀, LÚ.KUR.zi-kir-ta-a-a, 𒇽𒆳𒍣𒄫𒋫𒀀𒀀, LÚ.zi-gír-ta-a-a, 𒇽𒍣𒄈𒋫𒀀𒀀, KUR.zi-ki-ra-a-a, 𒆳𒍣𒆠𒊏𒀀𒀀, KUR.zi-ki-ri-ta-a-a, 𒆳𒍣𒆠𒊑𒋫𒀀𒀀, KUR.zi-kir-ta-a-a, 𒆳𒍣𒄫𒋫𒀀𒀀","country, district","Mannāja, Iran",5 A3,"Bagg RGTC 7 3/2: 623–624, Helsinki Atlas: 18 (map 5 A3), Parpola Toponyms: 383–384, <a href='https://www.geonames.org/6686809/zarrineh-rud.html' target='_blank'>Geonames: Zarrīneh Rūd</a>, <a href='https://www.geonames.org/35095/mianeh.html' target='_blank'>Geonames: Mīāneh</a>, <a href='https://www.ucl.ac.uk/sargon/peoplegodsplaces' target='_blank'>Assyrian empire builders: Zikirtu</a>, <a href='http://oracc.museum.upenn.edu/atae/cbd/qpn-x-ethnic/onebigfile.html' target='_blank'>ATAE Glossary: Ethnic (Zikirtaya [OF ZIKIRTU]</a>, <a href='http://oracc.museum.upenn.edu/saao/cbd/qpn-x-ethnic/onebigfile.html' target='_blank'>SAAo Glossary: Ethnic (Zikirtaya [ZIKIRTEAN])</a>, <a href='http://oracc.museum.upenn.edu/riao/cbd/qpn-x-ethnic/onebigfile.html' target='_blank'>RIAo Glossary: Ethnic (Zikirtayu [OF ZIKIRTU])</a>, <a href='http://oracc.museum.upenn.edu/rinap/cbd/qpn-x-ethnic/onebigfile.html' target='_blank'>RINAP Glossary: Ethnic (Zikirtayu [OF ZIKIRTU])</a>, <a href='http://oracc.museum.upenn.edu/atae/cbd/qpn-x-places/onebigfile.html' target='_blank'>ATAE Glossary: Places (Zikirtu)</a>, <a href='http://oracc.museum.upenn.edu/saao/cbd/qpn-x-places/onebigfile.html' target='_blank'>SAAo Glossary: Places (Zikirtu)</a>, <a href='http://oracc.museum.upenn.edu/riao/cbd/qpn-x-places/onebigfile.html' target='_blank'>RIAo Glossary: Places (Zikirtu)</a>, <a href='http://oracc.museum.upenn.edu/rinap/cbd/qpn-x-places/onebigfile.html' target='_blank'>RINAP Glossary: Places (Zikirtu)</a>"
1052,Zikkû,"Zikkû, Zikku, Yāramǧa (?), Yarimjah (?), Yaremjeh (?), يارمجة, Qaryat Yārimjah (?), Qaryat Yarimjah (?), قرية يارمجة",4,36.30310763109112,43.17633445168099,"URU.zi-ik-ku-u, 𒌷𒍣𒅅𒆪𒌋, URU.zi-ik-ku-ú, 𒌷𒍣𒅅𒆪𒌑",town,"Assyria, Iraq",4 C5,"Bagg RGTC 7 2/2: 645–646, Helsinki Atlas: 18 (map 4 C5), Parpola Toponyms: 384 (Zi...), <a href='https://zenodo.org/record/6384045' target='_blank'>Pedersén ANE: (Yaremjeh)</a>, <a href='https://www.geonames.org/89623/qaryat-yarimjah.html' target='_blank'>Geonames: Qaryat Yārimjah</a>, <a href='http://oracc.museum.upenn.edu/saao/knpp/peoplegodsplaces/index.html' target='_blank'>Knowledge and Power: Zikku</a>, <a href='http://oracc.museum.upenn.edu/tsae/cbd/qpn-x-places/onebigfile.html' target='_blank'>TSAE Glossary: Places (Zikku [1])</a>"
1222,Zinbanu,"Zinbanu, Zinnabat",–,–,–,"URU.zi-in-ba-nu, 𒌷𒍣𒅔𒁀𒉡",town,"Assyria, Siʾimmê province, Iraq",–,"Bagg RGTC 7 2/2: 646, Parpola Toponyms: 384 (Zinnabat), <a href='http://oracc.museum.upenn.edu/saao/cbd/qpn-x-places/onebigfile.html' target='_blank'>SAAo Glossary: Places (Zinbanu [1])</a>, <a href='http://oracc.museum.upenn.edu/atae/cbd/qpn-x-places/onebigfile.html' target='_blank'>ATAE Glossary: Places (Zinbanu [1])</a>"
1053,Zitānu,"Zitānu, Zaytān",1,36.05839,37.01205,–,town,–,2 D4,Helsinki Atlas: 18 (map 2 D4)
1054,Zuqarru,"Zuqarru, Zuqarri, Zeugma, Ζεῦγμα, Seleukeia pros to Euphrate, Belkis, Zoungour (?), Zūrunqul (?), زورنقل (?), Zunqul (?), Zūnqul (?), زونقل (?)",3,37.05516752824153,37.86948407371437,"URU.zu-qar-ri, 𒌷𒍪𒃼𒊑",town,"Bīt-Adini, Turkey, Syria (?)",3 A3,"Bagg RGTC 7 1: 276 (Zuqarri), Helsinki Atlas: 18 (map 3 A3), Parpola Toponyms: 384–385, <a href='https://zenodo.org/record/6384045' target='_blank'>Pedersén ANE: Seleukia / Zeugma</a>, <a href='https://pleiades.stoa.org/places/658636' target='_blank'>Pleiades: Zeugma</a>, <a href='https://www.geonames.org/162379/zurunqul.html' target='_blank'>Geonames: Zūrunqul</a>, Yamada (2000): <i>The Construction of the Assyrian Empire</i>: 185"
1212,Zurzukka,"Zurzukka, Durdukka, Dūrdukka",–,–,–,"URU.du-ur-du-uk-ka, 𒌷𒁺𒌨𒁺𒊌𒅗, URU.du-ur-duk-ka, 𒌷𒁺𒌨𒂁𒅗, URU.zu-ur-zu-uk-ka, 𒌷𒍪𒌨𒍪𒊌𒅗","city, fortified city","Mannāja, Missi (?), Iran",–,"Bagg RGTC 7 3/2: 626, Parpola Toponyms: 115 (Dūrdukka), Parpola Toponyms: 385, <a href='http://oracc.museum.upenn.edu/rinap/cbd/qpn-x-places/onebigfile.html' target='_blank'>RINAP Glossary: Places (Zurzukka [1])</a>, <a href='http://oracc.museum.upenn.edu/riao/cbd/qpn-x-places/onebigfile.html' target='_blank'>RIAo Glossary: Places (Zurzukka [1])</a>"
1039,Zāba elû,"Zāba-elû, Zāba elû, Upper Zab, az-Zāb al-aʿlā",1,–,–,–,river,–,4 C5,Helsinki Atlas: 18 (map 4 C5)
1040,Zāba šaplû,"Zāba-šaplû, Zāba šaplû, az-Zāb al-asfal, Lower Zab",1,–,–,–,river,–,10 C1,Helsinki Atlas: 18 (map 10 C1)
1308,Zāmê,"Zāmê, Zamē, Zamê, Zame",–,–,–,"URU.za-a-me-e, 𒌷𒍝𒀀𒈨𒂊, KUR.za-a-me, 𒆳𒍝𒀀𒈨","fortified city, city, territory","Babylonia, Puqūdu, Gambūlu, Iraq",–,"Bagg RGTC 7 3/2: 616–617, Parpola Toponyms: 381, Zadok RGTC 8: 333 (Zamē), <a href='http://oracc.museum.upenn.edu/riao/cbd/qpn-x-places/onebigfile.html' target='_blank'>RIAo Glossary: Places (Zame [1])</a>, <a href='http://oracc.museum.upenn.edu/rinap/cbd/qpn-x-places/onebigfile.html' target='_blank'>RINAP Glossary: Places (Zame [1])</a>, <a href='http://oracc.museum.upenn.edu/atae/cbd/qpn-x-places/onebigfile.html' target='_blank'>ATAE Glossary: Places (Zame [1])</a>, <a href='http://oracc.museum.upenn.edu/saao/cbd/qpn-x-places/onebigfile.html' target='_blank'>SAAo Glossary: Places (Zame [1])</a>"
1210,Āl-Adad,"Āl-Adad, Al-Adad",–,–,–,"URU-<sup>d</sup>IM, URU-<sup>d</sup>IŠKUR, 𒌷𒀭𒅎",town,"Assyria, Syria (?)",–,"Bagg RGTC 7 2/1: 14 (Āl-Adad 1), <a href='https://www.ucl.ac.uk/sargon/peoplegodsplaces' target='_blank'>Assyrian empire builders: Al Adad, Al-Adad</a>, <a href='http://oracc.museum.upenn.edu/atae/cbd/qpn-x-places/onebigfile.html' target='_blank'>ATAE Glossary: Places (Al-Adad [1])</a>, <a href='http://oracc.museum.upenn.edu/riao/cbd/qpn-x-places/onebigfile.html' target='_blank'>RIAo Glossary: Places (Al-Adad [1])</a>"
32,Āl-Adad (2),"Āl-Adad, Al-Adad, Adad-...",–,–,–,"URU-<sup>d</sup>IM, 𒌷𒀭𒅎",town,"Assyria, Kalḫu province (?), Iraq (?)",–,"Bagg RGTC 7 2/1: 14 (Āl-Adad 2), Parpola Toponyms: 3 (Adad-...), <a href='http://oracc.museum.upenn.edu/saao/cbd/qpn-x-places/onebigfile.html' target='_blank'>SAAo Glossary: Places (Al-Adad [2])</a>, <a href='http://oracc.museum.upenn.edu/atae/cbd/qpn-x-places/onebigfile.html' target='_blank'>ATAE Glossary: Places (Al-Adad [2])</a>"
1270,Āl-Adad-ilāʾī,"Āl-Adad-ilāʾī, Al-Adad-ilaʾi, Āl-Sîn-naʾdi, Al-Sin-naʾdi",–,–,–,"URU.<sup>m</sup>10-DINGIR, 𒌷𒁹𒌋𒀭, URU.<sup>m</sup>10-DINGIR-a-a, 𒌷𒁹𒌋𒀭𒀀𒀀, URU.<sup>md</sup>30-I, 𒌷𒁹𒀭𒌍𒄿",town,"Syria (?), Turkey (?), Iraq (?)",–,"Bagg RGTC 7 2/1: 15 (Āl-Adad-ilāʾī (?)), <a href='https://oracc.museum.upenn.edu/atae/mallanate/P522857' target='_blank'>ATAE Ma'allanate: ACP 8 l. 3</a>, <a href='http://oracc.museum.upenn.edu/atae/cbd/qpn-x-places/onebigfile.html' target='_blank'>ATAE Glossary: Places (Sin-naʾdi [1])</a>"
1217,Āl-Bēl-iqbi,"Āl-Bēl-iqbi, Al-Bel-iqbi",–,–,–,"URU.EN-iq-bi, 𒌷𒂗𒅅𒁉",town,"Assyria, Laḫīru, Iraq",–,"Bagg RGTC 7 2/1: 17 (Āl-Bēl-iqbi 1), Parpola Toponyms: 71–72 (Bēl-iqbi), <a href='http://oracc.museum.upenn.edu/saao/cbd/qpn-x-places/onebigfile.html' target='_blank'>SAAo Glossary: Places (Al-Bel-iqbi [1])</a>, <a href='http://oracc.museum.upenn.edu/atae/cbd/qpn-x-places/onebigfile.html' target='_blank'>ATAE Glossary: Places (Al-Bel-iqbi [1])</a>"
34,Āl-Daiān-Adad,"Āl-Daiān-Adad, Āl-Dajjān-Adad, Al-Dayyan-Adad, āl Daiān-Adad, Daiān-Adad, Dajān-Adad, Dayan-Adad, Dayanu-Adad, Rab-karmāni (?), Bīt-Daiān-Adad (?)",4,36.16667,37.16667,"<sup>m</sup>DI.KUD-<sup>d</sup>IM, 𒁹𒁲𒋻𒀭𒅎, URU.da-a-a-nu-<sup>d</sup>IM, 𒌷𒁕𒀀𒀀𒉡𒀭𒅎, URU.DI.KUD-<sup>d</sup>IM, 𒌷𒁲𒋻𒀭𒅎","town, village","Ḫatti, Assyria (?), Syria, Iraq (?)",2 D4,"Bagg RGTC 7 2/1: 18–19 (Āl-Dajjān-Adad), Helsinki Atlas: 5 (map 2 D4), Parpola Toponyms: 97 (Dajān-Adad), PNA B–G: 367, <a href='http://oracc.museum.upenn.edu/atae/cbd/qpn-x-places/onebigfile.html' target='_blank'>ATAE Glossary: Places (Al-Dayyan-Adad [1])</a>, <a href='http://oracc.museum.upenn.edu/saao/cbd/qpn-x-places/onebigfile.html' target='_blank'>SAAo Glossary: Places (Al-Dayyan-Adad [1])</a>"
35,Āl-Dannāia,"Āl-Dannāia, Āl-Dannāja, Danāja, Dannaya",–,–,–,"URU.da-na-a-a, 𒌷𒁕𒈾𒀀𒀀",town,"Assyria (?), Nineveh province (?), Iraq (?)",–,"Bagg RGTC 7 2/1: 19, Parpola Toponyms: 98 (Danāja), <a href='http://oracc.museum.upenn.edu/saao/cbd/qpn-x-places/onebigfile.html' target='_blank'>SAAo Glossary: Places (Dannaya [1])</a>"
36,Āl-Naḫal-Muṣur,"Āl-Naḫal-Muṣur, Al-Nahal-Muṣur, āl Naḫal Muṣur, City of the Brook of Egypt, ʿngrn, Rhinocolura, Rhinokoloura, Ῥινοκόλουρα, Rhinokoroura, Ῥινοκόρουρα, al-ʿArīš, العريش‎, אל עריש, Arīš, عریش",3,31.1285,33.8075,"URU.na-ḫal-mu-ṣur, 𒌷𒈾𒄬𒈬𒀫, URU.na-ḫal-mu-uṣ-ri, 𒌷𒈾𒄬𒈬𒊻𒊑",town,"Muṣur, Egypt, Sinai",13 C2,"Bagg RGTC 7 1: 5–6, Helsinki Atlas: 5 (map 13 C2), Parpola Toponyms: 256 (under Naḫal-Muṣur), <a href='https://pleiades.stoa.org/places/688016' target='_blank'>Pleiades: Rhinocolura</a>, <a href='https://www.geonames.org/361546/arish.html' target='_blank'>Geonames: Arīsh</a>, <a href='http://oracc.museum.upenn.edu/riao/cbd/qpn-x-places/onebigfile.html' target='_blank'>RIAo Glossary: Places (Al Nahal Muṣur [Brook of Egypt])</a>, <a href='http://oracc.museum.upenn.edu/rinap/cbd/qpn-x-places/onebigfile.html' target='_blank'>RINAP Glossary: Places (Al Nahal Muṣur [Brook of Egypt])</a>"
33,Āl-ašlākāni,"Āl-ašlākāni, Town of the washers, Fuller Town",–,–,–,–,town,"Central Assyria, Nineveh province (?)",–,RGTC 7 2/1: 16
37,Āl-rādi-imāri,"Āl-rādi-imāri, Al-radi-imari, Rādi-emāri, Town of the Donkey Drivers, Donkey Driver Town, Donkey-Driver Town",–,–,–,"URU-UŠ-ANŠE, 𒌷𒍑𒀲, UŠ-ANŠE-a-a, 𒍑𒀲𒀀𒀀",town,"Assyria, Iraq (?)",–,"Bagg RGTC 7 2/1: 24–25, Parpola Toponyms: 290 (Rādi-emāri), <a href='http://oracc.museum.upenn.edu/atae/cbd/qpn-x-places/onebigfile.html' target='_blank'>ATAE Glossary: Places (Al-radi-imari [1])</a>, <a href='http://oracc.museum.upenn.edu/saao/cbd/qpn-x-places/onebigfile.html' target='_blank'>SAAo Glossary: Places (Al-radi-imari [1])</a>"
40,Āl-sirāšî,"Āl-sirāšî, Al-siraši, Al-siraše, Brewers' village, Brewers' town, Brewer Town",–,–,–,"URU-LUNGA.MEŠ, 𒌷𒋆𒈨𒌍, URU-LÚNGA.MEŠ, URU-DUMGAL-MEŠ, 𒌷𒋇𒈨𒌍, URU-LÚ.LÚNGA.MEŠ, URU-LÚ.DUMGAL-MEŠ, 𒌷𒇽𒋇𒈨𒌍",town,"Assyria, Dūr-Šarrukīn province (?), Kalḫu province (?), Iraq",–,"Bagg RGTC 7 2/1: 25–26, PNA A: 137 (under Asqūdu 6), <a href='http://oracc.museum.upenn.edu/atae/cbd/qpn-x-places/onebigfile.html' target='_blank'>ATAE Glossary: Places (Al-siraše [Brewer Town])</a>, <a href='http://oracc.museum.upenn.edu/atae/cbd/qpn-x-places/onebigfile.html' target='_blank'>ATAE Glossary: Places (Al-siraši [1])</a>, <a href='http://oracc.museum.upenn.edu/saao/cbd/qpn-x-places/onebigfile.html' target='_blank'>SAAo Glossary: Places (Al-siraši [1])</a>"
41,Āl-sūsānī,"Āl-sūsānī, Horse Trainer Town, Horse-Trainer Town‏‎",–,–,–,–,town,"Assyria, Arbail (province)",–,Bagg RGTC 7 2/1: 26
39,Āl-Ṣāṣi,"Āl-Ṣāṣi, Al-Ṣaṣi, Ṣāṣu, Ṣaṣi",–,–,–,"URU.2-ṣa-a-ṣi, 𒌷𒈫𒍝𒀀𒍢",town,"Assyria, Iraq",–,"Bagg RGTC 7 2/1: 27, <a href='http://oracc.museum.upenn.edu/saao/cbd/qpn-x-places/onebigfile.html' target='_blank'>SAAo Glossary: Places (Al-Ṣaṣi [1])</a>, <a href='http://oracc.museum.upenn.edu/atae/cbd/qpn-x-places/onebigfile.html' target='_blank'>ATAE Glossary: Places (Al-Ṣaṣi [1])</a>"
38,Āl-ṣarrāpī,"Āl-ṣarrāpī, Al-ṣarrapi, Alu-ṣarrapi, Ṣarrāpu, Town of the Goldsmiths, Goldsmith Town",–,–,–,"URU-SIMUG.KUG.GI, 𒌷𒌣𒆬𒄀, URU-SIMUG.KUG.GI.MEŠ, 𒌷𒌣𒆬𒄀𒈨𒌍",town,"Assyria, Iraq",–,"Bagg RGTC 7 2/1: 26–27, Parpola Toponyms: 321 (Ṣarrāpu), <a href='http://oracc.museum.upenn.edu/atae/cbd/qpn-x-places/onebigfile.html' target='_blank'>ATAE Glossary: Places (Al-ṣarrapi [1])</a>, <a href='http://oracc.museum.upenn.edu/saao/cbd/qpn-x-places/onebigfile.html' target='_blank'>SAAo Glossary: Places (Al-ṣarrapi [1])</a>, <a href='http://oracc.museum.upenn.edu/saao/cbd/qpn-x-places/onebigfile.html' target='_blank'>SAAo Glossary: Places (Alu-ṣarrapi [Goldsmith Town])</a>"
1218,Ālu-Bēl-iqbi,"Ālu-Bēl-iqbi, Alu-Bel-iqbi, Āl-Bēl-iqbi, Al-Bel-iqbi",–,–,–,"URU.EN-iq-bi, 𒌷𒂗𒅅𒁉, URU.<sup>m</sup>EN-iq-bi, 𒌷𒁹𒂗𒅅𒁉",town,"Assyria, Kalḫu province, Iraq",–,"Bagg RGTC 7 2/1: 17 (Āl-Bēl-iqbi 2), Parpola Toponyms: 71–72 (Bēl-iqbi), <a href='http://oracc.museum.upenn.edu/saao/cbd/qpn-x-places/onebigfile.html' target='_blank'>SAAo Glossary: Places (Al-Bel-iqbi [1])</a>, <a href='http://oracc.museum.upenn.edu/atae/cbd/qpn-x-places/onebigfile.html' target='_blank'>ATAE Glossary: Places (Al-Bel-iqbi [1])</a>"
50,Ālu-ša-Libbālāja,"Ālu-ša-Libbālāja, Ālu-ša-Libbālāia, Ālu-ša-Libbi-ālāja, Alu-ša-Libbalayu, City of the people of the Inner City, Yāramǧa, Yarimjah, Yaremjeh, يارمجة, Qaryat Yārimjah, Qaryat Yarimjah, قرية يارمجة",–,36.30310763109112,43.17633445168099,"URU-šá-ŠÀ-URU-a-a, 𒌷𒃻𒊮𒌷𒀀𒀀, URU-šá-LÚ.ŠÀ-URU-a-a, 𒌷𒃻𒇽𒊮𒌷𒀀𒀀",town,"Assyria, Iraq",–,"Bagg RGTC 7 2/1: 35, <a href='https://zenodo.org/record/6384045' target='_blank'>Pedersén ANE: (Yaremjeh)</a>, <a href='https://www.geonames.org/89623/qaryat-yarimjah.html' target='_blank'>Geonames: Qaryat Yārimjah</a>, <a href='http://oracc.museum.upenn.edu/rinap/cbd/qpn-x-places/onebigfile.html' target='_blank'>RINAP Glossary: Places (Alu-ša-Libbalayu [1])</a>, <a href='http://oracc.museum.upenn.edu/riao/cbd/qpn-x-places/onebigfile.html' target='_blank'>RIAo Glossary: Places (Alu-ša-Libbalayu [1])</a>"
1070,Ālu-ša-Lulûʾa,"Ālu-ša-Lulûʾa, Alu-ša-Lulûʾa",–,–,–,"URU.ša-<sup>m</sup>lu-lu-ú-a, 𒌷𒊭𒁹𒇻𒇻𒌑𒀀",town,"Assyria, Iraq",–,"Bagg RGTC 7 3/2: 957 (add. to 7/2), PNA L–N: 669 (under Lulûʾa)"
51,Ālu-ša-rāṭātīšu,"Ālu-ša-rāṭātīšu, Alu-ša-raṭatišu, Plumbers' Town, Malṭeh Naṣara, Mālṭah Naṣārā, Māltah Naşārā, Mālţah Naşārá, Maltah Nasara, Māltah Naşārī, Maltah Nasari, مالطة نصارى, Māltah Naşārá as Suflá, مالطة نصارى السفلى, Malte Xwarê, Malt Xuwarî, مالط خوارى, Mālta-ē Naşārā",–,36.85276,42.93362,"URU-ša-ra-ṭa-ṭi-šú, 𒌷𒊭𒊏𒁕𒁲𒋙",town,"Assyria, Kurbail province, Iraq",–,"Bagg RGTC 7 2/1: 38, <a href='https://www.geonames.org/384965/maltah-nasara.html' target='_blank'>Geonames: Mālţah Naşārá</a>, <a href='http://oracc.museum.upenn.edu/atae/cbd/qpn-x-places/onebigfile.html' target='_blank'>ATAE Glossary: Places (Alu-ša-raṭatišu [1])</a>, <a href='http://oracc.museum.upenn.edu/saao/cbd/qpn-x-places/onebigfile.html' target='_blank'>SAAo Glossary: Places (Alu-ša-raṭatišu [1])</a>"
52,Ālu-ša-rēšāni,"Ālu-ša-rēšāni, Alu-ša-rešani, Al-ša-rešani, Šarīš, Eunuch Town",–,–,–,"URU.2.LÚ.SAG.MEŠ, 𒌷𒈫𒇽𒊕𒈨𒌍, URU.LÚ.SAG.MEŠ, 𒌷𒇽𒊕𒈨𒌍",town,"Assyria, Kalḫu province (?), Iraq",–,"Bagg RGTC 7 2/1: 38–39, Parpola Toponyms: 332 (Šarīš), <a href='http://oracc.museum.upenn.edu/saao/cbd/qpn-x-places/onebigfile.html' target='_blank'>SAAo Glossary: Places (Al-ša-rešani [1])</a>, <a href='http://oracc.museum.upenn.edu/atae/cbd/qpn-x-places/onebigfile.html' target='_blank'>ATAE Glossary: Places (Al-ša-rešani [1])</a>"
49,Ālu-ša-Ḫarāni,"Ālu-ša-Ḫarāni, Alu-ša-Ḫarani, ālu ša Ḫarāni, Ša-Ḫarāni, Tall Ḫanḏal, Tall Abū Ḥāʾit (?)",2,35.2488394319603,40.5158579566887,"URU.šá-<sup>m</sup>ḫa-ra-a-ni, 𒌷𒃻𒁹𒄩𒊏𒀀𒉌",village,"Bīt-Ḫalupê, Lāqê (?), Syria",9 C1,"Helsinki Atlas: 5 (map 9 C1), Bagg RGTC 7 2/1: 32–33, Röllig – Kühne (1977): <i>The Lower Habur. A preliminary report on a survey conducted by the Tübinger Atlas des Vorderen Orients in 1975</i>: Fig. 1 (Tall Ḫanḏal), <a href='https://pleiades.stoa.org/places/894106' target='_blank'>Pleiades: Tell Abu Hait/Sangarite?/Sachare?</a>"
55,Āmidu,"Āmidu, Amīdu, Amēdu, Amidu, Amidi, Amida, Amedu, Āmid, Adtygrem, Ad Tygrem, Edessa, Qara Āmid, Ḳara Amid, Qara Amid, Amed, ئامەد, Amid, امد, Diyār Bakr, Diyar Bakr, ديار بكر, Diyarbakır, Diyarbakir, Diyarbekir",1,37.91084757982514,40.23675541855323,"a-me-di, 𒀀𒈨𒁲, a-me-du, 𒀀𒈨𒁺, URU.a-me-di, 𒌷𒀀𒈨𒁲, URU.a-me-du, 𒌷𒀀𒈨𒁺, URU.a-mi-di, 𒌷𒀀𒈪𒁲, URU.a-med-a-a, 𒌷𒀀𒁁𒀀𒀀","city, capital, prov. capital, province","Bīt-Zamāni, Āmidu province, Turkey",3 D3,"Bagg RGTC 7 2/1: 43–44 (Amēdu), Bagg RGTC 7 2/1: 123 (Bīt-Zamāni), Helsinki Atlas: 5 (map 3 D3), Parpola Toponyms: 15 (Amedi), <a href='https://zenodo.org/record/6384045' target='_blank'>Pedersén ANE: Amida (Diyarbakir)</a>, <a href='https://www.geonames.org/316541/diyarbakir.html' target='_blank'>Geonames: Diyarbakır</a>, <a href='https://pleiades.stoa.org/places/874298' target='_blank'>Pleiades: Ad Tygrem/Amida</a>, <a href='https://www.ucl.ac.uk/sargon/peoplegodsplaces' target='_blank'>Assyrian empire builders: Amidi</a>, <a href='http://oracc.museum.upenn.edu/atae/cbd/qpn-x-places/onebigfile.html' target='_blank'>ATAE Glossary: Places (Amedu [1])</a>, <a href='http://oracc.museum.upenn.edu/riao/cbd/qpn-x-places/onebigfile.html' target='_blank'>RIAo Glossary: Places (Amedu [1])</a>, <a href='http://oracc.museum.upenn.edu/saao/cbd/qpn-x-places/onebigfile.html' target='_blank'>SAAo Glossary: Places (Amedu [1])</a>, <a href='http://oracc.museum.upenn.edu/saao/cbd/qpn-x-places/onebigfile.html' target='_blank'>SAAo Glossary: Places (Amidu [1])</a>, <a href='http://oracc.museum.upenn.edu/atae/cbd/qpn-x-places/onebigfile.html' target='_blank'>ATAE Glossary: Places (Amidu [1])</a>"
63,Āmul,"Āmul, Amul, Āmol (?), Amol (?), آمل",4,36.47083,52.34933,"URU.a-mul, 𒌷𒀀𒀯",city,"Zagros mountains (?), Iran",6 D4,"Bagg RGTC 7 3/1: 38–39 (Amul), Helsinki Atlas: 5 (map 6 D4), Parpola Toponyms: 17 (Amul), <a href='https://www.geonames.org/143534/amol.html' target='_blank'>Geonames: Āmol</a>, <a href='https://pleiades.stoa.org/places/884116' target='_blank'>Pleiades: Amol</a>, <a href='http://oracc.museum.upenn.edu/saao/knpp/peoplegodsplaces/index.html' target='_blank'>Knowledge and Power: Amul</a>, <a href='http://oracc.museum.upenn.edu/atae/cbd/qpn-x-places/onebigfile.html' target='_blank'>ATAE Glossary: Places (Amul [1])</a>, <a href='http://oracc.museum.upenn.edu/saao/cbd/qpn-x-places/onebigfile.html' target='_blank'>SAAo Glossary: Places (Amul [1])</a>"
67,Ānat,"Ānat, Anat, Anatu, Anate, Ḫanat, Ana, Ānatha, Ānatho, Qal'at 'Ana, Anah, ʾĀna, عانة‎",1,34.46760587468617,41.97943245832681,"a-na-at, 𒀀𒈾𒀜, URU.a-na-at, 𒌷𒀀𒈾𒀜, URU.an-at, 𒌷𒀭𒀜, LÚ.an-at-a-a, 𒇽𒀭𒀜𒀀𒀀, URU.ana-te, 𒌷𒁹𒋼","city, island","Sūḫu, Iraq",10 B1,"Bagg RGTC 7 2/1: 46–47 (Anat), Helsinki Atlas: 5 (map 10 B1), Parpola Toponyms: 18–19 (Anatu), <a href='https://zenodo.org/record/6384045' target='_blank'>Pedersén ANE: Anat (Qal'at 'Ana)</a>, <a href='https://pleiades.stoa.org/places/893936' target='_blank'>Pleiades: Anatho</a>, <a href='https://books.openedition.org/cdf/4564#tocfrom2n39' target='_blank'>MTT I/2 (HIGEOMES Nr. 196)</a>, <a href='https://www.ucl.ac.uk/sargon/peoplegodsplaces' target='_blank'>Assyrian empire builders: Anat</a>, <a href='http://oracc.museum.upenn.edu/saao/cbd/qpn-x-places/onebigfile.html' target='_blank'>SAAo Glossary: Places (Anat)</a>, <a href='http://oracc.museum.upenn.edu/riao/cbd/qpn-x-places/onebigfile.html' target='_blank'>RIAo Glossary: Places (Anat)</a>"
503,Ītu,"Ītu, Īdu, Idu, Ida, Is, Idi, Ituʾu, Itu'u, Dakira, Diacira, Hit, Hīt, هيت",1,33.64392371391763,42.82332279559433,"URU.i-te, 𒌷𒄿𒋼, URU.itu5, URU.ÍD, 𒌷𒀀𒇉, URU.i-du, 𒌷𒄿𒁺",town,"Sūḫu, Iraq",10 B3,"Bagg RGTC 7 2/1: 259, Helsinki Atlas: 10 (map 10 B3; Īdu), Parpola Toponyms: 179, <a href='https://zenodo.org/record/6384045' target='_blank'>Pedersén ANE: Itu'u (Hit)</a>, <a href='https://books.openedition.org/cdf/4487' target='_blank'>MTT I/3: Hit/IDA (HIGEOMES Nr. 167)</a>, <a href='https://pleiades.stoa.org/places/894008' target='_blank'>Pleiades: Idu/Diacira/Hit</a>, <a href='http://oracc.museum.upenn.edu/saao/knpp/peoplegodsplaces/index.html' target='_blank'>Knowledge and Power: Ituʾu</a>, <a href='https://www.ucl.ac.uk/sargon/peoplegodsplaces' target='_blank'>Assyrian empire builders: Ituʾu</a>, <a href='http://oracc.museum.upenn.edu/riao/cbd/qpn-x-places/onebigfile.html' target='_blank'>RIAo Glossary: Places (Idu)</a>"
897,Šabirēšu,"Šabirēšu, Šabirešu, Šabirīšu, Šabirišu, Ša-bīrēšu, Ša-bīrē-šu, Šabire, Basorin, Basori, Basorin Harabesi, Basorin Harap, Güven, Tall al-ʿUwaynāt (?), Tall ʿUwaināt (?), Tall Uwaynat (?), Tell el-Uwaynat (?), Tall ‘Uwaynāt (?), Tel el Uwainat (?), Tel Uwainat (?), Tel ‘Uwînat (?), Tel Uwanat (?), Tal Awinat (?), Tall Awainat (?), تل عوينات, Tall ‘Umwaynāt (?)",4,37.1514968029372,42.3435997818797,"URU.ša-bi-ri-šu₂, 𒌷𒊭𒁉𒊑𒋙, URU.ša-bi-ri-i-šu₂, 𒌷𒊭𒁉𒊑𒄿𒋙, URU.ša₂-bi-ri-šu₂, 𒌷𒃻𒁉𒊑𒋙, URU.ša₂-bi-ri-šu, 𒌷𒃻𒁉𒊑𒋗, URU.ša₂-bi-re-e-šu₂, 𒌷𒃻𒁉𒊑𒂊𒋙, URU.ša₂-01-KASKAL.GID₂-ri, 𒌷𒃻𒁹𒆜𒁍𒊑",city,"Māt-rab-šāqê, Turkey, Iraq (?)",4 B4,"Bagg RGTC 7 2/2: 557–558, Helsinki Atlas: 15 (map 4 B4), Parpola Toponyms: 329 (Šabirīšu), <a href='https://zenodo.org/record/6384045' target='_blank'>Pedersén ANE: (Basorin)</a>, <a href='https://books.openedition.org/cdf/4487' target='_blank'>MTT I/3: Basorin (HIGEOMES Nr. 664)</a>, <a href='https://www.geonames.org/321869/basorin-harabesi.html' target='_blank'>Geonames: Basorin Harabesi</a>, <a href='https://www.geonames.org/392045/basorin.html' target='_blank'>Geonames: Basorin</a>, <a href='https://zenodo.org/record/6384045' target='_blank'>Pedersén ANE: (Tell el-Uwaynat 15)</a>, <a href='https://zenodo.org/record/6384045' target='_blank'>Pedersén ANE: (Tell el-Uwaynat West)</a>, <a href='https://books.openedition.org/cdf/4487' target='_blank'>MTT I/3: Tall Uwaynat (HIGEOMES Nr. 129)</a>, <a href='https://books.openedition.org/cdf/4487' target='_blank'>MTT I/3: Tall el-Uwaynat West (HIGEOMES Nr. 344)</a>, <a href='https://www.geonames.org/90331/tall-uwaynat.html' target='_blank'>Geonames: Tall ‘Uwaynāt</a>, <a href='https://www.ucl.ac.uk/sargon/peoplegodsplaces' target='_blank'>Assyrian empire builders: Šabirešu</a>, <a href='http://oracc.museum.upenn.edu/atae/cbd/qpn-x-places/onebigfile.html' target='_blank'>ATAE Glossary: Places (Šabirešu [1])</a>, <a href='http://oracc.museum.upenn.edu/saao/cbd/qpn-x-places/onebigfile.html' target='_blank'>SAAo Glossary: Places (Šabirešu [1])</a>"
898,Šabuqu,"Šabuqu, Šabuqa",–,–,–,"KUR.šá-bu-qa-a-a, 𒆳𒃻𒁍𒋡𒀀𒀀, LÚ.šá-bu-qa-a-a, 𒇽𒃻𒁍𒋡𒀀𒀀","territory (?), tribe (?)",–,–,"Bagg RGTC 7 3/1: 539 (Šabuqa), Parpola Toponyms: 329 (Šabuqa), <a href='http://oracc.museum.upenn.edu/saao/knpp/peoplegodsplaces/index.html' target='_blank'>Knowledge and Power: Šabuqu</a>, <a href='http://oracc.museum.upenn.edu/atae/cbd/qpn-x-ethnic/onebigfile.html' target='_blank'>ATAE Glossary: Ethnic Names (Šabuqaya [of Šabuqa])</a>, <a href='http://oracc.museum.upenn.edu/saao/cbd/qpn-x-ethnic/onebigfile.html' target='_blank'>SAAo Glossary: Ethnic Names (Šabuqaya [of Šabuqa])</a>"
899,Šadikanni,"Šadikanni, Šadikannu, Shadikanni, Shaddikanni, Šuwadikani, Dikanni, ʿArbān, Arban, Araban, Arabana, Castellum Arabum, Horaba, Oraba, Tall ‘Ajājah, Tall Ajaja, Tall ʿAǧāǧa, Tell ʿAğāğa, Tell 'Ajaja, Tall Hajaja, Tall Agaga, تل عجاجة",1,36.20810142372741,40.72067006242501,"šá-URU.di-kan-ni, 𒃻𒌷𒁲𒃶𒉌, URU.šá-di-kan-ni, 𒌷𒃻𒁲𒃶𒉌, di-ka-ni-a, 𒁲𒅗𒉌𒀀, KUR.di-ka-na-a-ia, 𒆳𒁲𒅗𒈾𒀀𒅀, URU.di-kan-a-a, 𒌷𒁲𒃶𒀀𒀀, URU.šá-di-kan-a-a, 𒌷𒃻𒁲𒃶𒀀𒀀, URU.še-di-kan-a-a, 𒌷𒊺𒁲𒃶𒀀𒀀","city, region","Šadikanni, Ḫābūr area, Syria",3 D4,"Bagg RGTC 7 2/2: 559, Helsinki Atlas: 15 (map 3 D4), <a href='https://zenodo.org/record/6384045' target='_blank'>Pedersén ANE: Šadikanni (Tell 'Ajaja)</a>, <a href='https://zenodo.org/record/5217600' target='_blank'>CIGS: Shaddikanni/Tall ‘Ajājah</a>, <a href='https://books.openedition.org/cdf/4487' target='_blank'>MTT I/3: Šadikanni/Tall Ajaja (HIGEOMES Nr. 7)</a>, <a href='https://pleiades.stoa.org/places/874688' target='_blank'>Pleiades: Shadikanni/Ar(a)ban/(H)Oraba?/*Castellum Arabum</a>, <a href='http://oracc.museum.upenn.edu/saao/cbd/qpn-x-ethnic/onebigfile.html' target='_blank'>SAAo Glossary: Ethnic (Šadikannaya [FROM ŠADIKANNI])</a>, <a href='http://oracc.museum.upenn.edu/atae/cbd/qpn-x-places/onebigfile.html' target='_blank'>ATAE Glossary: Places (Šadikanni)</a>, <a href='http://oracc.museum.upenn.edu/saao/cbd/qpn-x-places/onebigfile.html' target='_blank'>SAAo Glossary: Places (Šadikanni)</a>, <a href='http://oracc.museum.upenn.edu/riao/cbd/qpn-x-places/onebigfile.html' target='_blank'>RIAo Glossary: Places (Šadikannu)</a>"
900,Šaduppûm,"Šaduppûm, Tell Harmal",1,33.30978245280799,44.46657571197006,–,city,"Babylonia, Iraq",–,<a href='https://zenodo.org/record/6384045' target='_blank'>Pedersén ANE: Šaduppûm (Tell Harmal)</a>
902,Šakmu,"Šakmu, Šekem, Sichem, Shechem, שְׁכֶם, Tell Balata, تل بلاطة",–,32.21323904706646,35.28252220566982,–,city,"Bīt-Ḫumrî, West Bank, Palestine",–,<a href='https://zenodo.org/record/6384045' target='_blank'>Pedersén ANE: Šakmu / Shechem (Tell Balata)</a>
1285,Šal...tu-daʾattu,"Šal...tu-daʾattu, Šal-x-daʾattu",–,–,–,"URU.šal-x-tú-KALAG-tú, 𒌷𒊩x𒌓𒆗𒌓",town,"Assyria, Nineveh province (?), Iraq",–,"Bagg RGTC 7 2/2: 561, <a href='http://oracc.museum.upenn.edu/atae/cbd/qpn-x-places/onebigfile.html' target='_blank'>ATAE Glossary: Places (Šal-x-daʾattu [1])</a>, <a href='https://oracc.museum.upenn.edu/atae/szibaniba/P282764' target='_blank'>Billa 083</a>"
1328,Šalaḫamanu,"Šalaḫamanu, Šalaḫamānu, Salaḫamānu, Salahamanu",–,–,–,"URU.šá-la-ḫa-ma-nu, 𒌷𒃻𒆷𒄩𒈠𒉡","fortified city, city","Parsua, Iran",–,"Bagg RGTC 7 3/2: 540, <a href='http://oracc.museum.upenn.edu/riao/cbd/qpn-x-places/onebigfile.html' target='_blank'>RIAo Glossary: Places (Šalahamanu [1])</a>"
1129,Šamuḫa,"Šamuḫa, Šamuha, Samuha, Kayalıpınar Höyük, Kayalıpınar",1,39.6198325452017,36.5282829804623,–,city,"Hittites, Turkey",–,"<a href='https://zenodo.org/record/6384045' target='_blank'>Pedersén ANE: Samuha (Kayalıpınar)</a>, <a href='https://zenodo.org/record/5217600' target='_blank'>CIGS: Šamuḫa/Kayalıpınar</a>, <a href='https://pleiades.stoa.org/places/819123409' target='_blank'>Pleiades: Šamuḫa</a>"
1348,Šanḫa,"Šanḫa, Šanha",–,–,–,"URU.šá-an-ḫa, 𒌷𒃻𒀭𒄩 ",town,–,–,"Bagg RGTC 7 3/2: 541, Parpola Toponyms: 331, Johns 1901: <i>Assyrian Deeds and Documents...</i> Volume II. Pl. 156"
903,Šapinuwa,"Šapinuwa, Ortaköy",–,40.25415601464205,35.23696917948951,–,city,"Hittites, Turkey",–,<a href='https://zenodo.org/record/6384045' target='_blank'>Pedersén ANE: Šapinuwa (Ortaköy)</a>
1202,Šaragītu,"Šaragītu, Šarragitu",–,–,–,"URU.šá-ra-gi-ti, 𒌷𒃻𒊏𒄀𒋾",city,"Babylonia, Bīt-Iakīn, Iraq",–,"Bagg RGTC 7 3/2: 507–508 (Sarragītu), Parpola Toponyms: 306 (Sarragitu), <a href='http://oracc.museum.upenn.edu/saao/knpp/peoplegodsplaces/index.html' target='_blank'>Knowledge and Power: Šarragitu</a>, <a href='http://oracc.museum.upenn.edu/atae/cbd/qpn-x-places/onebigfile.html' target='_blank'>ATAE Glossary: Places (Šarragitu)</a>, <a href='http://oracc.museum.upenn.edu/saao/cbd/qpn-x-places/onebigfile.html' target='_blank'>SAAo Glossary: Places (Šarragitu)</a>"
905,Šarišša,"Šarišša, Sarissa, Kuşaklı",–,39.30842871867329,36.90967428160425,–,city,"Hittites, Turkey",–,<a href='https://zenodo.org/record/6384045' target='_blank'>Pedersén ANE: Šarišša (Kuşaklı)</a>
1253,Šarnî,"Šarnî, Šarni",–,–,–,"URU.šar-ni-i, 𒌷𒊬𒉌𒄿","city, fortified city","Urarṭu, Armarijalî, Iran, West Azerbaijan",–,"Bagg RGTC 7 3/2: 543, Parpola Toponyms: 332, <a href='http://oracc.museum.upenn.edu/riao/cbd/qpn-x-places/onebigfile.html' target='_blank'>RIAo Glossary: Places (Šarni [1])</a>, <a href='http://oracc.museum.upenn.edu/rinap/cbd/qpn-x-places/onebigfile.html' target='_blank'>RINAP Glossary: Places (Šarni [1])</a>"
906,Šarru-iddina (city),Šarru-iddina,–,–,–,–,city,"Central Assyria, Aššur province",–,RGTC 7 2/2: 564
904,Šarēši,"Šarēši, Tell Šarīsī, Tall Šarīšī, Tall Sharisi, Tell Sharisi, Tall Shirshī, Tall Shirshi, تل شرشي",4,36.89194791796429,41.36567034616684,–,town,–,3 E4,"Helsinki Atlas: 15 (map 3 E4), <a href='https://zenodo.org/record/6384045' target='_blank'>Pedersén ANE: (Tell Sharisi)</a>, <a href='https://books.openedition.org/cdf/4487' target='_blank'>MTT I/3: Tall Šarīšī (HIGEOMES Nr. 283)</a>, <a href='https://www.geonames.org/8596123/tall-shirshi.html' target='_blank'>Geonames: Tall Shirshī</a>"
901,Šaḫuppa,"Šaḫuppa, Šahuppa, Šaḫupa, Saḫuppa, Sahuppa, Šuḫuppa, Šuhuppa, Šuḫupa, Šuhupa, Katmuḫi, Katmuḫu, Kadmuḫi",–,37.185997,42.028112,"URU.sa-ḫu-up-pa, 𒌷𒊓𒄷𒌒𒉺, URU.ša-ḫup-pa, 𒌷𒊭𒄽𒉺, URU.šá-ḫu-pa, 𒌷𒃻𒄷𒉺, URU.šá-ḫu-up-pa, 𒌷𒃻𒄷𒌒𒉺, URU.šú-ḫu-pa, 𒌷𒋙𒄷𒉺, ša-ḫup-pa, 𒊭𒄽𒉺, URU.šá-ḫup-pa, 𒌷𒃻𒄽𒉺","prov. capital, city, province","Assyria, Šaḫuppa province, Turkey, Syria, Iraq (?)",–,"Bagg RGTC 7 2/2: 560–561, <a href='https://publikationen.badw.de/de/rla/index' target='_blank'>Radner RlA 11: 44 (map) and 53 (Provinz)</a>, Parpola Toponyms: 178–179 (under Ištaḫup), Parpola Toponyms: 338 (Šuḫupa), <a href='http://oracc.museum.upenn.edu/saao/knpp/peoplegodsplaces/index.html' target='_blank'>Knowledge and Power: Šahuppa</a>, <a href='http://oracc.museum.upenn.edu/riao/cbd/qpn-x-places/onebigfile.html' target='_blank'>RIAo Glossary: Places (Šahuppa [1])</a>, <a href='http://oracc.museum.upenn.edu/rinap/cbd/qpn-x-places/onebigfile.html' target='_blank'>RINAP Glossary: Places (Šahuppa [1])</a>, <a href='http://oracc.museum.upenn.edu/atae/cbd/qpn-x-places/onebigfile.html' target='_blank'>ATAE Glossary: Places (Šahuppa [1] (GN))</a>, <a href='http://oracc.museum.upenn.edu/atae/cbd/qpn-x-places/onebigfile.html' target='_blank'>ATAE Glossary: Places (Šahuppa [1] (SN))</a>, <a href='http://oracc.museum.upenn.edu/saao/cbd/qpn-x-places/onebigfile.html' target='_blank'>SAAo Glossary: Places (Šahuppa [1] (GN))</a>, <a href='http://oracc.museum.upenn.edu/saao/cbd/qpn-x-places/onebigfile.html' target='_blank'>SAAo Glossary: Places (Šahuppa [1] (SN))</a>, <a href='http://oracc.museum.upenn.edu/saao/cbd/qpn-x-places/onebigfile.html' target='_blank'>SAAo Glossary: Places (Šuhupa [1])</a>"
1108,Šerešše,"Šerešše, Šereššu",–,–,–,"URU.še-re-še, 𒌷𒊺𒊑𒊺",town,"Katmuḫu, Iraq (?), Syria (?), Turkey (?)",–,<a href='https://books.openedition.org/cdf/4565' target='_blank'>MTT I/2: Šerešše</a>
907,Šibanība,"Šibanība, Šibaniba, Tell Billa",1,36.43375862499488,43.34824695145053,–,"prov. capital, city","Assyria, Iraq",4 C5,"Helsinki Atlas: 15 (map 4 C5), <a href='https://zenodo.org/record/6384045' target='_blank'>Pedersén ANE: Šibaniba (Tell Billa)</a>"
908,Šiddi nāri,"Šiddi nāri, Šiddi-nāri, Parapotamia",–,–,–,–,district,–,3 B5,Helsinki Atlas: 15 (map 3 B5)
909,Šiddi-asika,Šiddi-asika,–,–,–,–,town,Assyria,–,Bagg RGTC 7 2/2: 568
910,Šiddi-ḫirīti,"Šiddi-ḫirīti, Šiddi-hiriti, Ušḫiriti",–,–,–,"URU.UŠ-ḫi-ri-ti, 𒌷𒍑𒄭𒊑𒋾",town,"Assyria, Dūr-Šarrukīn province (?), Iraq",–,"Bagg RGTC 7 2/2: 568–569, Parpola Toponyms: 377 (Ušḫiriti), <a href='http://oracc.museum.upenn.edu/saao/cbd/qpn-x-places/onebigfile.html' target='_blank'>SAAo Glossary: Places (Šiddi-hiriti [1])</a>, <a href='http://oracc.museum.upenn.edu/atae/cbd/qpn-x-places/onebigfile.html' target='_blank'>ATAE Glossary: Places (Šiddi-hiriti [1])</a>"
1294,Šindarara,"Šindarara, Sindarara, fortress",–,39.4703799,37.8807432,"URU.ši-in-da-ra-ra, 𒌷𒅆𒅔𒁕𒊏𒊏","fortress, city","Melīdi, Kammānu, Turkey",–,"Bagg RGTC 7 1: 240, Parpola Toponyms: 336, <a href='https://pleiades.stoa.org/places/988674927' target='_blank'>Pleiades: Šindarara</a>, <a href='https://www.geonames.org/300750/sincan.html' target='_blank'>Geonames: Sincan</a>, <a href='http://oracc.museum.upenn.edu/riao/cbd/qpn-x-places/onebigfile.html' target='_blank'>RIAo Glossary: Places (Šindarara [1])</a>, <a href='http://oracc.museum.upenn.edu/rinap/cbd/qpn-x-places/onebigfile.html' target='_blank'>RINAP Glossary: Places (Šindarara [1])</a>"
913,Šingiša,"Šingiša, Šigišu, Šiggišu, Šiggiša, Šiengiša",–,37.6,40.88,"URU.ši-en-gi-ša₂, 𒌷𒅆𒂗𒄀𒃻, URU.ši-gi-ša₂, 𒌷𒅆𒄀𒃻, URU.ši-gi-šu, 𒌷𒅆𒄀𒋗, URU.ši-ni-gi-ša₂, 𒌷𒅆𒉌𒄀𒃻",town,"Naʾiri, Turkey",3 D3,"Bagg RGTC 7 2/2: 570, Helsinki Atlas: 15 (map 3 D3), Parpola Toponyms: 336, <a href='http://oracc.museum.upenn.edu/riao/cbd/qpn-x-places/onebigfile.html' target='_blank'>RIAo Glossary: Places (Šingiša [1])</a>"
914,Šinuḫtu,"Šinuḫtu, Šinuhtu, Šinaḫutum, Aksaray, Niğde (?), Nigde (?)",3,38.37255,34.02537,"URU.ši-nu-uḫ-ti, 𒌷𒅆𒉡𒄴𒋾, URU.ši-nu-uḫ-tu, 𒌷𒅆𒉡𒄴𒌅, URU.ši-nu-uḫ-tu₂, 𒌷𒅆𒉡𒄴𒌓, URU.ši-nu-uḫ-ta-a-a, 𒌷𒅆𒉡𒄴𒋫𒀀𒀀",city,"Tabālu, Turkey",1 D3,"Bagg RGTC 7 1: 240–241, Helsinki Atlas: 15 (map 1 D3), Parpola Toponyms: 336, <a href='https://www.geonames.org/324496/aksaray.html' target='_blank'>Geonames: Aksaray</a>, <a href='https://pleiades.stoa.org/places/344804124' target='_blank'>Pleiades: Šinuhtu</a>, <a href='https://www.geonames.org/303827/nigde.html' target='_blank'>Geonames: Niğde</a>, <a href='http://oracc.museum.upenn.edu/rinap/cbd/qpn-x-ethnic/onebigfile.html' target='_blank'>RINAP Glossary: Ethnic Names (Šinuhtayu [of Šinuhtu])</a>, <a href='http://oracc.museum.upenn.edu/riao/cbd/qpn-x-ethnic/onebigfile.html' target='_blank'>RIAo Glossary: Ethnic Names (Šinuhtayu [of Šinuhtu])</a>, <a href='http://oracc.museum.upenn.edu/rinap/cbd/qpn-x-places/onebigfile.html' target='_blank'>RINAP Glossary: Places (Šinuhtu [1])</a>, <a href='http://oracc.museum.upenn.edu/riao/cbd/qpn-x-places/onebigfile.html' target='_blank'>RIAo Glossary: Places (Šinuhtu [1])</a>"
1211,Šiqāft-i Gulgul,"Šiqāft-i Gulgul, Šikhaft-i Gulgul, Shiqāft-i Gulgul, Šekaft-e Golgol, شقافت گل گل, شقافت گلگل",–,33.4675,46.4843,–,monument,"Ḫalēḫasta, Iran",–,"Bagg RGTC 7 2/1: 197 (under Ḫalēḫasta), Helsinki Atlas: 30 (map 11 B3), <a href='https://zenodo.org/record/5217600' target='_blank'>CIGS: Shiqāft-i Gulgul</a>, <a href='https://pleiades.stoa.org/places/537487875' target='_blank'>Pleiades: Shiqāft-i Gulgul</a>"
915,Širu Malikta,"Širu-Malikta, Širu Malikta",–,36.74466,43.06116,–,monument,"Central Assyria, Talmūsa province",–,–
916,Šišlu,"Šišil, Šišlu, Šišda, Šašilū, Šilšil, Šašillānu, al-Qayyāra, Al Qayyāra, Al Qayyarah, Al Qaiyāra, Al Qaiyara, Al-Qaiyara, القيارة, Al Kayyārah, Al Kayyarah, Nāḩiyat al Qayyārah, ناحية القيارة, Qayyāra, Qayyarah, Qaiyāra, Gayara, Kaiyara",4,35.79933, 43.29447,"URU.ši-iš-li, 𒌷𒅆𒅖𒇷, URU.ši-iš-lu, 𒌷𒅆𒅖𒇻, URU.ši-šil, 𒌷𒅆𒋻, URU.ši-šil-a-a, 𒌷𒅆𒋻𒀀𒀀",town,"Assyria, Iraq",4 C6,"Bagg RGTC 7 2/2: 572–573 (Šišil), Helsinki Atlas: 15 (map 4 C6), Parpola Toponyms: 336, Parpola Toponyms: 336 (Šišda), <a href='https://www.geonames.org/99003/al-qayyarah.html' target='_blank'>Geonames: Al Qayyārah</a>, <a href='http://oracc.museum.upenn.edu/atae/cbd/qpn-x-places/onebigfile.html' target='_blank'>ATAE Glossary: Places (Šišil [1] (GN))</a>, <a href='http://oracc.museum.upenn.edu/saao/cbd/qpn-x-places/onebigfile.html' target='_blank'>SAAo Glossary: Places (Šišil [1] (GN))</a>, <a href='http://oracc.museum.upenn.edu/atae/cbd/qpn-x-places/onebigfile.html' target='_blank'>ATAE Glossary: Places (Šišil [1] (SN))</a>, <a href='http://oracc.museum.upenn.edu/atae/cbd/qpn-x-places/onebigfile.html' target='_blank'>ATAE Glossary: Places (Šišlu [1] (GN))</a>, <a href='http://oracc.museum.upenn.edu/saao/cbd/qpn-x-places/onebigfile.html' target='_blank'>SAAo Glossary: Places (Šišil [1] (SN))</a>, <a href='http://oracc.museum.upenn.edu/saao/cbd/qpn-x-ethnic/onebigfile.html' target='_blank'>SAAo Glossary: Ethnic Names (Šišilaya [from Šišil])</a>, <a href='http://oracc.museum.upenn.edu/atae/cbd/qpn-x-ethnic/onebigfile.html' target='_blank'>ATAE Glossary: Ethnic Names (Šišilaya [of Šišil])</a>, <a href='http://oracc.museum.upenn.edu/saao/cbd/qpn-x-ethnic/onebigfile.html' target='_blank'>SAAo Glossary: Ethnic Names (Šišilaya [of Šišil])</a>"
918,Šubarû,"Šubarû, Šubaru, Šubarûm, Šubartum, Subarû, Subaru, Subartu, Subartum, Subir",–,–,–,"šu-ba-ri-i, 𒋗𒁀𒊑𒄿, KUR.šu-ba-re-e, 𒆳𒋗𒁀𒊑𒂊, KUR.šu-ba-ri-i, 𒆳𒋗𒁀𒊑𒄿, KUR.šu-pa-re-e, 𒆳𒋗𒉺𒊑𒂊",territory,Iraq,–,"Bagg RGTC 7 2/2: 573, Parpola Toponyms: 337 (together with Šubria), <a href='http://oracc.museum.upenn.edu/riao/cbd/qpn-x-places/onebigfile.html' target='_blank'>RIAo Glossary: Places (Šubaru [1])</a>, <a href='http://oracc.museum.upenn.edu/riao/cbd/qpn-x-ethnic/onebigfile.html' target='_blank'>RIAo Glossary: Ethnic Names (Šubaru [of Subartu])</a>, <a href='http://oracc.museum.upenn.edu/riao/cbd/qpn-x-ethnic/onebigfile.html' target='_blank'>RIAo Glossary: Ethnic Names (Šubaru [of Šubaru])</a>"
919,Šubat-Enlil,"Šubat-Enlil, Shubat-Enlil, Šeḫna, Šehna, Shehna, Tell Leilan, Tell Laylan, Tall Laiylān, تل ليلان",1,36.9585300465899,41.5062658743722,–,city,Syria,–,<a href='https://zenodo.org/record/6384045' target='_blank'>Pedersén ANE: Šehna / Šubat-Enlil (Tell Leilan)</a>
920,Šubria,Šubria,1,–,–,–,country,–,2 D2,Helsinki Atlas: 15 (map 2 D2)
921,Šuksu,"Šuksu, Šuksi, Suksi, Shuksi, Tell Sukas, Tall Soukās, تل سوكاس",–,35.30587310836101,35.92274244299347,–,"town, seaport",Syria,–,"<a href='https://zenodo.org/record/6384045' target='_blank'>Pedersén ANE: Šuksu (Tell Sukas)</a>, <a href='https://zenodo.org/record/5217600' target='_blank'>CIGS: Tall Soukās</a>"
922,Šurda,Šurda,–,–,–,–,"country, region","Iran, Zagros Mountains",–,–
1329,Šurgadia,Šurgadia,–,–,–,"URU.šur-ga-di-a, 𒌷𒋩𒂵𒁲𒀀","city, country","Parsua, Iran",–,"Bagg RGTC 7 3/2: 553, Parpola Toponyms: 340, <a href='http://oracc.museum.upenn.edu/rinap/cbd/qpn-x-places/onebigfile.html' target='_blank'>RINAP Glossary: Places (Šurgadia [1])</a>, <a href='http://oracc.museum.upenn.edu/riao/cbd/qpn-x-places/onebigfile.html' target='_blank'>RIAo Glossary: Places (Šurgadia [1])</a>"
924,Šuruppak,"Šuruppak, Šuruppag, Fara",1,31.7776323654228,45.50974801317648,–,city,"Babylonia, Iraq",–,<a href='https://zenodo.org/record/6384045' target='_blank'>Pedersén ANE: Šuruppak (Fara)</a>
926,Šušarra,"Šušarra, Shusharra, Šašrum, Tall Šemšāra, Tall Šimšārah, Tell Shemshara, تل شمشارة",–,36.20070895350359,44.93825297784231,–,city,Iraq,–,"<a href='https://zenodo.org/record/6384045' target='_blank'>Pedersén ANE: Šušarra (Tell Shemshara)</a>, <a href='https://zenodo.org/record/5217600' target='_blank'>CIGS: Šušarra</a>"
1321,Šānu,"Šānu, Sānu, Nahr ar-Rūz, Nahr ar Rūz, نهر الروز, Nahr Rūz, Nahr Ruz, نهر روز",4,33.99611,45.03417,"ÍD.šá-a-ni, 𒀀𒇉𒃻𒀀𒉌, ÍD.šá-a-nu, 𒀀𒇉𒃻𒀀𒉡",river,"Assyria, Babylonia, Iraq",–,"Bagg RGTC 7 2/2: 453–454 (Nēmetti-šarri), Bagg RGTC 7 2/2: 691 (Turna), Bagg RGTC 7 2/1: 11 (Aḫ-Sāna), CT 29 pl. 48, <a href='https://www.ebl.lmu.de/library/K.19484' target='_blank'>eBL: K.19484+Rm.155: 20</a>, <a href='https://cdli.earth/artifacts/365974' target='_blank'>CDLI: P365974</a>, <a href='https://www.geonames.org/91877/nahr-ar-ruz.html' target='_blank'>Geonames: Nahr ar Rūz</a>, <a href='https://www.geonames.org/417437/nahr-ar-ruz.html' target='_blank'>Geonames: Nahr ar Rūz</a>"
911,Šīmu,"Šīmu, Šimu, Šima, Šime, Šimi",–,–,–,"URU.ši-i-me, 𒌷𒅆𒄿𒈨, URU.ši-i-mu, 𒌷𒅆𒄿𒈬, URU.ši-ma, 𒌷𒅆𒈠, URU.ši-mu, 𒌷𒅆𒈬","prov. capital, city, province","Assyria, Šīmu province, Iraq",–,"Bagg RGTC 7 2/2: 569–570, Parpola Toponyms: 336, <a href='https://www.ucl.ac.uk/sargon/peoplegodsplaces' target='_blank'>Assyrian empire builders: Šimu</a>, <a href='http://oracc.museum.upenn.edu/saao/cbd/qpn-x-places/onebigfile.html' target='_blank'>SAAo Glossary: Places (Šimu [1] (GN))</a>, <a href='http://oracc.museum.upenn.edu/saao/cbd/qpn-x-places/onebigfile.html' target='_blank'>SAAo Glossary: Places (Šimu [1] (SN))</a>, <a href='http://oracc.museum.upenn.edu/riao/cbd/qpn-x-places/onebigfile.html' target='_blank'>RIAo Glossary: Places (Šimu [1])</a>, <a href='http://oracc.museum.upenn.edu/atae/cbd/qpn-x-places/onebigfile.html' target='_blank'>ATAE Glossary: Places (Šimu [1])</a>"
917,Šītamrat,Šītamrat,2,–,–,–,mountain,–,3 B4,Helsinki Atlas: 15 (map 3 B4)
923,Šūru,"Šūru, Šuru, Šūra, Šura, Šurra, Sauras, Σαυράς, Tzauras, Savur, Savur İlçesi, صور",1,37.536771,40.888355,"URU.šu-ú-ra, 𒌷𒋗𒌑𒊏, URU.šá-ú-ra, 𒌷𒃻𒌑𒊏, URU.šu-u-ra, 𒌷𒋗𒌋𒊏, URU.šu-u-ri, 𒌷𒋗𒌋𒊑, URU.su-ú-ra, 𒌷𒋢𒌑𒊏, URU.šú-ra, 𒌷𒋙𒊏, URU.šu-ra-a.a, 𒌷𒋗𒊏𒀀𒀀",town,"Ḫanigalbat, Turkey",3 D3,"Bagg RGTC 7 2/2: 578–579, Helsinki Atlas: 15 (map 3 D3), <a href='https://books.openedition.org/cdf/4487' target='_blank'>MTT I/3: Šūru/Savur (HIGEOMES Nr. 929)</a>, <a href='https://pleiades.stoa.org/places/874686' target='_blank'>Pleiades: Sauras</a>, <a href='https://www.geonames.org/441186/savur-ilcesi.html' target='_blank'>Geonames: Savur İlçesi</a>, <a href='https://www.ucl.ac.uk/sargon/peoplegodsplaces' target='_blank'>Assyrian empire builders: Šuru</a>, <a href='http://oracc.museum.upenn.edu/riao/cbd/qpn-x-places/onebigfile.html' target='_blank'>RIAo Glossary: Places (Šura)</a>, <a href='http://oracc.museum.upenn.edu/saao/cbd/qpn-x-ethnic/onebigfile.html' target='_blank'>SAAo Glossary: Ethnic (Šuraya [FROM ŠURU])</a>, <a href='http://oracc.museum.upenn.edu/atae/cbd/qpn-x-places/onebigfile.html' target='_blank'>ATAE Glossary: Places (Šuru)</a>, <a href='http://oracc.museum.upenn.edu/saao/cbd/qpn-x-places/onebigfile.html' target='_blank'>SAAo Glossary: Places (Šuru)</a>"
925,Šūšan,"Šūšan, Šušan, Shushan, Sūsa, Sūsā, Susa, Šušîm, Šušim, Šuši, Šuša, Shusha, Sūs, Šušina, Śuśin, Šušen, Šušun, Sousa, Σοῦσα, Seleukeia, Σελεύκεια, Σελεύκεια ἡ πρὸς τῶι Εὐλαίωι, Seleucia ad Eulaeum, Šûšan, שׁושׁן, Šūš-i Dānyāl, Šūš, Šuš, Shūsh, شوش, Tappeh-ye Sūsh, تپه شوش",1,32.1910498746495,48.2556455068223,"KUR.šu-šá-an, 𒆳𒋗𒃻𒀭, KUR.šu-ša-na-an, 𒆳𒋗𒊭𒈾𒀭, URU.šu-šá-an, 𒌷𒋗𒃻𒀭, URU.šu-šá-nu-ú-a, 𒌷𒋗𒃻𒉡𒌑𒀀, שׁושׁן","capital, city","Elam, Iran",17 A1,"Bagg RGTC 7 3/2: 553–554, Helsinki Atlas: 15 (map 17 A1), Parpola Toponyms: 340–341, <a href='https://zenodo.org/record/6384045' target='_blank'>Pedersén ANE: Susa</a>, <a href='https://zenodo.org/record/5217600' target='_blank'>CIGS: Shūsh</a>, <a href='https://pleiades.stoa.org/places/912936' target='_blank'>Pleiades: Susa</a>, <a href='https://www.geonames.org/6688003/tappeh-ye-bastani-ye-akrowpol.html' target='_blank'>Geonames: Tappeh-ye Bāstānī-ye Akrowpol</a>, <a href='https://www.geonames.org/114593/shush.html' target='_blank'>Geonames: Shūsh</a>, <a href='http://oracc.museum.upenn.edu/riao/cbd/qpn-x-places/onebigfile.html' target='_blank'>RIAo Glossary: Places (Šušan [Susa])</a>, <a href='http://oracc.museum.upenn.edu/atae/cbd/qpn-x-places/onebigfile.html' target='_blank'>ATAE Glossary: Places (Šušan [Susa])</a>, <a href='http://oracc.museum.upenn.edu/saao/cbd/qpn-x-places/onebigfile.html' target='_blank'>SAAo Glossary: Places (Šušan [Susa])</a>, <a href='http://oracc.museum.upenn.edu/rinap/cbd/qpn-x-places/onebigfile.html' target='_blank'>RINAP Glossary: Places (Šušan [Susa])</a>"
1008,Ūlāia,"Ūlāia,Ulai, Eulaios, Karḫe, Karkhe",2,–,–,–,river,–,17 A2,Helsinki Atlas: 17 (map 17 A2)
1024,Ūru,"Ūru, Ûr, Ur, Urim, Tell al-Muqayyar, Tell Muqayyar",1,30.96180455578848,46.1051204451787,–,"prov. capital, city","Babylonia, Iraq",16 B3,"Helsinki Atlas: 18 (map 16 B3), <a href='https://zenodo.org/record/6384045' target='_blank'>Pedersén ANE: Ur (Tell Muqayyar)</a>"
1055,ʿAtaroth,"ʿAtaroth, Ataroth, ʿĀṭārôt, עֲטָרוֹת, Khirbat ʿAṭarūz, Khirbet 'Ataruz, Khirbat Ataruz, Khirbat ‘Aţarūz, خربة عطروز",4,31.57431436939063,35.66497129122921,עֲטָרוֹת,city,"Māʾab, Transjordania, Jordan",–,"<a href='https://zenodo.org/record/6384045' target='_blank'>Pedersén ANE: 'Ataroth (Khirbet 'Ataruz)</a>, <a href='https://www.geonames.org/12041561/khirbat-ataruz.html' target='_blank'>Geonames: Khirbat ‘Aţarūz</a>, <a href='http://www.ataruz.org/' target='_blank'>Khirbat Ataruz Project</a>, <a href='https://www.thetorah.com/article/ataroth-and-the-inscribed-altar-who-won-the-war-between-moab-and-israel' target='_blank'>Ataroth and the Inscribed Altar</a>"
1344,Ḥorvat Tevet,"Ḥorvat Tevet, Horvat Tevet, H̱orbat Tevet, Horbat Tevet, Khirbet Tevet, חורבת טבת",1,32.63780311319145,35.33381074954284,–,town,"Bīt-Ḫumrî, Israel",–,"<a href='https://doi.org/10.1080/03344355.2025.2550116' target='_blank'>Peleg et al. (2025): <i>A Unique Assemblage of Cremation Burial from Ḥorvat Tevet and Assyrian Imperial Rule in the Jezreel Valley</i>. Tel Aviv 52: 217–255. https://doi.org/10.1080/03344355.2025.2550116</a>, <a href='https://zenodo.org/record/6384045' target='_blank'>Pedersén ANE: (Horbat Tevet)</a>, <a href='https://www.geonames.org/293321/horbat-tevet.html' target='_blank'>Geonames: H̱orbat Tevet</a>"
383,Ḫabrūri,"Ḫabrūri, Ḫabruri, Habruri, Ḫabrūru, Ḫabruru, Habruru, Kirruru, Kirruri, Kirrûri, Kirriuru, Kirriuri, Ḥerīr Plain, Ḥarīr Plain, Ḩarīr Plain, Harir Plain, حرير",2,–,–,"ḫab-ru-ri, 𒆸𒊒𒊑, KUR.ḫab-ba-ru-ru, 𒆳𒆸𒁀𒊒𒊒, KUR.ḫab-ri-ú-ri, 𒆳𒆸𒊑𒌑𒊑, KUR.ḫab-ru, 𒆳𒆸𒊒, KUR.ḫab-ru-ri, 𒆳𒆸𒊒𒊑, URU.ḫab-ru-ri, 𒌷𒆸𒊒𒊑","territory, province, prov. capital, city",Iraq,4 D5,"Helsinki Atlas: 9 (map 4 D5), Bagg RGTC 7 3/1: 243–245, Parpola Toponyms: 208–209 (Kirrûri), <a href='https://www.geonames.org/96046/harir.html' target='_blank'>Geonames: Ḩarīr</a>, <a href='https://www.ucl.ac.uk/sargon/peoplegodsplaces' target='_blank'>Assyrian empire builders: Habruri</a>, <a href='http://oracc.museum.upenn.edu/atae/cbd/qpn-x-places/onebigfile.html' target='_blank'>ATAE Glossary: Places (Habruri)</a>, <a href='http://oracc.museum.upenn.edu/saao/cbd/qpn-x-places/onebigfile.html' target='_blank'>SAAo Glossary: Places (Habruri)</a>, <a href='http://oracc.museum.upenn.edu/riao/cbd/qpn-x-places/onebigfile.html' target='_blank'>RIAo Glossary: Places (Habruru)</a>"
384,Ḫabūr,"Ḫabūr, Ḫābūr, Khabur",1,–,–,–,river,–,9 C1,Helsinki Atlas: 9 (map 9 C1)
379,Ḫabḫu,Ḫabḫu,3,–,–,–,mountain,–,5 A4,Helsinki Atlas: 9 (map 5 A4)
380,Ḫabḫu ša bētāni (1),Ḫabḫu ša bētāni,2,–,–,–,mountain,–,4 B4,Helsinki Atlas: 9 (map 4 B4)
381,Ḫabḫu ša bētāni (2),Ḫabḫu ša bētāni,2,–,–,–,mountain,–,4 D5,Helsinki Atlas: 9 (map 4 D5)
382,Ḫabḫu ša pān Ḫatti,Ḫabḫu ša pān Ḫatti,2,–,–,–,mountain,–,3 C3,Helsinki Atlas: 9 (map 3 C3)
385,Ḫadattu,"Ḫadatu, Ḫadattu, Hadatu, Hadattu, Arslān Ṭāš, Arslan Tash",1,36.84880617055452,38.40810300425005,–,city,Syria,3 B4,"Helsinki Atlas: 9 (map 3 B4), <a href='https://zenodo.org/record/6384045' target='_blank'>Pedersén ANE: Hadatu (Arslan Tash)</a>"
1247,Ḫadattâ,"Ḫadattâ, Hadatta, al-Ğaida, al-Ğdeide, الجديدة, Waḑḩah al Jadīdah, Wadhah al Jadidah, وضحة الجديدة, Waḑḩah Wa Judaydah, Wadhah Wa Judaydah, Ouadha et Jdaide, Ouâdha et Jdaïdé, Waḑḩah Judaydah, Wadhah Judaydah, Ouadha, Wadhah, وضحة, Waẓḥa, Adada (?), Qaṣr al-Ḥair aš-Šarqī (?), Qasr al-Hayr al-Sharqi (?), قصر الحير الشرقي",4,36.03286,38.02381,"URU.ḫa-da-at-ta-a, 𒌷𒄩𒁕𒀜𒋫𒀀",town,Syria,–,"Bagg RGTC 7 1: 82, Parpola Toponyms: 141 (under Ḫadattu), Musil (1927): <i>Arabia Deserta: A Topographical Itinerary</i>: 487 (al-Ğdeide), Musil (1928): <i>Palmyrena: A Topographical Itinerary</i>: 189 (al-Ğdeide/Waẓḥa), <a href='https://www.geonames.org/162699/wadhah-al-jadidah.html' target='_blank'>Geonames: Waḑḩah al Jadīdah</a>, <a href='https://pleiades.stoa.org/places/894070' target='_blank'>Pleiades: Qasr al-Hayr al-Sharqi/Adada?</a>, <a href='http://oracc.museum.upenn.edu/rinap/cbd/qpn-x-places/onebigfile.html' target='_blank'>RINAP Glossary: Places (Hadatta [1])</a>, <a href='http://oracc.museum.upenn.edu/riao/cbd/qpn-x-places/onebigfile.html' target='_blank'>RIAo Glossary: Places (Hadatta [1])</a>"
386,Ḫadina,"Ḫadina, Hadina, Luṭṭina, Litas, Leóntes, Leontes, Λεόντης, Nahr al-Līṭānī, Nahr al Līţānī, Nahr al Litani, نهر الليطاني, Litani River, Nahr al-Qāsimīya, Nahr al Qāsimīyah, Nahr al Qasimiyah, نهر القاسمية",4,33.688353,35.820751,"ÍD.ḫa-di-na, 𒀀𒇉𒄩𒁲𒈾",river,"Ṣūpat, Lebanon, Syria (?)",8 B2,"Bagg RGTC 7 1: 290 (Ḫadina (?)), Bagg RGTC 7 1: 160 (Luṭṭina (?)), Helsinki Atlas: 9 (map 8 B2), <a href='https://www.geonames.org/272089/nahr-el-litani.html' target='_blank'>Geonames: Nahr el Lîtâni</a>, <a href='https://pleiades.stoa.org/places/678268' target='_blank'>Pleiades: Litas</a>, <a href='https://www.ucl.ac.uk/sargon/peoplegodsplaces' target='_blank'>Assyrian empire builders: Hadina</a>, <a href='http://oracc.museum.upenn.edu/saao/cbd/qpn-x-waters/onebigfile.html' target='_blank'>SAAo Glossary: Watercourses (Hadina [1])</a>, <a href='http://oracc.museum.upenn.edu/atae/cbd/qpn-x-waters/onebigfile.html' target='_blank'>ATAE Glossary: Watercourses (Hadina [1])</a>"
1133,Ḫadā-il,"Ḫadā-il, Ḫadāʾil, Hadaʾil",–,–,–,"URU.ḫa-da-0-a-ìl, URU.ḫa-da-o-a-ìl, 𒌷𒄩𒁕0𒀀𒀭",town,Northern Levant (?),–,"Bagg RGTC 7 3/2: 923 (Add. to Bagg RGTC 7 1), <a href='http://oracc.museum.upenn.edu/saao/knpp/peoplegodsplaces/index.html' target='_blank'>Knowledge and Power: Hadaʾil</a>, <a href='http://oracc.museum.upenn.edu/atae/cbd/qpn-x-places/onebigfile.html' target='_blank'>ATAE Glossary: Places (Hadaʾil)</a>, <a href='http://oracc.museum.upenn.edu/saao/cbd/qpn-x-places/onebigfile.html' target='_blank'>SAAo Glossary: Places (Hadaʾil)</a>"
387,Ḫalab,"Ḫalab, Ḫalman, Halab, Aleppo, Ḥalab",1,36.19922188007691,37.16272097441987,–,city,Syria,2 D4,"Helsinki Atlas: 9 (map 2 D4), Bagg RGTC 7 1: 84 (Ḫalman 1), <a href='https://zenodo.org/record/6384045' target='_blank'>Pedersén ANE: Halab (Aleppo)</a>"
388,Ḫalaḫḫu,"Ḫalaḫḫu, חֲלַח",2,–,–,–,district,–,4 C5,"Helsinki Atlas: 9 (map 4 C5), Bagg RGTC 7 2/1: 194–195"
389,Ḫaldini Ziuquni,"Ḫaldini Ziuquni, Haldini Ziuquni, Ḫaldiei Ziuquni, Haldiei Ziuquni, Kefkalesi, Kef Kalesi",4,38.83050447790458,42.72032437487255,–,fortress,"Urarṭu, Ziuquni, Turkey",–,<a href='https://zenodo.org/record/6384045' target='_blank'>Pedersén ANE: Haldiei Ziuquni (Kef Kalesi)</a>
391,Ḫalmān,"Ḫalmān, Ḫalman, Halman, Armān, Arman, Ḫalman-niribuni, Alman, Ḫalmanni, Ḫalmanniwe, Ḥolwa, Ḥulwān, Hulwan, Albania, Beth Lashpar, Chala, Chalonitis, Valashfarr, Sar-e Pol-e Zahab, Sar-e Pol-e Ẕahāb, Sar-i Pol-i Zohāb, Sar-e Pol-e Z̄ahāb, Sar-ī-Pūl Zūhāb, Sarpol-e Z̄ahāb, سر پل زهاب, Pol-e Z̄ahāb",1,34.465,45.855,"URU.ar-ma-an, 𒌷𒅈𒈠𒀭, URU.ar-man, 𒌷𒅈𒌋𒌋, URU.ḫal-man, 𒌷𒄬𒌋𒌋, KUR.ḫal-ma-an, 𒆳𒄬𒈠𒀭, LÚ.ḫal-man-a-a, 𒇽𒄬𒌋𒌋𒀀𒀀, URU.ḫal-man-a-a, 𒌷𒄬𒌋𒌋𒀀𒀀",city,"Jasubu, Iran",11 A2,"Bagg RGTC 7 2/1: 198–199 (Ḫalman 2), Helsinki Atlas: 9 (map 11 A2), Parpola Toponyms: 30 (Arman), Parpola Toponyms: 143 (Ḫalman), <a href='https://zenodo.org/record/6384045' target='_blank'>Pedersén ANE: (Sar-e Pol-e Zahab)</a>, <a href='https://zenodo.org/record/5217600' target='_blank'>CIGS: Sar-i Pol-i Zohāb</a>, <a href='https://pleiades.stoa.org/places/903043' target='_blank'>Pleiades: [Hulwan]/Valashfarr/Beth Lashpar/Chala/Albania</a>, <a href='https://www.geonames.org/120931/sarpol-e-zahab.html' target='_blank'>Geonames: Sarpol-e Z̄ahāb</a>, <a href='http://oracc.museum.upenn.edu/saao/knpp/peoplegodsplaces/index.html' target='_blank'>Knowledge and Power: Halman</a>, <a href='http://oracc.museum.upenn.edu/riao/cbd/qpn-x-places/onebigfile.html' target='_blank'>RIAo Glossary: Places (Arman)</a>, <a href='http://oracc.museum.upenn.edu/riao/cbd/qpn-x-places/onebigfile.html' target='_blank'>RIAo Glossary: Places (Halman [ALEPPO])</a>, <a href='http://oracc.museum.upenn.edu/saao/cbd/qpn-x-ethnic/onebigfile.html' target='_blank'>SAAo Glossary: Ethnic (Halmanaya [FROM HALMANU])</a>, <a href='http://oracc.museum.upenn.edu/atae/cbd/qpn-x-ethnic/onebigfile.html' target='_blank'>ATAE Glossary: Ethnic (Halmanaya [OF HALMAN 2]</a>, <a href='http://oracc.museum.upenn.edu/riao/cbd/qpn-x-places/onebigfile.html' target='_blank'>RIAo Glossary: Places (Halman)</a>"
392,Ḫalpi,"Ḫalpi, Gölbasi",2,–,–,–,district,–,2 D3,Helsinki Atlas: 9 (map 2 D3)
393,Ḫalulê,"Ḫalulê, Ḫalulē, Halule, Ḫalulli, Ḫalulliwe",3,34.16666,43.86666,"URU.ha-lu-le-e, 𒌷𒄩𒇻𒇷𒂊",town,Iraq,10 C2,"Bagg RGTC 7 2/1: 199, Helsinki Atlas: 9 (map 10 C2), Parpola Toponyms: 144, <a href='http://oracc.museum.upenn.edu/saao/knpp/peoplegodsplaces/index.html' target='_blank'>Knowledge and Power: Halule</a>, <a href='http://oracc.museum.upenn.edu/rinap/cbd/qpn-x-places/onebigfile.html' target='_blank'>RINAP Glossary: Places (Halule [1])</a>, <a href='http://oracc.museum.upenn.edu/riao/cbd/qpn-x-places/onebigfile.html' target='_blank'>RIAo Glossary: Places (Halule [1])</a>"
394,Ḫalzi-atbāri,Ḫalzi-atbāri,2,–,–,–,province,–,4 B4,"Bagg RGTC 7 2/1: 201–202, Helsinki Atlas: 9 (map 4 B4)"
395,Ḫalziluḫa,"Ḫalziluḫa, Halziluha, Eluḫat (?)",–,–,–,"URU.ḫal-zi-lu-ḫa, 𒌷𒄬𒍣𒇻𒄩",town,"Āmidu province (?), Turkey",–,"Bagg RGTC 7 2/1: 202, Parpola Toponyms: 144–145, <a href='https://books.openedition.org/cdf/4487' target='_blank'>MTT I/3: Üç Tepe / Eluḫat (HIGEOMES Nr. 127)</a>, <a href='http://oracc.museum.upenn.edu/riao/cbd/qpn-x-places/onebigfile.html' target='_blank'>RIAo Glossary: Places (Halziluha [1])</a>"
396,Ḫalzu,"Ḫalzu, Ḫalzi",2,–,–,"KUR.ḫal-zi, 𒆳𒄬𒍣, URU.ḫal-zi, 𒌷𒄬𒍣, KUR.ḫal-za-a-a, 𒆳𒄬𒍝𒀀𒀀","prov. capital, city, province","Assyria, Ḫalzu province, Iraq",4 C5,"Bagg RGTC 7 2/1: 200 (Ḫalzi), Helsinki Atlas: 9 (map 4 C5), Parpola Toponyms: 144 (Ḫalzi), <a href='https://www.ucl.ac.uk/sargon/peoplegodsplaces' target='_blank'>Assyrian empire builders: Halzi</a>, <a href='http://oracc.museum.upenn.edu/rinap/cbd/qpn-x-places/onebigfile.html' target='_blank'>RINAP Glossary: Places (Halzi [1])</a>, <a href='http://oracc.museum.upenn.edu/riao/cbd/qpn-x-places/onebigfile.html' target='_blank'>RIAo Glossary: Places (Halzi [1])</a>, <a href='http://oracc.museum.upenn.edu/atae/cbd/qpn-x-places/onebigfile.html' target='_blank'>ATAE Glossary: Places (Halzi [1])</a>, <a href='http://oracc.museum.upenn.edu/saao/cbd/qpn-x-places/onebigfile.html' target='_blank'>SAAo Glossary: Places (Halzi [1])</a>, <a href='http://oracc.museum.upenn.edu/atae/cbd/qpn-x-ethnic/onebigfile.html' target='_blank'>ATAE Glossary: Ethnic Names (Halzaya [of Halzi])</a>, <a href='http://oracc.museum.upenn.edu/saao/cbd/qpn-x-ethnic/onebigfile.html' target='_blank'>SAAo Glossary: Ethnic Names (Halzaya [of Halzi])</a>"
390,Ḫalēḫasta,"Ḫalēḫasta, Halehasta, Ḫarēḫasta, Harehasta",–,–,–,"KUR.ḫa-le-e-ḫa-as-ta, 𒆳𒄩𒇷𒂊𒄩𒊍𒋫, URU.ḫa-le-e-ḫa-as-ta, 𒌷𒄩𒇷𒂊𒄩𒊍𒋫, URU.ḫa-re-e-ḫa-as-ta, 𒌷𒄩𒊑𒂊𒄩𒊍𒋫, URU.ḫa-re-ḫa-as-ta, 𒌷𒄩𒊑𒄩𒊍𒋫","mountain, territory","Babylonia, Iran, Iraq (?), Zagros mountains",–,"Bagg RGTC 7 2/1: 196–197, Parpola Toponyms: 142–143, Parpola Toponyms: 150 (Ḫarēḫasta), <a href='http://oracc.museum.upenn.edu/riao/cbd/qpn-x-places/onebigfile.html' target='_blank'>RIAo Glossary: Places (Halehasta [Mount Halehasta])</a>, <a href='http://oracc.museum.upenn.edu/rinap/cbd/qpn-x-places/onebigfile.html' target='_blank'>RINAP Glossary: Places (Halehasta [Mount Halehasta])</a>"
398,Ḫamanu,"Ḫamanu, Ḫamānu, Hamanu, Amanum, Amana, ʾAmānu, ḥmn, Amanos, Amanus, Amanos Mountains, Amanus Dağları, Amanus Dagları, Amanus Daglari, Nur Dağları, Alma Dag, Alma Dağ, Gâvur Dağları, Gavur Daglari, Hatay Sıra Dağları",2,36.7477,36.3327,"ḫa-ma-ni, 𒄩𒈠𒉌, KUR.ḫa-ma-a-na, 𒆳𒄩𒈠𒀀𒈾, KUR.ḫa-ma-a-ni, 𒆳𒄩𒈠𒀀𒉌, KUR.ḫa-ma-a-nu, 𒆳𒄩𒈠𒀀𒉡, KUR.ḫa-ma-na, 𒆳𒄩𒈠𒈾, KUR.ḫa-ma-ni, 𒆳𒄩𒈠𒉌, KUR.ḫa-ma-nim, 𒆳𒄩𒈠𒉏, KUR.ḫa-ma-nu, 𒆳𒄩𒈠𒉡, ḥmn, 𐤇𐤌𐤍",mountain,"Ḫatti, Turkey",2 C4,"Bagg RGTC 7 1: 85–87 (Ḫamānu 1), Helsinki Atlas: 9 (map 2 C4; Ḫamānu), Parpola Toponyms: 145 (Ḫamānu), <a href='https://www.geonames.org/303768/nur-daglari.html' target='_blank'>Geonames: Nur Mountains</a>, <a href='https://pleiades.stoa.org/places/658376' target='_blank'>Pleiades: Amanus (mountain range)</a>, <a href='http://oracc.museum.upenn.edu/saao/knpp/peoplegodsplaces/index.html' target='_blank'>Knowledge and Power: Amanus</a>, <a href='https://www.ucl.ac.uk/sargon/peoplegodsplaces' target='_blank'>Assyrian empire builders: Amanus</a>, <a href='http://oracc.museum.upenn.edu/rinap/cbd/qpn-x-places/onebigfile.html' target='_blank'>RINAP Glossary: Places (Hamanu [Mount Amanus])</a>, <a href='http://oracc.museum.upenn.edu/riao/cbd/qpn-x-places/onebigfile.html' target='_blank'>RIAo Glossary: Places (Hamanu [Mount Amanus])</a>"
399,Ḫamānu,"Ḫamānu, Ḫamanu, Hamanu, Hamani",–,–,–,"KUR.ḫa-ma-nu, 𒆳𒄩𒈠𒉡, URU.ḫa-ma-nu, 𒌷𒄩𒈠𒉡, URU.ḫa-ma-ni, 𒌷𒄩𒈠𒉌, URU.ḫa-ma-a-nu, 𒌷𒄩𒈠𒀀𒉡","city, fortified city, royal city","Elam, Rāši, Iran",–,"Bagg RGTC 7 3/1: 251–252 (Ḫamānu 2), Parpola Toponyms: 145 (together with Ḫamanu/Amanus), <a href='http://oracc.museum.upenn.edu/rinap/cbd/qpn-x-places/onebigfile.html' target='_blank'>RINAP Glossary: Places (Hamanu [1])</a>, <a href='http://oracc.museum.upenn.edu/riao/cbd/qpn-x-places/onebigfile.html' target='_blank'>RIAo Glossary: Places (Hamanu [1])</a>"
400,Ḫamāt,"Ḫamāt, Amattu, Amatu, Ḥamāt, Ḥamā, Hama, Hamath",1,35.13589896027996,36.74949783765234,–,"city, capital, country","Syria, Ḫamāt",8 B1,"Helsinki Atlas: 9 (map 8 B1), <a href='https://zenodo.org/record/6384045' target='_blank'>Pedersén ANE: Hama</a>"
401,Ḫamūru,Ḫamūru,–,–,–,–,"tribe in Babylonia, living near Borsippa",–,–,"Vera Chamaza (2002): <i>Die Omnipotenz Aššurs</i>. AOAT 295: 30–31, PNA 2/2: 256, PNA 2/2: 728, PNA 3/2: 1283"
402,Ḫanigalbat,Ḫanigalbat,2,–,–,–,"territory, Middle Assyrian province","Kāšijēri mountains, Turkey, Syria",3 D4,"Bagg RGTC 7 2/1: 206, Helsinki Atlas: 9 (map 3 D4)"
403,Ḫanqāti,"Ḫanqāti, Hanqati",–,–,–,"URU.ḫa-an-qa-a-ti, 𒌷𒄩𒀭𒋡𒀀𒋾",town,"Assyria, Iraq",–,"Bagg RGTC 7 2/1: 207, <a href='http://oracc.museum.upenn.edu/atae/cbd/qpn-x-places/onebigfile.html' target='_blank'>ATAE Glossary: Places (Hanqati [1])</a>"
404,Ḫanusa,"Ḫanusa, Hanusa, Ḫinnis, Khinis, Hinnis",2,36.75612010005386,43.41404241942216,–,village,"Assyria, Iraq",4 C5,"Helsinki Atlas: 9 (map 4 C5), <a href='http://www.terradininive.com/visita-virtuale-di-faida/?lang=en' target='_blank'>Virtual tour of the Faida canal & rock-reliefs</a>, <a href='https://zenodo.org/record/6384045' target='_blank'>Pedersén ANE: Hanusa (Khinis)</a>"
405,Ḫappati,"Ḫappati, Happati, Ḫapate (?)",–,–,–,"URU.ḫa-ap-pa-ti, 𒌷𒄩𒀊𒉺𒋾",town,"Assyria, Nineveh province (?), Iraq",–,"Bagg RGTC 7 2/1: 208, <a href='http://oracc.museum.upenn.edu/saao/cbd/qpn-x-places/onebigfile.html' target='_blank'>SAAo Glossary: Places (Happati [1])</a>, <a href='http://oracc.museum.upenn.edu/atae/cbd/qpn-x-places/onebigfile.html' target='_blank'>ATAE Glossary: Places (Happati [1])</a>"
1244,Ḫara...,"Ḫara..., Hara...",–,–,–,"URU.ḫa-ra-x, 𒌷𒄩𒊏x",town,"Assyria, Iraq",–,"Bagg RGTC 7 2/1: 208, Parpola Toponyms: 149"
407,Ḫarbe,"Ḫarbe, Harbe, Tell Huera",–,36.64698549413157,39.49853194903646,–,–,Syria,–,<a href='https://zenodo.org/record/6384045' target='_blank'>Pedersén ANE: Harbe (Tell Huera)</a>
408,Ḫarbê,"Ḫarbê, Ḫarbû, Ḫarbu, Harbu, al-Koṭbijje (?), Kaţbīyah (?), كطبية (?), Khan Baghdadi (?)",4,33.84331,42.75737,"URU.ḫar-bé-e, 𒌷𒄯𒁉𒂊",town,"mid-Euphrates, Sūḫu, Iraq",–,"Bagg RGTC 7 2/1: 210, Parpola Toponyms: 150, Musil (1927): <i>The Middle Euphrates: A Topographical Itinerary</i>: 203, <a href='https://courses.washington.edu/otap/svoboda/public/musil/musil_na_map/musil_na_map.html' target='_blank'>Musil (1926): map of Northern Arabia: e17 (Al-Ḳoṭbijje)</a>, <a href='https://www.geonames.org/92722/katbiyah.html' target='_blank'>Geonames: Kaţbīyah</a>, <a href='https://books.openedition.org/cdf/4487' target='_blank'>MTT I/3: Khan Baghdadi/Harbe 1 (HIGEOMES Nr. 988)</a>, <a href='http://oracc.museum.upenn.edu/riao/cbd/qpn-x-places/onebigfile.html' target='_blank'>RIAo Glossary: Places (Harbu)</a>"
410,Ḫariḫumba,"Ḫariḫumba, Harihumba, Ḫarḫumba, Harhumba",–,–,–,"URU.ḫa-ri-ḫum-ba, 𒌷𒄩𒊑𒈝𒁀, URU.ḫar-ḫum-ba, 𒌷𒄯𒈝𒁀",town,"Assyria, Kalḫu province (?), Iraq",–,"Bagg RGTC 7 2/1: 211–212, Parpola Toponyms: 151, <a href='http://oracc.museum.upenn.edu/saao/knpp/peoplegodsplaces/index.html' target='_blank'>Knowledge and Power: Harihumba</a>, <a href='http://oracc.museum.upenn.edu/atae/cbd/qpn-x-places/onebigfile.html' target='_blank'>ATAE Glossary: Places (Harihumba [1] (GN))</a>, <a href='http://oracc.museum.upenn.edu/atae/cbd/qpn-x-places/onebigfile.html' target='_blank'>ATAE Glossary: Places (Harihumba [1] (SN))</a>, <a href='http://oracc.museum.upenn.edu/saao/cbd/qpn-x-places/onebigfile.html' target='_blank'>SAAo Glossary: Places (Harihumba [1])</a>"
411,Ḫariṣû,"Ḫariṣû, Hariṣu, Ḥariṣṣa, Harîssa, Ḩarīşā, حريصا",2,33.9806828344771,35.6522801100665,"URU.ḫa-ri-ṣu-ú, 𒌷𒄩𒊑𒍮𒌑",town,"Phoenicia, Lebanon",8 A3,"Bagg RGTC 7 1: 91–92, Helsinki Atlas: 9 (map 8 A3), Parpola Toponyms: 152, <a href='https://www.geonames.org/274349/harissa.html' target='_blank'>Geonames: Harîssa</a>, <a href='https://www.ucl.ac.uk/sargon/peoplegodsplaces' target='_blank'>Assyrian empire builders: Hariṣu</a>, <a href='http://oracc.museum.upenn.edu/atae/cbd/qpn-x-places/onebigfile.html' target='_blank'>ATAE Glossary: Places (Hariṣu)</a>, <a href='http://oracc.museum.upenn.edu/saao/cbd/qpn-x-places/onebigfile.html' target='_blank'>SAAo Glossary: Places (Hariṣu)</a>"
413,Ḫarmiš,"Ḫarmiš, Harmiš, Marirtu, Mygdonius, Μυγδόνιος, Ḥirmās, Harmās, Ğaġğāġ, Ǧaġǧaġ, Wādī Ğaġğāġ, Nahr al-Jaghjagh, Nahr Jaghjagh, نهر جقجق, Nahr Jaqjaq, نهر الجغجغ, Çağ-çağ Deresi",2,–,–,"ÍD.ḫar-miš, 𒀀𒇉𒄯𒈩",river,"Turkey, Syria",3 E4,"Helsinki Atlas: 9 (map 3 E4), Bagg RGTC 7 2/2: 677, <a href='http://oracc.museum.upenn.edu/riao/cbd/qpn-x-waters/onebigfile.html' target='_blank'>RIAo Glossary: Waters (Harmiš)</a>"
412,Ḫarmāsu,"Ḫarmāsu, Ḫarmasa, Harmasu, Harmasa, Ḫarmāše",4,36.79999,43.5,–,town,–,4 C5,Helsinki Atlas: 9 (map 4 C5)
414,Ḫarrānia,"Ḫarrānia, Harrania, Harraniya, Rāniya, Ṟaniye, Rania, Rānia, Raniya, Rāniyah, Rānīyah, رانية",3,36.25511,44.88239,"URU.har-ra-a-ni-a, 𒌷𒄯𒊏𒀀𒉌𒀀, URU.har-ra-ni-a, 𒌷𒄯𒊏𒉌𒀀, KUR.har-ra-na-a-a, 𒆳𒄯𒊏𒈾𒀀𒀀",town,"Māt-nāgir-ekalli, Iraq",4 D5,"Bagg RGTC 7 3/1: 263–264, Helsinki Atlas: 9 (map 4 D5), Parpola Toponyms: 153, <a href='https://www.geonames.org/92052/raniye.html' target='_blank'>Geonames: Ṟaniye</a>, <a href='http://oracc.museum.upenn.edu/saao/knpp/peoplegodsplaces/index.html' target='_blank'>Knowledge and Power: Harraniya</a>, <a href='https://www.ucl.ac.uk/sargon/peoplegodsplaces' target='_blank'>Assyrian empire builders: Harraniya</a>, <a href='http://oracc.museum.upenn.edu/riao/cbd/qpn-x-ethnic/onebigfile.html' target='_blank'>RIAo Glossary: Ethnic Names (Harranayu [of Harrania])</a>, <a href='http://oracc.museum.upenn.edu/saao/cbd/qpn-x-places/onebigfile.html' target='_blank'>SAAo Glossary: Places (Harrania [1])</a>, <a href='http://oracc.museum.upenn.edu/atae/cbd/qpn-x-places/onebigfile.html' target='_blank'>ATAE Glossary: Places (Harrania [1])</a>"
415,Ḫarrānu,"Ḫarrānu, Ḫarrān, Harran, Ḥarrān, Carrhae",1,36.86626455357698,39.03154981361516,–,"prov. capital, city",Turkey,3 C4,"Helsinki Atlas: 9 (map 3 C4), <a href='https://zenodo.org/record/6384045' target='_blank'>Pedersén ANE: Harran</a>"
1153,Ḫartiša,"Ḫartiša, Hartiša, Ḫartišu, Hartišu, Ḫartiš, Hartiš",–,–,–,"KUR.ḫar-ti-iš-a-a, 𒆳𒄯𒋾𒅖𒀀𒀀, URU.ḫar-ti-iš-a-a, 𒌷𒄯𒋾𒅖𒀀𒀀","town, country (?)","Māzamua, Iraq",–,"Bagg RGTC 7 3/1: 267, Parpola Toponyms: 155 (Ḫartiš), <a href='http://oracc.museum.upenn.edu/riao/cbd/qpn-x-ethnic/onebigfile.html' target='_blank'>RIAo Glossary: Ethnic (Hartišayu)</a>"
409,Ḫarḫār,"Ḫarḫār, Ḫarḫar, Kār-Šarrukīn, Malayer, Tepe Giyan",4,34.18139,48.24361,–,"prov. capital, city",–,12 A2,"Helsinki Atlas: 9 (map 12 A2), Radner (2018): <i>The “Lost Tribes of Israel” in the Context of the Resettlement Programme of the Assyrian Empire</i>: 110"
416,Ḫasamu,"Ḫasamu, Ḥasmī Ṭūrā, Teke Daği",2,–,–,–,mountain,–,3 C3,Helsinki Atlas: 10 (map 3 C3)
420,Ḫatallu,"Ḫatallu, Hatallu, Ḫaṭallu, Ḫadallu, Hadallu, Ḫutallim, Hutallim",–,–,–,"KUR.ḫa-da-lu, 𒆳𒄩𒁕𒇻, KUR.ḫa-dal-li, KUR.ḫa-tal-li, 𒆳𒄩𒊑𒇷, KUR.ḫa-ta-li, 𒆳𒄩𒋫𒇷, KUR.ḫa-ta-lim, 𒆳𒄩𒋫𒅆, KUR.ḫa-ṭal-la-a-a, 𒆳𒄩𒊑𒆷𒀀𒀀, URU.ḫa-tal-lim, 𒌷𒄩𒊑𒅆, LÚ.ḫa-tal-la-a-a, 𒇽𒄩𒊑𒆷𒀀𒀀, LÚ.ḫa-tal-a-a, 𒇽𒄩𒊑𒀀𒀀, LÚ.ḫa-tal-la, 𒇽𒄩𒊑𒆷, LÚ.ḫa-tal-li, 𒇽𒄩𒊑𒇷, LÚ.ḫa-tal-lu, 𒇽𒄩𒊑𒇻, LÚ.ḫa-tal-lum, 𒇽𒄩𒊑𒈝, <sup>m</sup>ḫa-tal-la-a-a, 𒁹𒄩𒊑𒆷𒀀𒀀","Aramean tribe, territory, province, city","Babylonia, Assyria, Raṣappa province, Ḫatallu province, Iraq",–,"Bagg RGTC 7 2/1: 220–221, Parpola Toponyms: 140–141 (Ḫadallu), <a href='https://publikationen.badw.de/de/rla/index' target='_blank'>Radner RlA 11: 50 and 64 (Provinz)</a>, <a href='https://www.ucl.ac.uk/sargon/peoplegodsplaces' target='_blank'>Assyrian empire builders: Hatallu</a>, <a href='http://oracc.museum.upenn.edu/saao/cbd/qpn-x-places/onebigfile.html' target='_blank'>SAAo Glossary: Places (Hatalla [1])</a>, <a href='http://oracc.museum.upenn.edu/saao/cbd/qpn-x-ethnic/onebigfile.html' target='_blank'>SAAo Glossary: Ethnic Names (Hatallaya [1])</a>, <a href='http://oracc.museum.upenn.edu/rinap/cbd/qpn-x-ethnic/onebigfile.html' target='_blank'>RINAP Glossary: Ethnic Names (Hatallu [1])</a>, <a href='http://oracc.museum.upenn.edu/saao/cbd/qpn-x-ethnic/onebigfile.html' target='_blank'>SAAo Glossary: Ethnic Names (Hatallu [1])</a>, <a href='http://oracc.museum.upenn.edu/atae/cbd/qpn-x-ethnic/onebigfile.html' target='_blank'>ATAE Glossary: Ethnic Names (Hatallu [1])</a>, <a href='http://oracc.museum.upenn.edu/riao/cbd/qpn-x-ethnic/onebigfile.html' target='_blank'>RIAo Glossary: Ethnic Names (Hatallu [1])</a>, <a href='http://oracc.museum.upenn.edu/riao/cbd/qpn-x-places/onebigfile.html' target='_blank'>RIAo Glossary: Places (Hatallu [1])</a>, <a href='http://oracc.museum.upenn.edu/atae/cbd/qpn-x-places/onebigfile.html' target='_blank'>ATAE Glossary: Places (Hatallu [1] (GN))</a>, <a href='http://oracc.museum.upenn.edu/atae/cbd/qpn-x-places/onebigfile.html' target='_blank'>ATAE Glossary: Places (Hatallu [1] (SN))</a>"
421,Ḫatarikka,"Ḫatarikka, Hatarikka, Apsu, ʾApsunā, Apsuna, Abḏu, Apzuja, ʾpš, Ḫadrāk, Hadrech, חַדְרָךְ, Hazrek, Hazrach, ḥzrk, Hadra, Tall Āfis, Tall Afis, Tell Afis, تل افس, ʿAḏrā (?), ʿAdrāʾ (?)",3,35.90499981912858,36.79875308778183,"KUR.ḫa-ta-ri-ka, 𒆳𒄩𒋫𒊑𒅗, URU.ḫa-ta-rak-ka, 𒌷𒄩𒋫𒊩𒅗, URU.ḫa-ta-ri-ka, 𒌷𒄩𒋫𒊑𒅗, URU.ḫa-ta-ri-qa, 𒌷𒄩𒋫𒊑𒋡, URU.ḫa-ta-rik-ka, 𒌷𒄩𒋫𒋆𒅗, URU.ḫa-ta-rík-ka, 𒌷𒄩𒋫𒍮𒅗, URU.ḫat-rak-ka, 𒌷𒉺𒊩𒅗, URU.ḫat-ri-ka, 𒌷𒉺𒊑𒅗, URU.ḫat-rik-ka, 𒌷𒉺𒋆𒅗, ḫat-ri-ka, 𒉺𒊑𒅗, ʾpš, 𐎀𐎔𐎌, ḥzrk, 𐡇𐡆𐡓𐡊, ḥdrk, חַדְרָךְ","prov. capital, city","Ḫatti, Ḫamāt, Luḫutu, Syria",8 B3,"Bagg RGTC 7 1: 93–95, RGTC 12/2: 27–28 (ʾApsunā), Helsinki Atlas: 10 (map 8 B3), Helsinki Atlas: 6 (Apsu; map 2 C5), Parpola Toponyms: 156, <a href='https://zenodo.org/record/6384045' target='_blank'>Pedersén ANE: Hatarikka (Tell Afis)</a>, <a href='https://www.openstreetmap.org/way/686673979' target='_blank'>OpenStreetMap: Tell Afis</a>, <a href='https://pleiades.stoa.org/places/725486993' target='_blank'>Pleiades: Tell Afis</a>, <a href='https://www.ucl.ac.uk/sargon/peoplegodsplaces' target='_blank'>Assyrian empire builders: Hatarikka</a>, <a href='http://oracc.museum.upenn.edu/saao/cbd/qpn-x-places/onebigfile.html' target='_blank'>SAAo Glossary: Places (Hatarikka [1] (GN))</a>, <a href='http://oracc.museum.upenn.edu/atae/cbd/qpn-x-places/onebigfile.html' target='_blank'>ATAE Glossary: Places (Hatarikka [1] (GN))</a>, <a href='http://oracc.museum.upenn.edu/rinap/cbd/qpn-x-places/onebigfile.html' target='_blank'>RINAP Glossary: Places (Hatarikka [1])</a>, <a href='http://oracc.museum.upenn.edu/riao/cbd/qpn-x-places/onebigfile.html' target='_blank'>RIAo Glossary: Places (Hatarikka [1])</a>, <a href='http://oracc.museum.upenn.edu/atae/cbd/qpn-x-places/onebigfile.html' target='_blank'>ATAE Glossary: Places (Hatarikka [1] (SN))</a>, <a href='http://oracc.museum.upenn.edu/saao/cbd/qpn-x-places/onebigfile.html' target='_blank'>SAAo Glossary: Places (Hatarikka [1] (SN))</a>"
424,Ḫatti,Ḫatti,2,–,–,–,territory,–,2 C4,Helsinki Atlas: 10 (map 2 C4)
425,Ḫattuša,"Ḫattuša, Hattuša, Boğazköy",1,40.01519893337139,34.61500343032236,–,"capital, city","Hittites, Turkey",–,<a href='https://zenodo.org/record/6384045' target='_blank'>Pedersén ANE: Hattuša (Boğazköy)</a>
423,Ḫattâ,"Ḫattâ, Hatta, Ḫatâ",–,–,–,"URU.ḫat-ta-a, 𒌷𒉺𒋫𒀀, URU.ḫa-ta-a, 𒌷𒄩𒋫𒀀",town,"Assyria, Talmūsa province (?), Iraq",–,"Bagg RGTC 7 2/1: 222, Parpola Toponyms: 156 (Ḫatâ), <a href='http://oracc.museum.upenn.edu/saao/cbd/qpn-x-places/onebigfile.html' target='_blank'>SAAo Glossary: Places (Hatta [1] (GN))</a>, <a href='http://oracc.museum.upenn.edu/saao/cbd/qpn-x-places/onebigfile.html' target='_blank'>SAAo Glossary: Places (Hatta [1] (SN))</a>, <a href='http://oracc.museum.upenn.edu/atae/cbd/qpn-x-places/onebigfile.html' target='_blank'>ATAE Glossary: Places (Hatta [1])</a>"
1115,Ḫatḫariba,"Ḫatḫariba, Hathariba, Limmer-iššak-Aššur, Limmir-iššâk-Aššur, Limmir-iššak-Aššur, Līmmir-isšiak-Aššur, Athribis, Tall Aṯrīb, Tell Atrib, Banha, Banhā, بنها",–,30.47059278247387,31.18689067392604,"URU.ḫa-at-ḫa-ri-ba, 𒌷𒄩𒀜𒄩𒊑𒁀, URU.ḫa-at-ḫi-ri-bi, 𒌷𒄩𒀜𒄭𒊑𒁉, URU.li-mer-ÉNSI-aš-šur, 𒌷𒇷𒂇𒉺𒋼𒋛𒀸𒋩, ḥw.t-tꜣ-ḥrj-jb, ḥwt (tꜣ) ḥrj-jb, kmwj, km-wr",city,"Muṣur, Egypt",–,"Bagg RGTC 7 2/1: 221 (Ḫatḫariba), Bagg RGTC 7 2/1: 371 (Limmer-iššak-Aššur), Parpola Toponyms: 157 (Ḫatḫariba), Parpola Toponyms: 227 (Limmir-iššak-Aššur), <a href='https://zenodo.org/record/6384045' target='_blank'>Pedersén ANE: Athribis (Tell Atrib)</a>, <a href='https://pleiades.stoa.org/places/727078' target='_blank'>Pleiades: Athribis (Lower Egypt)</a>, <a href='https://www.geonames.org/9781579/athribis-tell-atrib-southeast-baths-greek-bath.html' target='_blank'>Geonames: Athribis/Tell Atrib</a>, <a href='https://www.geonames.org/359280/banha.html' target='_blank'>Geonames: Banhā</a>, <a href='http://oracc.museum.upenn.edu/rinap/cbd/qpn-x-places/onebigfile.html' target='_blank'>RINAP Glossary: Places (Hathariba [ATHRIBIS])</a>, <a href='http://oracc.museum.upenn.edu/rinap/cbd/qpn-x-places/onebigfile.html' target='_blank'>RINAP Glossary: Places (Limmer-iššak-Aššur)</a>"
426,Ḫaurāni,"Ḫaurāni, Haurani, Ḫaurānu, Ḥawār an-Nahr, Haouâr enn Nahr, Ḩawār an Nahr, حوار النهر, Juwar an Nahr, جور النهر, Ḥawwār (?), Ḩawār (?), Houâr (?), حوار, Ḩawr (?), حور",3,36.5031277950958,37.2491741862271,"URU.ḫa-ú-ra-a-ni, 𒌷𒄩𒌑𒊏𒀀𒉌",town,"Bīt-Agūsi, Syria",2 D4,"Bagg RGTC 7 1: 101, Helsinki Atlas: 10 (map 2 D4), Parpola Toponyms: 159 (Ḫaurānu), <a href='https://www.geonames.org/169763/juwar-an-nahr.html' target='_blank'>Geonames: Juwar an Nahr</a>, <a href='https://www.geonames.org/169764/hawr.html' target='_blank'>Geonames: Ḩawr</a>, <a href='http://oracc.museum.upenn.edu/riao/cbd/qpn-x-places/onebigfile.html' target='_blank'>RIAo Glossary: Places (Haurani)</a>, <a href='http://oracc.museum.upenn.edu/rinap/cbd/qpn-x-places/onebigfile.html' target='_blank'>RINAP Glossary: Places (Haurani)</a>"
1229,Ḫazaḫi,"Ḫazaḫi, Hazahi, Hazahaia, Hazahiaya",–,–,–,"URU.ḫa-za-ḫi-a-a, 𒌷𒄩𒍝𒄭𒀀𒀀",town,"Assyria, Iraq",–,"Bagg RGTC 7 2/1: 224 (*Ḫazaḫi (?)), <a href='http://oracc.museum.upenn.edu/saao/cbd/qpn-x-places/onebigfile.html' target='_blank'>SAAo Glossary: Places (Hazahi [1])</a>, <a href='http://oracc.museum.upenn.edu/atae/cbd/qpn-x-ethnic/onebigfile.html' target='_blank'>ATAE Glossary: Ethnic Names (Hazahiaya [of Hazahi])</a>, <a href='http://oracc.museum.upenn.edu/saao/cbd/qpn-x-ethnic/onebigfile.html' target='_blank'>SAAo Glossary: Ethnic Names (Hazahiaya [of Hazahi])</a>"
429,Ḫazi,"Ḫazi, Hazi, Tell Hizzin (?)",4,33.96492549302683,36.1040312711183,–,–,Lebanon,–,<a href='https://zenodo.org/record/6384045' target='_blank'>Pedersén ANE: Hazi? (Tell Hizzin)</a>
431,Ḫazzat,"Ḫazzat, Hazzat, Ḫāzat, Ḫazzatu, Ḫazzātu, Ḫazzati, Ḫazzutu, Ḫazutu, Ḫazitti, Ḫaziti, Ḫazatu, Ḫasutu, ʿAzza, ʿAzzȧ, עזה, Kardytos, Kadytis, Gaza, Γάζα, Colonia Gaza, Tell Harube, Tall al Khirbah, Tall al Khirba, Tell 'Azza, Ġazzah, Ġazza, غَزَّة",1,31.516667,34.45,"KUR.ḫa-zi-it-te, 𒆳𒄩𒍣𒀉𒋼, KUR.ḫa-zi-te, 𒆳𒄩𒍣𒋼, KUR.ḫa-zi-ti, 𒆳𒄩𒍣𒋾, URU.ḫa-a-zi-ti, 𒌷𒄩𒀀𒍣𒋾, URU.ḫa-az-zi-ti, 𒌷𒄩𒊍𒍣𒋾, URU.ḫa-az-zu-tu, 𒌷𒄩𒊍𒍪𒌅, URU.ḫa-su-tu, 𒌷𒄩𒋢𒌅, URU.ḫa-zi-te, 𒌷𒄩𒍣𒋼, URU.ḫa-zi-ti, 𒌷𒄩𒍣𒋾, KUR.ḫa-za-ta-a-a, 𒆳𒄩𒍝𒋫𒀀𒀀, URU.ḫa-az-za-at-a-a, 𒌷𒄩𒊍𒍝𒀜𒀀𒀀, URU.ḫa-az-za-ta-a-a, 𒌷𒄩𒊍𒍝𒋫𒀀𒀀, URU.ḫa-za-at-a-a, 𒌷𒄩𒍝𒀜𒀀𒀀, URU.ḫa-za-at-a, 𒌷𒄩𒍝𒀜𒀀, URU.ḫa-za-ta-a, 𒌷𒄩𒍝𒋫𒀀","capital, city, country","Pilistu, Palestine",7 C5,"Bagg RGTC 7 1: 103–104, Helsinki Atlas: 10 (map 7 C5), Parpola Toponyms: 159 (Ḫāzat), Parpola Toponyms: 160 (Ḫaz(z)utu), <a href='https://zenodo.org/record/6384045' target='_blank'>Pedersén ANE: Hazzat / Gaza (Tell Harube / Tell 'Azza)</a>, <a href='https://www.geonames.org/281122/tall-al-khirbah.html' target='_blank'>Geonames: Tall al Khirbah</a>, <a href='https://pleiades.stoa.org/places/687902' target='_blank'>Pleiades: Gaza</a>, <a href='https://www.geonames.org/281133/gaza.html' target='_blank'>Geonames: Gaza</a>, <a href='https://www.ucl.ac.uk/sargon/peoplegodsplaces' target='_blank'>Assyrian empire builders: Gaza</a>, <a href='http://oracc.museum.upenn.edu/saao/cbd/qpn-x-places/onebigfile.html' target='_blank'>SAAo Glossary: Places (Hazzat [Gaza])</a>, <a href='http://oracc.museum.upenn.edu/riao/cbd/qpn-x-places/onebigfile.html' target='_blank'>RIAo Glossary: Places (Hazzat [Gaza])</a>, <a href='http://oracc.museum.upenn.edu/atae/cbd/qpn-x-places/onebigfile.html' target='_blank'>ATAE Glossary: Places (Hazzat [Gaza])</a>, <a href='http://oracc.museum.upenn.edu/rinap/cbd/qpn-x-places/onebigfile.html' target='_blank'>RINAP Glossary: Places (Hazzat [Gaza])</a>, <a href='http://oracc.museum.upenn.edu/atae/cbd/qpn-x-ethnic/onebigfile.html' target='_blank'>ATAE Glossary: Ethnic Names (Hazzataya [from Gaza])</a>, <a href='http://oracc.museum.upenn.edu/saao/cbd/qpn-x-ethnic/onebigfile.html' target='_blank'>SAAo Glossary: Ethnic Names (Hazzataya [from Gaza])</a>, <a href='http://oracc.museum.upenn.edu/atae/cbd/qpn-x-ethnic/onebigfile.html' target='_blank'>ATAE Glossary: Ethnic Names (Hazzataya [of Gaza])</a>, <a href='http://oracc.museum.upenn.edu/saao/cbd/qpn-x-ethnic/onebigfile.html' target='_blank'>SAAo Glossary: Ethnic Names (Hazzataya [of Gaza])</a>, <a href='http://oracc.museum.upenn.edu/rinap/cbd/qpn-x-ethnic/onebigfile.html' target='_blank'>RINAP Glossary: Ethnic Names (Hazzatayu [of Gaza])</a>, <a href='http://oracc.museum.upenn.edu/riao/cbd/qpn-x-ethnic/onebigfile.html' target='_blank'>RIAo Glossary: Ethnic Names (Hazzatayu [of Gaza])</a>"
428,Ḫazāzu,"Ḫazāzu, Ḫazazu, Hazazu, Ḫazazi, Hazazi, ḥzz, Azas, ʿAzāz, 'Azaz, Aazaz, Aazâz, Azaz, أعزاز, Ezzaz, Izaz, إعزاز, Tall ʿAzāz",1,36.58600736669681,37.04466378366058,"KUR.ḫa-za-za-a-a, 𒆳𒄩𒍝𒍝𒀀𒀀, URU.ḫa-za-zi, 𒌷𒄩𒍝𒍣, URU.ḫa-za-zu, 𒌷𒄩𒍝𒍪, ḥzz, 𐡇𐡆𐡆",city,"Pattinu, Bīt-Agūsi, Syria",2 D4,"Bagg RGTC 7 1: 102–103 (Ḫazazu), Helsinki Atlas: 10 (map 2 D4), Parpola Toponyms: 160 (Ḫazazu), <a href='https://zenodo.org/record/6384045' target='_blank'>Pedersén ANE: Hazazu? ('Azaz)</a>, <a href='https://www.geonames.org/172082/i-zaz.html' target='_blank'>Geonames: I‘zāz</a>, <a href='http://oracc.museum.upenn.edu/atae/cbd/qpn-x-ethnic/onebigfile.html' target='_blank'>ATAE Glossary: Ethnic Names (Hazazaya [1])</a>, <a href='http://oracc.museum.upenn.edu/atae/cbd/qpn-x-places/onebigfile.html' target='_blank'>ATAE Glossary: Places (Hazazu [1])</a>, <a href='http://oracc.museum.upenn.edu/riao/cbd/qpn-x-places/onebigfile.html' target='_blank'>RIAo Glossary: Places (Hazazu [1])</a>, <a href='http://oracc.museum.upenn.edu/saao/cbd/qpn-x-places/onebigfile.html' target='_blank'>SAAo Glossary: Places (Hazazu [1])</a>, <a href='http://oracc.museum.upenn.edu/rinap/cbd/qpn-x-places/onebigfile.html' target='_blank'>RINAP Glossary: Places (Hazazu [1])</a>"
418,Ḫašabu,"Ḫašabu, Hašabu, Tell 'Ayn 'Ushba, Tell Hashba (?)",4,33.94694525432013,36.05370131815461,–,–,Lebanon,–,<a href='https://zenodo.org/record/6384045' target='_blank'>Pedersén ANE: Hašabu? (Tell 'Ayn 'Ushba / Tell Hashba)?</a>
1137,Ḫašimur,"Ḫašimur, Hašimur, Jibāl Darāwishkah, Jabal Darawushka, Jibāl Darāwishkah, Silsilat Jibāl Dārah Wīshkah, Darewiškeh Mountains, جبال دراوشكه",–,34.27375,45.26632,"KUR.ḫa-ši-mur, 𒆳𒄩𒅆𒄯",mountain,"Ḫašmar, Iraq",–,"Bagg RGTC 7 2/1: 218–219, Parpola Toponyms: 155, <a href='https://www.geonames.org/97192/jibal-darawishkah.html' target='_blank'>Geonames: Jibāl Darāwishkah</a>, <a href='http://oracc.museum.upenn.edu/riao/cbd/qpn-x-places/onebigfile.html' target='_blank'>RIAo Glossary: Places (Hašimur)</a>"
419,Ḫašmar,"Ḫašmar, Darband-e Ḫān",2,–,–,–,mountain,–,11 A1,Helsinki Atlas: 10 (map 11 A1)
417,Ḫaṣōr,"Ḫaṣōr, Hazor, Chatsôr, חצור, Hasōr, Άσώρ, Tel Hazor, Tel H̱aẕor, Tel H̱atsor, תל חצור",1,33.01753991833248,35.56823823668658,חצור,"city, country","Canaan, Israel",–,"<a href='https://zenodo.org/record/6384045' target='_blank'>Pedersén ANE: Hazor</a>, <a href='https://pleiades.stoa.org/places/779967430' target='_blank'>Pleiades: Tel Hazor</a>, <a href='https://www.geonames.org/293365/tel-hazor.html' target='_blank'>Geonames: Tel H̱aẕor</a>"
433,Ḫešbōn,"Ḫešbōn, Heshbon, חשבון, حشبون, Esbous, Ἔσβους, Ἐσβούς, Esebon, Ἐσεβών, Essebon, Ἐσσεβών, Esebus, Tell Hesban, Tell Hisban, Tell Ḥesbān, تل حسبان",–,31.80055602820764,35.80902629376263,–,city,"Bīt-Ammān, Jordan",–,"<a href='https://zenodo.org/record/6384045' target='_blank'>Pedersén ANE: Heshbon (Tell Hesban)</a>, <a href='https://pleiades.stoa.org/places/697662' target='_blank'>Pleiades: Esbous</a>"
435,Ḫilakku,"Ḫilakku, Cilicia",2,–,–,–,country,–,1 C4,Helsinki Atlas: 10 (map 1 C4)
436,Ḫildua,"Ḫildua, Hildua, Ḫān el-Ḫulda, Ḫuldā, Ḫalde, Khalda, Khaldeh",1,33.785460940502,35.48016258218276,–,town,Lebanon,8 A3,"Helsinki Atlas: 10 (map 8 A3), <a href='https://zenodo.org/record/6384045' target='_blank'>Pedersén ANE: Hildua (Khalda)?</a>"
439,Ḫindaru,"Ḫindaru, Ḫindiru",–,–,–,–,Aramean tribe,Babylonia,–,–
438,Ḫindānu,"Ḫindānu, Hindanu, Ḫindāni, Hindani, Ḫiddan, Giddan, 'Eddana, Eddana, al-Ğābirīya, Ǧābirīja, الجابرية, Al Karābilah, Karable, Karābla, الكرابلة, Aš-Šeḥ Gabir, aš-Šēḫ Ǧābir, Tāma",2,34.38272234024895,41.06436479103434,"ḫi-da-na, 𒄭𒁕𒈾, ḫi-in-dan, 𒄭𒅔𒆗, KUR.ḫe-en-da-nu, 𒆳𒄭𒂗𒁕𒉡, KUR.ḫi-in-da-nu, 𒆳𒄭𒅔𒁕𒉡, KUR.ḫi-in-da-ni, 𒆳𒄭𒅔𒁕𒉌, KUR.ḫi-in-dan, 𒆳𒄭𒅔𒆗, URU.ḫe-en-da-nu, 𒌷𒄭𒂗𒁕𒉡, URU.ḫi-in-da-a-na, 𒌷𒄭𒅔𒁕𒀀𒈾, URU.ḫi-in-da-a-ni, 𒌷𒄭𒅔𒁕𒀀𒉌, URU.ḫi-in-da-a-nu, 𒌷𒄭𒅔𒁕𒀀𒉡, URU.ḫi-in-da-na, 𒌷𒄭𒅔𒁕𒈾, URU.ḫi-in-da-ni, 𒌷𒄭𒅔𒁕𒉌, URU.ḫi-in-da-nu, 𒌷𒄭𒅔𒁕𒉡, URU.ḫi-in-dà-na, 𒌷𒄭𒅔𒆕𒈾, URU.ḫi-in-dan, 𒌷𒄭𒅔𒆗, URU.ḫi-in-dan-a, 𒌷𒄭𒅔𒆗𒀀, KUR.ḫi-in-da-a-a, 𒆳𒄭𒅔𒁕𒀀𒀀, KUR.ḫi-in-da-na-a-a, 𒆳𒄭𒅔𒁕𒈾𒀀𒀀, KUR.ḫi-in-da-na-ia, 𒆳𒄭𒅔𒁕𒈾𒅀, KUR.ḫi-in<sub>4</sub>-da-na-a-a, 𒆳𒄭𒂗𒁕𒈾𒀀𒀀, LÚ.ḫi-in-da-na-a-a, 𒇽𒄭𒅔𒁕𒈾𒀀𒀀, URU.ḫi-in-da-na-a-a, 𒌷𒄭𒅔𒁕𒈾𒀀𒀀","city, country, province","Ḫindānu, Iraq",9 D2,"Bagg RGTC 7 2/1: 227–230, Helsinki Atlas: 10 (map 9 D2), <a href='https://zenodo.org/record/6384045' target='_blank'>Pedersén ANE: Hindanu (Karable)</a>, <a href='https://books.openedition.org/cdf/4487' target='_blank'>MTT I/3: Karable/ḪINDĀNU (HIGEOMES Nr. 725)</a>, <a href='https://pleiades.stoa.org/places/894006' target='_blank'>Pleiades: Hindanu/Eddana</a>, <a href='https://www.geonames.org/95377/wadi-al-jabiriyah.html' target='_blank'>Geonames: Wādī al Jābirīyah</a>, <a href='https://www.geonames.org/99180/al-karabilah.html' target='_blank'>Geonames: Al Karābilah</a>, <a href='http://oracc.museum.upenn.edu/saao/knpp/peoplegodsplaces/index.html' target='_blank'>Knowledge and Power: Hindanu</a>, <a href='https://www.ucl.ac.uk/sargon/peoplegodsplaces' target='_blank'>Assyrian empire builders: Hindanu</a>, <a href='http://oracc.museum.upenn.edu/saao/cbd/qpn-x-ethnic/onebigfile.html' target='_blank'>SAAo Glossary: Ethnic (Hindanaya)</a>, <a href='http://oracc.museum.upenn.edu/riao/cbd/qpn-x-ethnic/onebigfile.html' target='_blank'>RIAo Glossary: Ethnic (Hindanayu)</a>, <a href='http://oracc.museum.upenn.edu/atae/cbd/qpn-x-places/onebigfile.html' target='_blank'>ATAE Glossary: Places (Hindanu)</a>, <a href='http://oracc.museum.upenn.edu/riao/cbd/qpn-x-places/onebigfile.html' target='_blank'>RIAo Glossary: Places (Hindanu)</a>, <a href='http://oracc.museum.upenn.edu/saao/cbd/qpn-x-places/onebigfile.html' target='_blank'>SAAo Glossary: Places (Hindanu)</a>, <a href='http://oracc.museum.upenn.edu/rinap/cbd/qpn-x-places/onebigfile.html' target='_blank'>RINAP Glossary: Places (Hindanu)</a>"
440,Ḫinnatūna,"Ḫinnatūna, Ḫinatuna, Hinatuna, Hinnatuna, Hannaton, Hanaton, Ḥannatôn, Ḥinnātôn, Asōchis, Tell el-Badawiya, Tell al-Badawīya, Tel Ḥanaton, Tel Hannaton",1,32.785476561533,35.25644768187817,–,town,Israel,8 A4,"Helsinki Atlas: 10 (map 8 A4), Bagg RGTC 7/1: 107–108, <a href='https://zenodo.org/record/6384045' target='_blank'>Pedersén ANE: Hinatuna / Hannaton (Tel Hannaton / Tell el-Badawiya)</a>"
441,Ḫinnis Monuments,"Ḫinnis Monuments, Kharusa Monuments, Hinnis Monuments, Bavian Monuments, Khinis Monuments, Bawian Monuments, Khinnis Monuments",–,36.76156,43.41999,–,monument,"Assyria, Iraq",4 C5,"Helsinki Atlas: 10 (map 4 C5), <a href='http://www.terradininive.com/visita-virtuale-di-faida/?lang=en' target='_blank'>Virtual tour of the Faida canal & rock-reliefs</a>"
442,Ḫiptūnu,"Ḫiptūnu, Ḫiptūni, Ḫiptūna, Ḫiptunu, Ḫiptuni, Ḫiptuna, Hiptunu, Hiptuna, Ḫibtunu, Ḫibuni, Ḫipparna, Hefton, Tell Ḥaftūn, Tell Haftun, Ḥibtūn, Ḫuftidhkān, Ḥaftian, Hāwdiyān, Hawdiyan, هاوديان",3,36.69751,44.47704,"URU.ḫi-ip-tu-nu, 𒌷𒄭𒅁𒌅𒉡, URU.ḫi-ip-tú-ni, 𒌷𒄭𒅁𒌓𒉌, URU.ḫi-ip-tú-na, 𒌷𒄭𒅁𒌓𒈾","prov. capital (?), town","Māt-nāgir-ekalli, Province of nāgir ekalli, Iraq",4 D5,"Bagg RGTC 7 3/1: 276, Helsinki Atlas: 10 (map 4 D5), Parpola Toponyms: 160 (Ḫibtunu and Ḫibuni), Parpola Toponyms: 164 (Ḫipparna), Dlshad A. Marf (2015): <i>Re-Identifying the ‫Ḫ‬iptunu Town and Andaruttu Mountain</i>. Akkadica 136: 127–140, <a href='https://www.geonames.org/95899/hawdiyan.html' target='_blank'>Geonames: Hawdiyan</a>, <a href='https://www.ucl.ac.uk/sargon/peoplegodsplaces' target='_blank'>Assyrian empire builders: Hiptunu</a>, <a href='http://oracc.museum.upenn.edu/atae/cbd/qpn-x-places/onebigfile.html' target='_blank'>ATAE Glossary: Places (Hiptuna)</a>, <a href='http://oracc.museum.upenn.edu/saao/cbd/qpn-x-places/onebigfile.html' target='_blank'>SAAo Glossary: Places (Hiptuna)</a>, <a href='http://oracc.museum.upenn.edu/riao/cbd/qpn-x-places/onebigfile.html' target='_blank'>RIAo Glossary: Places (Hiptunu)</a>, <a href='http://oracc.museum.upenn.edu/rinap/cbd/qpn-x-places/onebigfile.html' target='_blank'>RINAP Glossary: Places (Hiptunu)</a>"
443,Ḫirītu,Ḫirītu,–,–,–,–,river,"Babylonia, Gambūlu",–,–
445,Ḫubišna,"Ḫubišna, Ḫupišna, Ḫubušna, Ḫubušnu, Hubišna, Hupišna, Hubušnu, Kybistra, Cybistra, Karahüyük, 'Eregli",1,37.66235731565359,34.22690890424559,–,city,Turkey,1 D3,"Helsinki Atlas: 10 (map 1 D3), <a href='https://zenodo.org/record/6384045' target='_blank'>Pedersén ANE: Hupišna / Hubušnu / Kybistra (Karahüyük)</a>"
446,Ḫubuškia,"Ḫubuškia, Ḫubušku, Ḫāne Plain",2,–,–,–,country,–,4 E5,Helsinki Atlas: 10 (map 4 E5)
444,Ḫubāba,"Ḫubāba, Hubaba",–,–,–,"URU.ḫu-ba-ba, 𒌷𒄷𒁀𒁀, URU.ḫu-ba-ba-a-a, 𒌷𒄷𒁀𒁀𒀀𒀀, URU.ḫu-KÁ-a-a, 𒌷𒄷𒆍𒀀𒀀",town,"Assyria, Siʾimmê province, Iraq",–,"Bagg RGTC 7 2/1: 235, Parpola Toponyms: 165–166, <a href='http://oracc.museum.upenn.edu/atae/cbd/qpn-x-places/onebigfile.html' target='_blank'>ATAE Glossary: Places (Hubaba [1])</a>, <a href='http://oracc.museum.upenn.edu/saao/cbd/qpn-x-places/onebigfile.html' target='_blank'>SAAo Glossary: Places (Hubaba [1])</a>, <a href='http://oracc.museum.upenn.edu/saao/cbd/qpn-x-ethnic/onebigfile.html' target='_blank'>SAAo Glossary: Ethnic Names (Hubabaya [from Hubaba])</a>, <a href='http://oracc.museum.upenn.edu/saao/cbd/qpn-x-ethnic/onebigfile.html' target='_blank'>SAAo Glossary: Ethnic Names (Hubabaya [of Hubaba])</a>, <a href='http://oracc.museum.upenn.edu/atae/cbd/qpn-x-ethnic/onebigfile.html' target='_blank'>ATAE Glossary: Ethnic Names (Hubabaya [of Hubaba])</a>"
447,Ḫudubili,"Ḫudubili, Ḫudubilu, Hudubilu, as-Slejmijje (near/behind)",5,34.24972,42.34750,"URU.ḫu-du-bi-li, 𒌷𒄷𒁺𒁉𒇷",town,"Sūḫu, Iraq",–,"Bagg RGTC 7 2/1: 236, Parpola Toponyms: 168, Musil (1927): <i>The Middle Euphrates: A Topographical Itinerary</i>: 203 and map d7, <a href='https://www.geonames.org/95402/islamiyah.html' target='_blank'>Geonames: Islāmīyah</a>, <a href='http://oracc.museum.upenn.edu/riao/cbd/qpn-x-places/onebigfile.html' target='_blank'>RIAo Glossary: Places (Hudubilu)</a>"
1154,Ḫudun,"Ḫudun, Hudun",–,–,–,"URU.ḫu-du-un, 𒌷𒄷𒁺𒌦, KUR.ḫu-du-na-a-a, 𒆳𒄷𒁺𒈾𒀀𒀀, URU.ḫu-du-na-a-a, 𒌷𒄷𒁺𒈾𒀀𒀀",town,"Māzamua, Iraq",–,"Bagg RGTC 7 3/1: 285–286, Parpola Toponyms: 168, <a href='http://oracc.museum.upenn.edu/riao/cbd/qpn-x-ethnic/onebigfile.html' target='_blank'>RIAo Glossary: Ethnic (Hudunayu)</a>, <a href='http://oracc.museum.upenn.edu/riao/cbd/qpn-x-places/onebigfile.html' target='_blank'>RIAo Glossary: Places (Hudun)</a>"
448,Ḫukkurūna,"Ḫukkurūna, al-Lağā",2,–,–,–,region,–,8 B4,Helsinki Atlas: 10 (map 8 B4)
449,Ḫulbūnu,"Ḫulbūnu, Ḥelbôn, Ḥalbūn",2,–,–,–,mountain,–,8 B3,Helsinki Atlas: 10 (map 8 B3)
450,Ḫulḫulītu,"Ḫulḫulītu, Ḫalḫala, Ḥulḥulē",2,33.06133,36.53316,–,town,–,8 B3,Helsinki Atlas: 10 (map 8 B3)
451,Ḫundur,"Ḫundur, Hundur",–,–,–,"URU.ḫu-un-du-ur, 𒌷𒄷𒌦𒁺𒌨, URU.ḫu-un-dur, 𒌷𒄷𒌦𒄙","city, fortified city","Urarṭu, Armarijalî, Iran, West Azerbaijan",–,"Bagg RGTC 7 3/1: 288, Bagg RGTC 7 3/1: 62 (under Armarijalî), Parpola Toponyms: 169, <a href='http://oracc.museum.upenn.edu/rinap/cbd/qpn-x-places/onebigfile.html' target='_blank'>RINAP Glossary: Places (Hundur [1])</a>, <a href='http://oracc.museum.upenn.edu/riao/cbd/qpn-x-places/onebigfile.html' target='_blank'>RIAo Glossary: Places (Hundur [1])</a>"
452,Ḫupšana,"Ḫupšana, Hupšana, Deh-i Nō, Deh-e Now",–,32.0686,48.5684,–,–,Iran,–,"<a href='https://zenodo.org/record/5217600' target='_blank'>CIGS: uncertain/Deh-i Nō</a>, <a href='https://zenodo.org/record/6384045' target='_blank'>Pedersén ANE: Hupšana (Deh-e Now)</a>"
453,Ḫuri-ṣubuʾi,"Ḫuri-ṣubuʾi, Huri-ṣubuʾi, Huri-ṣubu'i, Khraṣbo (?)",–,35.61418771815032,35.87285278541339,–,–,Syria,–,<a href='https://zenodo.org/record/6384045' target='_blank'>Pedersén ANE: Huri-ṣubu'i (Khraṣbo)?</a>
454,Ḫurmu,"Ḫurmu, Ḥārim",3,36.20724,36.51909,–,town,–,2 C4,Helsinki Atlas: 10 (map 2 C4)
455,Ḫursagkalama,"Ḫursagkalama, Hursagkalama, Inġarra, Ingharra",–,32.54011670538564,44.6044902062935,–,city,"Babylonia, Iraq",10 D4,"Helsinki Atlas: 10 (map 10 D4), <a href='https://zenodo.org/record/6384045' target='_blank'>Pedersén ANE: Hursagkalama (Ingharra)</a>"
456,Ḫusur,"Ḫusur, Ḫosr",1,–,–,–,river,–,4 C5,Helsinki Atlas: 10 (map 4 C5)
457,Ḫuzarra,"Ḫuzarra, Huzarra, Ḥazra al-ʿAtīqa, Ḥazreh el-ʿAtīqah, Ḩarzah, Hazra, Hezri, حرزة",3,36.2318059387656,36.7903007533833,"URU.ḫu-za-ar-ra, 𒌷𒄷𒍝𒅈𒊏",town,"Unqi, Syria",2 C4,"Bagg RGTC 7 1: 112, Helsinki Atlas: 10 (map 2 C4), Parpola Toponyms: 171, <a href='https://www.geonames.org/169627/harzah.html' target='_blank'>Geonames: Ḩarzah</a>, <a href='https://www.geonames.org/11554186/khirbat-harzah.html' target='_blank'>Geonames: Khirbat Ḩarzah</a>, <a href='http://oracc.museum.upenn.edu/riao/cbd/qpn-x-places/onebigfile.html' target='_blank'>RIAo Glossary: Places (Huzarra)</a>, <a href='http://oracc.museum.upenn.edu/rinap/cbd/qpn-x-places/onebigfile.html' target='_blank'>RINAP Glossary: Places (Huzarra)</a>"
459,Ḫuzirina,"Ḫuzirīna, Ḫuzirina, Ḫuzīrīna, Huzirina, Ḫaziri, Ḫuzīrānu, Tall ʿĀmūdā, Tall ʻĀmūdā, Tell 'Amuda, تل عامودا, ʿĀmūdā, ‘Āmūdā, Amuda, Amude, Amouda, Aâmoûda, ‘Āmūdah, عامودا, عامودة",3,37.1041324876591,40.9299736280198,"URU.ḫu-zi-ri-na, 𒌷𒄷𒍣𒊑𒈾",town,"Ḫanigalbat, Syria",3 D3,"Bagg RGTC 7 2/1: 238–239 (Ḫuzīrīna), Helsinki Atlas: 10 (map 3 D3; Ḫuzīrīna (2)), Postgate RlA 4: 535–536, <a href='https://zenodo.org/record/6384045' target='_blank'>Pedersén ANE: (Tell 'Amuda)</a>, <a href='https://zenodo.org/record/5217600' target='_blank'>CIGS: Tall ʻĀmūdā</a>, <a href='https://www.geonames.org/173230/-amuda.html' target='_blank'>Geonames: ‘Āmūdā</a>"
460,Ḫuzirīna,"Ḫuzirīna, Huzirina, Huzarad, Huzariʾum, Hostra, Sultantepe",1,37.05030498749304,38.90623885348096,"URU.ḫu, 𒌷𒄷, URU.ḫu-zir-na, 𒌷𒄷𒆰𒈾, URU.ḫu-zir-i-na, 𒌷𒄷𒆰𒄿𒈾, URU.ḫu-zir-ri-na, 𒌷𒄷𒆰𒊑𒈾",city,"Turkey, Balīḫ basin",3 B3,"Bagg RGTC 7 1: 238–239, Helsinki Atlas: 10 (map 3 B3), Postgate RlA 4: 535–536, <a href='https://zenodo.org/record/6384045' target='_blank'>Pedersén ANE: Huzirina (Sultantepe)</a>"
458,Ḫuzāza,"Ḫuzāza, Ḫuzaza, Huzaza, Ḫuzazu, Tall Ġazza, Tell Ghazza, Ghazzah, Ghazze, Ghazzih, Ghazzé, غزة, Ḥuzaiz (?), Ḫuzaiz (?), Ḫuzēz (?), Ḥuzēz (?), خزيز",3,33.6681290894684,35.82477577134023,"URU.ḫu-za-za, 𒌷𒄷𒍝𒍝",town,"Ṣūpat, Lebanon, Syria (?)",8 B2,"Bagg RGTC 7 1: 112–113, Helsinki Atlas: 10 (map 8 B2), Parpola Toponyms: 171 (Ḫuzazu), Parpola Toponyms: 160 (Ḫazazu), <a href='https://zenodo.org/record/6384045' target='_blank'>Pedersén ANE: (Tell Ghazza)</a>, <a href='https://www.geonames.org/274931/ghazze.html' target='_blank'>Geonames: Ghazzé</a>, <a href='https://www.geonames.org/272318/khzaiz.html' target='_blank'>Geonames: Khzaïz</a>, <a href='https://www.ucl.ac.uk/sargon/peoplegodsplaces' target='_blank'>Assyrian empire builders: Huzaza</a>, <a href='http://oracc.museum.upenn.edu/saao/cbd/qpn-x-places/onebigfile.html' target='_blank'>SAAo Glossary: Places (Huzaza [1])</a>, <a href='http://oracc.museum.upenn.edu/atae/cbd/qpn-x-places/onebigfile.html' target='_blank'>ATAE Glossary: Places (Huzaza [1])</a>"
1274,Ḫuʾdiadae,"Ḫuʾdiadae, Huʾdiadae",–,–,–,"URU.hu-uʾ-di-a-da-e, 𒌷𒄷𒀪𒁲𒀀𒁕𒂊",town,"Urarṭu, East Azerbaijan (?), Iran",–,"Bagg RGTC 7 3/1: 285, <a href='http://oracc.museum.upenn.edu/saao/cbd/qpn-x-places/onebigfile.html' target='_blank'>SAAo Glossary: Places (Huʾdiadae [1])</a>, <a href='http://oracc.museum.upenn.edu/atae/cbd/qpn-x-places/onebigfile.html' target='_blank'>ATAE Glossary: Places (Huʾdiadae [1])</a>"
378,Ḫāba,"Ḫāba, Haba",–,–,–,"URU.ḫa-a-ba, 𒌷𒄩𒀀𒁀",town,"Ḫābūr region (?), Balīḫ basin (?), Syria, Turkey (?)",–,"Bagg RGTC 7 2/1: 190, Parpola Toponyms: 139, <a href='http://oracc.museum.upenn.edu/saao/cbd/qpn-x-places/onebigfile.html' target='_blank'>SAAo Glossary: Places (Haba [1])</a>, <a href='http://oracc.museum.upenn.edu/atae/cbd/qpn-x-places/onebigfile.html' target='_blank'>ATAE Glossary: Places (Haba [1])</a>"
406,Ḫāradu,"Ḫāradu, Ḫarādu, Ḫaradu, Ḫarada, Haradu, Ḫarad, Ḫarrādu, Ḫaridu, Ḫaradum, Ḫarrâdum, Ḫirbat ad-Dīnīya, Ḫirbat ad-Dīnīyah, Khirbet ed-Diniye, Khirbat al-Diniyah, Khirbit ed-Diniye, خربة الدينية",1 (3 in Helsinki Atlas),34.4611154744609,41.586344597931,"URU.ḫa-ra-da, 𒌷𒄩𒊏𒁕, URU.ḫa-ri-di, 𒌷𒄩𒊑𒁲, URU.ḫa-ru-du, 𒌷𒄩𒊒𒁺",town,"Sūḫu, Iraq",9 D2,"Bagg RGTC 7 2/1: 208–209, Helsinki Atlas: 10 (map 9 D2), Parpola Toponyms: 149 (Ḫarad), <a href='https://zenodo.org/record/6384045' target='_blank'>Pedersén ANE: Haradu (Khirbet ed-Diniye)</a>, <a href='https://zenodo.org/record/5217600' target='_blank'>CIGS: Haradum / Khirbat al-Diniyah</a>, <a href='https://books.openedition.org/cdf/4487' target='_blank'>MTT I/3: Khirbat ed-Diniye / ḪARRĀDU (HIGEOMES Nr. 203)</a>, <a href='https://pleiades.stoa.org/places/894003' target='_blank'>Pleiades: Haradu</a>, <a href='http://oracc.museum.upenn.edu/riao/cbd/qpn-x-places/onebigfile.html' target='_blank'>RIAo Glossary: Places (Harada)</a>, <a href='http://oracc.museum.upenn.edu/riao/cbd/qpn-x-places/onebigfile.html' target='_blank'>RIAo Glossary: Places (Haridu)</a>"
427,Ḫāurīna,"Ḫāurīna, Ḥawārīn",2,34.2695,37.08433,–,"prov. capital, city",–,8 C2,Helsinki Atlas: 10 (map 8 C2)
430,Ḫāzur,"Ḫāzur, Ḫāzir",1,–,–,–,river,–,4 C5,Helsinki Atlas: 10 (map 4 C5)
432,Ḫēsa,"Ḫēsa, Hesa, Ḫazi (?), Hasya, Ḥisya, Hisya, Hassye, Ḩasyah, Hasyah, Ḩisyah, Hisyah, Ḫasīya, Hasiya, Hassiye, Hassia, Hassie, Ḩisīyah, Hisiyah, حسية, Ḩisyā, حسيا, Ḩisyā’, Hisya', حسياء, Tall Ḥizzīn (?), Tell Hizzîne (?), Tell Hizzine (?), Tall Ḩizzīn (?), Tall Hizzin (?), Tell Hizzin (?)",3,34.41197,36.75867,"URU.ḫe-e-sa, 𒌷𒄭𒂊𒊓","town, station","Ṣūpat, Syria, Lebanon (?)",8 B2,"Bagg RGTC 7 1: 104–105, Helsinki Atlas: 10 (map 8 B2), Parpola Toponyms: 160, <a href='https://www.geonames.org/169557/hisya.html' target='_blank'>Geonames: Ḩisyā’</a>, <a href='https://zenodo.org/record/6384045' target='_blank'>Pedersén ANE: Hazi? (Tell Hizzin)</a>, <a href='https://www.geonames.org/266883/tell-hizzine.html' target='_blank'>Geonames: Tell Hizzîne</a>, <a href='http://oracc.museum.upenn.edu/saao/cbd/qpn-x-places/onebigfile.html' target='_blank'>SAAo Glossary: Places (Hesa [1])</a>, <a href='http://oracc.museum.upenn.edu/atae/cbd/qpn-x-places/onebigfile.html' target='_blank'>ATAE Glossary: Places (Hesa [1])</a>"
434,Ḫīdālu,"Ḫīdālu, Ḫîdalu, Hidalu, Ḫaidalu, Ḫajadālu, Ḫajdālu, Haydala, Ḫidali, Hidali, Ardjān, Arjān, Arjan, Arrajān, Arraǰān, ارجان, Arghūn, Arḡūn, Arragan, Arghān, ارغون, Arqān, Veh-az-Amid-Kavad, Behbahān (?), بهبهان",1,30.6587402828899,50.273034139455,"KUR.ḫi-da-li, 𒆳𒄭𒁕𒇷, KUR.ḫi-da-lu, 𒆳𒄭𒁕𒇻, URU.ḫa-i-da-la, 𒌷𒄩𒄿𒁕𒆷, URU.ḫi-da-a-lu, 𒌷𒄭𒁕𒀀𒇻, URU.ḫi-da-a-li, 𒌷𒄭𒁕𒀀𒇷, URU.ḫi-da-la, 𒌷𒄭𒁕𒆷, URU.ḫi-da-li, 𒌷𒄭𒁕𒇷, URU.ḫi-da-lu, 𒌷𒄭𒁕𒇻","capital, city","Elam, Iran",17 C3,"Bagg RGTC 7 3/1: 271–272, Helsinki Atlas: 10 (map 17 C3), Parpola Toponyms: 160 (Ḫîdalu), <a href='https://zenodo.org/record/6384045' target='_blank'>Pedersén ANE: (Arjan)?</a>, <a href='https://pleiades.stoa.org/places/912989' target='_blank'>Pleiades: Veh-az-Amid-Kavad/[Arragan]</a>, <a href='https://www.geonames.org/143013/arghun.html' target='_blank'>Geonames: Arghūn</a>, <a href='https://www.geonames.org/11896847/qal-eh-ye-qadimi-ye-arjan.html' target='_blank'>Geonames: Qal‘eh-ye Qadīmī-ye Arjān</a>, <a href='https://www.geonames.org/11896836/rusta-ye-arjan.html' target='_blank'>Geonames: Rūstā-ye Arjān</a>, <a href='https://www.geonames.org/140951/behbahan.html' target='_blank'>Geonames: Behbahān</a>, <a href='https://iranicaonline.org/articles/arrajan-medieval-city-and-province-in-southwestern-iran-between-kuzestan-and-fars' target='_blank'>Encyclopaedia Iranica: Arrajān</a>, <a href='https://www.ucl.ac.uk/sargon/peoplegodsplaces' target='_blank'>Assyrian empire builders: Hidalu</a>, <a href='http://oracc.museum.upenn.edu/atae/cbd/qpn-x-places/onebigfile.html' target='_blank'>ATAE Glossary: Places (Hidalu)</a>, <a href='http://oracc.museum.upenn.edu/saao/cbd/qpn-x-places/onebigfile.html' target='_blank'>SAAo Glossary: Places (Hidalu)</a>, <a href='http://oracc.museum.upenn.edu/riao/cbd/qpn-x-places/onebigfile.html' target='_blank'>RIAo Glossary: Places (Hidalu)</a>, <a href='http://oracc.museum.upenn.edu/rinap/cbd/qpn-x-places/onebigfile.html' target='_blank'>RINAP Glossary: Places (Hidalu)</a>"
824,Ṣaidinu,"Ṣaidinu, Ṣaidini, Ṣaidina, Ṣaidi, Zaidinu",–,–,–,–,town,Ḫarrānu area,–,RGTC 7 2/2: 550
840,Ṣapuna,"Ṣapuna, Ṣapūna, Ṣafon, Tell es-Sa'idiyeh, Tell es-Saidiyah, Tall al-Suʿaidīya",–,32.26758393920937,35.576872083156,–,town,Jordan,–,"Bagg RGTC 7 1: 225 (under Ṣapūna (mount)), <a href='https://zenodo.org/record/6384045' target='_blank'>Pedersén ANE: Ṣapuna / Ṣafon (Tell es-Sa'idiyeh)</a>"
845,Ṣariptu,"Ṣariptu, Sarephtha, aṣ-Ṣarafand, Sarepta, Ras el-Qantara, Sārabtā, ساربتا, Makra Kome",1,33.46429712853628,35.29516979104964,–,city,Lebanon,8 A3,"Helsinki Atlas: 15 (map 8 A3), <a href='https://zenodo.org/record/6384045' target='_blank'>Pedersén ANE: Ṣariptu / Sarephtha (Ras el-Qantara)</a>, <a href='https://zenodo.org/record/5217600' target='_blank'>CIGS: Sārabtā</a>, <a href='https://pleiades.stoa.org/places/678374' target='_blank'>Pleiades: Sarepta/Makra Kome</a>"
949,Ṣaʾnu,"Ṣaʾnu, Tanis, San el-Hagar, Ṣān al-Hagar, Ṣan al-Hāgar, صان الحجر",–,30.97589714736804,31.88377780122345,–,city,"Muṣur, Egypt",–,"<a href='https://zenodo.org/record/6384045' target='_blank'>Pedersén ANE: Tanis (San el-Hagar)</a>, <a href='https://zenodo.org/record/5217600' target='_blank'>CIGS: Ṣan al-Hāgar</a>, <a href='https://pleiades.stoa.org/places/727236' target='_blank'>Pleiades: Tanis</a>"
854,Ṣibur,"Ṣibur, Ṣibar, Ṣipur, Ṣibara, Ṣubara, Ṣiburaja, Ṣiburaya, Ṣibaraya, Ṣimaš",–,–,–,"KUR.ṣi-bar, 𒆳𒍢𒁇, URU.ṣi-ba-ra, 𒌷𒍢𒁀𒊏, URU.ṣi-bar, 𒌷𒍢𒁇, URU.ṣi-bu-ur, 𒌷𒍢𒁍𒌨, URU.ṣi-bur, 𒌷𒍢𒁓, URU.ṣu-ba-ra, 𒌷𒍮𒁀𒊏, URU.ṣi-ba-ra-a-a, 𒌷𒍢𒁀𒊏𒀀𒀀, URU.ṣi-bar-a-a, 𒌷𒍢𒁇𒀀𒀀, URU.ṣi-bur-a-a, 𒌷𒍢𒁓𒀀𒀀",city,"Mādāja, Gizilbunda, Iran",–,"Bagg RGTC 7 3/2: 534–535 (Ṣibar), Parpola Toponyms: 321 (Ṣibara), Parpola Toponyms: 322, Parpola Toponyms: 324 (Ṣipur), PNA B–G: 270, <a href='http://oracc.museum.upenn.edu/atae/cbd/qpn-x-places/onebigfile.html' target='_blank'>ATAE Glossary: Places (Ṣibar [1])</a>, <a href='http://oracc.museum.upenn.edu/rinap/cbd/qpn-x-places/onebigfile.html' target='_blank'>RINAP Glossary: Places (Ṣibar [1])</a>, <a href='http://oracc.museum.upenn.edu/riao/cbd/qpn-x-places/onebigfile.html' target='_blank'>RIAo Glossary: Places (Ṣibar [1])</a>, <a href='http://oracc.museum.upenn.edu/saao/cbd/qpn-x-places/onebigfile.html' target='_blank'>SAAo Glossary: Places (Ṣibar [1])</a>, <a href='http://oracc.museum.upenn.edu/riao/cbd/qpn-x-ethnic/onebigfile.html' target='_blank'>RIAo Glossary: Ethnic Names (Ṣibarayu [of Ṣibar])</a>, <a href='http://oracc.museum.upenn.edu/rinap/cbd/qpn-x-ethnic/onebigfile.html' target='_blank'>RINAP Glossary: Ethnic Names (Ṣibarayu [of Ṣibar])</a>"
1246,Ṣilgangâ,"Ṣilgangâ, Ṣilganga, Ṣilli-Šamaš-agâ",–,–,–,"URU.ṣil-ga-an-ga-a, 𒌷𒉣𒂵𒀭𒂵𒀀",town,"Assyria, Iraq",–,"Bagg RGTC 7 2/2: 552, Parpola Toponyms: 323 (Ṣilli-Šamaš-agâ), <a href='http://oracc.museum.upenn.edu/atae/cbd/qpn-x-places/onebigfile.html' target='_blank'>ATAE Glossary: Places (Ṣilganga [1])</a>, <a href='http://oracc.museum.upenn.edu/saao/cbd/qpn-x-places/onebigfile.html' target='_blank'>SAAo Glossary: Places (Ṣilganga [1])</a>"
861,Ṣimirra,"Ṣimirra, Ṣumra, Ṣumur, Simyra, Tall Kazal, Tell Kazel, تل كزل, Tall al-Kazil, تل الكزل",1,34.70849380585606,35.9861363536706,–,"prov. capital, city",Syria,8 A2,"Helsinki Atlas: 15 (map 8 A2), <a href='https://zenodo.org/record/6384045' target='_blank'>Pedersén ANE: Ṣumur / Ṣimirra (Tell Kazel)</a>, <a href='https://zenodo.org/record/5217600' target='_blank'>CIGS: Ṣumur/Tall Kazal</a>"
1252,Ṣiniunak,Ṣiniunak,–,–,–,"URU.ṣi-ni-ú-nak, 𒌷𒍢𒉌𒌑𒅘","city, fortified city","Urarṭu, Armarijalî, Iran, West Azerbaijan",–,"Bagg RGTC 7 3/2: 357, Parpola Toponyms: 324, <a href='http://oracc.museum.upenn.edu/rinap/cbd/qpn-x-places/onebigfile.html' target='_blank'>RINAP Glossary: Places (Ṣiniunak [1])</a>, <a href='http://oracc.museum.upenn.edu/riao/cbd/qpn-x-places/onebigfile.html' target='_blank'>RIAo Glossary: Places (Ṣiniunak [1])</a>"
1251,Ṣinišpalâ,"Ṣinišpalâ, Ṣinišpala",–,–,–,"URU.ṣi-ni-iš-pa-la-a, 𒌷𒍢𒉌𒅖𒉺𒆷𒀀","city, fortified city","Urarṭu, Armarijalî, Iran, West Azerbaijan",–,"Bagg RGTC 7 3/2: 536, Parpola Toponyms: 324, <a href='http://oracc.museum.upenn.edu/riao/cbd/qpn-x-places/onebigfile.html' target='_blank'>RIAo Glossary: Places (Ṣinišpala [1])</a>, <a href='http://oracc.museum.upenn.edu/rinap/cbd/qpn-x-places/onebigfile.html' target='_blank'>RINAP Glossary: Places (Ṣinišpala [1])</a>"
888,Ṣupru,"Ṣupria, Ṣupru, Ṣupri, Ṣuprum, Tall Abū Ḥasan, Tell Abu Hasan, تل أبو حسن, Tall Ḥawmat Hajin (?), aṣ-Ṣafaʾ (?), Tall aṣ-Ṣafaʾ (?), Tell es-Sufa (?)",4,34.65439698306979,40.88514412470767,"URU.ṣu-up-ri, 𒌷𒍮𒌒𒊑, URU.ṣu-up-ri-a, 𒌷𒍮𒌒𒊑𒀀, URU.ṣu-up-ra-a-a, 𒌷𒍮𒌒𒊏𒀀𒀀",town,Syria,–,"Bagg RGTC 7 2/2: 553–554, <a href='https://zenodo.org/record/6384045' target='_blank'>Pedersén ANE: Ṣupru? (Tell Abu Hasan)</a>, <a href='https://books.openedition.org/cdf/4487' target='_blank'>MTT I/3: Ṣupru/Tall Abū Ḥasan (HIGEOMES Nr. 275)</a>, <a href='https://zenodo.org/record/6384045' target='_blank'>Pedersén ANE: Arbatu? (Tell Khaumat Hajin)</a>, Musil (1927): <i>The Middle Euphrates: A Topographical Itinerary</i>: 204 and map c4 (aṣ-Ṣafaʾ), <a href='https://books.openedition.org/cdf/4487' target='_blank'>MTT I/3: Tall Sufa (HIGEOMES Nr. 1042)</a>, <a href='http://oracc.museum.upenn.edu/riao/cbd/qpn-x-places/onebigfile.html' target='_blank'>RIAo Glossary: Places (Ṣupru)</a>"
893,Ṣurru,"Ṣurru, Tyros, Tyre, Ṣūr, Ṣôr, Sur",1,33.27028907957312,35.19597034995852,–,"prov. capital, city",Lebanon,8 A3,"Helsinki Atlas: 15 (map 8 A3), <a href='https://zenodo.org/record/6384045' target='_blank'>Pedersén ANE: Tyre (Sur)</a>"
855,Ṣīdūnu,"Ṣīdūnu, Sidon, Ṣīdôn, Ṣaidā",1,33.56242557265058,35.36933123668055,–,"seaport, city","Ṣīdūnu, Lebanon",8 A3,"Helsinki Atlas: 15 (map 8 A3), <a href='https://zenodo.org/record/6384045' target='_blank'>Pedersén ANE: Sidon</a>"
886,Ṣūpat,"Ṣūpat, Ṣupat, Ṣubat, Zobah, Ṣôbā, Ḥoms",4,34.7205,36.717,–,"prov. capital, city",–,8 B2,"Bagg RGTC 7 1: 233–234, Helsinki Atlas: 15 (map 8 B2)"
985,Ṭuba,"Ṭuba, Umm al-Marrā, Umm al-Marra, Umm el-Marra, أم المرة, أم المرّا, أم المرى",4,36.13402599505817,37.6934728941611,–,city,Syria,–,"<a href='https://web.archive.org/web/20051124034827/http://www.jhu.edu/neareast/uem/index.html' target='_blank'>Umm el-Marra Website</a>, <a href='https://zenodo.org/record/6384045' target='_blank'>Pedersén ANE: Ṭuba? (Umm el-Marra)</a>, <a href='https://zenodo.org/record/5217600' target='_blank'>CIGS: Umm al-Marra</a>, <a href='https://books.openedition.org/cdf/4487' target='_blank'>MTT I/3: Umm el-Marra (HIGEOMES Nr. 775)</a>"
997,Ṭurušpâ,"Ṭušpa, Tušpa, Ṭurušpâ, Turušpa, Van, Thospia",1,38.50238634235953,43.33928945744208,–,"capital, city","Urarṭu, Turkey",4 C3,"Helsinki Atlas: 17 (map 4 C3), <a href='https://zenodo.org/record/6384045' target='_blank'>Pedersén ANE: Tušpa (Van)</a>"
928,Ṭābēte,"Ṭābēte, Ṭabēte, Ṭābātu, Ṭābetu, Ṭābete, Ṭābētu, Ṭabatu, Ṭabatum, Ṭabitu, Tabite, Ṭabatun, Ṭābatāja, Ṭābātāju, Thebeta, Thebetha, Tall Ṭābān, تل طابان, Tall Tābān, Tell Tābān, Tell Ta'ban, Tell Taban, تل تابان",2,36.33621486308149,40.78773416178436,"URU.DÙG.GA-e-te, 𒌷𒄭𒂵𒂊𒋼, URU.DÙG.GA-ta-ia, 𒌷𒄭𒂵𒋫𒅀, URU.ṭa-bé-te, 𒌷𒁕𒁉𒋼",city,"Syria, Ḫābūr area",3 D4,"Bagg RGTC 7 2/2: 617, Helsinki Atlas: 17 (map 3 D4), <a href='https://zenodo.org/record/6384045' target='_blank'>Pedersén ANE: Ṭabatu (Tell Ta'ban)</a>, <a href='https://pleiades.stoa.org/places/874754' target='_blank'>Pleiades: Tell Taban/[Tabite]/Thebet(h)a?</a>, <a href='https://zenodo.org/record/5217600' target='_blank'>CIGS: Ṭābetu</a>, <a href='https://books.openedition.org/cdf/4487' target='_blank'>MTT I/3: Ṭabatum/Tall Taban (HIGEOMES Nr. 140)</a>, <a href='http://oracc.museum.upenn.edu/atae/cbd/qpn-x-places/onebigfile.html' target='_blank'>ATAE Glossary: Places (Ṭabete)</a>, <a href='http://oracc.museum.upenn.edu/saao/cbd/qpn-x-places/onebigfile.html' target='_blank'>SAAo Glossary: Places (Ṭabete)</a>"
